{"half_cheetah_adapted_sigma_01_seed_4": {"results": {"test_sigma_between_0_05": [1017.8251635403384, 398.56992507998643, -727.3824397851444, 1736.0057472190103, 2062.411504681204, -1423.1751669575433, 2155.0010833019096, -953.5176964252115, -1293.9351907433254, 1726.845715853619, 874.2973946074875, -611.9923724955798, -1261.1161573852874, 1109.6598269301594, 315.9843416471888, 2025.434090039625, -730.0523810271966, 445.04514254618954, 222.34883741780382, 1378.7827234045567, -104.30236445729554, -471.0051923229503, -38.802128974902764, 222.269973502974, 405.55939282440823, 568.8969300663568, -1323.760224282853, -371.20975819581105, -828.6895434815843, 856.290485689171, 470.15641523289446, -3191.3143623487304, -1649.4422266307397, 675.7939899733411, -634.3658489952769, 2360.584671862525, -166.68258780251512, 1174.164187743957, 558.680149950106, 1371.9396799428266, 2099.130925508857, -1293.6266910884035, 407.6646791693431, 1844.5224269211365, -1230.2761568623735, 2580.3347420122846, -1167.1963979922346, -424.10566234415404, -786.654447306513, 347.68913591963644, -1199.4459836381673, 2193.88358018702, -398.96463969271457, -616.4458692698145, -1088.6980421395065, 657.045965416467, -1199.9551892721208, 757.823952182369, 1867.3827328394143, -1004.8744840754166, 1306.8177690075015, 799.1317363573262, -894.6688534946522, 1215.4020254304319, 1932.4868237661112, -1228.1249406321067, 1358.030007030582, -1943.1140109501735, 1269.7560756678936, -723.2921727657317, 709.8896505895002, 1518.7491710229278, 1832.7019738648908, -1174.66646040544, -845.787438621754, 341.7837982201883, 1726.552010742019, -385.33585558512704, 10.16830802198822, -464.5234883870702, -413.74110154862393, 1802.3949003693124, 1833.71873715377, -1319.9085925528418, -1583.0218095629828, 823.0092916429109, -1315.325488737066, 1168.619918018266, 1404.4260591652803, -1095.4084198796043, 111.19402542176398, 1340.2396291541374, -503.4653398422715, 1105.1771624194557, 60.14997028974615, 2091.386054214049, -780.9492379164964, 359.61408600462136, 1176.356506618138, 1862.468908477045], "test_sigma_between_0_03": [1884.2658803442623, 814.6776863493496, 2101.796201607085, 2142.3352662365464, 68.07026363472679, -151.8860653322363, 2166.603519548641, 2310.8258250644285, 2405.3540044732254, 2205.493609028943, 551.4508995080628, 241.042283514244, 1432.508907071162, -888.0962358838879, 1982.874304819107, 1573.5537381388172, 2338.4854000617747, 2455.3687502401554, 1214.3134656784885, 579.3204445695114, 2045.0784340589405, 2133.9415752686036, 558.987059439908, 1800.1409183745734, 411.69944324981043, 2430.760547099657, 2056.2280202052457, 884.4161222465884, 1671.1730815134742, 2144.4418805182318, -140.00269440639372, 2147.1015887502135, 1863.9173236796726, 2015.4533985099768, 821.9491791616412, 1807.703314651429, 2285.2544857926055, 1700.2228633701739, 2200.1304885141435, 975.3289816889483, 1706.0903874886656, -584.6974881331101, 1746.1604121576122, 1966.9315825290685, 2212.2613161768845, 508.28507785021327, 760.9492424586456, 2229.179808065299, 1073.4336566329084, 2127.4064543796185, 891.0839325135566, 2196.5778903360797, 1993.9796073356115, 1331.091293301944, 1856.0096925805724, 1490.8407791309098, 1383.6735164164986, 2258.6201820525266, 2093.266367818379, 1726.747817284086, 1585.9086124567054, 1361.8078557938654, 2124.4680673051894, 309.8138994682567, 2458.032703691836, 644.1230832731825, 2106.6623268297362, -565.8556560012647, 2092.9524410921094, -301.0953193579888, 1781.5728444170163, 2079.1688372290328, -72.18802084133863, 2115.17204997051, 414.27640007880717, 2250.519597202506, 2025.740876301976, 1959.059595676351, 1740.7982140387799, 1671.3827456529273, 2215.6820375130906, 2141.43474337238, 2241.0003094884887, 2082.660441233906, 2112.8625172223597, 566.5173800738731, 654.6158937424553, 1502.6220150359402, -111.09259272574558, 2301.444466643611, 360.8505702889552, 1501.5490884183712, 1920.8773570561093, 948.0516379235802, 2158.694718452464, 1679.919513993231, 1246.0713132354506, 147.51893443659378, 200.5878926511402, 2376.6161874654117], "test_sigma_between_0_07": [435.9446673327094, 1749.8831142070428, -1507.240866844877, 1169.6283238970987, -1526.5926509945034, -437.7970798394338, -1396.7225954075861, -1307.3854096261548, -1299.5875252004428, -784.6309491198656, 570.8986134921333, 751.9381789286792, -280.27778118554005, 395.2397412499791, 740.3101591740686, 635.6860705754406, -1334.1459069739756, -1312.1689576014176, -1159.5580931942015, -1347.382055791716, -1158.0234647612322, 498.01158390627205, -180.06382495083128, -1428.1530149472503, 2418.0901103584115, -650.6947973944492, 140.53655351133364, -1688.5228121750351, -1729.596055175809, 131.1414602295001, 569.494974031904, -454.65963146228927, 506.76265818296525, 158.00310368863566, -1312.3246164668178, -2457.963748736064, 2106.446753156607, -1993.237240383549, -1607.2815617580518, -627.7760957943956, 1009.6409821239068, -298.21015887512954, -885.5285173246644, 546.7695869866423, -1402.1399777634965, -1567.6034295830912, 705.2802232342658, -367.2919840865691, -1399.6385014437587, 442.7013106733168, -1293.3090287167954, -2198.5225419718695, 474.7754156161614, -1866.429811892685, -480.5236407620584, 388.3994642886255, 1145.4046484334876, -237.11300342292935, 595.7287052056655, -661.4785594744435, -915.4965361003885, -1432.6705191058704, 500.6319245712948, -693.9851130760255, -393.93550035483946, -990.2755917747385, -1402.5768837985606, 764.4189639947823, -157.8401278071485, -1277.6048715731406, 1389.6808605887759, -1045.6741275419747, 438.90637908009035, 178.81761738309987, -977.3436407626016, -664.2877894135496, -1640.970320206159, -499.176428986933, -162.26226704537535, -1391.169084403854, -327.5043887790178, -744.9462117933184, -439.214957011213, 350.5745330350292, 204.75145846709358, 141.34073967802405, 452.0702729539657, -1259.6356355013145, 558.0279160156063, 1409.8613896328786, 1478.4334683866928, 1766.1563456874883, -1046.884533794407, -877.5060262116774, 1863.9067561703368, 408.7972275351567, -998.6358236850251, -133.38144581937806, -259.7357718569804, 542.6152639861572],