{"half_cheetah_simple_sigma_03_seed_2": {"results": {"test_sigma_between_0_05": [988.2699731109856, 1747.5579392179836, 907.3439331559589, 1644.8783904884956, 1830.7572687481647, 1226.4389826839613, 1370.2005413730205, 129.06419482303593, -800.2705276490121, 1835.6756907433823, 1875.4202146620664, 38.606160434292455, 704.6704513112207, 1414.9386830892904, 1907.165042951299, 1643.4881524528128, 1113.4311724949196, 2117.767858683503, 1869.8632792662968, 1136.7057186638642, 684.635505031632, -118.15317428412102, 1687.5800860293489, 1545.3455077645388, 1050.1167441367206, 733.367410284981, -734.0698762100825, 1280.6795653053257, 993.5890112869174, 1427.034464844656, 1436.5121223294252, 103.58463336650324, 70.00721000674123, 1876.8013028353812, 1864.8869077701884, 2061.5951838032133, 563.7576011381669, 871.9317978092494, 1686.3670520723438, 1334.2654392815407, 2135.5050847800762, -27.7636533828657, 672.7311064765516, 1641.3805114074958, 782.2790521943031, 2091.7798841726094, 86.57290149499292, 761.9334156404332, -1026.7442183491057, 1975.1742993098364, -1009.8163216840675, 1447.8043762027185, 1634.580192625599, 401.9860366384615, 1135.0645236687851, 1455.7096616142805, 1807.8701649190357, 1365.9590824956872, 1885.6535174698517, -762.4907184749067, 1449.582835127291, 1913.6764149477797, 868.8302052031736, 1539.4535547394412, 1618.7266640666394, 398.5200320651366, 1162.548661077009, 124.17871161578064, 141.35330407969315, 1388.4967531948737, 1422.9334815917273, 1547.1058562749226, 1878.796730319317, -764.2700752480433, 1697.635443309102, 1189.5835033014523, 953.5500679040197, 1592.4380210579743, 907.9402565470172, 1341.706556342858, 1463.1003193246631, 1805.9642047182542, 1222.7703463105313, 724.0935808517143, -534.9352892917037, 1221.907995725291, -637.4625955721252, 1167.238300142764, 1823.990149666327, -233.6085139720323, 1845.081165948073, 1144.5348619314461, 1329.6910209988205, 1423.5947734826, 1901.4463519171404, 2137.454452080579, 507.4391093672424, 1931.8356350468234, 1589.4008970034918, 1958.2104741477474], "test_sigma_between_0_03": [1866.4594459878217, 947.8298972017931, 1500.677887810239, 2254.740604465404, 1450.411656179419, 1768.1939822062516, 1739.0194516370545, 2062.5297855834137, 1975.1113964731007, 1955.8881813514818, 1838.5262523145736, 2020.6854553471094, 1218.2785290505037, 459.5173524972995, 1946.702843760608, 1071.4149500525823, 1903.675670486375, 2118.378415788179, 832.5189030673187, 1371.3112054479218, 1531.7430133432765, 2072.878197970208, 1062.8120771360418, 2024.1749484102652, 210.90474019958853, 1711.2586946725712, 454.2737796180872, 876.1010066027926, 1407.5905716926654, 1775.8754201719073, 1685.0478995394196, 1834.669830296993, 927.5412748007845, 2234.3217487263614, 1592.7172062803638, 1183.777695134806, 1689.0911383620437, 1161.908313998596, 1547.2826928793904, 1607.8207439802316, 1800.94595787136, 568.8503514218297, 1568.854340478143, 2065.552224791217, 1585.847402322098, 838.136368227661, 1502.694355140415, 1480.067248277909, 851.8475302750661, 1873.5764141167356, 1829.283348096978, 1742.1443043411364, 1444.9333200627802, 1343.6051429742465, 1167.9316290780139, 1515.9067914341713, 1346.1635290903373, 1706.404781187619, 1414.8919204381768, 873.0224767688843, 1837.1816785089923, 936.7958356371056, 1993.8680521814276, 1026.3858271644056, 1632.6342033934739, 687.7603841814484, 1314.5966881859501, 1574.0649442765514, 1702.8009174982906, 2103.867817009802, 2105.258163768067, 2295.1326561258725, 991.6676870279389, 1684.8317604909848, 481.3726771282963, 1644.548673752367, 1336.0303392123878, 2062.1421282797273, 1831.3832678256845, 1229.9653063449084, 2056.213395125171, 1990.8273441472595, 2102.4053290159463, 1563.6085245730894, 2132.7439461974295, 863.8525604572238, 2130.6127274334713, 1324.7644322788258, 1133.3836541005237, 2054.9072978125773, 1810.4681618788034, 939.3261981913565, 1577.41044776575, 1456.0667944061, 2021.6834607689425, 1525.8001440485332, 1165.747093671911, 2054.486313241151, 314.8525165838755, 2004.0531715468444], "test_sigma_between_0_07": [1716.3244540174085, 1120.1506976556946, -24.72325827489137, 528.5180804044929, 449.66076613701995, 1296.683491917658, -1349.7224366492273, -1390.9754194039576, -1212.7888160984107, -1450.6055436471875, 1452.5268354485338, -145.74629846601871, 63.730378692890845, 392.39132695690176, 552.6403894211884, -88.70690818031753, 391.8839541219117, 513.6979257434764, -1373.4275720208598, -1465.951320968944, 2076.7890038249066, 1016.4645780391783, 604.3597772629537, 764.4838094759524, 2227.315664581329, 366.3813773337688, 523.0527753794728, 189.04055318261513, -1521.600922216149, 70.36035183666246, 1781.3083402761586, 504.2055886638889, 874.241584233222, 1061.6229252467456, -159.4942318269257, -1612.172797738343, 1998.256780636987, 414.82255579720015, -1046.9307896566988, 1153.2598537746874, 1147.7195545689408, 255.46992337183482, 350.4108537747776, 928.6770443267358, -110.83911739732574, -1497.9913446172707, 1172.0364073425408, 149.3040424094694, 1614.3723777079415, 486.1126385544155, -395.7707462953377, -82.40019855889767, 712.4434900404691, -1417.7871513552373, 245.97027933577695, 1722.1733912030913, 1503.0150954763733, 40.33728064103496, 521.2213045585069, 576.2925562083793, -267.62849833449144, -1150.0718442487691, 983.7674337415624, 591.9641249711806, 131.7581801664494, 1569.4261910871485, -705.9788585716539, 800.919994395165, 1329.2999190078763, 985.957531901266, 1316.745099444347, 1570.441268473588, 1275.4388456324511, 1902.8504458799055, 370.0613383433598, 1660.8965398936282, -1349.669532128712, -76.04844863349724, 704.3266118134931, -329.5617721786737, 1929.4990332837383, -471.0041206981204, 1263.324386890045, 1566.9998078452884, 641.965596870934, 515.6006748396338, 677.1374296341655, 1024.196713823919, 656.2193382087703, 1200.3998010852224, 1477.4603192015634, 314.2732628864734, -1189.5343396185942, -3.7763322132874633, 1024.774701966907, 959.1354730993123, 966.047291546237, 1164.0824648911735, 162.07782965637608, 1420.7675208949972],