{"half_cheetah_convnet_sigma_01_seed_1": {"results": {"test_sigma_between_0_05": [790.0037238306377, 1878.6001011725712, 719.3214128343083, 1515.4691113364356, 2143.648828572101, 816.8459210314464, 1915.0108544807954, -46.78192890547802, -1394.7272955430155, 1661.616213929592, 1738.512659506958, 1065.5777226889027, 1075.4781799463506, 1307.0846752071075, 1226.579117690981, 2033.784975082457, 454.9843313665709, 2254.817160994378, 1507.074559157623, 1546.4868334758398, 137.11531302133807, -1070.8914173808898, 532.4414439310483, 720.4211153775215, 544.9012916493114, 1038.026778826753, -1189.6022236309889, 1724.890738099557, 1477.7291667311379, 938.9834679126002, 1998.9375950474878, -964.1210621457835, -1796.9544379960134, 1329.5774235616186, 1873.669565101383, 2233.8470161597875, -1515.3159673973614, 627.957717297406, 798.9564375806019, 1753.792041710607, 2266.5647764451387, -1353.4645277963307, 806.3001479970566, 1731.7947445718655, 1081.68256356271, 2424.4195949787927, 404.61938225790476, 104.49114638444017, -1042.8716346276494, 1130.9104467146678, -1244.4222768797858, 2078.8718714959236, 980.3658914505552, 604.4281580437922, 1292.7832206154487, 1725.2625302657323, 1463.510969385785, 992.9084004251725, 1949.0150059085547, 128.19493254339037, 1594.388820529006, 1082.9009365050515, 350.8800502703416, 2059.81157189631, 1712.0013640016148, 405.10404972607967, 496.3939505993488, -1645.9085727196664, -1759.7120870886554, 774.4675094800142, 716.8938578035243, 1476.3274985672065, 2161.407499014106, -1324.0008515434292, 2180.282657172334, 1427.6719618693385, 1953.6967032024993, 701.7511443202322, 306.96891661617457, 935.427873527174, 874.5550859213547, 2069.032120155243, 1878.402195178487, 430.41516172427947, -1040.5109454265457, 1256.6277976017016, -1292.6080968081299, 1374.885653826291, 1462.1129571371237, -760.9585276871627, 1641.4495961844034, 1762.89150004844, 499.1788004898061, -51.75836160227912, 1239.4193571203054, 2214.1915697685517, 251.70118096885275, 1980.4219699183466, 1323.8475229519363, 1952.8957441779341], "test_sigma_between_0_03": [2196.2386478620174, 1664.026294175744, 2024.5406633278642, 2389.40946737166, 306.4579597368134, 2029.4532649597274, 1964.0384856636804, 2288.6966733169347, 2502.8920012053763, 2153.6327407105537, 1074.2010699266848, 2038.0929984220672, 1592.1216407898003, 676.0316333412546, 2159.351423173919, 1931.0874266696037, 2247.102118716351, 2495.5326875311844, 1755.0787824227539, 948.9900290584279, 2222.415495224026, 2156.9144532227047, 1004.4912226290633, 1756.068616759412, 1514.5853579618886, 2150.883760539949, 2005.6169488595158, 1797.4244525023507, 1867.414979431416, 1980.9039577497394, 2024.8763095711593, 2354.312543119155, -1588.2977914735777, 2018.9450056575133, 1710.3098632511505, 1974.4064706533559, 2131.61374225568, 1288.2027896495538, 2290.66843280189, 1056.2106510013036, 1533.4216470770148, 869.7488398231055, 1670.0788283946804, 1855.7274428793942, 2091.4776869704524, 1059.1404782125117, 1507.8303934593714, 2134.5743660403527, 1337.231721674282, 1820.5464062459146, 1881.2408698505158, 1884.3561053543713, 1884.3910073848535, 1331.665497673845, 2059.284252374754, 1486.99214770847, 1299.028963933142, 1759.866791604311, 2124.3924564377717, 1499.9665973417982, 1966.8979546126823, -1792.0653408963199, 2191.4933982577495, 1204.1515089226757, 2136.3398817457005, 701.5021662511562, 2014.8772922146934, 68.20139883180387, 1878.5060319008824, 2186.554365059914, 2326.95988249711, 2471.8357784105688, 888.423977879026, 1895.9122706107833, 1117.2861728496184, 2308.638250395025, 2014.1484821075599, 2427.8964179843147, 1717.587768237018, 1814.4737690952038, 2133.655562473704, 2434.0742332905297, 2039.7567367365536, 1757.0182365921362, 2367.970168443497, 754.0744349750145, 1146.1999340407883, 1572.5258381040917, 157.66475480423244, 2548.9347531661124, 1554.6932754633292, 1928.3147910134642, 1690.5182687201548, 1248.4988419768913, 1889.329280848588, 1971.6408711958122, 1320.3832116182634, 2455.4853498395923, 48.0581286842322, 2459.0093393678853], "test_sigma_between_0_07": [729.5265393732042, 1474.9311861034496, 136.28473575397643, 1573.4570368245375, -1468.1016405310247, 740.9270800879655, -637.9039596628501, -1196.1083262731622, -1192.6405671691407, -1218.4924321961473, 1361.636014691566, 1043.6412559347025, -223.36351021890303, 678.2954448227641, -1228.9011976060744, 843.7505465302653, -817.0045134386762, 386.30272150297554, -1435.561052905868, -1144.3244132587063, 1346.1271996533787, 1191.0757849690135, 1193.372813587418, -1361.0279419986082, 2399.4338952960056, 560.7260437806543, 762.3702710261081, -1267.0589443231233, -1469.7148888644733, 940.2000749395938, 525.7063752638715, -255.13183133903428, 1057.2813672218333, 673.5479932157314, -678.4404069005843, -1292.5869141371827, 2089.133608305704, -1692.5389794237376, -801.9865117052211, 244.69015295238796, 1068.8834831057468, 22.04176522955684, -512.2900339681373, -602.8411049885564, -518.7429969517267, -1572.5055975667688, 787.6111219054785, -36.62054204011784, 495.40670494287906, 494.1573295609809, -922.3130444150669, -1694.7706552648187, -1401.505919289274, -1151.8072537574085, 15.265576466734686, 1356.3244365858086, 1488.1237501626467, 562.8415595012846, 869.7898060230112, 54.650406151922645, 619.5879589439053, -1410.2029959534173, 648.7321087521053, 1092.592097971253, 136.41698906892145, 2221.1239942580673, -964.6984661341978, 1505.9338882505417, 161.88401607991852, 633.5109802052093, 1267.534710610467, 398.21267476005, 1168.4601902894988, 2302.952976665417, -1589.3701954117525, 1787.5614401393495, -1306.244641348946, -529.8692594171954, 400.459031882655, -700.8087573747623, 86.32538205955908, -1423.603359669738, 950.5646698651843, 413.33601732491934, 833.8479859399858, 241.503425816783, 774.0933828349082, 490.8545534280507, 495.24193901889214, 1020.1494940981652, 1787.092133921636, 1652.7852450969692, -1142.8906259712176, -1291.3922569228512, 1757.5392951247898, 703.3957699158163, 921.0349420337445, 1317.0431816011185, -25.60300175801669, 1625.452326893559],