{"half_cheetah_simple_sigma_03_seed_4": {"results": {"test_sigma_between_0_05": [1560.3302595447633, 1710.8890811361246, -424.75843158455285, 1448.7362858150393, 715.6737568031202, 916.3274033195559, 1764.348733788976, 888.8338420158427, 615.6855479113361, 1013.0008468695163, 1854.7515091959583, -1622.7002173236485, 1380.729998689391, 1593.60727920898, 1329.1660419326556, 1588.8411776191913, 1643.6650869821772, -846.2150497019861, 526.5342078189873, 1252.7815188492357, -1033.871183545766, -1189.554450669408, 1192.706664467961, 1720.5357429139747, -175.2455162090658, 1533.5501809014484, 1549.7073745102994, -448.3652430092051, -1234.6946462540684, -812.2036366227409, 1864.2842750235236, 546.0963173825511, 1546.8869127358907, 1195.1645956694915, 1238.598040249417, 1916.1869261087766, -1170.8150387446667, 1718.5125188802901, -991.7954247609166, 745.0772462958694, 1919.4864121662638, 476.2572569993326, 945.3375739636261, 1220.9520453777986, 1199.5959140912364, 2052.5039807532407, 655.769712212256, 91.24923616168094, 620.1676422480185, 1243.8136330141524, -503.73646058468586, 1796.9304445257587, 801.7157277704736, 438.7912980483104, -1182.3815260453807, 257.6835030118741, 1072.143076575507, 414.1906274670634, 497.94282074005895, -751.7678291408963, 1565.429910015077, -590.1172694390619, 259.83371008708036, 1378.2160365480443, 1579.3747090743334, 944.3630905197765, 1598.465086487058, -1649.147959590718, -1689.4651184765241, -1021.3767927095226, 47.16955383151887, 1824.493056021474, 1870.9168063000784, -1438.7177293935276, 1253.051358021359, 638.5997924963594, 1007.372777872284, 529.8777850449324, 2.868327615538017, 1616.500319920348, 813.491508925876, 1820.7275444498478, 1460.0654697768894, 1532.02990913873, -1035.062051886328, 631.4125086484125, 1413.182408915173, 1099.5642047361691, 1800.4405898890004, 743.6358134993584, 1401.241125887026, 1483.7784374082316, 900.0431058830293, 862.5802044235622, -1016.3544268747046, 2042.8228840382378, 81.85152518559202, 2042.8142808364719, 1371.9546132659866, 1773.8872790575144], "test_sigma_between_0_03": [1802.4129831097612, 1446.085474326551, 1755.3686955379098, 1985.1004026380417, -72.23446864403641, 1250.5232721157379, 1680.1989945586042, 1853.4756003916175, 1951.6054639004506, 1743.1056612045525, 1649.7126183517723, 1873.8511959628374, 1843.3133670466302, 1441.129900133085, 1713.4302252327736, 1584.1629409775444, 1985.4307021010522, 1877.863193435423, 573.165746003641, 1546.0260898336157, 1649.3776794310768, -1580.7880517137664, 1804.9941457165771, 1934.897686168389, 1611.5369024360693, 1804.8266199768786, 1794.5758184115166, 1585.1184780510387, 1510.6795044728724, 1120.113746574422, 1777.0233378957007, 1844.0267459324607, 1500.9127831210615, 1840.688479909597, 567.1663189728046, 1593.3231417518941, 1806.549477911308, 1887.0715418655195, 1663.9422795585017, 1736.1334658314734, 1820.8110221776726, 1540.5506572107095, 1667.539201471398, 1666.637075762047, 1714.1513565651335, 1433.194245817982, 626.6918789263264, 1880.9417301516155, 1789.1228303201754, 1792.554729238592, 959.6690644322507, 1799.658520555077, 1775.127741724733, 1533.6506166299614, 1467.9021722459186, 1688.0792956501211, 1837.4570080771946, 2038.0548799119024, 1786.3398993178348, 1450.5151328152815, 1812.943876274652, -1454.544646188576, 1811.3881144962556, 1682.192999363232, 1784.8928522950484, 1840.878074184593, 1571.9277548299992, 1543.2094973568016, 1609.3331912380547, 1785.7018733729294, 1660.049606404238, 1915.1463825392448, 1844.984600033774, 1891.5478715662264, 1841.163748311077, 1818.766284384745, 1657.8433743950864, 1755.8118047093658, 1811.7781563526596, 1810.2157800151556, 1999.3103116931043, 1705.6276551307062, 1864.7141610520791, 1924.1469512309225, 1861.3448370632038, 1627.5367448471388, 169.16338804647847, 1692.7540176559287, 1695.8822072241373, 1740.1179362684284, 1647.8644873603482, 1501.0663159091173, 1948.7861621082445, 1707.4738272904597, 1708.0923395759075, 1642.0279573466635, 1845.816551650785, 1489.5757976325544, 1777.4688941720112, 1993.0330841390187], "test_sigma_between_0_07": [20.60912099929004, 1570.1417821070277, 820.3651852497413, 1498.8886570288016, -1702.4211431777549, 417.9449860008854, -1263.5708896065664, -1195.0389825789441, -1107.056189270947, -70.73358348774057, 755.5174747078964, 592.3204888801176, -1198.5116975951012, 586.2615546196104, 537.1736032088141, 639.0671095912351, -1234.3588122865308, -201.4509479016036, -1423.0543664849026, 434.2882245065854, 904.5972579187171, 1566.233457011816, -1226.32937180536, 591.5927632047989, 2007.392601177757, -797.4145766923042, 391.51922530520295, -1174.212470743568, -1295.3588803027333, 19.75316148226125, 567.7953165239444, 704.729697154678, 1593.2149228257456, 1247.3099797050315, 1271.3103778004954, -675.8922557439959, 1473.2142144286272, -1696.762176810697, 463.1660881924296, -18.896216571944024, 580.1825657062192, 599.8375243591598, 1369.8204886663607, -879.35437646085, 723.7698749664987, -1086.1823528353477, 965.3000938721866, 310.98699093777395, 93.37342640931746, 231.48886165728317, 1124.3631228170566, -1696.3560377396227, 1460.5770621702773, -1540.2759875142347, -1232.625943388942, 942.738351428018, 584.6025965361024, -652.5321947836079, 675.888927832119, -1307.5151241026724, 753.0185672407688, -1080.1388895614282, -938.9209594358516, 526.1461131634001, -68.79241649565694, 1191.5353459303205, -1603.3108317780805, 640.7402979438475, 1140.4540251070193, 1479.148101601907, 600.9835577754462, 688.8836464082228, -24.670188070896153, 770.4913899373418, 931.9858484041954, 1845.586605086943, -1596.5659775752958, -1578.94748537856, 1227.4120307531946, 939.8581917485947, 1683.7093298804962, -1038.556533491052, -162.39231984651929, 1040.0464151538242, 1342.6970413510794, 419.1489973244419, 576.5325843040442, -674.4797566778652, 407.08793907068014, 1498.6287523526057, 1529.2027493850514, 492.6109221397168, -174.21900110344436, 605.9281682934057, 1595.2709530076222, 1246.2709363670176, -1380.2013331237658, 1386.352006047071, 1103.2416514400245, 1016.0775179983073],