{"half_cheetah_convnet_sigma_03_seed_3": {"results": {"test_sigma_between_0_05": [1190.2523765055414, 1497.4456580748692, 421.7378028101776, 1212.9854751574183, 1880.7354756093744, 1587.5653235351817, 2000.9959844498717, 471.0214794241998, 569.6789938853825, 1008.2796361555933, 2138.864441765217, 844.5883824251417, 1217.2761572199788, 1104.1658276675757, 2109.763892940121, 1679.1594349546606, 912.4128489805769, 2291.0649788109654, 948.3476289890682, 1061.1947468053274, 498.80647379427404, 413.63354009718904, 1686.3963217341725, 989.1816139541909, 738.9745262861605, 682.240108100429, 1080.8046831806273, 2099.715122103032, 587.7750472661052, 362.6548721619271, 2628.640127285642, -1000.3400980945951, 931.4808772493749, 2137.0552944917363, 2147.0580110670803, 1962.315144739041, 686.5838326182057, 477.02765173658156, 813.5427129915875, 984.1415182731553, 2096.866321297896, 527.8981582737496, 1367.6034551325704, 1232.7014263775498, 1413.9811788992465, 2146.0002347554164, 705.8985289920569, 385.3106442249483, -936.2756867335294, 1963.12406258847, 551.0295408248602, 1346.0708765177312, 1261.2594564288004, 1033.5714705750609, 1098.1471873196049, 1561.200377852497, 1680.8516763677012, 1311.3543344453333, 1463.1726125088621, 629.7061050233508, 1252.215031879576, 2202.5654453545494, 725.6733936497504, 1581.1341860010818, 1577.046862949189, 809.200514038359, 1264.3778480627798, -1204.4641642736062, 1354.8075219425252, 1181.5358207799163, 791.1181386953286, 1377.829401941406, 2230.739776764694, 133.60141977131858, 704.8564583000256, 1343.373299644352, 1522.5045749065728, 712.5111253451454, 1150.118346053445, 1143.8167365987126, 1010.1254198227018, 1888.5515513405871, 1174.787180193951, 649.1698001789684, 97.35881548699543, 1287.7150519821532, 982.4127009283262, 847.5298564176692, 1578.04502908312, 542.8659331121809, 2107.953859531081, 1406.0558696496425, 1080.3864295316146, 532.1695088585676, 547.7174482396603, 1978.999466638292, 665.952327654342, 1667.5965404263704, 2428.2173432797535, 1791.5676591046047], "test_sigma_between_0_03": [1853.1996431139535, 1492.64403030126, 1559.1162887896235, 2282.1119849627507, 1658.590567153704, 2017.1864187924084, 1298.3724517118305, 1931.092904560593, 1815.0858718167544, 1581.3076644374949, 1591.7900033403753, 1983.822463479079, 1487.0372760119415, 443.9107798976585, 1633.3445417407788, 730.7093715212017, 1719.2245073591782, 2313.434970991407, 1220.2227629050765, 1289.7499295375376, 1548.0877523269835, 1900.1752428760042, 1346.3965402843935, 1657.5905303600732, 2109.758001786389, 1642.710385013354, 2200.4044350389454, 1415.8677881260628, 1557.9626187772699, 1763.7813221033127, 1390.437543093801, 1867.2494508022462, 1557.594450944644, 2256.78934292527, 1671.3029035597303, 1622.7751529408972, 1666.2982228233916, 1244.6358773593809, 1658.950865047728, 1199.4826100100554, 1585.2894330337226, 1348.0786026772607, 782.2154119954406, 1137.2064113357158, 1850.5099357847005, 780.514606647503, 1624.23936301917, 1995.5068250622785, 1466.881323895426, 1319.9872812097256, 2380.831870518104, 1088.6719662124008, 535.3093007468, 1292.6657997430493, 1472.749533155458, 551.678955155884, 1537.7325933842678, 1440.4478594174204, 1693.2928831136794, 1371.402092438715, 1434.9487092945474, 1153.3481182000537, 2125.2000683877627, 1442.4109774341957, 1685.8300905871386, 1356.6945369455939, 1747.275665169213, 1416.7116408629956, 1805.5391538721706, 2286.5516794118817, 1911.8271336516843, 2262.9537661694203, 1426.8425878607845, 1636.0634091856764, 1560.82888937669, 1760.6532292064906, 2051.238203618613, 2089.3342305685205, 1742.585935000326, 738.9555329881545, 1324.1536858197926, 1935.852899452207, 1208.3453959698702, 1343.0052591198425, 2170.0257287024115, 1261.0136070541723, 2074.9738506274393, 1376.604808963027, 1048.8373649554458, 1762.9214602400357, 1515.7892563288674, 1307.4550909398208, 1384.7041980421177, 1192.8309431938653, 1253.2316956611687, 1606.4224666722619, 1478.9359593505487, 2282.938728918886, 1321.1149751053422, 1908.485971275411], "test_sigma_between_0_07": [955.3571790012181, 412.8745130024705, -1319.1851803556208, 2276.11393791042, -1420.1951971165668, 833.8614099920546, -633.4385757076495, -1203.8363246896793, -1228.4072155919205, -580.2176007975612, 1066.1227592349683, 1193.2870008160144, -712.325445837124, 729.9200940522254, -1241.4944377045936, 663.8349037524572, -1253.3607733436754, -931.4507740993897, -9.442645178106567, 530.3371562548338, 2294.4701969707494, 610.4710020551058, 424.7881774952213, 794.7756417332113, 2355.715704609603, 506.32690262654506, 614.6974512827978, 359.38183564637853, 335.9949937618626, 508.949829143239, 2335.011614879981, 645.8103776948484, 1232.9266445796252, 551.2322464801333, 479.9772754473263, -980.8882391360451, 1981.3344766701507, -1656.0028957442746, 554.9209775629598, 796.3070560007831, 1046.1879310488785, 771.3503903126334, 532.5356321950565, 961.8698457329662, 12.981552901370815, 187.41104507832637, 1096.5403180259593, 494.2550516069729, -37.52341994246943, 265.80445563659794, -1277.2079033008604, -1579.8143156498518, 1317.563788229446, 123.55173632186596, -149.44267683294765, 964.490738010242, -1219.2371325243864, -0.008733496507857375, 1332.0802570553797, 311.75672000479216, 783.8399083581846, -1167.7065649135507, 1087.7267580806283, 744.7606028031273, 221.98573217543452, 858.1141306464018, -1144.252910698351, 939.9648578540845, 1431.3969450877044, 573.7416119689091, 822.3802143982527, 783.4519033830715, 1208.6016463396293, 1755.3042269816576, 499.993993259454, 579.2918578212917, -1511.5260432503883, 628.5106077231724, 951.0747207167126, 543.9287717361084, 1618.5071068398033, 401.94834622806087, 1796.0998317073913, 897.9350832768446, 1019.2025790590807, 381.8745965201336, 1007.9935624095582, 663.5786514942037, 1036.8153034372444, 995.7945351247067, 1403.9771264326937, 119.27804717661009, 250.5381754756352, 414.1326149982586, 1506.167590121215, 1097.527013333541, -1397.4354715458326, 1111.0359163580258, 50.825343006051995, 2045.2383659801753],