{"half_cheetah_simple_sigma_05_seed_1": {"results": {"test_sigma_between_0_05": [666.2851396894085, 389.94684010918127, -717.9138921346467, 367.3292920412106, 585.170885483138, 586.2331544803748, 771.5523907274373, 475.6990732471269, -1507.4386495321094, 684.9829761289725, 568.3851583608063, 495.57181697950176, 381.3528439364526, 665.5801526261718, 600.6627888444823, 585.950892113973, 98.70993085433295, 634.646422544406, 566.8116353449487, 329.4696645203489, 577.0921490330203, 190.30640697488843, 597.0247112222818, 671.91649843064, 267.2778360708949, 759.2445684861738, -1285.6223882024442, 450.45715636943504, 595.3294919654893, 516.1219524030391, 586.4016495014735, 332.4922646873135, 510.66122705809585, 579.7234147044716, 580.2808932765302, 598.3110802754711, 161.89378382169932, 764.7434614574242, 707.5178955874292, 586.4547508367582, 597.2236769907106, -1555.2623541882601, 642.1701867147365, 538.7344539050724, 316.2911058610093, 430.17116280305663, -1528.1485591405556, 587.1827725465592, -1309.278028948776, 585.8630777892412, -743.0738165092234, 485.61352846617234, -27.74424825815808, 713.451631232834, 522.3073571967532, 543.1922305285395, -287.29806931663916, 586.5767972219202, 691.7253629087186, -993.0222699086585, 577.1348440007049, 597.3211425548612, 667.6737624461391, 567.6364292893311, 486.7423969788578, 750.4190365409988, 673.1322205358484, -1913.1338161332153, 370.89748756453946, 609.6153020715678, 550.0327831381585, 773.6960445004283, 609.7309941767068, -325.62220176820546, 493.43648489896395, 426.73182049335173, 709.3147439120465, 542.3776570654842, -1661.9220719192574, 753.9338984170294, -37.60784904461756, 590.5426245355228, 332.7761541958495, 481.4059324378222, 122.55283405856507, 696.7553192598713, 776.3959292036238, 785.3325428328235, 596.8485080773851, 566.2916363153316, 603.6794992837924, 350.85166327592157, 95.8433813330353, 698.6340881954507, 590.2369806471394, 565.1115770398727, 622.7807808127078, 589.8792600238851, 588.4559437193884, 766.7807964570974], "test_sigma_between_0_03": [606.8637131747116, 473.5607288532631, 275.59190407528564, 694.4008134592294, 230.79710632564633, 585.4118961052445, 754.130877643792, 678.9925065564835, 182.5131623785228, 193.27272747431272, 370.31045261546217, 398.9095370101932, 404.2881490399243, 649.7502685159277, 679.2833767464895, 757.9120847864997, 696.9882926587127, 608.195821793037, 480.58886964297517, 359.3888942319535, 760.3680609437976, 586.3646793043275, 669.3428567981261, 536.6188390519264, 581.7996113956672, 493.30245266395565, 603.2827395978729, 487.4600705439208, 574.6514158660127, 430.0238354091835, 588.8382146322601, 682.3244089323048, 502.1050461453011, 578.7132857370818, 832.4069913849414, 749.3672306133498, 671.5544004909435, 604.8806024626109, 418.68758234697617, 577.0544757698406, 592.6323595220421, 664.743569664807, 654.9456800763918, 506.52472228385506, 575.1993667445915, 481.2872210577915, 731.1840365382251, 406.8110243863085, 595.1114600981197, 573.7857242685975, -1073.1025860434597, -321.2995969109723, 772.9807206200309, 712.6553119691035, 717.5234497586508, 702.8741712223707, 567.8807957012008, 500.268976162746, 562.6100265206408, 479.11464166011683, 669.5102256862509, 296.10344755660515, 769.7996369573724, 585.4813390725438, 433.47797875887494, 259.86818972110194, 480.66781393871656, 326.691116873172, 573.7293003878563, 547.1874406086595, 568.2638634518746, 680.140580948055, 302.8014635915315, 579.5355994835086, 679.2370013133582, 614.1944272864949, 663.4842200581313, 679.090526974291, 566.0420640357461, 672.3823160496923, 775.4715059424775, 553.0386739014976, 678.9526223680788, 566.5847382754611, 767.9329499899778, 679.0970508399084, 581.1262305435641, 581.1785197275134, 678.8198737576598, 761.2737848294074, 676.3870207436844, 479.4429933632089, 591.6661242700048, 667.3009883430188, 726.9773209218563, 551.749674541821, 535.9749545152916, 556.7978000213162, 738.9632456309929, 537.5665227056705], "test_sigma_between_0_07": [579.9322814181702, 410.5122775639867, -305.6633183291333, 295.5999453599856, 672.8531476901023, -97.80682250095997, 351.9502929538044, -1281.658990036561, -1446.508892449434, 123.24421813788067, 624.3607499775374, 583.0430301979329, -1180.1299071287342, 443.50063421803304, -1144.3124633798898, 699.7287706313496, 552.3407858572805, -1399.1244283142664, -563.5231491855943, -1437.360752505759, 584.7850907899585, 553.4661697285296, 570.0977073915503, -807.5806742503913, 766.3187022787695, -344.9869310639118, 613.1056609415932, 629.2825419997517, -835.4159811047817, 522.6790258595867, 643.0283186133823, 749.0946277889399, 579.1933261857355, 145.14936410568637, 761.7909599945908, -1061.5769666068622, 767.9395906769662, -1176.3866259752713, 435.5419160879496, -4.675879765959703, 448.4060603693595, 398.70615889361187, 664.887429041084, 571.3862175558995, 212.49566907035174, 596.3399232945956, 366.48804104506263, -80.59244633831851, 605.2796686364052, 511.07948524335694, 483.8583252044875, 308.6723430859624, 676.7313574984557, 150.49846139864826, 10.997071037353896, 652.0734247074492, 478.55523118831786, 455.65155553828794, 521.6834927710615, 706.3480208858396, -618.5268102131872, -1407.0696777840838, 657.4986130407038, 643.565649922275, 599.2829462009327, -67.12139543519855, -1268.8055960824515, 528.9615041402477, 551.127957252525, 26.357805472896125, 681.2875836482981, 569.3814151482509, 668.3278759450003, 643.542462157889, 329.07144754397746, 525.15117397311, -1246.632042582424, 300.15833265188877, 839.2233416261986, 532.4990358916926, 592.8885783425792, 635.184931606423, 217.20733021374204, 475.7018777837977, 589.9533824218864, 578.2518361123008, -660.24936388146, 560.426945277579, -626.1831282678324, 479.8678809637245, 739.5365430015892, 580.181779834122, -115.06243488181195, 653.8885424844276, 557.3338948335098, 777.1915394849743, -1011.7105481213811, 856.8224837666844, 265.0334575214818, 607.513573694874], "test_sigma_between_0_01": [680.4245849864734, 697.7087728111211, 173.91477607011063, 310.8299609821869, 601.9763332989776, 698.0607984117147, 504.97373617758416, 222.6262163237262, 423.1200525929133, 241.2310246190452, 582.2815154418931, 610.8023043606584, 777.1242902900265, 768.0692009519128, 772.6785059082537, 604.3294648621295, 378.65993058575356, 654.6040833986425, 699.6101068840708, 423.7846289502691, 778.42063780367, 606.161789601146, 773.5001817803442, 613.1518076301215, 562.9570484902575, 574.9205308039194, 500.1555510673514, 740.4798780263882, 274.4486600766917, 484.91108135547415, 572.129943420325, 534.0399014499895, 769.5139786545784, 771.366520641155, 605.1285932924942, 397.75613793054197, 774.6264031396457, 607.8068779802302, 582.7885036677256, 668.2842974149302, 310.30984243929737, 579.17020513428, 675.1350520342595, 613.1961988537523, 336.65353009437786, 463.50991973185984, 764.5895324478804, 457.279845980086, 782.2898747134636, 191.46344369709712, 576.2911881380617, 686.4410376133109, 684.8344196291657, 468.32292787659657, 681.0464060535787, 773.0556313152684, 758.2137731805109, 777.014480458315, 771.5238858769604, 544.4743043642104, 594.6581542499015, 325.91610585399224, 771.17652270286, 408.7925376018163, 408.71477394705477, 593.4335928700319, 580.8083569503848, 774.6131041313315, 556.1008512837342, 758.3462439028809, 675.8106705193397, 759.977892902655, 577.2761260512191, 178.38395130891584, 576.664778792682, 516.9191901423808, 628.0116638005104, 673.6626955331581, 555.8916015109514, 523.5808432419954, 354.3400325308696, 580.3067917881746, 779.1557816233644, 691.4667184897633, 262.33342210544924, 764.799240326321, 513.2573812220683, 553.258540817726, 492.5080287452802, 450.770903103058, 482.0383902667335, 771.0938924872679, 676.577647098699, 778.0544487947479, 580.9812049068247, 768.7580545359727, 187.1371605598529, 389.40910111051124, 579.9609591672631, 144.55371191585155]}}}