{"half_cheetah_attention_no_encoding_sigma_03_seed_0": {"results": {"test_sigma_between_0_05": [645.8276022143932, 1389.7399918674903, 845.5322701710337, 361.27637196286577, 1195.285509129934, 632.9983122132546, 1503.7839271479813, -1099.39863524581, 606.4499565318599, 372.7679822004468, 1211.3129666820782, -9.605511670220544, 1126.3152011291404, 1348.3150930464737, 748.6429746593859, 1315.0046931073994, 147.54360523049692, 933.4012295079235, 444.4854205747502, 486.2934189480603, -244.5468244977472, 443.59306808888044, 971.4405541098206, 572.1003390748865, 820.2442741698595, 1617.3884523015, -1032.346566878466, 33.15663324783022, -1578.296416204539, -113.07924001955227, 1343.6599198783354, -400.8875086499969, 172.59787225942083, -1576.6292908455296, -26.440369539067163, 1220.6262391408684, 702.6709642922388, -443.7682731715121, -170.3307757136371, 1000.5016291012972, 1851.6245280153498, 608.2124870593815, -1623.9580570754251, 553.9507984687493, 1053.4096109696561, 1835.905859552898, 1187.2598788668247, 908.4178982340688, -1171.7057243225809, 1153.991457323412, -512.4721884414236, 1670.9612177937634, 739.0326591620402, 724.1315974466131, 11.010434234987631, -1176.587055823209, -29.19814027266448, 795.7217634350922, 577.5594695927167, 781.1447122958709, 1422.218438035688, 829.2285188649105, 577.4948139569318, 891.7927988394755, 1366.012863542095, 1376.9628653744512, 103.17130292991345, 959.9028197358766, 1299.9244765575897, 456.30468130898544, 177.87874855325933, 516.355848873189, 1754.9809271319693, 418.0769756477329, 484.5554527990843, 680.3559592787462, 1469.5537401586726, 360.858284231436, 235.86966348644913, -39.98765347970188, 378.86332638025743, 1458.4269529851001, 634.409339089267, 532.2982832800567, 665.8483813640166, 154.15266430107394, 710.0905572396495, 668.1343933984513, 907.016544795361, -1212.1130800324122, 555.825817009212, 1508.861590501061, 548.9827005359124, -186.79253769885568, 104.2845468263839, 707.4228125335502, -207.35786213447912, 1726.740810659037, 1314.2180437517877, 480.7296406174523], "test_sigma_between_0_03": [1316.2739581884891, 1554.1674326838067, 1652.5060201480867, 1412.1913285024277, 766.1616019488978, 411.31305626602835, 515.7850280823784, 821.7335683544081, 1475.4603210616172, 8.728480940805078, 632.2007318760171, 499.59673976499823, 1647.954664839369, 1358.4989592194847, 1183.495343031053, 1660.5098920026262, 66.10643467000946, 1578.1956668723196, 1337.795860346407, 716.6387205511126, 1568.8270015535109, 1307.0088629752236, 435.3574423924535, 1184.5100075315418, 879.0255555814275, 1751.3025951974773, 1338.4993960011398, 1610.49753775078, 1116.0498517948952, 1324.9124308601583, 316.63684005356055, 1475.942255253491, 1326.8472251246128, 1251.2982098211994, 877.5494642503721, 1599.9986573392805, 1729.1739925608301, 1773.1038827348493, 1818.2435010896957, 833.4926879182682, 1629.9088075533125, -1258.6990550235282, -685.6656588634858, 380.1578493562412, 1571.9996105535195, 1330.8809927219986, 832.8973499364489, 1806.9034839833835, 1757.4427922196296, 1095.6851151644364, -1265.8982504097971, -744.7081207510726, 561.0867731077927, 1155.7683023384443, 1559.357507535799, -539.1355103990819, 1670.4707748313763, 1905.188405296847, 1626.758874061803, 1473.1738794787677, -117.36001020886904, 1070.637483170671, 1337.850900577652, 1584.2153341405503, 1624.8910029068386, 527.8472745294245, 1507.7036455001091, 1462.5550100689632, 1497.8451715016201, 1177.7641779405842, 964.7096835175589, 395.98033694970746, 1631.805609458034, 1666.4176297205806, -121.30095393671097, 687.2637221700548, 1381.8184254302716, 1732.3837695848067, 1355.8894039304143, 1747.4788750699881, 785.0558837348756, 1586.2893300018452, 390.1657724121065, 1397.3385437238333, 1321.9347314663564, -1245.5114076771579, 1202.546477314782, 1304.2670397128177, -902.1895636795302, 858.5599665481863, 650.2620565879404, 1662.936865047412, 1430.662269107231, -504.782750038934, -657.0759697206728, 1379.933623399788, -94.4398666451603, -1284.3616172859229, 687.3977601684571, 825.3440087028713], "test_sigma_between_0_07": [-1216.9703881290568, 1660.3509766158375, 736.2841636030511, 654.4999090489578, -756.7652596956005, 854.045618585775, 661.0302319977453, -1231.1925605255615, -947.4547063495888, 280.8931170907728, 901.2674720234509, 965.0717389190706, -1132.987714738978, 623.2321348356564, 831.0022070292952, 868.8746904305088, -1270.6763842153287, 642.3044912392621, -199.65467207218845, -164.30482392826843, 566.7240443387449, 1523.9579035722825, -278.9485690616983, 642.2070284957534, 1152.683787706061, 602.4583080683378, -1053.909205226393, 648.4703310872864, -731.4467217226759, 1017.2495929772525, 515.1901241639937, -1022.199786532961, 1361.4054723659872, 672.7202541829639, -1160.057727435748, -984.7742425920377, 1116.2284007783812, -1021.7721054747255, -26.047247965950366, -782.0152982643465, 729.4364204067642, -1489.3697927341225, 1004.8925619284704, 833.8811264256391, -892.9485237835285, -829.9760019207246, 369.21501414569076, -1304.4774762422576, -1189.8176882076773, -800.6710392992828, 1058.1613522990674, -36.5634789899025, 748.5098907257179, 657.9273353591385, -875.4888099043065, 492.55353371580446, 169.50825742664298, -47.17608317843562, 840.014919907052, 547.4034572315264, 719.3685018141258, -1132.7195325124671, -1183.9270864105101, -203.0908815414973, -1069.687618128052, 543.8696507987987, 583.5946209407806, 667.2639937661048, 1149.8344777913633, 732.5575495642372, -138.881884711338, -326.6547647293628, 141.23103610021235, 359.48451026618375, 700.3545545703514, 1785.74396013881, -1397.136522752812, 1061.0682239191763, 108.6201345437535, -397.27319696257007, 832.3170071033555, -52.372650244042134, 672.9998004074482, -835.6031827624425, 1138.5601183645663, -1137.6577223586, 650.7173027171866, 658.8654574137348, 657.7721121462392, 753.4507619044787, 492.5659840122201, 173.10283638505513, -107.2400645098847, 623.2913269744107, 1323.8863229032736, 1031.5359537074225, -148.78151112517844, 624.466025742056, 802.4750272821595, -612.5993412355117],