{"half_cheetah_attention_sigma_01_seed_0": {"results": {"test_sigma_between_0_05": [1230.6870112551617, 1210.8526942092487, -1038.858216651664, -1365.810148753389, 1107.6706301060224, -48.996061836727385, 1991.4451978129619, -1086.9591472015393, -1357.3161735405138, 639.5079224572938, 809.504167379888, 1063.810229677759, 1264.6772955769356, 610.5112178687164, 1761.9511260899262, 1712.932798707579, 365.6180824017657, -371.37980100864945, 475.85834581110066, 1171.8590386634928, -850.8703898361316, -946.1223954562118, 179.9551703270247, 691.1514878704739, 144.16039984004178, 1249.619731614596, 325.5994947319311, -1472.0933801745093, 402.44159333272154, -1381.9016576516185, 490.7953013184285, -874.2466561869459, -1049.2752072822514, 1181.0668339904144, 356.60096724413717, 2052.959982146909, -773.6977934484645, -1002.3302365155969, 687.1109166290239, 1317.3891798709979, -1489.1202285941354, -653.4210847487788, 148.6938145217298, 470.276489848766, 1654.6343934510444, 1863.8290711883274, -83.95070603863567, -973.77420716019, -1241.730454984257, 648.7166431910632, -1041.7321624474068, 2074.410269055158, 1142.8847446383802, -1098.168767851382, -1509.8186155170636, 686.2752095162612, -1532.5835413338834, 324.9607350005855, 1129.6208758149974, -838.3112875386142, 1733.3832453922257, 761.7772694428799, -630.9309612535525, 1645.2470470585306, 1353.7838215440115, 250.7023597344234, 602.2590289464632, -1811.6817679450578, 1344.8943228123085, 751.6933651535737, -660.896122681975, 1319.5936843151483, 1435.9094549624915, -828.0980978708496, -1406.5059484864803, 659.1438523708831, 1842.7414150220363, 523.9653372232289, -469.8994297815369, -1099.9165136218337, 441.08902522136924, 1292.0203705768033, 1073.5239802821898, 737.3111267484112, -1614.719039404262, 509.53579052146813, -317.1945499774301, 1359.5440299513555, 998.2432065362578, -1254.4601589572933, 1181.3299682734, 1091.4350079259439, 934.7242405297902, 422.1760092704556, -576.320027042257, 1919.595780183974, 283.2563146164703, 1221.870187562417, -951.382823411934, 1046.9997990988063], "test_sigma_between_0_03": [1771.9971034253397, 1942.4791376454373, 2121.8564006560996, 1944.440109296623, 262.5905474484113, -828.2968600297703, 1094.6447124807291, 1676.8245019055958, 1840.106566865891, 2137.566385326049, 1090.8049653315231, 1536.10405735978, 1674.6706905787064, 1733.8134910743474, 1947.5404922135508, 2012.274287801063, 2017.3979442709956, 2044.4730260044266, 1023.7846109993991, 1232.6265616329529, 1940.714562210539, 1598.789196248491, -541.5150136413215, 1550.499697244549, 750.8675003596369, 2328.5495037116393, 1315.0415398805571, 2081.047443486441, 1710.0612268185644, 1170.0964006623003, 1435.9971769593121, 1894.4949899716476, 1804.057445826948, 1616.933914302838, 592.8526493938238, 2148.144420492769, 1581.6909144604087, 1389.9009142902735, 1964.5457956182029, 678.1904897330922, -1534.0791699887186, 965.4957419255795, -881.2003546909759, 1200.7863887500398, 1419.5373643006412, 1689.5654183596125, 706.4734064129, 2025.215127346922, 1407.013343095982, 1426.984445699031, 367.51629794018885, 1365.471790266817, 1513.2837969207108, 1195.889959113785, 1436.8351866763091, 888.1307919544945, 1416.44680091275, 1496.3246456622928, 2051.6917150304675, 1126.4627262008862, -503.3410888274283, 1668.733316110662, 1675.2097349104283, 1389.1597678391142, 2243.421942061276, 1338.5737135774214, 1456.715523837107, 157.42279975003038, 1103.8110314073351, 1383.822840015628, 1688.4874885212776, 1612.602933814914, 691.582833956679, 2056.8878803512102, 1151.4158887563988, 1697.6916651053093, 2059.2683560933833, 1841.4436932844594, 1403.5005037836681, 1507.8221787334153, 1215.207613653882, 1958.8947005360517, 1714.3212261989866, 1931.7969544579644, -1106.191398963271, 1052.7103678171845, 462.09940462505165, 1256.3557725697808, 1115.484999355676, 668.2495726130276, 513.4436030342639, 1417.8854111516919, 1045.5238419735372, -1235.0961608532164, 1283.1987870318696, 1359.5987372823733, 1273.633802315276, 1149.1491873301318, 1025.3405027336614, 2330.399791304761], "test_sigma_between_0_07": [457.41506293031466, 1611.77053424606, 479.41276672043034, -1244.617615942093, -954.2739163821085, 490.3225039014331, -493.72469267897344, -1313.5660352507118, -1393.600785003504, 24.999200661778836, -198.97770473046253, 573.5056958851301, -13.586872776931113, 425.1585706703956, -319.1175252257893, -815.4728470931772, -153.83630167727824, 469.4887753248243, -1609.5715727887812, -1389.2317788420469, 1258.8201781238424, 1716.3523566736208, -56.76918702610132, 482.595879567, 1939.7714678224609, -1549.5548751029746, -500.41389567022014, -1466.7763722242687, -1103.0154449764661, 385.24235880765616, 740.2592532326514, -799.3771575608042, 1245.4925822722873, 586.1788980876535, -154.05971589503451, -1393.247185822261, 441.3970224261807, -1800.8124560338595, -232.9522312375977, -1044.5743928988127, 935.6265059138062, -279.4567764055566, 618.3097688774591, -1210.1925128168907, -636.8638050598248, -1831.9074598713305, -345.5246410458481, -123.72369078183988, -1478.3838156870188, 47.54577784216673, -1011.0101694913491, -1705.538463849954, -1365.7012100654777, -1497.441819038491, -1132.645408170459, 377.67533383960557, 914.9760675131514, -1131.2367861835614, 611.8047082560099, -42.242764642964175, 609.67578435611, -1278.8967812847677, 723.1450049517281, 282.17082325777875, -480.8104256727999, -9.811507631278628, -1604.8867538425266, 910.315097669862, 291.4502109576669, 602.2208640470569, -35.591400984715484, -909.1613118104779, 58.301433135678266, -48.20031743007992, -1895.2257951609004, 1412.6592331182096, -1417.829451226788, -581.4579381899352, -359.95161173985235, -155.96190973702366, -389.03528677146494, 120.35852661866387, 173.6567344345066, 600.4465352881588, 582.2311665866106, -648.5537118148228, 291.1289772205798, -649.7773915776385, 809.9166056379732, 1001.0629022739787, 920.1586365104463, 926.1127586238125, -1558.9259824434494, -1247.6842056587043, 1606.2121642244779, 645.1797695229864, -1482.7579076763227, 1009.7279131500277, -562.1884022218239, 197.60843496985464],