{"half_cheetah_attention_sigma_05_seed_4": {"results": {"test_sigma_between_0_05": [490.9323802801687, 632.8780079912025, -1160.2406784157215, 674.3971499509597, 834.9065257460279, 796.5342721412192, 573.2924719211628, 757.2181878893044, 714.0818102619191, 601.1472904979464, 882.2495708514466, 451.69737938446167, 776.4180285036097, 683.139729979651, 698.129116370356, 694.6724747866994, 658.4319692102473, 769.430721310276, 708.9595378266156, 673.3446725426583, 498.18682474064536, 872.2529955185001, 866.0003258561579, 600.3895400756386, 679.0170394536412, 708.2512444884322, 596.4071212590684, 871.8150718817304, 680.7962456941256, 517.0513076520145, 853.726639738079, 792.6637357506613, 511.98446735766225, 758.8419097751482, 703.6709648434006, 789.5747296031864, 687.733915632873, 707.9358362386853, 757.2109734715008, 680.4007857479414, 870.0471341139296, 183.8448558592893, 812.8812490608485, 566.0272984631296, 754.591349501902, 750.7692137362376, 593.9416607264417, 857.1142442112474, -655.935880476959, 795.1709893720155, 743.7113321214429, 694.9513878842396, 692.082120971755, -210.7275912385862, 651.054915404784, 753.7575614350549, 641.5467785220721, 876.93715256392, 766.8626791130977, 656.0678006139484, 775.9866569690146, 801.0962790872328, 674.832992683009, 806.2630132941352, 746.321463646609, 735.3793018104768, 677.0403436622, -1005.6709691664494, -840.7503341830042, 686.8713376182022, 747.553691196853, 661.0425606918369, 849.5876886590149, 660.6993729889947, 701.6864451864527, 871.4959239008463, 763.81609382111, 561.8052463366289, 652.008146300968, 557.8630645628907, -493.0500080074257, 866.5342185420253, 680.6562587788178, 603.7630800311246, 697.5305744650489, 748.9008762758986, 678.9715130211894, 636.3323353601371, 797.8639534843167, 291.18725158323866, 691.5672735869001, 766.8158325258593, 746.6608968135761, -214.8788567913784, 571.8165264931757, 725.3210611378184, 481.93152986612546, 636.8577404610418, 881.7688507796963, 737.554049979811], "test_sigma_between_0_03": [799.8683551559923, 709.0351717749336, 737.4316732437, 741.9589204846282, 822.4580158711531, 677.7004595938588, 755.1979636385834, 801.9760757742549, 861.7758679446063, 755.1646143994673, 697.098733057712, 609.1229888956117, 753.5398475239881, 695.8846607153654, 791.5419654207878, 704.3210207509493, 768.165896845056, 799.1262580630287, 764.2541229274028, 694.1753685554718, 791.3604084487205, 812.5511585192857, 593.50067681739, 787.4591792379955, 786.9643051755903, 724.5900867461371, 876.6578313919281, 786.8615329030616, 755.4929625781397, 786.6779197838727, 652.4198278702612, 785.2965778946526, 633.0876215584299, 797.9368729294573, 869.5711939209659, 695.9157120211189, 712.1926165414861, 768.7316906727042, 740.7598799392359, 816.810848755878, 863.611641706561, 614.5031970917615, 690.2696702685055, 625.4291231719851, 654.3765944591952, 726.862362627625, 767.3652981116186, 763.964314954899, 775.0089626872541, 768.1535619494009, 847.6335369674769, 645.3666645775658, 719.2819688334924, 760.9214840663875, 744.8269769137696, 561.5813824750323, 782.0866138079363, 751.3954181081219, 783.8573477091111, 746.483894806557, 653.8236863901519, 400.5971490886469, 789.0644804336564, 771.2048304279308, 788.3955749907991, 763.4273677645601, 731.7902909485362, 874.9342256577979, 750.4881783823994, 887.2830583476908, 784.0878267622566, 843.9878564575424, 653.8477555269286, 775.0096149305053, 788.0946938709855, 677.9535325641605, 764.5090756921539, 752.4619100162042, 809.3419301120767, 710.6796929900448, 790.9658175187318, 725.2046965381071, 758.2824219970055, 736.5860348473851, 708.6872223309373, 764.1127087008822, 863.004015715266, 738.4211422084344, 678.4858259601672, 755.1453334757647, 721.6899305744349, 701.4793127416522, 757.7473343976362, 586.3279734481682, 782.9192096670598, 701.6746380948073, 704.4161932696537, 772.9297992602426, 569.4227398545596, 779.0422711322028], "test_sigma_between_0_07": [621.3366606247281, 734.6418310972524, -583.2935815149372, 847.1166107545619, 520.3181553270766, 336.9501804472285, 558.0857156143297, 672.2152943634541, -1341.2096339477168, 572.8085954343082, 658.5337034133908, 695.7720324881772, 644.573394276375, 767.4799970709516, 550.089690667985, 700.9913923844392, 414.41488166340434, 685.9816733231918, 826.799241088768, 236.41396592133984, 714.5167016845709, 709.7736358572372, 678.2091816222984, 48.90348372588647, 838.236091018859, 636.9653786752881, 581.4964113760209, 676.9966501774744, 547.9067486223098, 590.1948316775454, 872.6333509577341, -965.0098728585432, 767.0151098079353, 453.8023039712088, 698.8197812893809, 240.82620570230367, 741.6839682416344, -1370.4661511909658, 635.0093447994101, 785.108164277504, 869.6416098323865, 523.8314183603661, 743.0942156714285, 739.6749486000568, -1601.2156090568767, 672.3203254604789, 542.082619847875, 642.0129479795401, 707.3779417472039, 189.32793473819177, 698.630601332742, 443.23382847662157, 449.13571970350046, 757.3535219804573, 177.62544146056027, 866.6741817502478, 704.00182503479, 666.8411142314163, 684.6279897850732, 771.0857011664633, -15.069919459861921, -1230.334443685731, 563.286265200877, 637.6994368155969, 689.1335325777632, 750.3948456961316, -1012.4101939014871, 674.0614242884849, 879.6818902888851, 535.5558652530808, 762.901189045094, 547.2097657441624, 792.8049952639036, 765.1135752841077, 142.45814258712505, 697.9881404755725, -1296.8515860706561, 174.54683933778736, 602.5232594727368, 287.71487286671186, 858.6473227566496, 593.7689729711785, 791.1652981901548, 817.735414770377, 773.9839044931954, 356.45274350135884, 697.6619027931789, 859.8442076653118, 94.73259993919926, 720.4819130350965, 590.8999226233308, 726.3418635243402, 786.2173271705198, 690.410157065188, 708.952065042009, 689.5370861601858, -1019.7026948625266, 782.1375397914278, -1407.7623850485666, 852.9993633882216], "test_sigma_between_0_01": [751.1910683133029, 706.0351425786753, 767.9275243629705, 698.5670351189771, 777.0091088517411, 707.8076702034316, 707.4726785556446, 764.6940857030369, 766.9701984350037, 754.4377720004832, 697.0652443860055, 730.2321968118346, 743.9356384455282, 788.2492916951609, 726.0198503151462, 843.0706056579015, 782.6446230325173, 733.6792093076189, 793.4591613853099, 780.0185733072677, 757.1134349464938, 822.5962295829232, 754.9103641769732, 737.0946191819926, 772.4741053785798, 753.9753630750113, 568.7945317435178, 762.1024756612928, 499.7929585490086, 720.4741374551, 719.0011010548093, 774.1689938409196, 789.1090728188391, 712.3218522856296, 566.7428997511709, 742.3213407445204, 692.175894748801, 783.3460783426405, 743.4527513906617, 717.5929811934751, 719.5623853209701, 721.2394761465905, 775.7558890666902, 737.4118927376487, 793.2132978149887, 792.8894409611127, 719.762091243448, 732.1542580427878, 724.410546655646, 794.8267322079664, 732.5009332596997, 663.692741961956, 779.4664645873654, 702.9539198312876, 744.1955676123074, 762.4786341771047, 765.9099073837882, 765.7123977997144, 755.1872540449774, 772.022937420876, 742.78404155362, 776.9703654994809, 686.5179083115377, 706.7802043695441, 762.1505015830601, 753.3112037601317, 737.7535420059733, 701.9796428621707, 746.9671208298347, 768.2601620658479, 715.5754086165716, 691.7380296975637, 780.0354729651385, 772.8889422444565, 783.095498310952, 731.8377190969228, 769.5773300887485, 714.6171634145014, 783.7716462217874, 690.6222096464985, 753.2591740516295, 716.177429429762, 711.2966131483764, 724.9074629252225, 773.2601066821621, 690.5047692738071, 704.1378803015451, 787.2982264419521, 779.2858427789384, 726.4589464689185, 756.9271874490752, 706.6647910942389, 730.9820326693549, 747.1748946245984, 657.4077189748255, 716.3426910446058, 700.2956990668976, 751.6473246088422, 695.001081022459, 708.0436515806767]}}}