{"half_cheetah_encoding_sigma_03_seed_3": {"results": {"test_sigma_between_0_05": [505.0713931765047, 1610.9223158186096, 21.672396960976876, 635.1179097003596, 1798.1300085550151, 1764.0717561699116, 1786.822229749467, 628.6300181805501, -736.0602330135645, 919.5242937724133, 1884.0195921010404, 565.8026865874607, 520.1538354933657, 688.8147564644913, 2170.6823978786847, 1430.324429816352, 534.486314484549, 2144.208214063086, 1645.0314487130056, -204.0502561391678, -1615.559438846509, -480.5625451551031, 1702.1674780791557, 1352.1537756255047, 1093.4201772421256, 615.2780628115453, 570.6633382382661, -443.8160218096772, 219.45491872359128, 590.2124459112938, 1972.528817938126, -146.61273464210964, 1009.3684638693396, 1770.5833588454634, 49.80378417473946, 2002.4669392835847, -846.1255511985365, 582.5803198461293, 728.4110789019846, 947.6588022389795, 1998.7849507195988, 555.6040408143012, 1601.109789857522, 742.8668969611418, 910.592897276505, 2254.4955174463166, 609.6701631014062, 879.4738081526955, -873.7918717767233, 2030.210461510424, -601.6440780108915, 1175.3595883573469, 1571.2920104422553, 622.3314308940578, -1305.9435211595342, 737.0333351990009, 1610.4911922615497, 1762.6102743223398, 1770.524930892952, -134.86850624821673, 1393.2924515074976, 1953.2104203518122, 2065.4542435719122, 857.7304088206376, 1213.2814046157425, 644.3202040457685, 519.9539985991876, 581.4926140946509, -1608.5736063379313, 1385.215762914658, 263.97095632996627, 1080.8145850966869, 2319.8276756445302, -327.62327930725945, 590.3018232336201, 958.2622040864443, 1183.3783816465252, 635.8948343943878, 525.5087883686705, -825.1119718337256, 603.260370924744, 1909.644602267788, 536.7970183363487, 602.0232855350682, 246.01326523820615, 1727.479831620817, 595.7054604144163, 1037.828477808781, 1876.7028944041697, 567.8654303464269, 1830.990842051427, 1296.9265059539048, 755.0254990527417, 635.2966918858731, 1661.3511275004753, 2211.5713914723515, -1312.920660613755, 2032.1117069997338, 2166.6543184686934, 1812.1169371616102], "test_sigma_between_0_03": [1706.2460071478915, 1130.144125431422, 1845.8511749131894, 2125.2302493717707, -13.14687895857949, 734.5813456075805, 1892.5675257337875, 1542.5413087821776, 1792.8825799849647, 1090.4538768152684, 1655.7979441832356, 2129.533165662413, 1197.3189777554703, 721.1500915875529, 1684.0351727836965, 1268.9595980464042, 1517.6162482578561, 2162.6897306099927, 1015.8068738558151, 493.63903796003734, 1700.4930082988196, -1712.0425999567206, 568.071623091802, 1890.009898395019, 1699.9508489597067, 1762.696942160922, 1884.979191469708, 928.5481689043512, 1510.4677394788682, 1724.1912521369886, 749.4906666094927, 1618.411021924878, 1649.4719304736527, 1642.4824720590882, 1641.6611226035907, 1376.9057360806144, 1029.1575004311828, 1395.451412636885, 1553.0606551901851, 1969.9088921465757, 1925.118062736968, -62.31984440040108, 748.7797188867075, 1716.9515766451327, 1784.7210772988908, 756.0595179061371, 1867.0738014345993, 1721.9892857428845, 1167.0216734426278, 1593.509848465359, 1244.953558103271, 755.5544897053331, 1716.5658671260342, 1106.8047065778994, 1397.5790203195306, 626.6744818359152, 1085.8202550931157, 1722.3385198558913, 1294.2732692809368, 1317.557610346129, 18.655724612004995, 793.1755928641905, 1874.4509213124263, 761.6741534317134, 1474.6663646796235, 721.7861530733543, 1654.4918423216798, 2336.4318450875553, 1859.8405916328272, 1804.6441302470428, 1505.519023707525, 577.4254120955053, 1103.1535287481693, 1668.1356662800492, 671.9215031803683, 1694.6170603491555, 1624.508936358545, 2177.0033344702024, 1931.3549095255055, 641.855785524123, 1308.5239493308889, 1558.908581444189, 1767.5821803991314, 1346.7452787541563, 1804.0044154303387, 637.9787299022297, 2246.228816153842, 1256.375787383239, 636.5358628911181, 666.05948093918, 1627.416101220981, 1291.6535881663674, 1674.755657551895, 741.9390784738014, 744.3684403047637, 1555.477609935911, 737.3386863874699, 557.0545362816556, -1223.1520071864932, 1911.0091149190803], "test_sigma_between_0_07": [1506.7122053892124, 1364.07994394995, 399.5807536457819, 2400.9606904149628, -413.30494126498536, 1108.102344644771, 466.2088188978844, -1231.4606229689866, -1518.7021230194155, -181.1302785379113, 1825.0865214059418, 1017.3306497671886, -1397.6015677431833, 368.34329253301405, 608.8596295084014, 438.6749680323495, -1513.8308134357037, -536.6132658822842, -123.87217612788687, -917.9142177271209, 2077.9727621340503, 740.3371203263309, -1522.0811272933554, -434.6520437401165, 1364.2021488854616, -1204.6954244333117, -1076.9092530529101, 1211.0203187187524, 509.05541888369623, 538.8545021462257, 1713.9994414361195, 295.5350181071985, 659.1141510579944, 604.1826187434641, 557.699646025791, -1349.5596247150431, 1844.1836013161867, -1516.9133754885715, -436.2553048617892, -707.8348595468486, 1195.4494104092196, -1336.489512310103, 621.8349032087053, 1669.0591649184055, -1744.1112042706502, -689.1717274302966, 664.2000296641306, -1337.5065735546088, 651.5123361148761, 529.0818656966953, 691.8178167600829, -1771.3404380727193, 560.2124276890128, 703.8999493050816, -1583.9731560706714, 557.5703188137284, -336.7806906397686, -1518.247633365911, 1117.1509632328166, -1099.6838117439272, 643.8632772868298, -1481.490195336309, 608.630030155978, 1175.1275795840006, -979.526870729708, 519.9860503525206, -1382.5288315777066, 742.4318613073498, 1714.000979469148, 448.63850945214784, 668.2497590434779, 1192.0724572893548, 1795.0978061780656, 2043.8699416086354, 456.61995808093764, 1651.8415564864363, -1504.6590748151964, 278.17738704247336, 527.2798677334878, 481.0640563330991, 1782.30924921349, -195.46673504573704, 330.73659667647513, 754.0640400236555, 796.2518686021639, 298.20902194139074, 484.47566751656564, 1025.5869257676527, 574.0173998520942, 1239.6460925655074, 1012.8486127489793, 1232.2081489584123, -977.9584714092989, 772.8279701812895, 1073.5707715582569, 789.3639088541215, 569.1499128719042, 677.3851919148193, 1175.1466293303208, 1719.0133154228315],