{"half_cheetah_attention_sigma_03_seed_3": {"results": {"test_sigma_between_0_05": [1638.9080852522698, 1603.622277942708, 504.13880402099807, 1794.267403498815, 1826.543047639654, 1767.3778479248688, 1756.2646305663804, 1319.7481017414225, -1354.5711365531233, 1207.8973347485999, 1778.754821001895, 1563.4123492461244, 1814.3318749331954, 1517.9451579703841, 1497.6226853267128, 1877.4354614394938, 1628.2645148540137, 1382.2566293734712, 1478.4923205920948, 1518.96547134141, 672.1813768424181, -1504.5434403711565, 1375.65858368545, 1430.5149463598793, 690.1704478993273, 1629.3563335497022, 1479.317977950225, 1258.2036311714353, -1329.4774952906864, 1208.058160448058, 1878.7662097119858, 757.4085373739669, 1664.408993053385, 1589.7218032410492, -1657.2836806768041, 2038.5425703040185, -1507.9688712438299, 1592.4066215950734, 1388.3555878569077, 1825.52767288066, 1840.809736528257, 1417.438646023331, -1721.133648186966, 1831.294683355115, 1629.5605924281776, 1765.703098244367, 1225.5412003062995, -221.73495805630057, -1077.5593660143184, 1678.5722061982715, 758.5959213182417, 1898.3946004289407, 1522.3986861098879, 1376.0730201510917, 68.24058859783541, 1631.6646018257989, 1330.842685038455, 1180.3798353627467, 1949.903250918151, 1095.884004280186, 1951.820611713558, 1960.1492170779995, 421.25436573782076, 1655.1427238725473, 1683.689228583422, 1585.7035941493627, 1523.8430198065164, -1710.9137348995146, -1468.4782150006572, 1396.5745940366453, 1205.732183122588, 1699.3510156947584, 1918.2726819067127, 773.6741199703337, 127.6433044146552, 1371.4448460723295, 1799.1048870816421, 1298.0691130466269, -1646.3399838969037, 1414.354227094685, 1614.1783586050685, 1835.7784831684328, 1667.38193232202, 1644.132197661112, 329.0840014702888, 1623.9451870483442, 1530.2598990166728, 1801.1373588516672, 2054.6004234668703, -1408.4325202493396, 1457.900660819145, 1852.5619795921702, 1585.8114444563091, 1209.1327637106733, 853.9428761509395, 1964.9557450560214, 870.0632149686558, 1802.105805620811, 689.9750669609747, 1876.7809507231814], "test_sigma_between_0_03": [1804.6783020651078, 1712.7851426802574, 1727.0019807760693, 1987.0131761449977, 1775.3255598935093, 1658.664354513867, 1737.3388367420625, 1927.0294857798035, 1862.2438234682784, 1766.8555412940968, 1604.8269588907776, 1705.86106518488, 1832.8851650664185, 1563.5491022853464, 2088.149903617851, 1818.6332433898108, 1887.7291751128096, 1837.1724715402534, 1731.0105832203876, 1509.4765312236248, 1940.5449128886075, 1881.4382300436903, 1612.9625894341389, 2175.555016067508, 1879.8611910925367, 1913.7028123589098, 2031.426390027232, 1784.8409598321746, 1939.543723982684, 1817.7654985635875, 1844.2381002439693, 1874.7228495511843, 1913.0438220139931, 1997.4961123145163, 1793.7401259722858, 1758.188893205522, 1776.9186693691963, 1858.376990303396, 1799.6002369735836, 1529.2381374833355, 1820.269731504226, 1614.191078344627, 1613.4145931518076, 1783.1890096813795, 1802.4471249887968, 1699.7085352135025, 1626.7191431388012, 1791.9658205461224, 1774.5331730668513, 2094.564166359284, 1779.0925447037196, 1756.5148647223352, 1798.2210473560544, 2033.360636845135, 1747.294468483978, 1587.9700332724208, 1797.6914289718754, 1886.1709913322227, 1944.6139190857893, 1744.080375197856, 1625.641379842318, -405.9674754035319, 2092.9028342739325, 1751.5831624043594, 1915.5942414980634, 1681.582441737608, 1863.4679013711102, 1824.6380560195155, 1802.183614352271, 1834.909421656695, 1909.8274796322337, 1908.3657442422375, 1606.689163065982, 1970.5168148644311, 1703.4569321517874, 1803.464419715849, 1844.0976933516974, 1806.8106741444838, 1744.5810695146806, 1722.024164758899, 2037.2666853902738, 1823.616831396847, 1860.2247854821517, 1880.7682950058602, 2005.651571488202, 1624.2718054932304, 1796.563731016586, 1917.9090210564173, 1483.473215942233, 1814.3444246091533, 1610.8380965660447, 1750.6734444931203, 1908.0975042926768, 1559.840042625738, 1624.3358091866373, 1906.7167727080387, 1713.0596485540998, 1770.231390704572, 1539.4261248619196, 2018.3751270102184], "test_sigma_between_0_07": [-1321.6857767740485, 1748.970379509907, 1201.7074832518945, 1886.1168778227786, 229.99011589943245, 543.2532608028326, 672.4067751109442, -1090.6336060269853, -1475.381947751145, 360.3835950666006, -1142.5829468546249, 1208.8531217228776, -1314.9218810266711, 940.0161665217634, 369.49877426854914, -1017.724966949896, -1237.8643001571324, 1286.8501516608278, -1255.2688606024105, 44.34284492061275, 1749.9506246648493, 1830.1542812216112, 336.68147232900384, 562.2076089154507, 2017.9581909525966, 484.4062338290216, -1404.3535444367203, 30.773743750025524, -1401.44973433026, 748.4399537940902, 1531.263391722903, -422.6240287603752, 1820.341522899195, 1439.825522434831, 1461.6705386121082, 442.63416056345324, 1893.4739458098072, -1599.3961205620947, -518.539048086555, -1010.5806525593138, 1353.0165958649484, 406.6048305305929, 1680.463827214586, 1512.0362339765286, -1611.2717813469746, -1438.3644159691544, 1481.394179214139, -799.8162382066656, 1249.0391704195858, -104.98576682836149, 1474.279432505663, 1327.7898361261973, 1373.4015039678754, 354.45917277413844, -400.38432487626716, 1387.5409386457493, 1564.6890354028837, -179.4743725860535, 1391.7402547110848, 261.0743763669985, -1283.3879848207464, -986.3914344907824, -1289.7429943102586, 1219.9299852597692, 423.95946506508636, 1417.079046879762, -1375.6810950988092, 1624.8734383815226, 742.9910240393612, 1616.778526155493, 448.72147377844016, -550.4925574259831, 788.552628014729, 1583.873779605053, -1293.3002942417936, 1889.5330721485277, -1346.3582546902314, 1331.4927212882258, -967.6260451842063, 1129.4433260910619, 1785.6415649370867, 506.88437462055, 635.7733186136494, 732.2300643720813, 1861.691741853528, -1167.4960929449505, 1078.8058866560273, 897.9033256633203, 1217.8704116782387, 1550.737869231446, 1495.0971113458138, 1882.2349697077632, 43.868952689893156, -1451.6432800861317, 1717.673590509731, 1751.6055503377495, -535.6644951211566, 1778.1314829188502, 1313.8686142780784, 1726.483514745275],