{"half_cheetah_encoding_sigma_05_seed_3": {"results": {"test_sigma_between_0_05": [505.61810223856867, 772.8982882120201, 623.9484265228075, 564.1689906586947, 651.1157167310687, 779.4792347105798, 785.8929279600171, 447.2284576965885, 581.5126477339766, 769.5730755969603, 731.915914300889, 335.81704416558944, 631.2653869682675, 484.91026399981456, 794.75686834807, 757.8247262741407, 655.1998380861228, 925.8139343240794, 520.7098186267107, 523.2702951983476, 289.27623287260815, -1149.9063060802475, 780.0748671404195, 705.051046502395, 856.8223142655422, 488.41396346875996, 503.38264458097564, 676.3527111934977, 733.9212178521143, 479.8805883579286, 782.224157949824, 425.05819175824587, 447.44106700565084, -1141.0435093147378, 781.0303508173655, 847.3454019295932, 787.1452746907122, 667.1088110936909, 709.762095980251, 758.6125797862143, 886.7737312870369, 503.35415970138683, -1135.0610420798748, 590.9718266629327, 651.8074259537228, 773.731405454271, 439.35259495325846, 775.2944432106709, 389.4179321002127, 865.5193670459247, 615.5662801743645, 688.2893744115723, 671.5365713502741, 508.1115221881643, 878.6985008955818, 364.81642338802027, 879.2811348348828, 870.0525144639558, 767.2198230667284, 288.1804991978587, 638.4343423656985, 768.2575904298265, 759.9655279574501, 754.5506905087133, 754.6385452477223, 566.1889819301582, 6.8496130257990675, 450.4294030653308, 764.0379781874531, 772.2266055700879, 456.8889786384911, 631.9011964416662, 876.6994978661473, 594.6950098161406, 785.3428671430552, 415.35500098004144, 744.7382818198952, 515.6405911836001, 759.5912753651384, 478.09629834057193, 622.9609800705824, 872.3929175492008, 568.9510434569844, 556.3941779879011, 558.296406687148, 387.0928570629678, 68.12454354902883, 704.7450123215721, 669.875301325606, 410.57110895268517, 864.2817419092449, 570.9089300532283, 723.6829694344129, 186.70258818409485, 575.045814272765, 851.8492362149639, 630.3702797992579, 738.6747542677804, 678.3332516836139, 780.280041172546], "test_sigma_between_0_03": [756.2125806021503, 750.1210551889968, 258.95734827147203, 883.4797495413408, -1131.0757226905598, 883.6994278286992, 866.244249423618, 776.0649215516139, 861.8210366197051, 521.2448915766478, 878.8643032583093, 872.1164674288696, 608.011229042276, 679.589364757022, 767.4800875237067, 768.4438958236701, 687.7591686412795, 888.3104621035069, 507.9450117655056, 854.0092026736824, 741.5838822336242, 667.6805703117241, 545.0672558945678, 767.0432619452921, 782.3512013794175, 668.8543858740474, 875.3686590745831, 676.6086747412892, 535.7552607577906, 861.5229307886561, 682.6964646291929, 766.419344781557, 742.2035222419369, 877.4201084943492, 881.1128733418914, 736.2365424321075, 523.4912757218925, 676.0666347074837, 573.4725166397254, 858.1454030615628, 767.0340795035404, 537.5746698652248, 464.17262611841437, 772.2245142817924, 758.679384483163, 624.0099074298929, 870.1499948924208, 484.9563104502109, 595.732930172628, 752.6582713185571, 564.8119835811607, 723.5132636510332, -852.8787517120732, 747.7488269167153, 698.8458238553749, 546.9406482531483, 563.2122454172369, 427.68772232399465, 766.1180242033796, 765.1817739043498, 688.3083107872011, 103.37295958377501, 671.1382008659398, 775.6790895440986, 763.0613816823961, 613.5261633656128, 766.8421450961106, 770.6674959081489, 708.4850240277343, 783.7488901249847, 874.3687511822817, 756.5703814039784, 578.4393735206702, 763.6386016782695, 562.3290917533942, 740.4500350805462, 756.7777245691059, 891.712651954073, 884.3134903340805, 577.4266392290433, 756.5028051070892, 768.8869788785546, 688.7820235488441, 570.3778067213264, 598.947398757037, 550.6339566499922, 778.0567194238888, 738.1551514214362, 521.951787490115, 871.5512749994118, 784.7123891723048, 757.0094941266298, 688.8436199700145, 572.1872715571986, 513.7418361974896, 764.1499045765031, 631.9334815210244, 755.7692830318949, 469.7701790619017, 733.2970201735538], "test_sigma_between_0_07": [875.3928449786682, 741.4876667760246, 487.45679864758705, 714.2008708578213, 571.2675126098004, 826.0043106851131, 737.780889772903, 302.95854963194455, -1481.938731538026, 743.1913099707976, 867.7020799588598, 758.9674226241602, -146.68571063611896, 662.7268394591027, 618.7322420635932, 767.2096682146824, -360.44500797080116, 652.902841198297, 748.5893100675805, 557.1890332054948, 875.5686833934014, 560.5770048859287, 776.9427824501641, 629.5436581610024, 881.4387793354801, 606.6917304505614, 632.6994004753652, 562.9978566808043, 237.25252377589047, 275.94226989851444, 680.5868817684346, 540.1722755443585, 638.0351883663825, 457.2897710968671, 564.0858425445697, 558.7058591215483, 862.6021648530696, -1125.3137087612952, -1205.1863989181604, 443.26140263542794, 755.838491988872, 122.07893466228096, 529.7580171138343, 378.53784454822636, 249.42331680600014, 575.8903276515081, 680.4030890055251, -1011.1247256147636, 720.3263639208274, 852.2852388829907, 537.7021922437432, -16.91885396579797, 763.3244351381123, 506.1800697297073, 110.56667879221638, 354.6973459125846, 750.6937165228115, 735.624603939987, 647.7393668840524, 653.9491871756015, 652.2055008298909, -1325.6124136957574, 708.9589191328796, 175.0422817160115, 754.371919279223, 875.6580366727705, -1402.146675844665, 666.0154045080498, -759.2154843522047, 548.4775587619152, 674.1914933312979, 835.4197761271812, 661.5209439234123, 781.7147934462946, 392.08070738606176, 762.1820520886351, 647.3759447988631, 331.15479703050505, 378.3849059805677, -235.97641735503254, 677.5852818713804, 329.0179386254212, -1106.5399081217465, 673.4684296861, 709.8865410440363, 461.99986930218745, 742.9261731340464, 869.8299924121297, 621.8271711936887, 775.4301562753595, 779.8719358684434, 748.765779526747, 874.695151230229, 190.05686316187357, 682.4622221537294, 680.3126551573733, 514.8320996104004, 751.1254139405474, 533.9325449893006, -1127.058745719878], "test_sigma_between_0_01": [874.9452964100163, 743.1919228126937, 808.997441038227, 678.8880738511787, 699.6945196866527, 768.0558491442938, 789.5155168588645, 780.0407161120944, 580.1914831759406, 702.4969028925028, 747.7519099714439, 794.4951094498684, 796.3874972014637, 759.3575586493309, 684.1055098787198, 885.8529859704795, 689.0475008552912, 739.0304116573313, 688.799712515001, 794.471918570661, 790.1144042349264, 877.8676747254333, 783.5581935095958, 884.4359611357798, 876.8178206269731, 782.5092074185384, 876.1859869927503, -175.67109306432374, 701.4491954999407, 736.0152827370058, 534.5328396977309, 702.7609439012675, 816.8903204113847, 701.8035218463556, 848.9914044835182, 692.1630134138505, 711.1156369496774, 870.2740249601497, 746.7778999077403, 802.3937168223332, 793.0722842401998, 782.9634241007021, 714.3567418469295, 713.9825717010284, 906.6699322331332, 694.3275187864381, 690.327409073139, 678.6752660412008, 786.3901249137185, 841.910152945124, 686.5029757461847, 753.8764884853277, 801.8647135397761, 711.8668931102318, 870.2230231041184, 857.4954036164966, 743.8449761724946, 751.8978841165263, 531.198218531944, 882.0139779650539, 791.5193756373532, 775.8861302032966, 279.5639800961765, 756.7665441326299, 782.1238470200407, 664.37839409344, 834.0147200617805, 686.6316185761308, 858.8140143866061, 714.1399435762243, 874.9829635292567, 848.3719305190542, 874.3844590300099, 879.2946415127935, 880.7063881280735, 837.6658319725194, 884.4237671427926, 530.3632117523927, 696.9620612747283, 722.4040845181639, -33.253649686156116, 732.0142947645004, 798.3880954826616, 831.0288422784054, 700.8320833772995, 879.2862201445171, 752.1200624736524, 765.8240843294838, 822.8726635724516, 96.23631140687228, 788.5527338604334, 543.4200176105423, 212.16814272574834, 793.5670018059166, 783.3931606942027, 689.6945384453979, 685.5026986530435, -318.2296313879269, 655.4280311149611, 730.2515110042998]}}}