{"half_cheetah_encoding_sigma_03_seed_0": {"results": {"test_sigma_between_0_05": [1212.6065237879645, 1585.470145810909, -247.66711234066472, 202.29569846163022, 1724.106594751624, 1033.6724577911834, 1599.8609993936968, 1022.9229232318596, 1480.8761914110057, 1571.777538631823, 1583.3158615604762, -52.37278707349037, 1120.0366810126125, -882.5008589644377, 1885.436474659245, 1531.8834026488146, 406.25485966150586, -1126.0998654486357, 531.204781747193, 883.8029354997259, -1806.6925795509717, -977.5308820742389, 1263.745579010838, 460.33234846718096, 330.2668434555711, 895.4584451363787, 1288.3984169320127, 595.9564366849293, 1014.942317751008, 429.3992365896007, 1816.0185716842277, -1689.1380418205395, -19.574999980398548, 1571.5394409250089, 1972.3114270233532, 1606.792161042176, -1603.6834056653968, 1074.4304659411362, 1067.9380128218168, 1402.2830739707292, 1937.1060101119688, 1015.3421767558243, -1536.3931234846152, 553.8229061565787, 1065.7712238659929, 1827.5940259134204, -390.1923777766804, -1254.952819413761, -776.8922826969349, 1909.5683755590474, 268.9680632007377, 1240.1179879961, 1456.369516817682, 1180.1811926509286, 1250.6640687848103, 815.7787029241535, 1719.4563287722865, 864.214493410562, 1405.2692425483594, -1139.7696845335388, 1419.6663002129535, 1542.825581791668, -7.522123046154302, 1117.5302755012797, 1422.9939069489274, 971.9171077519152, 347.186565576916, -1137.3141006976714, 355.81692008602823, 1883.496808134475, 352.54336278277214, 1442.033714137807, 1706.9229866138191, -960.0491649175443, 1559.0228082957533, 948.0237152408307, 1345.0399759454122, 137.218373855519, 1431.9898592560774, -1334.7019100654547, 456.70787628515626, 1775.5994586036873, 1522.8137382735201, -1237.2697101755127, -1101.6306203998697, -317.0323209678988, 1310.8977432757483, 1259.3681593034846, 1492.6495789822745, 1439.874815403489, 1676.9919267983773, 1389.6881689675822, 482.9546601993829, 155.90925546252387, 504.17056183651766, 1899.376209205083, -1433.9810677126954, 1744.0626486953122, 1759.8492118181948, 1610.0529806902855], "test_sigma_between_0_03": [1435.1460998498603, 1383.7077803060854, 1721.8492174447567, 1829.5031988705007, 1306.8094272738235, 1666.5754576720005, 1648.1422555717297, 1443.2856496213383, 1704.401554367337, 1645.8597078153998, 1709.6775415552831, 1793.7277075421573, 1483.4110358041316, 1307.2223530073989, 1562.7933779531695, 1402.2175064736605, 1799.037564133869, 1892.8812521196783, 1189.7004195795432, 1526.0437193017194, 1315.5582381557049, 1544.8966790316126, 549.4726387261111, 1670.4671286812252, 1543.8137366869532, 1395.1466251574366, 1677.5893337639015, 1500.9605348355744, 1512.970609314452, 1294.1547710176762, 1692.7836525852886, 1449.3581691957138, 1131.1367414729282, 1388.9776557613202, 1362.9548890849276, 1515.2764946459831, 1612.6484603795877, 1593.4893014814445, 1558.5950443106653, 1211.096474780674, 1808.8107791456566, 1274.5522160850546, 1420.1455064423988, 1038.8346310532866, 1648.1288361944114, 1399.4720973777466, 1429.2439945656606, 1705.5278387875799, 1679.6201736307153, 1500.5586752291867, 2180.7389049837248, 1724.1982467735527, 1635.2648160323756, 1451.7997605475794, 1271.6149892462233, 1673.9859933270056, 1335.4630328643434, 1634.5475627371818, 1478.4223923111042, 1280.4082943806309, 1654.3316344842062, 950.8961665733024, 1737.20492638024, 1379.428084658693, 1361.6497452712667, 1438.3364421850513, 1469.8825269029933, 1946.147592506535, 1659.9906942362131, 1838.047472600059, 1475.038036415331, 2007.6963302627764, 1686.5202642006748, 1695.9348575629097, 1484.5259106267513, 1663.7430531013704, 1238.9445567808323, 2150.964263289402, 1616.7838261893382, 1435.9062111707167, 1356.7094120550378, 1282.9653369831512, 1592.3489164711107, 1553.8301446309297, 1775.8853243435287, 1646.5738753194648, 1929.2778670887374, 1145.0184346850212, 1049.9005791224592, 1799.6798729898433, 567.3462452950415, 1159.97576561453, 1514.037730223591, 1399.9319226225875, 1493.195758331617, 1449.6987316475736, 1455.3270457330495, 1906.1312855367223, 1482.5079851543753, 1752.4922065116648], "test_sigma_between_0_07": [1324.8208746559778, 1108.3549236693677, -1039.8533042969973, 1178.2312353159434, -1581.8006530106531, -724.1965707117367, -1354.8244879128526, -1617.701485446691, -1309.6030422143115, -1428.291239298409, -1117.7606843077876, 1222.7798899862476, -858.2346627213017, 435.30836970305, 786.5163308240091, 758.7470872718324, 505.03164306176075, -1223.9010974307785, -1600.9897550250832, -1234.163166593237, 1572.2547722799757, 1412.3389922854756, 1143.853058949424, -1142.855993006615, 1826.2915919872692, 293.9351966565258, -1544.6995391531361, -1255.7792407630511, -1574.227600545258, -1467.2247819636232, 1450.4883241483396, 438.76992371883375, 1693.522751043844, -1343.6332281372177, 207.64050627408307, -1429.1921608077046, 1608.2609758284646, -1747.6095039616184, 280.1030772576531, -123.12361527596667, 938.9543725781512, 314.2988508871594, 997.6535495705391, 624.2458521070432, -51.07152926030868, -1528.4823268098896, 371.5067048188122, -949.1468891514468, 1354.805247300049, 655.311256784401, 1382.1245928843941, -1504.081155001359, 1295.0359588721356, -1524.636586622842, 3.6088569044980154, 1465.6432257151198, 410.4621384304761, 69.16082848651202, 1311.626354904054, -73.92756900566401, 1186.3767874008206, -1162.237780292068, 37.56437903964258, 1001.153353981682, -1204.1378649094172, 1691.8672711675322, -1553.5859783157648, 1502.2523655645643, 1325.9325482374616, 538.6885733556175, 126.54794455385161, 773.5329078340997, 952.018325236192, 1696.6871254409862, -353.48243047017525, 996.801351013538, -1397.7974148134908, -633.91553623965, -1285.6251508137589, 528.9020340042216, 1523.8846356090096, -838.700515918791, 872.7755563094822, 1119.5191100382574, 502.95069583461225, -1785.0547758596442, 1059.662510135544, 139.13946483259917, 920.9211132611912, 1740.909356816052, 1499.4734535247917, 1481.7684282896173, -786.9346233961826, -614.7470758195246, 771.7031000294744, 749.9336783213078, -1667.148691373581, 1416.8166196532343, -138.88256203506916, 1791.870900808619],