{"half_cheetah_convnet_sigma_01_seed_4": {"results": {"test_sigma_between_0_05": [483.0837005110503, 1693.4235362913264, -1141.6601914091668, 518.8894969041797, 444.81528803867553, 454.32444520412247, 1782.6568375225697, -1230.60735363194, -1446.6710078599942, 1111.417591940868, 1258.5593209827946, -1803.810738001642, 787.4374857425189, 293.52494081991557, 1295.6451811114764, 1951.2680334957383, 479.31144159481374, 30.75996500139424, 991.3982830159207, 894.1831470992719, 394.59775594923696, -1173.5633851047764, 491.6339901939082, 830.7142028705446, -1260.488705801158, 367.87669162453756, -1445.5279453204685, -995.8953710927988, -1183.1536905418202, 764.2304497247225, 961.5436185581275, 447.900254237768, -1673.4908641227953, 613.358321103301, -819.894600339185, 2014.8178576803907, -631.0316366467976, 912.2974951446766, 1005.1878017799512, 1599.3129351817163, 1718.500931079765, -1364.7723637553713, 206.28895942305107, 636.0205796412534, 1042.4485605458558, 1866.1320902558775, -1474.2606003826763, -1170.5058642891897, -1277.1626338220383, 1384.1573532324649, -1338.6873544961911, 1490.0180441617565, 1039.3393076480456, -1297.613553117749, -1442.102207372536, 121.07786255308162, 198.56238102277857, 1056.0824363998831, 1310.6535114883966, -1180.589856784036, 1222.0064190891396, 645.0306160388571, 392.8805828777725, 1479.061086526645, 1713.8275286548621, -1348.2218641636987, 218.7101758172897, -1740.120694921543, 1372.604245731147, -1611.6927671509582, 391.7617528872747, 987.9137583387287, 1500.2434189934659, -977.23727284643, 595.7598980816542, -1383.006446817464, 1604.6705481132717, 476.3440833363129, -473.23710424810906, 635.7040980685957, 560.3450711474081, 1649.8412940485457, 1444.1547734911173, 416.65022730710297, -1316.6335033177425, 1050.2955727336926, -1481.7713729756942, 1013.7084006567916, 1138.001493122191, -1311.4807032517826, 918.5328552319069, 1146.2587188485907, -49.61829519555034, -434.43103394485996, 846.7705182095235, 1934.6895960599402, 402.50850036925397, 1929.758243617057, 1203.6210428264385, 1160.1878172225768], "test_sigma_between_0_03": [2045.4532205949909, 1354.626414881335, 1719.6228454731236, 2038.4780467111023, -336.86941581479596, 1098.0060783969536, 1326.3893644818984, 1469.3445054804054, 2038.0390485090575, 1447.2988762801467, 1349.9981955742096, 1232.3162860846203, 1080.8031697662595, 11.09482536334829, 1775.1673893830782, 1516.4243826306815, 1563.7498173235585, 2034.0175582185543, 1575.0322884029354, 1181.7657030817304, 1967.749760658983, 1753.9011562324156, 355.4709327739825, -507.13950565463114, 1191.2626440952404, 1924.299842690007, 1934.8182627697468, 1112.458358607244, 1572.5949495338648, 573.0550264844061, 1338.2326844391375, 1995.1655177385408, 1791.933000194243, 1763.932037077199, 455.119062257454, 1495.69090293236, 1547.3227076217324, 877.9795102867257, 1751.377663607152, 1285.9577532383737, 1747.8707811177567, 367.75429318668455, 833.6192383070828, 972.2569817771156, 1735.438787662102, 500.58199734663543, -322.895767752338, 1916.3294179761367, 331.4091378399636, 1517.7322494879386, -39.17073629582293, 1178.9805294192006, 1482.6282505476222, 1027.1533360907981, 1529.206489277366, 936.8576492159285, 192.11427316193306, 1370.5767839139562, 1785.5039862123558, 1263.0740307557296, 1290.2422137290891, 1360.1273046268784, 1673.6502220509599, -12.277996502349538, 1631.8700670348264, -92.32953129922393, 1415.106266259945, -151.42870062254076, 1760.3825184711723, 1260.2843064760336, 1425.644906841765, 943.5608777497977, 729.4897048376238, 1579.9144130651118, 381.90416639213544, 1848.968287229635, 1439.6577298510135, 1884.2088998984311, 1874.9093418635211, 1302.9231875577198, 1415.5546650334504, 2030.756862015334, 1626.9072406438106, 1528.6825275731762, 1927.4543912065405, -240.10098308824254, 719.8559790935345, 1262.3018685253737, -1095.4517861013358, 1099.420318914482, 1242.4116117944684, 1499.9978188367738, 1636.77170456888, 1023.9445114428644, 1242.5779714979758, 1507.1956359697401, 806.6350499783755, 660.5375484344167, -739.7059363088165, 1954.4641220260519], "test_sigma_between_0_07": [-1125.8598233676955, 1099.184355065055, -736.6587331459913, 936.6549971022524, -108.48097961461906, -1346.939129857805, -1370.7727095720043, -1176.2247246842464, -1326.21346835816, -1498.582479878602, 474.14640029276853, -1365.495826943415, -806.7982052483176, -15.632421241990063, -1091.360188079666, 569.2640615232169, 2.8557791728016904, 483.8254481024314, -1393.7186981096797, -1436.4664353753358, 1513.4140274562465, 497.06937309768466, -776.0871098561944, -1337.5368231585958, 2092.4308271382192, -1180.3179352002019, 660.9912823310187, -354.71117212635323, -1557.1960272400538, -1205.1647900966116, 231.26738796690924, -1081.4841085785624, 585.5735227271014, 427.95244730518164, -1456.5522401635762, -1550.277628154798, 1761.7157074287893, -1636.2164781187232, -1330.5733658047868, 6.555402109587005, 789.9655771252299, -990.4409542851124, -1214.9888273890956, -547.0805893025969, -1194.6566275070454, -1415.123218560651, 599.6205136270037, -995.5911644119149, 605.8672132047815, -531.9920802338917, -1404.028411121648, -1093.9212789458102, 454.7540945073327, -826.0041766840504, -1737.0558549378488, -165.95854748488054, 778.0387133026369, -1433.234472043697, 1006.875301339535, -1412.2209756313578, -1426.8235645875411, -1352.1399145251428, 591.9567540509933, 136.41675088363266, -933.61869810174, 1059.3860735044434, -1325.8917212609647, 1398.9030486447452, -88.11268439037093, 400.6303236824539, 88.17436927587976, -1197.6267643308524, 343.10853476590376, 613.0577149756072, 204.50786414651526, 1742.8964449132934, -1599.3738907045515, 145.4610617541824, -1339.898652102737, -1494.1855615022694, 467.4239712855867, -1502.9611538978613, -300.26949889168026, -605.0345384232559, 148.78917184856388, 542.0737060195345, -1365.7609100202692, 269.23664994735867, 528.3320468575915, 787.971622144504, 941.0953469431959, -1062.9853804473576, -1532.1649538717315, -718.3384986388352, 1444.777880926021, 99.53111231372326, 10.05098391476348, 678.7060089545697, -1683.603250470852, -472.87264044261167],