{"half_cheetah_convnet_sigma_03_seed_0": {"results": {"test_sigma_between_0_05": [1124.423078039352, 1937.4625442531562, -569.6490237470074, 1537.6320301043752, 2059.198062068915, 1395.2680535399509, 1685.6894805164995, 691.31103532765, -657.6680944366616, 2115.170880347063, 1960.3429948886467, 857.1698799506302, 1143.4038249715868, 1345.2176711840325, 2153.846730913536, 1652.0641267846006, 793.0617600492085, 2454.875656667688, 1831.9605404246186, 1367.6022658603806, 983.340692002329, 1259.9307578738985, 1526.0077469378018, 1419.5009600995018, 1121.6732188600286, 784.9117118529954, 311.5179542134633, 1449.1540968618042, 1250.7828594177145, 1545.1939029829996, 2286.407669984585, -1465.5820290666013, 1545.8828168459788, 1843.041115949827, 1988.05759839804, 2286.6881460261015, 595.0661276553446, 1160.7854761148164, 1435.3514705423559, 1306.0205514739873, 2564.313600462423, 561.5551551548145, -1261.1949353717632, 1657.6683617834021, 1092.7741415286948, 2239.8717925545957, -970.9814891027191, 985.1048874744699, 372.48894170205904, 2008.8627263323583, 411.6963067168795, 1596.1479399569319, 1691.6636979769405, 887.5492675957474, 1490.6583002993596, 1044.5673705019203, 2182.759844973248, 1725.2822417699986, 1877.4167189081795, -106.50249347836375, 1362.983279535541, 2152.3969791167733, 1438.2791678005176, 1618.399830419887, 1453.127359642222, 760.9244066454686, 1555.739231640478, -1687.115962982209, -713.6520738407748, 1978.2448795526675, 1112.0514563815882, 1322.6757403948095, 2396.9490190039146, 20.149282495502888, 2013.911915885949, 1161.2011875969617, 1366.6861117111882, 1354.088527932593, 1172.1409270393863, 1002.2358708044684, 1248.455837528759, 2130.023554548898, 1120.117100029136, 570.5080553618212, 400.32295793630635, 1196.899836193103, 482.8160277965887, -1685.4757461655602, 1688.2939027154737, -1050.225111076281, 2070.6772049511055, 1261.4953329011162, 1071.8891742001783, 371.9468558790408, -415.19882816937366, 2349.2759156493867, 693.4183834531995, 1968.2205455944481, 2469.5285305321313, 2201.560984967404], "test_sigma_between_0_03": [1885.9995351577509, 1281.2449848386625, 1511.5218877820569, 2320.8582511855902, 1181.0410008216518, 2302.423626586513, 2393.1559474595947, 2049.925235144891, 1829.0692811804265, 1557.4758099463218, 1900.4981087662873, 2391.0209724663673, 1304.1386762608076, 907.8671589751829, 2027.3274696007807, 1359.372916670641, 1863.3485455555501, 2398.8901643922313, 1092.4943732173538, 1507.315850828857, 1757.7330222576797, 2217.4716552253226, 1192.8845529749767, 2424.9731696846534, 2001.877094194901, 1642.9193174872278, 2349.194277135832, 1398.1631263765191, 1554.2231404690058, 1644.278848952058, 1626.0287460331892, 1774.273053670011, 1633.276170792541, 2125.1114197345473, 1878.6575601709114, 1481.8902543612671, 1651.507983892189, 1341.2144290013143, 1626.8773970194416, 1711.4264660229685, 1755.0296770055568, 834.8035534219615, 1500.1599155571841, 1974.4125516104184, 1723.3125486491092, 1227.5528795405012, -56.901632837185836, 1579.3741352216377, 1096.9713276826894, 1907.427633724013, 2039.6139730246312, 1599.0075212464203, 1481.990944789793, 1344.804952696657, 1383.5522441357691, 1253.6174348283569, 1207.3407075822806, 1508.6941906887464, 1627.6416672970645, 1142.3690133211176, 1729.9938396460045, 1015.4865959195939, 2439.4707602133626, -1199.4847286998727, 1779.6721012488642, 935.5886304177693, 1380.4342697801683, 1400.6490922745886, 1773.685947495446, 2129.8611904381937, 2006.719540839145, 2196.66574356751, 1202.584691090531, 1723.4025289945491, 1182.7199439985468, 1584.5574656567758, 1428.5728496958131, 2369.042649275012, 1944.9676357364258, 1289.4647697254354, 2032.5917733785088, 1932.592659186915, 2206.683392860212, 1673.9511606886883, 2234.6859286310987, 1227.2919279616028, 2004.7012923249272, 1356.9172751760507, 836.7249612629976, 2278.2398842714156, 1736.4189704545506, 1297.3422318201997, 1759.664359422121, 1173.1569659983104, 1754.2242695308732, 1408.3453714204663, 1277.3077611561378, 2017.3986776167033, 810.7662594458094, 2142.605258446792], "test_sigma_between_0_07": [1730.0730449493012, 1367.9893430636364, -1572.5267949849035, 2233.554090980132, -1672.9046516442652, 1446.6267114718219, -104.3467099665569, 632.7547892526328, -1275.0888224751952, -1340.325594779174, 2202.337199313732, -581.9108273210883, -845.0268482433146, 201.98037847367334, 6.167343540635184, 1756.1443499123163, 235.30433638105882, 328.41364970427975, -414.784729827444, 256.0433988382749, 2224.80973517127, 1158.1107657468713, 1548.027789186141, 374.3416477240577, 2454.7559931847677, 777.3014369301497, 723.3133373314788, 1015.7350420058453, -198.3573369462013, 469.9233472384987, 2178.3628606770303, 893.0731473626089, 928.4236352285085, 872.2529634035758, 9.755586338853757, -1483.3447040230935, 2094.7726475630116, -1633.7030664031397, 534.9877521901556, -700.2847315678245, 1352.064974362855, -238.9266269363533, 596.5970818658209, 1320.7949377973155, -574.1978912115478, -1300.4508750975626, 1344.1632299720416, -1571.6146476136475, 1653.5224700419199, -67.85420943639613, -270.7887310166104, -1660.3017693582744, 509.35308320832917, -75.55689206313404, -1031.484420900183, -485.9049331815578, -275.45503582631125, -1542.014371699007, 448.1790400075234, 716.8000513965039, -1404.2517110894455, -1436.618739842881, 546.1134444546254, 212.7532065394365, 413.5740105487085, 2309.2009770801924, -1415.3467220644725, 1216.3052973777005, 1226.6416056679468, 511.4615699214407, 1202.5280297575537, 974.5521635869625, 1021.4512885019328, 2194.9966401875354, -1642.6934121196573, 1518.5837032419997, -1600.395796314795, 192.86164969995122, 596.1737049057717, 672.1079914175558, 1733.021149635654, -250.3514662008385, 1221.2516910879403, 1694.642831166009, 672.0845586846854, 673.2061536346207, 914.9779732372576, 725.9688606714665, 1101.2171092130202, 1254.0594288116085, 1803.6431880966618, -762.7617421398545, 61.131227004546844, 993.3869415870753, 1436.9397004305392, 566.3242828157616, 1319.4923117299181, 1092.7302551560888, 162.53379785119614, 1730.3793848206838],