{"half_cheetah_attention_sigma_01_seed_4": {"results": {"test_sigma_between_0_05": [1600.1790709547738, 1815.4171534757866, 1083.366443074922, -260.4746118081063, 1116.0533451917117, -1494.2334622419116, 2052.7729279087844, 1667.162905071302, -1330.8360459090736, -667.3443918963321, 724.292417676092, -389.17584205919513, 1415.2523913583873, 583.2909556931987, 990.0041116395802, 1822.0154834347186, 1342.490080876913, -362.84647069422647, 31.723237252289316, 1671.7664701922643, 111.58593567943898, -1454.0872115325417, -1480.1645508800134, 1747.4290176483992, 400.78210997034074, 1975.369394265041, -1039.4341038864593, -1343.2423598822243, -1417.2999135593536, -1385.159396228078, 1680.273945362587, -1493.1515530760555, -1549.3241785054527, -1254.8697473202258, 1353.8294015205609, 1801.78438830137, -1291.092441866268, 1790.2274647581173, -580.5825201915936, 956.9647596007953, 1684.3478503143428, 1249.5085820261509, -1539.3086454166064, -355.20597743114206, 1675.5972605742745, 2194.263461269223, 947.3817117915237, -1498.6840573510271, -1243.4376307850646, 697.4807047501241, -1460.7406623319978, 2056.036275592679, 1551.0432498916427, 1407.3822438241516, -1725.0038522168345, -603.602425871421, -1375.0754820510779, 365.16665327015363, 485.7775446002007, 1155.1455435160722, 1077.4821355057334, -120.27937559538873, -1481.2092716040838, 1457.0055751432444, 1745.829635682354, 1600.3601172636618, 216.69492756665315, 600.4546094531416, 1330.5040935106167, -1328.0858108460704, -71.99273106201572, 1596.3355380696803, 1911.786725856684, -1434.7109634796902, -1536.8434474569513, 389.34324718754544, 1767.6102601659277, 1428.7933126227538, -119.72744947379206, 1646.9768182331843, -41.47079399966041, 1599.5937112526603, 1464.7389255486487, 1485.1864350948729, -1493.2859849850126, -1228.0667119976342, 1927.5031179200605, -334.8551357284171, 1042.3217682320628, 1620.673939877168, 211.2802694845933, 1488.4118128246341, -426.6841099573954, -908.0728807611671, 89.13808347335578, 2282.7772967881633, 183.1187213012948, 2122.622544174967, -471.13876420558336, 265.657547879359], "test_sigma_between_0_03": [1985.8716978768696, 1920.3712055960468, 2183.8704551596943, 1878.4205167975185, -1540.359223566073, -555.933034797484, -466.33107936019195, 1327.3821391921133, 2077.2979902329143, 2068.8032860103053, 1627.0487168413104, 923.3628393816998, 1766.2826433828056, 1911.9042804660303, 746.9093144481647, 2064.2835564681295, 2038.6203543852557, 2300.628252068759, 1620.9206183716208, 1671.8165412580677, 1818.1191720590411, 1804.996848559672, -1470.679240780102, 31.262877814991153, -160.10117390403758, 2070.5735112888924, 1825.7461818717861, 2042.1054429798764, 750.152552761141, 1579.8785963887476, 1160.5060076965299, 2145.857117578918, 1471.8662758958424, 1577.0216134432158, 599.6530524483151, 2062.0475617523093, 2039.3377761767574, 2087.0954767795274, 2059.554230239469, -1343.167331632033, 1758.7281403867394, 2027.1826702106894, 1121.0503116198981, -541.8240506929124, 1858.5858269858088, 1878.190395180203, 779.8062138861864, 2117.42549067487, 2216.3436804979565, 116.59850019056766, 172.29136970282022, -354.7135149023565, 2083.1631339927408, -741.1958817793067, 1876.0426255555963, 1221.5756455629416, 1963.72170080452, 1982.4440077580473, 1993.7612281918002, 1501.0405239100603, 2223.0255200555753, 1126.0039987435823, 1213.0184293452917, 1321.9604336574137, 2168.547978392416, 1980.80774156094, 1836.1315338828283, -1408.22612039106, 1457.353636926925, 1605.13582898921, 1687.715069612794, 1917.3868779010643, 1785.1279530589845, 2136.7726830474835, 1559.577179062263, 2025.238505881119, 1971.186319447445, 2099.199285524575, 1539.872301491241, 2129.7692730679787, 545.119694110437, 2167.385937189137, 332.9407345464834, 2067.013613513134, 2024.3222534718295, 459.0076009416077, 742.6677757323026, 612.601223440086, 1754.6516722888423, 1173.437183794053, 1209.358642742806, 1843.0079119334862, 1409.6397433673123, 2033.3083878610744, 1852.6335782924618, 1201.3092891531949, 1343.7028376202045, -251.22842737102656, 1867.4863165645766, 1842.838725151821], "test_sigma_between_0_07": [-471.5232220887292, 1971.794498803828, -1792.0326801271133, -329.8657260189618, -2008.2622962858693, -1769.961632498384, 529.3588012626421, -1277.4608173126073, 553.4451317299339, -1176.8467027943868, -1572.8102308948346, 588.5255630897487, -787.5942356190661, 258.5043397393297, -917.8879549324358, -1486.2352700560784, -1335.1453253888874, 1518.0987322267408, -1434.8060227605556, 859.6439393329397, -381.4101009848104, 2013.1036487779527, -1709.6216800544735, 1062.0461166449702, 1808.5555143121937, -1538.7540092523147, 400.1484170094456, -1530.639132931293, -1547.1499093948169, -51.96377783012571, 502.97829839994944, 1651.084513188727, 1276.6143538181384, 1385.4275676453751, 1875.4726459736933, -1240.1887336465163, 833.505733760855, -1596.3284937732276, -888.3911792523338, 1453.7235155191524, 311.4120038620574, -1305.1853127976228, 1847.808738750606, -1243.1809623214951, -1252.0518632542005, -1512.9693028584932, 25.060866716053003, -1616.6747521840214, -1360.3319064540406, -2017.3073859959832, 1666.9147039333259, -1208.13949041292, 1746.154136857199, -1367.7490333289743, -1709.6274548476351, -692.1480014885539, -831.2030283844, -1874.771846650539, 485.47843334416103, -30.42200911329721, 855.1505118783168, -1288.7063614403705, 517.9518253997223, -227.2485860194996, -1680.0164874014931, 440.1850267207936, -1670.9315342325167, 551.0870462713201, -1506.3617479326904, 1753.6560955970915, -766.9339730323974, 239.15607709675206, -431.6615501305218, -705.076401689334, -1735.8884347352687, 1968.1267239192991, -1387.0333290111844, 1170.557839107673, -1077.6071770935278, 1376.5395902891898, -1333.3081156035637, -353.89320444212075, -1409.9843173929596, -1637.3733470763325, -430.2071517426563, 114.75037667352873, -333.644118282343, -978.1527518167744, 1300.1661836896233, 1649.4889574491206, 474.76824719665746, -343.53973340121286, -1622.8867358168864, -1470.6874323955628, 1604.890775739002, 436.4189463157337, -1521.3152396164123, -6.033569027058664, 752.2524603080851, -1415.208320567554],