{"half_cheetah_convnet_sigma_05_seed_1": {"results": {"test_sigma_between_0_05": [-634.5778375286535, 771.5659925204335, 397.96583703442866, 778.1790729023685, 891.9822531005308, 861.7152132548323, 742.2344891730019, 770.4938558915571, 594.0022245611609, 867.18916013386, 890.3068609436168, 378.3799060018737, 740.521976563989, 557.471502108067, 867.234572135412, 571.2717811270483, 658.8619149364013, 938.4065282532155, 696.1143149343592, 500.4509765742285, 593.1426432686634, 846.9809291800946, 955.2117426331066, 630.6727288347375, 870.9374087866881, 475.79663053369944, 656.2418316924038, 863.5176055831492, 839.393410587498, 507.0886241238254, 994.0459435526056, 634.1103731104456, 132.95852675514328, 1025.5365489836352, 881.5888131323474, 879.6601785555273, 782.2813759691987, 312.57525061302005, 701.8170647680946, 775.0458069875604, 887.6260819814629, 700.9538290723519, 710.7883859253783, 26.12734879209309, 741.3397174552151, 881.1325982855396, 532.7564965625772, 771.1491619312123, 535.7584477158408, 874.6777036755017, 777.3534455680164, 724.2566262373551, 855.3471586505356, -98.72783708165798, -1630.2887200998089, 737.178974783932, 876.7083199582042, 900.0905128706288, 765.411747801025, 370.9063144225508, 747.3534943760254, 922.2415277192001, 790.3225868238576, 868.0617347010284, 859.5118525724963, 755.2742911270043, 785.247675396341, 39.67725225117865, 620.9084743147961, 880.2769677109749, 581.9834722615773, 739.3248875995187, 886.7288147665457, 791.9508186977893, 859.6488279265448, 888.5944225890886, 752.6846550362022, 701.9155796851164, 861.6463768020877, 314.6089586466417, 566.475352006332, 858.5013951889268, 879.3895339793195, 719.8450150735438, 786.7450217529612, 667.291089171605, 704.0648507498664, 671.5722651542221, 992.4777240883047, 652.9356337907363, 863.4859000485043, 697.7989345190355, 641.9100564940763, 628.9794403226442, 536.6227976883603, 884.050014451984, 593.6930196328282, 734.8567940933352, 1048.8313584622792, 788.6215364486048], "test_sigma_between_0_03": [851.1024839179798, 640.364893959702, 71.60886255069487, 867.8697840178916, 881.4109216114255, 881.1615687065507, 784.3205961654755, 816.652010777299, 888.014372029498, 851.8621233818678, 865.1273437673833, 794.70910628722, 772.0894339094242, 565.9338431795134, 712.1089918359007, 775.4527594382466, 871.0418099589831, 882.96987061624, 697.1569134598109, 860.620917890766, 28.92845905833379, 889.7002971942984, 639.8094999919876, 872.1254142459021, 1048.266940548708, 379.68529567214006, 994.327048210228, 523.2431351682326, 738.7693122613691, 768.9404112004311, 880.1091446369286, 788.2510222675206, 296.3247271450118, 1031.2316127824124, 1033.5713932012563, 704.9339053058455, 200.26463324472576, 762.209859654458, 202.62436382891704, 893.1964709647773, 801.8361960054807, 687.1948806183789, 852.5526728964184, 793.1512783201222, 771.3064554270395, 719.0913628694876, 875.4068680521202, 776.8050501160426, 765.135731593532, 756.1317883196814, 907.262744833136, 757.991366194815, 642.4728960517613, 768.7186663089954, -93.48494887240825, 763.6125370377891, 745.4002845914599, 603.4239226876514, 649.4396054835945, 402.2326523928043, 643.0482054173739, 438.0531947632011, 861.8729463350795, 731.0751064108559, -28.56242532500481, 742.3060594159728, 770.5428152886615, 890.7800956388445, 801.1027194853958, 1062.3583333975969, 968.9180584005892, 922.5912766065163, 544.2379360600137, 746.7354494572859, 734.5802777716423, 769.6251565900113, 769.0679566697848, 887.1989632170086, 868.8118945320197, 638.2316916333311, 781.7229466401893, 682.8386326510134, 777.1620940548224, 607.5068850987399, 961.626486426992, 750.6782455062813, 897.4127996986358, 735.8735981475485, 733.1373339323864, 914.4043952649947, 772.6194749004444, 624.9038192796527, 770.8815693450289, 744.7333777288053, 885.0133922798642, 734.4729686267035, 679.0225571015948, 878.4410586210231, 708.7609291292173, 792.7772436939135], "test_sigma_between_0_07": [852.3037197036647, 755.7106199665963, 385.4319904808764, 1039.1890418095663, 563.4476015233204, 648.3201555496622, 530.6015439792992, -1094.9758368613582, -1324.8611331993302, 469.3906596415429, 896.8135911122138, 743.0497190651723, -1264.4473412322573, 649.5904047508795, 536.6580267558169, 878.7368170354047, -22.740632651781187, 604.3034459476843, 779.1143982508003, -1132.1854713915336, 891.0016709441115, 749.4769254784811, -189.61465907257806, 607.1410641154758, 891.94697577997, 819.6792527994386, 505.1519092896802, 712.0935008156175, 689.2063509705562, 770.3786170040006, 869.5090011889603, 728.7452615927159, 708.942921671885, 686.375506390588, 616.3656803848877, -1566.558850223734, 644.8749779299295, 770.9523100240484, 622.9039933047088, 851.4868686443788, 772.7520941200025, 667.1666172987768, 485.95680881390103, 796.232403839672, 51.05313460350749, 663.4171220091505, 623.5781205835037, 741.0557886592178, 823.6109791777292, 882.0304857110754, 726.9490940181757, 438.9745762568033, 794.6859661474282, 665.0532002838056, -1551.707892135523, 892.9226352780166, 684.5129194873224, -14.166428696573854, 701.8123203543522, 676.7957736164161, -369.86718004370647, -1404.0703307488207, 559.1517119555853, 569.5502246144941, 492.4150776950642, 863.3775289561871, 386.62536575608004, 782.6919935354254, 1008.1958895307188, 663.7521112271953, 757.7922294541836, 834.18835452248, 489.62585934836403, 870.9531088468035, 131.9651328085252, 743.0177388305535, 747.9555273616485, 686.9394531258979, 501.94033506471584, 743.4548836708794, 841.365156782017, 655.6912518380906, 890.064607960043, 1063.7553147649924, 745.8336487977313, 233.3789334172599, 853.3701575106866, 731.8780141537286, 352.7562702235823, 755.5883192442385, 633.4027340110508, 753.6608118954558, 351.60093954006857, 755.7193564853685, -89.1228081761772, 662.1079912893703, 461.9487910427964, 770.2492991041876, 521.8136625575888, 878.4971245048855], "test_sigma_between_0_01": [896.3810593413723, 733.4177607915551, 875.133636143191, 268.0390478786954, 688.6616883235753, 824.0332870702217, 797.9558595065461, 885.3769637313096, 42.32462642512544, 760.8087274528901, 639.5081764571024, 813.1349891282737, 792.8283916041945, 1.7933387777084202, 781.1294854874465, 906.5157832646042, 177.93790058813622, 219.66270394536986, -140.8679703267743, 777.093099312999, 790.440077802511, 904.1050462188833, 780.0829724080818, 866.9526057022402, 865.1535864634247, 776.3806512324566, 879.2008112452457, 186.52493027642345, 761.3764641809234, 373.49011562213894, 100.09832467405211, 721.0239742180258, 783.2758096079168, 779.5555165252077, 867.9472239883472, 770.9535112509353, 845.3802182339062, 889.1729473625478, -10.444636025227416, 867.082070676738, 836.2972901904816, 859.5536482472086, 733.3325764516924, 76.28096829544087, 812.5123801005093, 756.188306270018, 752.1803476910098, 679.9640463551451, 787.7097447050577, 796.7562511761028, 688.6037716677918, 865.639867829888, 878.6841652444475, 119.24172777267523, 784.205288529006, 771.9127237721756, 692.4822759704787, 774.6936481680175, -55.86127140979008, 828.2732156189187, 832.6806855702165, 777.082719893103, 761.538741771541, 671.3613764809053, 794.1744508604165, 23.52762282989279, 780.446871800012, 775.7702510127406, 838.4189247558975, 33.60624725949756, 867.3475572924558, 785.8852937024301, 795.775233524996, 878.7282080048841, 782.6296539505506, 789.7651441930559, 877.6247083218901, 635.2600057882953, 763.5848195517545, 45.53795958433039, 736.3163135033466, -43.94175194767886, 799.6736290378396, 873.7032805389873, 831.0546400594231, 793.1462985589875, 776.8803543645433, 887.0492747791227, 806.6385203623653, 669.0311076080636, 783.9273646744448, -30.714369376791023, 447.3166036406271, 791.1162177321479, 776.0107122671203, -185.1568733402351, 774.3245991198455, 772.4327445022848, 672.9393124822944, 647.9497367426998]}}}