{"half_cheetah_adapted_sigma_05_seed_0": {"results": {"test_sigma_between_0_05": [518.2726443371776, 1734.159335078445, 972.3403601652547, 464.9509889968579, 1876.7566345004484, 1612.6775583417407, 1279.0814443197494, -987.0530208420653, -1495.2431170969385, 1875.4509105379373, 2031.2744972579096, 420.2120959997278, 1320.635608588411, 594.9733959619479, 2055.8569595858353, 1564.5634938358724, 598.8844971251153, 1853.417420648015, 1740.4135059174075, -40.85175667581214, 226.1428938459478, -745.013638219039, 1171.2069427657377, 777.4420513477525, 1305.0050026204576, -259.2715660780261, 519.1434976704234, 587.385590985645, 1156.9995390276101, 1344.5549236297036, 1802.2547507965344, 381.69287599586835, 72.21946588141887, 2111.558984543021, 756.0915671562507, 2101.769595198233, 579.7633842843517, -277.93590615520515, 1348.0013578200346, 1165.3191867424262, 2058.046527665171, -139.39947786265674, 753.78575335304, 1558.0454093210371, 1417.396739452008, 2080.003995679629, 793.7651731162331, 620.8284935769072, -1085.3725608826167, 1917.045265653207, 580.4621420242172, 1399.2996652247975, 727.7872397957578, 1094.418374016377, 1391.4249106503644, 1699.5589588667303, 1472.2067070847384, 2017.0435837228222, 1885.603961916196, -303.9838037485737, 1475.777203196944, 1838.4849579446313, 590.4740267794998, 1435.8883386356363, 1491.0901081685238, 520.8724342484352, 61.571915334352774, 132.3576802561261, 965.6665689997334, 2106.884156974973, 1523.7496760644717, 642.7329674149486, 2184.8010579851452, 435.5548500655675, 1226.5022717682239, 1288.331839488173, 953.7937469336973, 668.2155734068707, 798.4897407733014, -261.12939120272324, 460.75629526326594, 2084.241867151271, 177.52987290719776, 461.23125582134014, 444.24004406113835, 1105.8361612430303, 232.9837550454745, 850.4789462790947, 1956.0684844128014, 492.4319930205219, 1874.9095040012953, 1350.2936057084478, 1404.2863668038265, 287.40283543255794, 1164.2504174080075, 2173.6480618161722, 911.9609612216758, 609.0664036377989, 2038.3018182989465, 1925.0954339321802], "test_sigma_between_0_03": [1705.2410945645279, 1078.4694131599992, 379.00562748574214, 2045.3568942720378, 591.0972046458947, 1862.4637792934182, 2013.9296559318818, 1931.7788935045198, 1774.4280312957803, 1119.93006372585, 1566.378668076991, 1864.8648399776205, 1299.1364474195807, 943.8631390537453, 1779.34183167904, 648.6860228689616, 1497.2945810859317, 2144.478875182636, 1321.6865471689841, 1161.6106515970052, 1270.879057237395, 1971.9144629123316, 174.61618706234165, 2220.8240598684106, 2021.1164355450485, 1015.6421229467495, 2204.0798156305227, 1321.09949112991, 1581.059972973846, 1806.2501108123693, 1786.539370744522, 1566.3898864343048, 1389.308591636241, 1931.1014823247501, 1265.1735481807057, 1249.3296088678546, 609.1071448454861, 778.9325248854104, 1851.0915813788922, 1903.2132798486812, 1580.359457944363, -197.9967356601672, 585.9598505121569, 1741.0439971783362, 1912.142418119428, 1344.1946355743019, 1698.0069903373756, 494.9784557559875, 652.7830456426126, 1727.3547598008743, 769.0491576296239, 1506.603481719298, 302.9748442821485, 1440.2382123135608, 1449.2690638474028, -396.3524900581384, 703.9871780736138, 1338.3955408012023, 1631.1883473356045, 1450.948656088739, 1489.2787913632453, 695.6886806270176, 2254.4548955690234, 730.1555486135208, 1529.6551047395121, 406.25534676031094, 1768.9216714863621, 1136.2731903282386, 1826.3194303038335, 1886.246564618867, 1617.4605489689368, 1982.1249689133597, 482.50593664059556, 1016.1851580111471, 69.22329381863955, 122.82970568955496, 1622.3563813077035, 2057.651217331559, 1935.6172140283556, -60.15176296962602, 1860.1957684325298, 1450.296803797169, 1784.594275699942, 1088.3729231820041, 2015.3914197148115, 596.608540159782, 741.0795191085801, 1524.991306349613, 568.3316250651077, 1705.280825552305, 1617.9894997647136, 1509.3631293149574, 1310.246354785374, -329.0485306618051, -50.24199569887135, 1584.4426936715324, 623.3916679829762, 2017.1454821705506, -262.9322016963662, 1871.9019045367552], "test_sigma_between_0_07": [1116.7174274961994, 956.4172286622265, 397.32625304235535, 1830.6184243131765, 698.5618657751612, 1511.4415747044206, 833.2259431451839, -1335.6887569171172, -1168.6813202450953, -608.6916122636015, 1260.7868702141557, 1424.1123664488155, -172.1616472043506, 1232.3126129468092, 530.3255073799064, 1610.800563132267, -463.6673376319989, 568.0467922790915, 308.9052330939713, -653.0451588135458, 2137.8210537114696, 1433.3590197724204, 795.1233845495889, 244.84423956809684, 2146.4178726368464, 1141.3699034112146, 688.1059281812462, 648.5855357682699, 448.33113813807137, 842.9437409124569, -1033.5227892251507, -18.749965231328712, 771.8397230703323, 677.0223449003325, 536.1769879911828, -786.393694811977, 2035.6212501201928, -1481.0278145361258, 438.7262320819005, 145.02591234870482, 1409.6873909410533, 649.1415801979165, 606.9598172676486, 965.3096593696157, 245.40237672942757, -1352.7576024238742, 1640.941761578581, 217.3268746926084, 429.82276164250504, 849.449327221073, 600.3865046776033, -66.80753938958696, 439.72215619742593, 300.8731412239388, -93.6299731110597, 1693.589352828922, 1794.7268256628556, -1372.7496218688766, 982.064705782827, 566.7853137374025, -325.0046557168822, -1355.0833007037074, 450.1175371934761, 1596.4972102037045, 510.78470452961005, 1715.0858670352354, -1066.72043822555, 891.0085131030731, 453.14102812091437, 435.877330785752, 1931.7164856706522, 650.9355811728518, 1721.92207005205, 1885.3612519506605, 553.1636385417655, 1174.6677432385102, -1228.6424389169927, 176.85688603434392, 508.46390768485725, 527.3436621104713, 1530.3986194985755, 460.5422591323874, 633.0817864656556, 1795.5567167715594, 1397.1903855830237, 208.9572674041322, 1251.9338595171441, 813.9746962313964, 985.0014417541565, 324.52249841528555, 1650.8585440210784, 1203.592606085567, 319.6562887227641, 597.4618580572625, 1058.9065534610556, 698.9437870463149, -370.49483393429875, 1282.733805510519, 982.6087577877238, 1167.710209177345], "test_sigma_between_0_01": [2057.842887542574, 1546.186303836787, 1853.950507563079, 1360.045085254731, 511.78341647286027, 1903.9724217153305, 1851.3951483913334, 1850.9323538779693, 1238.48047914164, 1807.9882702999037, 1381.7667972091656, 1592.7880216673616, 1704.4416626089542, 1433.372923683469, 1078.7299735802371, 1852.4470213964614, 1524.9278122207545, 874.1532565301064, 1630.3253713505442, 1649.9310753888049, 1885.2063142460756, 2065.4083257554744, 1619.8163268005392, 1779.4373596086607, 1832.2489292555035, 1360.398618035222, 1985.274111857924, 1317.603333869549, 1792.4728046708337, 1526.95992338973, 951.0960326265538, 1708.7236333590738, 1658.489710705849, 1815.6538675966115, 1627.4727081252136, 1828.9855826114429, 1634.9711139549524, 1871.6238490470655, 1747.9441870260212, 1863.2893846100822, 1209.4473648138237, 1751.1596363749377, 606.7440724706852, 1558.2654136122678, 1953.8053154198706, 1696.232477077335, 1658.2208097465686, 1840.1805197404733, 1613.1603815081244, 1754.5009962276795, 1224.9305588007792, 1595.963847615086, 1722.0165263258173, 1487.7043415552944, 1654.5064939456413, 1410.3758787092122, 1158.4422661607075, 1840.8831834930684, 1215.347978521265, 2048.444305815098, 1748.9262555433302, 1634.3587767752858, 1396.1274327904628, 1520.3034564885213, 1823.88496065329, 1447.5311255000029, 1592.0568283054608, 1652.7761131721597, 1787.8273243837211, 1508.526790993904, 1948.2849723623435, 1826.9656474014112, 1845.097022981467, 1765.8893366814925, 1668.931999068843, 1861.639196361678, 2059.47292404632, 1730.1520668145201, 1723.7773623589492, 738.9800156495864, 596.8268844995841, 1413.192362226745, 1573.0253658125885, 1706.187623024476, 523.436273320366, 1883.8044784546587, 1834.625308249294, 1841.9907307735054, 1718.4241782416282, 1785.4719660743933, 1854.673491260329, 1509.9906465702857, 652.3582918776112, 1798.519947211727, 1748.2654230048108, 1688.941673617086, 1671.327217612858, 675.9875772119276, 696.8448799669247, 1762.5104066597469]}}}