{"half_cheetah_adapted_sigma_03_seed_4": {"results": {"test_sigma_between_0_05": [1078.4492474215658, 745.58174866288, -504.81283409721965, 1010.0233507184291, 1800.1830632696285, 1661.4151188128058, 1916.7425023920541, 574.0872443522811, -582.4965428846199, 2122.3185453940205, 1920.4279485747404, -1819.9256858740325, 1669.971469627562, 1612.715014031516, 2156.9442181716336, 1724.3421819412556, 1409.023732855909, 2100.7172972261246, 942.5265790618423, 673.461179253967, 477.9003543643829, 1259.0502750371197, 1373.0882750448902, 614.822296905738, 1116.0044024308668, 919.9551664766897, 1083.5518469548285, -32.499855638080625, -381.4189833437265, -880.2519567293036, 2344.7395222577493, 718.3465727242678, -1479.3129589797916, 2082.7157294312174, 2056.6109043068295, 2142.732031028149, 779.3795828963202, 649.123090448575, 630.6676254402086, 1727.8739663769093, -602.3342285938495, 160.60091248317158, 1623.4658769677458, 1378.1772144527285, 1153.5791888577398, 2225.4908835540464, 677.6135252069491, 253.7470303865967, 71.25684043288189, 1981.666591263224, 1581.9775597918735, 1927.3254514752794, 1209.3193220563246, 723.3761866050212, -1106.204674772949, 639.2042790646251, 732.2811815717326, -72.99583199426127, 2004.1515721344863, 196.92722158186842, 1914.2196988468604, 2094.4628466695995, 636.3745371978058, 1399.5652670456623, 1404.897225961549, 1062.893455695892, 465.6620807223768, -1560.2046099067693, 1498.6808055252127, 2022.6729220667391, 1255.2503131817548, 1601.154636161731, 2152.0524581228465, -276.02745705652484, 712.44490922395, 1209.7868700374663, 1676.6636231685702, 947.8856311681545, 1631.8808063061915, 363.49237987720795, 555.4775800427624, 2198.263015216646, 1275.7186670045407, 1623.7593186104634, -423.34305967012114, 1497.2521508834727, 105.96989512070431, 1384.9668945665383, 2075.63967199851, 478.680922130882, 2006.8809662734495, 1470.0807851948118, 1664.800886278233, 43.58868579152472, 374.7781006395782, 2592.527877443908, 544.8631454289433, 1821.387866902457, 2096.2687510998076, 2048.8467729361846], "test_sigma_between_0_03": [1996.6033551350981, 1700.3164278282982, 1634.2430484107306, 2240.81422383707, 1062.0510773465153, 745.9357261764591, 1860.4557541820143, 2025.7471481282962, 1913.4744138114872, 1385.0870077101831, 1678.1943855978877, 1992.5087536667081, 1931.7997340059724, 1541.205031444428, 1917.7323834171193, 1892.717397197986, 1671.7428454581088, 2270.130095273937, 1576.5783415224714, 1183.6229738992072, 1938.0115111218167, 2116.300894895491, 1002.8247544140373, 2246.9550032793964, 1919.2388928507146, 2099.2602448852763, 2071.0117483629206, 1826.7294532061167, 1666.949678448518, 1547.3342187771145, 1505.531109691381, 2128.9084374585295, 1899.563746036882, 2042.7096539942631, 1536.886519075775, 1723.5931267217902, 1433.1560982502297, 1912.9393966758857, 1849.8394353590295, 500.943509472102, 1734.9423928868541, 620.2360851542811, 734.9406030903218, 1788.9414696884728, 1955.0016001407869, 1584.5225317654356, 1413.58219602767, 2128.2296485902525, 1752.8981426368637, 2200.1782504077764, 2379.980646718191, 1447.4190636108685, 1530.7982065879241, 1912.1298172609997, 1719.4181565377128, 625.155222469163, 1770.863808020188, 1481.052312206125, 1901.2154598068491, 1476.044254248428, 1260.1317087719326, 1488.7079049895815, 2342.46861763003, 1651.2472947836677, 2073.3514646695216, 1065.1424536747063, 1929.6131943672544, 1463.5357109289982, 1654.2048457277476, 2153.4968277921075, 2022.645999969876, 2191.794668822355, 1648.467190033253, 2092.4409014667763, 928.1395872937314, 1955.7938224350385, 1853.105847857162, 2330.3843796547185, 1879.77621044864, 1277.0350345404415, 2129.482017711641, 2052.568780036937, 2160.3953713256838, 1827.6444190470397, 2266.325511483939, 1238.6150559730356, 2153.6116977738575, 1935.3393973531643, 596.3502462607372, 1622.6210305131144, 460.8919061697158, 1885.5353887926626, 2125.984496243971, 728.1921958252601, 702.1885301977778, 1593.0876208218285, 1173.4697228995717, 2084.8663116138982, 606.5669613022687, 2243.1787483600406], "test_sigma_between_0_07": [1362.473179746701, 1796.1228021256043, -1519.088696317918, 2361.959203462517, -8.923409866757215, 1215.9741850101027, 572.6774673594158, -1372.8188450809137, -1452.837552016394, -259.4536717737819, 205.26140931395602, 1047.4804616211497, -616.1603786742897, 431.5745220930327, 431.1489798309106, 1446.6714209472761, -891.7442911733866, 135.22882564821148, 72.12228198616504, -1059.4670960018598, 2218.6557281116206, 1683.1059520640333, -246.43175437360046, 487.05751420329614, 2237.35489878131, 1180.2060743177044, -581.9255258284078, -598.663291858345, -91.0794128503694, 645.9227413553896, 1986.7285961821376, 632.4640821056222, 1591.6547651865133, 393.42347518037286, 866.4144263484172, -909.409877365562, 2028.818067174647, -1729.8305831360296, 579.6297006406737, 341.42613417861554, 1284.0394391760708, 503.3109631835496, 1024.0239476694292, 614.8887455239054, 95.58911502609851, -1907.0185661278251, 357.5514203298958, 726.2896253349819, 674.1255189246705, 124.56122418466379, 591.9365744680118, -1658.7141987953005, 955.9252438906282, -1305.881984620027, -1214.1503432215284, 1963.1726331799705, 1319.5322444935923, -2148.7256628159885, 1351.4697756162102, -1306.078036041565, 732.0068732661372, -1290.3165570425676, 675.2769780917575, 309.25011325322566, 1093.3323417316867, 1175.5681614681216, -1019.2299372391958, 1416.5058900750325, 1151.9548302789844, 855.7625389049239, 1091.0396567980129, -1043.7472107582118, 1520.0640079459365, 1293.7001322132921, -1483.6175830744148, 2113.7636165299286, -1238.276052917342, 845.2605106647932, 379.26440497902956, 1324.7350757370818, 1797.1842600426594, 133.4617052406508, 1320.5871363590554, 1403.9602775826452, 1677.271754573312, -245.0439684100053, 1001.5130346103521, 1200.7746313709895, 568.5747326076104, 1782.548316963152, 599.2877223202694, 1657.607421665132, -1405.5712962012465, 710.6071574903922, 1575.4535867105276, 1566.0845425302355, -1169.5826945800072, 1151.9412593329862, 1431.465906443553, 2228.3390521733636],