{"half_cheetah_simple_sigma_05_seed_2": {"results": {"test_sigma_between_0_05": [525.4367833713986, 633.6815404822866, 493.3315541217288, 482.40571966481156, 560.472669266342, 586.2483212336422, 629.7293184253425, -673.3779104271606, 555.497579481745, 545.5141176871872, 587.2591930375315, -157.2597604587452, 665.7786569172382, 654.1122977687575, 573.6693617333278, 651.1372957524846, 574.9675219657394, 748.849800866061, 541.15895358216, 640.1411635243071, 463.31670550022653, 597.0884936767125, 597.841073044488, 355.2614713125496, 656.9646693042145, 599.6228799229063, 554.5331972872989, 636.955481605693, 311.1672181407891, 460.1791678559006, 603.9639252839748, 562.7858091154604, 454.3342303168888, 666.8624369684435, 629.5891292295739, 657.9141128232409, -1266.3121385786756, 557.093256314126, 406.9453913817862, 684.977990650721, 629.9971307023792, 560.9483399317533, 585.4005141758979, 567.625097631331, 590.8116984011565, 640.4622694078753, 552.343510609089, 870.3012046786748, 603.6407042883023, 584.3181780816122, 717.7655354936386, 594.6995955917375, 507.1304701776566, 575.59697834521, 524.2042620805731, 563.9782115029487, 588.8065232153665, 587.8426420531739, 652.9265048961665, -1095.9368089914738, 601.9258924825954, 609.2180873776163, 592.8845340490154, 572.1718049674016, 630.1503107557113, 577.9161507845523, 582.1155257788998, 378.0734876934226, 464.9742098233742, 655.1759760495825, 535.0915979067709, 673.9744961356372, 543.9261783518574, 750.4083447928701, 420.9608283361203, 588.5410363800255, 650.7545801933264, 465.09364524628313, 615.1977197674003, 509.27554464729974, 679.8924625740491, 775.2969171016878, 602.7325139881701, 562.9806092461097, 635.8837008531802, 573.1136263051477, 574.1055348219218, 392.62114325331737, 653.311128919089, 539.9736417686942, 585.3512839025392, 606.753943645884, 587.1141041450367, 223.84744840803202, 514.8487801253793, 523.6456332527276, 485.44877194118305, 565.473269144942, 591.3922934304305, 651.8050340718055], "test_sigma_between_0_03": [671.8308164273275, 592.6664150522133, -976.3083928659651, 651.3494026986856, 605.5998332601177, 676.4003461306272, 671.8323247035954, 642.1837046992302, 654.4906876382632, 642.2065115403096, 422.9650463662457, 559.5169666448966, 590.2435105724517, 671.6359898842823, 558.9208315586757, 599.2041221546535, 430.63870912850984, 715.7824168052108, 556.7923945494564, 649.1546752933825, 540.23279111739, 616.1672081376284, 569.2758924415024, 652.6077213050653, 676.5645416462359, 602.8429272172681, 610.3469678433996, 599.6359709749846, 628.2726576242047, 567.9689951744002, 581.7623218259167, -68.07628507160562, 544.1236091156958, 573.6523254247004, 569.3769863817885, 597.4689140751735, 663.1584181839551, 635.9828720705256, 690.0586684722258, 566.7371758521156, 661.6982164225223, 592.9364980619924, 426.97341685474777, 587.1782931758577, 652.6462758137939, 666.7717161784834, 567.652794371793, 704.0361655215188, 589.1059999301905, 584.0151353710996, 613.1073357070504, 658.8752009182563, 575.6797203991825, 486.5146286896827, 503.54239884175337, 624.773016911642, 628.7740631329046, 558.2957783734981, 595.990989725869, 661.2179520350816, 554.6489893828634, 200.54195946488633, 653.0529790272598, -318.4029801207335, 577.9144531212308, 569.2044221090572, 666.570028977781, 593.2230620313693, 561.8955389245414, 572.0991558396958, 571.8217651817793, 659.630607975011, 614.9828716056278, 595.9444558946097, 591.0294328767005, 637.3000219661077, 641.9189323477275, 650.1896093163424, 579.8305105314349, 603.0354871074775, 668.9984235271611, -262.2340640327277, 655.6150042627073, 584.6880485770165, 669.2793119289935, 581.5065054505499, 598.9986313240587, 593.0568494380528, 590.5317412542813, 492.9227121143352, 582.3074370445293, 635.7600019047287, 608.4556062251746, 633.4768652889064, 658.5754348445189, 602.8317953878524, 618.2232189881026, 696.7280497328823, 599.1041790519951, 621.9047520440479], "test_sigma_between_0_07": [-589.5929526185932, 655.8740837069275, 146.14874769079464, 672.6740261907047, -1172.836814703012, 411.61628324166645, -1010.0428259135947, -1172.1516703122468, -1310.6940533285212, 356.47009561917196, 771.880351535938, 561.6394998078573, -1160.5500572305011, 558.5708275396696, 657.0268887263394, 75.2160868256207, 546.4739040331103, 571.6386526794105, -1228.193683268121, 663.6710246042433, 584.9050356329597, 667.6167411453488, 572.6329519943291, 578.3365101470075, 584.5386075955055, -492.34230478736055, 526.3328027259236, -1264.123273252114, 497.4561052977659, 508.5868897126926, 657.8193368729238, 636.6001238381234, 484.9494926676796, 498.924975289032, -47.866285893888524, 496.3004098847616, 622.5580101852972, -1558.542945878124, 506.6276046661337, 727.8936793364735, 688.8149951608002, 418.1805290853571, 578.8548290545205, 629.4710478414173, -37.69030335954747, -1026.4577332101896, 531.1404270233731, -1287.5909178096113, 635.138627128146, -1091.1683153025313, 565.3468820730512, 270.06929366467506, 552.422811539824, 379.49883793483923, 94.47211553817174, 713.7727949739814, 559.4463090823798, 155.1713882814236, 562.4393036142093, -834.3049706040329, -650.0412952811382, 543.6128942900175, 342.1585403790235, 609.3622333341492, 576.1542490561906, 507.9643758318139, 340.0328409488747, 561.581652839649, 560.0182257128879, 565.3080352953788, 508.066640368758, 710.653811204957, 649.2456027935664, 685.9471823142882, 197.1560522551171, 565.3342310865371, -1343.3936639566298, 188.42660977721675, 500.2001151208432, 462.25806161651434, 598.4691191605423, 575.6599736438054, -1337.2701829691803, 663.003103800311, 416.39060778905576, 440.00771559487526, 652.6073184710779, 760.799337674006, -1058.4036248245238, 569.1512984675744, 584.7656003605904, 581.5933646199874, 397.12658717979934, 523.7599863770741, 589.6343670734234, 635.5378707417658, 201.268552558577, 655.9583489305152, 252.7099728086551, 746.3850992270254], "test_sigma_between_0_01": [658.0748978100739, 623.2489562748387, 747.3185610900958, 577.8753940642579, 642.0825697716085, 656.8133687528092, 643.476752971657, 648.6033256253297, 599.4359559152201, 585.4009691434024, 590.9811425707808, 580.3741401209267, 643.9259152079966, 584.4871431257438, 674.5811956668532, 568.6160609359833, 577.9926460815651, 591.045597352992, 657.2068477960431, 584.3537433903349, 645.0962538740393, 576.5112590843006, 581.377959685084, 728.3454610318713, 584.8121365171359, 578.7207744142877, 705.9022650949688, 600.7982550533216, 720.8416070243378, 639.0655782595626, -839.3084531483152, 747.3163489933988, 659.9085238432273, 581.4427678482166, 640.3880638191927, 661.7407841108792, 675.7156166271587, 589.3943620865592, 666.5603427660212, 488.48509881891374, 583.8300423891621, 584.9018960039461, 697.1773819385439, 660.665128431374, 597.5333734055354, 572.8368422395002, 636.7598481747375, 660.6218928031119, 595.4715178185329, 595.5727838260142, 679.0509058123463, 665.2406821088412, 658.7269050664255, 679.2922575632888, 595.1289291781443, 632.8486097656987, 645.6696153273413, 620.9173573819363, 661.7932647061151, 667.8147251240965, 653.095054058035, 634.4395234289512, 592.4692295976274, 668.6547019257168, 574.0840032774872, 642.711841508885, 664.0335832786373, 672.4069203225008, 675.3460091244469, 653.6034090068223, 651.9738082772968, 673.2975389620001, 386.7858587763126, 635.3186406879834, 656.8071556562494, 633.0503797861893, 612.2683827521532, 644.3758380334984, 681.9038842725932, 603.5727337269598, 583.6925151894056, 592.3489584642494, 653.2765439645864, 643.7145907873195, 659.7497248097384, 635.4150340048297, 591.1368192672713, 644.8306915106821, 604.1615230594916, 625.4080957503525, 581.4365476653284, 599.1845721591408, 604.8068370606795, 640.1425804723523, 659.0843574110787, 651.2977370706602, 676.5190016422936, 612.0068562491532, 606.6398670750706, 676.135211809955]}}}