{"half_cheetah_adapted_sigma_01_seed_2": {"results": {"test_sigma_between_0_05": [-194.93489842223497, -1377.1288308837286, -1321.525261415818, 1166.4089565361446, 1351.8924830542505, -552.3056691452858, 1906.7229047302228, 503.4163682802027, -953.8676375747652, 352.27566951063653, 1042.1215341134744, -2259.1149565549526, 522.2091453923563, 388.6937543807644, 1074.2187086011998, 1619.5117613525042, -494.4872807281814, 123.99690595435538, -1323.4132148055571, 601.9799216797677, -1451.607939232388, -1273.1790113925654, -571.0378163675191, -663.9956466252958, -197.34442784473055, 1222.2148462974437, -492.7106649007115, -296.40514637980385, -90.551835103464, -866.5166513188528, -50.086422748093824, -410.085459576964, -1755.3534947770825, -465.1990368323136, -177.29952440577608, 1695.4348228609053, -537.8269724993282, -254.9826472164539, 855.0083517768057, 893.0408898997701, 1242.0530173852096, 217.90030107673496, -1348.0116330326184, 1067.3891309529984, 455.42768965787815, 1173.9180170866289, 507.9453719926158, -490.54640527340683, -1357.2776016173175, 389.6799530314782, -583.7785020083164, 1129.9010396936976, -1533.2265310919106, 195.83057044335706, 88.98435316500837, 567.5588963942466, 144.22984125983788, -54.98927406347639, 847.21014905726, -1492.0443353196447, 377.20881367007223, -516.4464005143727, -272.54074539504643, 1277.6519925117957, 1817.7974983969912, 452.9748872841959, 1162.6744577476047, -2201.271226948819, -1657.5625699640327, 322.18627738425096, -1254.1762681585299, -472.3418952314675, 1243.1610314182024, -1172.570019414175, 548.3179828471539, 705.1486766582099, 706.9290619334586, 370.2615622374505, -1102.8447328533878, -1368.6886297851943, -695.2062264543375, 1374.4769719346095, 1320.8580738862368, -388.690139046224, -606.2878575334903, 273.10797756384864, 703.1838189668009, 515.8831804910237, 541.0156790455657, 1084.6164545147415, 1219.1379394700555, 675.7713882055809, -418.4526672333897, -4.353810634903608, -1201.4564483609854, 1371.7023515615788, -763.3458733091985, 749.1944400466082, 152.69736840297134, 379.12424381098543], "test_sigma_between_0_03": [2206.8253658374924, 811.0664011294214, 923.4543060400842, 1413.099218383598, -1069.971941391713, 1064.9914652854545, 771.4828913549113, 1451.7353339603055, 2514.3705939651045, 2027.9601161662522, 1321.938800065667, 849.1454559579898, 435.8638673919848, 404.568568011894, 1048.6191429234502, 917.8297845954545, 1383.9011055431813, 2007.4694165307944, 820.4602292541828, 1003.5670913214204, 1264.9462868162311, 1677.7283485200328, -1139.9846837114148, 960.3190842499912, -60.07103144087729, 1206.1180154803576, 1485.6136865573346, 562.1639522729186, 817.6938015695093, 2116.153612033563, 1098.7287255277029, 1761.3608420439064, 930.6183044880571, 1422.4057914066068, 639.595211227414, 1270.59501704561, 1122.1050795450806, 911.9154565355237, 1407.9776453418829, 246.27080563481624, 1407.3872283501498, -257.68562515992386, 1427.597850988325, 923.5256084095879, 2047.9941872140107, 463.8229631343967, 135.79151533497503, 743.0544155518585, 478.2227807729941, 1598.1832115826778, -66.60737598843986, -11.679856371821215, 852.9691800624248, -131.66754543260743, 1915.621468696519, 572.2187435212209, 347.72049655996335, 12.817835872137396, 919.939349648911, 1067.1741832890903, -274.1576948553398, 367.32844870026315, 1254.4918129968173, 352.9429117371967, 1022.1369304801914, -33.622287029217155, 1361.8380424333254, -620.3105842652217, 861.1909077948303, 485.9629408068536, 1452.6207048700567, 1436.048905557912, 954.1501273507251, 929.0909220514161, 244.3716900168118, 1471.702807760302, 866.8055856627531, 1698.37237374345, 1347.0713794120193, 1212.8872888757521, 1835.752206296173, 2262.5359896346763, 1036.4066131298016, 851.37461345518, 1241.2221190507187, -286.03086707000625, -211.39271574608725, 212.69050822665173, -1102.4653502009342, 1161.7601154607562, -41.73380652459421, 841.0685709016385, 931.4539064962904, -678.1745080831248, 1137.966471538557, 1167.7337270323635, 524.1628482808349, 470.485548365731, -698.8275627571117, 2361.9793580761957], "test_sigma_between_0_07": [386.80160265251493, 781.803233568532, -52.71925153384385, 456.4104030396808, -1253.3309248054118, 104.9696345116698, -750.8409042799045, -1532.557580450231, -1460.344629167521, -747.5702800987721, -1085.418093465498, -152.56924889607316, -1263.4322291027913, -577.8520986225502, -1544.1149942401664, -932.4573634409903, -1273.0319485201578, -677.7941692542709, -703.7967067318995, -519.1490834210293, -543.5048448995182, 361.386418147333, -30.825165402719048, -1519.3664173399575, 1237.2272002575496, -447.6805128919412, 85.50164996033696, -810.1472420302247, -210.67156360146728, -808.2115469215458, 704.9535244398468, 360.85692096757805, 212.0410528751688, -1301.981598734979, 1086.8783557740326, -1044.0006678125922, 1649.0111321931136, -1513.4716511290023, 399.24134789025373, 310.91572685192835, 399.81895305017724, -472.6882859750201, 867.6786578113288, -149.19176594068117, -106.6997724512849, -2447.0293063734216, -1212.8822762484187, -441.3803852970606, -1087.785313983824, -464.05521677481624, -632.344766540009, -945.4803495024233, 616.9890075422908, -467.74708584919534, -1076.6835992420854, -283.3262088424204, -278.6382580142383, -352.7489520286994, 680.6048849214824, -734.2028918153469, -487.6668850261896, -1446.9332004536966, 465.75082129570904, -1443.9446082259503, -1312.3235940716088, 592.3183845533931, -1160.1316333844093, 1108.3158810457949, -1196.0016547531447, -523.7281875682489, -706.0084754799901, -1310.2464530995253, -477.91573127689196, 773.4037257762841, 71.44202085580181, 173.5369947921209, -474.0392991780919, 151.54697662184896, -1418.3589079242909, -578.3434526565129, -850.1307006066658, -856.434692005296, -720.2491317048087, -390.7645313028407, 380.32836542338947, 84.78422168304107, -354.67656130383443, -1309.0413188347002, 127.4936547882388, 1044.6912375345075, 1100.5388184400645, -334.1668654662018, -748.404767776521, -1271.9427781459533, 559.0965061889859, 198.48609476359283, -1180.6549692766228, -916.4540946278939, 199.5234307432167, -236.4645704290527],