{"half_cheetah_encoding_sigma_01_seed_1": {"results": {"test_sigma_between_0_05": [150.37840090286284, -380.23735015731813, 559.2384668044514, 929.1669396087212, -217.95659710410214, -1175.6021994258338, 1383.0694347443268, -32.57443324213237, -831.361101829036, 1600.5413331313846, 667.8539207774244, -1445.839239178007, 41.39925371541906, -19.11337871898869, 1307.46258430509, 1315.357422580999, 1038.361481407258, -507.6242517759063, 414.71210155576534, 912.0587075421564, -90.46734227224182, -1584.7210418060397, -819.513522067728, -249.59974784790393, -1138.1001701200428, 91.6950428018245, -273.2050301137482, -903.3633872736149, -1065.943235342108, -916.4172118559152, -754.9455718363704, -1788.5428484676977, -1318.991646769106, -729.724636670965, -755.4627862110448, 1631.2397722370513, -1619.436491630169, -27.289165791506992, 625.9029838280522, 542.6435681364144, -843.5783844929753, -351.82369643505706, -1756.4862105563889, 755.8627226214121, 524.0511131235268, 1585.8813424906295, 553.3425092632124, -1748.9143890910555, -1354.2766395021051, 593.7460200846601, -1291.5221586758244, 934.688787983704, 450.7827510515558, -928.2495600567725, -388.7466586967379, -325.12384731671284, -1365.9066697473781, -1437.0770920782431, 678.3665027698655, 343.3870198786899, 139.4137389612413, -589.6726049957977, -1717.0405715338165, 1214.4130365334506, 1415.6412142719082, 771.5530695852784, 501.1338717697822, -1326.5496831877288, -280.29145537725117, -1490.4135882118403, 434.2104476312601, 380.6408060173272, -227.10962104335914, -1256.8624216872574, 371.0574116274773, -106.7636094166128, 654.5581979274303, 259.9720001369206, -873.2109178413533, -686.2971928543594, -421.68163503368135, -704.8562327045341, 650.4260497183045, 901.836875777502, -2433.1145698947776, -862.4894265692864, 186.55869656105338, -583.4123735808289, 656.9166110484825, -1111.889486490206, 1456.5651354717556, 541.5444266950669, 145.5153303177329, -1450.2739797011943, -280.70730663306006, 1688.8543512605938, 565.1863844309704, 1183.4715912682325, 932.5372098662582, 940.5088153544963], "test_sigma_between_0_03": [1593.4419322435715, 1057.840205939656, 1834.2800935017099, 1963.388358549818, -681.0588077308403, 1387.09936895143, 1485.628567202845, 1758.5227066416282, 1963.2380130281053, 1673.3942562926447, 652.8603487555646, 1572.9617348416639, 478.9060508759899, 503.30198759737686, 1587.9706849358201, 977.2699050195597, 1764.6656811224084, 1924.4615098903487, 716.3515141289519, -305.1686115715874, 1286.2370706994764, 1753.3667649320194, -915.6199314989881, 1283.936755267878, 36.815051187110186, 1880.815664246762, 1268.2913223570386, 1190.4323100845309, 326.5181380227311, 993.5330505531604, 707.0680535549026, 1750.132875467162, 937.5566064921502, 1782.275548743018, -656.9115459960796, 1767.910459727746, 1523.7724176844304, 753.7931999149441, 1554.7802338649524, -1022.1484940025404, 1104.5327143700872, 362.15824572743446, 1186.054713251532, 1520.7512534515265, 1323.2746579300801, 535.6803163131759, -844.915971352669, 1189.117052531491, 1049.8372421833058, 777.0960538208603, -718.0699846716044, 519.6686416141175, 1819.8698114865003, -778.3117942139563, 1406.258624301578, 578.7995727829494, 254.83885452275575, -1103.282245141434, 772.8052277396835, 823.8002964567229, 1400.9562675157015, -1420.386329749906, 1871.517530600933, 665.8114417195607, 592.9841748655867, 787.4470129197352, 335.4538770780025, -1433.8938523559743, -9.943164672369333, 1345.7734754516423, 1672.8313626097204, 727.7389597043084, 545.9233309954731, 499.0151394193798, -873.7567239789462, 1452.3730688166297, 1238.630513158474, 1501.9405697725583, 1557.0624234253987, 1219.1733351933444, 1912.6530075116798, 1917.5573761312023, 1654.9801154247968, 815.9187946380202, 1909.7055704084237, -1493.4115849313205, -847.1224921003413, -131.49868449560466, 626.6957751367574, 1149.7769891947758, 1228.8318210482507, 871.3693910970045, -113.58286124275055, -840.3830589159116, 464.40819899739256, 682.658912332084, 768.6410609267485, -396.61949613544306, -1097.3126535867589, 2159.5555122224714], "test_sigma_between_0_07": [-646.7887858153476, 571.0608022541256, 223.45507742626313, -717.472405962934, -2986.944560594946, 60.56590611236014, -1468.9633393366307, -1296.7297470412047, -1180.2141358352153, -1136.1527373260806, -1745.4608156787597, -353.08569175455926, 420.3175149658171, -93.43655407623021, -886.3092033322696, -1269.7470161800834, -1449.1026019653752, 73.69100417423326, -2442.203616423519, -680.999152223098, -759.1626578879981, 671.7187126700164, -1346.9774289269078, -1193.3819974354178, 2147.2896610698667, -322.4017599105196, -1056.1448359699518, -2445.7149027269347, 103.9589818535008, -902.8075444394373, 82.70671368525376, 754.4183828207215, 321.46003699817766, -50.13803428506519, -200.64847530702963, -1865.2376049402237, -1259.3918164494053, -1804.8125584845338, 88.35010564874408, -1512.9309018074753, 988.6604779973278, -873.7274785204281, 896.2146048845472, -768.7220524682735, -802.3078775451997, -2890.5812699950666, -271.42849087264915, -824.1501052536329, -1339.3558639836165, -1658.8126907673343, 108.356921843716, 67.36158409425569, 371.374878508414, -2369.3397314031185, -2033.017737144557, -1406.0587850230856, -2039.9462493340104, -1883.066303521749, -418.7066214038366, -876.2746450652196, 353.6243117616102, -1297.0301096151447, -1353.4125404951776, -559.5466903819101, -2054.5057160069096, -413.6013695049304, -1394.9228591889794, -84.50012904787425, -956.9098971684963, 716.5857736156371, -66.31253985270587, -1870.6218727983367, -1184.8092950293294, 301.6372701874805, -1436.3463486759752, 924.1973164793097, -1467.8896255691445, -560.4612361060289, -216.16305682063688, -144.9311825533646, -1434.5560762158213, -182.67841522975647, -529.1698599126842, -1274.948586969586, -440.1184043850125, 358.60534432138087, 340.4434413622228, -931.6187842429613, 911.6518694581056, 1373.4880633230373, 1061.2536148132997, -1465.198520678804, -2582.512079714563, -1664.618076188886, 981.4475605277321, -180.50548737675126, -1153.6269293481469, -226.89500456544314, -884.4875625441197, -1146.3480935209682],