{"half_cheetah_attention_no_encoding_sigma_05_seed_0": {"results": {"test_sigma_between_0_05": [777.0498912307079, 660.2852031245725, -98.33083264965376, 769.9656713959846, 862.981281659874, 855.9975499339913, 759.170089413472, 770.2738020634538, 769.9198978093634, -78.13279308688259, 655.7786743321424, -379.7045096436429, 768.4190913898481, 232.0350743541594, 724.6684122047445, 786.1274378163452, 647.4044828034037, 756.5791873887016, 524.3089261034984, 774.824390468169, 424.22705060355406, 816.0036006354079, 869.4910087502105, 616.6030830728171, -58.21653463767757, 779.4344795417136, 767.0414789793734, 889.4402594403301, 755.7785764899895, 95.07951994219782, 729.7940696851321, 792.5482246900398, 621.8868849012375, 894.898289412251, 689.0711634831067, 790.3119577404665, 790.6576464207509, 773.0918766635377, 764.9806610917997, 783.7607960504754, 785.1128283316056, 767.9623369041211, 553.0796853093782, 84.27458097390794, 778.0677699689071, 753.0572699223874, 756.2955355997924, 772.0528106095111, 767.2031294936975, 749.7796137457801, 792.6970617932604, 774.4625661927655, 762.1130946921317, 767.9696616423076, 845.244249050613, 704.6500656523843, 701.9122884239362, 839.0118601554101, 776.9309584497754, -1170.6659547756544, 767.6546621443655, 633.4856906260828, 789.2579538451873, 595.133165478835, 781.7583107788287, 769.8679646716273, 763.7129227513457, 483.52087309769166, 742.6329945831676, 869.7612004626058, 356.70188885481394, 765.1437902812287, 721.8018252391047, 780.9569971573331, 838.1290124667324, 611.9752277834704, 786.4607352884954, 643.9217312498799, 781.1256987346626, 550.5428633999569, 668.2252101662881, 708.1046353275511, 770.9168667621992, 765.7952017937631, 858.7028735880255, 787.4410800990302, 772.1302175809514, 759.924840974488, 769.5164963527162, 768.3299813299011, 796.1572549642075, 774.5370952512154, 721.0181592099709, 674.5372345739947, 182.29519247014147, 774.429786057312, 465.9799822099256, 778.4967992404283, 859.8268204755326, 763.2303923999901], "test_sigma_between_0_03": [772.8943224833513, 777.4524422390379, 774.0274142007181, 781.0414584206852, 878.0408699791993, 711.6331934481415, 662.7313017742263, 775.3187739535492, 772.7013913439117, 780.8412860540902, 837.8197631698077, 785.1724652970739, 763.9644175739213, 779.1743566463966, 770.8677549996613, 771.991655694956, 777.8733436790268, 775.5496517914645, 779.7368522392146, 843.652629153795, 784.7202386453774, 762.6751013358975, 762.2672446981666, 776.4175384060167, 870.6434509664997, 778.0192654025772, 854.9742090305824, 781.598213734046, 780.6803518175, 783.4320223390145, 774.7634626813423, 778.6964012611444, 768.2964443558593, 582.3861834173514, 609.7324321688205, 774.422011458997, 781.9244866072952, 777.5596658274768, 781.0943728394107, 689.2478583816498, 775.2622312731961, 774.212633726243, 772.7561336123405, 744.1776478611537, 780.8193843797981, 770.991819866277, 785.7866606755895, 774.353516685382, 778.1376634055171, 779.2695328042769, 866.5485027577455, 691.6755892909288, 777.4218096215536, 765.2221929496744, 780.1374633148345, 773.7451798922654, 777.1470886686697, 781.1052058169056, 784.6827487918563, 778.0535856760356, 781.0851662225323, 200.8797607086541, 778.5650357484685, 769.7562249881454, 776.6946600393997, 780.6739947004324, 771.8714588521212, 878.9283301473365, 725.9296015812332, 557.2366212454796, 755.2609906813601, 787.6573262246092, 694.0766117966292, 772.4958905932797, 774.6309319290705, 759.2688687428996, 783.921216116429, 793.2396493719443, 683.178682445447, 777.46970605228, 759.1251715940116, 786.0092536956058, 766.6189232682088, 771.4462930143942, 882.3910477530933, 761.7025265776879, 721.5972335282074, 766.256504916845, 455.4052720284484, 772.5200514865261, 524.1303517894537, 781.2226496872009, 774.7203879259821, 777.5650886736441, 776.3857327642233, 782.771670852099, 765.3655971274702, 772.7229893256984, 768.27284234641, 776.2005400583334], "test_sigma_between_0_07": [808.6847962277801, 778.0184065279849, 550.9374681149188, 767.3642793850362, 434.0558595843507, 161.33376437412673, 569.9280481525749, -1158.2629571233513, -1259.0427946915497, 552.0490441786038, 786.8455171459905, 777.205058534309, 757.8882663177582, 731.1555407918789, 627.4616812319188, 699.5616180671549, 159.73919245639908, 756.8836551614412, 758.7852393190035, -386.727583001641, 869.7652837642967, 767.0271681610733, 746.0347456128111, 647.9184596617746, 775.1833560396711, 216.0466085505578, 644.5316499311127, 884.7371233648689, -934.2788046117503, 661.6387763945395, 759.8707422520188, 774.1125463826068, 769.4486129252397, 595.3818939680933, 775.814791386977, 367.91870385139214, 774.2746660747408, -1331.451356743849, 642.5902217034982, 860.3677025927939, 780.701477426977, 660.8723757906035, 771.4608189997588, 884.7967400252892, 582.8778634185408, 407.9615371603598, 505.1985267477352, 351.99821143550906, 343.765383293218, -160.3106494899777, 764.2597037653333, 453.8213366377033, 724.0872057317084, 679.5004213447651, -63.21048237294272, 863.3038584113157, 776.9416039514845, 60.53360000573701, 770.5185769508105, 744.6037769978647, 761.8717379989439, -1085.0512761691102, 724.3637560495412, 399.0168758056917, 481.0455964269605, 476.6726676588029, -1447.0918634545496, 590.6242806045472, 207.01954381583514, 768.6114617426197, 295.24282005422236, 789.2874119317754, 425.5693145279054, 773.9137512408425, 220.7584506552086, 779.4891011707031, -345.78716824743907, 147.78704983772235, 648.0912147960462, 771.3265913021643, 887.3762207004935, -170.70433040623192, 790.4559522258736, 674.6765765267008, 765.0530450799638, 431.5050054965064, 665.6423871930832, 869.1837763333715, 650.227220889005, 769.0084520796797, 737.3650279204679, 652.2593162786242, 641.4655244787695, 797.9349300513578, 770.6917229088143, 759.8266799764763, -1355.7460652773009, 774.894511166585, 177.1237392119482, 755.7386820004891], "test_sigma_between_0_01": [786.1736088258051, 774.1601520921821, 785.1013436775652, 776.2298020790354, 777.9789946738355, 778.7431670738827, 789.3499969533829, 786.4499970383091, 780.2169895719101, 778.8057209892853, 775.3376131497142, 774.7187701973228, 777.1362233086705, 786.4041013483791, 773.9876408500867, 767.0658695763224, 783.1388164066924, 783.9114848953818, 782.8202756151378, 775.494756543599, 778.1166883364958, 779.5171708901798, 782.3333037504151, 779.6785795338651, 780.8495863087413, 783.1252189376017, 788.7395989285897, 783.1418106533472, 774.6967813909234, 788.2925572262325, 772.3727329532074, 780.2471321397077, 784.1014536690899, 775.8973129769842, 780.5252677940075, 777.453419382837, 777.6869455443182, 782.9076545558061, 779.4409217318428, 786.5824495540726, 780.9276343739047, 783.907549845428, 778.4000591965518, 784.8963134692146, 780.2889946748131, 780.3739630634204, 779.3379935488432, 775.8727803956994, 776.2839582661845, 785.0271518278213, 777.6149721151762, 778.397339434219, 785.125521461096, 782.5786193102059, 775.3031007185454, 778.4902969903942, 773.3524538840505, 780.7356997102086, 780.0292272495508, 777.4601566735706, 784.844379703807, 783.8662331790556, 772.1983514744153, 781.0657724898347, 783.7918610152988, 775.0905864651247, 785.9819742152245, 786.039357678079, 778.6193987825659, 786.0166806570064, 784.9634899459048, 784.6198742853954, 783.819189328002, 782.155850861091, 773.4545285887984, 783.285507269822, 781.2606143621969, 776.6293323597547, 775.5599610062035, 775.919425154029, 778.2303536809828, 784.0756920748767, 781.4311246356667, 785.830022456102, 781.6544980120865, 781.4224364315709, 782.4591180885238, 784.4465876105942, 786.2013217770656, 780.7782767049142, 782.0131333494305, 782.052837610627, 772.690558559311, 783.1562511868818, 787.6033025860207, 776.3661593595453, 775.6137896009341, 780.8213776609567, 775.1737905536881, 773.9682928909131]}}}