{"half_cheetah_attention_no_encoding_sigma_03_seed_4": {"results": {"test_sigma_between_0_05": [334.9904719340339, 1617.182325947352, 1172.5166602252625, 935.1799540806206, 1631.712946860366, 1050.8944028273515, 1631.1999309426983, -1086.5740860922924, -1388.084771995917, 1556.3255353566844, 1601.8769619573948, -1647.879859693347, 1175.1683276254826, 1033.6741745246502, 1786.9006869867494, 1097.0161943019045, 385.9862643524798, 2019.7043251337614, 1655.7474620806809, 205.7462120812838, 815.0227130728923, -1397.227328423442, -928.0703418960308, 665.0875243666285, 607.0398622331405, -496.18527396067014, -1261.769578675067, -52.0434609387521, 1382.8731412441084, 1252.339671764701, -532.7927711486357, 485.83723982137167, -1702.6618341874632, 1132.4991811947816, 1146.439861287558, 1543.9312744594322, -1404.6702849036008, -205.47031331287778, 289.21265741603537, 713.6048433307769, -1605.2968700292245, -515.0422651850262, -1544.4828703214548, 1097.209632435494, 1026.587226358413, 1486.927843574371, -972.830064944565, -1297.7305835501143, -1073.9930199913856, 1148.4102209480964, -1569.4594798609621, 1610.2630409778224, 233.8283625268412, -254.36759655734488, 1709.2191750437369, 1704.9353750275795, 1708.9785958147954, 1443.810292157287, 155.248825287275, -1036.6267628531934, 1287.6561047867567, -1485.8135756782085, 1262.466790637301, 646.1875334093509, 1448.0773269540268, -1317.3246400421058, 93.76276516034905, 925.469423226242, -1679.860156453118, 1735.197573409915, 947.6350609392289, 1145.138991893267, 1631.238335512934, -1580.9827869911646, 1784.5610425849825, 50.13520559085233, 948.1882429671582, 469.1061727239944, -1277.0306836812813, -80.88426466832581, 722.7200199658326, 1681.580763048981, 571.7966857914715, 408.1322831573666, -1177.2240959908495, 975.2482449106311, -716.4846796552777, -903.5014424848716, 1629.5857509186073, -1031.7226069457215, 1089.7375358042157, 1137.5030974458023, 801.958869379671, 710.6351296442497, 1672.5208747404022, 2040.2665895372743, -533.9174377629198, 1736.5473395546496, 1014.0593521237714, 1488.5746606213436], "test_sigma_between_0_03": [1638.294227924042, 1227.1891689050556, 1812.1605439733335, 1854.1188915227808, -981.1440518480981, 1872.4590641982463, 1836.5141492983503, 1497.5519820625857, 1807.5353791042037, 1033.9057129580049, 567.5650848940473, 1871.8086458526243, 1545.8440796056448, 1425.3871231515213, 1436.161836004277, 1260.023234500989, 1619.2168385083248, 1302.3057134768253, 847.7116739468577, 579.795426838502, 1437.1018386945605, 1790.6725228151472, -267.6994879254253, 1358.9569688308575, 1594.4156930234476, 1559.31122329687, 1570.4398624804026, 1542.449478190709, 943.5282605112161, 1318.6504238646319, 1703.0416071738223, 1673.0786934605296, 1165.5106113047216, 1474.73694203617, 1108.3426497596495, 1428.2899174369486, 1538.805470670928, 1528.5928482160884, 1713.81796640688, 1461.3365898187565, 1670.7012799466968, -418.67301208306424, 949.8804895566087, 1350.5627507541092, 1173.9651412525113, 1243.0862217278773, 1386.58389589883, 1999.6774122734116, 1051.1050207264502, 1428.042547681943, 859.5312606631512, 1579.7124282784193, 1438.0346660196342, 1119.4538830609808, 1251.4137678867476, 962.251025601432, 1105.5019218467703, 1508.109420636661, 1285.0352493932153, 1021.4488489781943, 1225.3832365941546, -1759.8728500407854, 1510.7807865191999, 1195.8627054200629, 1502.4158129875307, -726.2889879984739, 1245.83946764828, -1456.903784016196, 1429.4870218822095, 1360.5592920241886, 1734.5488444112964, 1589.8159885559649, 960.9212564399577, 1659.6097427929133, -105.93615915964125, 1775.7908068738218, 1338.5652119185477, 1794.7210867765514, 1577.4276305898184, 216.0338310484489, 1135.642035750277, 1523.4976278345755, 1680.2631011619508, 1561.3136780870316, 1043.884877364711, -226.415865344214, 1340.5354495188983, 1267.3649580322929, -623.6014039411491, 1780.9757069555433, 1498.648958282777, 850.644507061475, 1633.9093442184264, 564.4202724050842, 511.0571051507166, 1128.424252078013, 544.8733958220869, 1654.77485199606, -1054.3893873281468, 1669.2321974600522], "test_sigma_between_0_07": [652.4453734367509, 1153.5572585885163, 756.824758683727, 1685.260080898264, 791.7238400522601, 339.20578040154993, 473.38596036473314, -1434.5171150787542, -1340.1905984122398, -1481.1538736215996, 1938.27124280165, 738.180150098811, -1338.5026822796758, 639.1370050703613, 513.4019432216476, 1028.1535260020853, -1401.1927687055777, 442.961001291145, -1325.6521656640614, 33.49969411650183, 1295.5543415282225, 1211.444240780654, 1566.4080396095296, 492.8906465422988, 1636.5698500463566, 991.6967274787123, 839.4910659372063, 907.8461903225841, -1283.9813954824667, 253.51819491572022, 1674.587457580803, -893.1434507199072, 1081.4754896021507, 553.7536114764946, -669.459379623951, -1241.3932993742826, 1505.8260533338557, -1565.5413531482902, -542.7706932643749, -1114.226124972904, 1193.2770950885515, 572.4862339906689, -446.35185318315456, 458.1642177152463, -934.4541811182612, -1823.8497343763818, 982.4314613352535, -1349.1725845223366, 1316.268166617806, 1155.2086081816851, -771.3086391470825, -677.6385327656654, 778.8428747245821, 632.953223848673, -1267.7047528501612, 1244.1429454784075, 311.27569871838494, -1380.4387244937723, 526.297207541073, 1026.8925231947248, 651.9279048002169, -1439.8375089124065, 604.2901319432054, 597.3092393736616, -1244.2577502366432, 1935.5970749498997, -570.9858543098769, 450.8238404702517, -1552.176455054159, 421.61568274841295, 469.8291434369584, 780.4099219766026, 923.0899974561553, 1858.225258988688, -1515.5978942458416, 1202.8578844493038, -1891.5742652962194, 463.9393429819217, -720.1834062074557, -667.1565701456622, -1547.7030396376701, -956.6221128833539, -1493.0603378843612, 763.345738013423, 831.6743772842115, -222.4746964124547, 613.2148085262281, -1248.89778671876, 543.8799853889235, 1002.837284029618, 1225.540162996528, 416.64115707316716, -927.570085453205, -1487.5935759667805, 1240.90262005809, 1214.995576968906, 636.6039846795273, -1410.9577877596284, -1413.9112738063386, 1707.2171599829408],