{"half_cheetah_convnet_sigma_01_seed_0": {"results": {"test_sigma_between_0_05": [-708.9919053623894, 849.2927307355508, -35.49915927145946, 618.2777129489403, 2094.2057473398613, -80.35694059449156, 2091.8398438060494, 435.7305548933353, -1402.7426772042663, 1038.031772856648, 1641.633415048758, -1205.8385990214613, 1507.1404176997626, 1232.941505345207, 1005.8788219080304, 2201.276034853327, -1126.2806765159562, -904.4586143085571, -162.72881755576657, 1252.343654154083, -820.9500114816502, -1424.9938848352544, -340.4779866841455, -1003.4692308256963, -1550.059512343461, 904.6309838126915, -806.9928527693561, -1157.3109089490106, -924.3315612432365, -1349.826474372228, 195.09137051130818, 212.3295003001346, -396.2662211256712, -1482.5633733536026, -1253.7290378756989, 2117.0206637573892, -1126.4162223336778, 1289.777288701632, -734.7631279651642, 1513.5464660288785, 1773.1574481355656, -890.560320886286, -440.912593116369, 807.0433374987084, -1091.8878684072251, 1702.2484905192746, -1154.8559762127, 142.41702191343347, -1125.1452209963152, 1438.5743345562996, -1208.7870489044742, 2020.8904408917467, 959.5368543131757, -1265.7498472550233, -1289.2498313600524, -20.327834912409568, -1276.4337519996172, -377.2846425673067, 1499.5109778069323, -1370.1690124832958, 1559.9401760163596, -81.29436721455575, 43.15917726791549, 2322.1379854616125, 1973.2484297612273, 1323.5134630610046, 415.8226780867076, -1237.658728968237, 1321.7279746885831, -1239.5095047888442, -272.85746917878583, 1119.2129615935457, 1669.1307017229767, -1018.2195715819576, -1028.527730612755, 1671.6184159482632, 1647.3974291681764, -633.798189556606, -1205.9124621929725, -1365.9188371039936, -374.58087889356716, 2044.0324756005148, 1007.5038229854295, -320.8103847134362, -952.2361265013847, 183.86445206297503, -500.54945543556414, 672.9006408116871, 278.711523626931, -1273.3933211083704, 1626.5589361499758, 1460.3965573461971, 61.65113979448213, 83.92260084797894, -312.67946859388803, 2133.7683305000446, -1612.3754805229817, -816.517761878928, -1168.003071376482, 656.0376414575899], "test_sigma_between_0_03": [2254.44738323743, 1613.8255185765065, 1733.5207561729037, 2406.1071609782584, -214.8401943436739, 8.13825960018868, 308.725617424493, 1847.9689612069178, 2522.239578349369, 2128.2604748966046, 2131.6063524041847, 1113.747411483495, 1784.8830626944628, 1472.6530055258822, 1792.0382801159415, 1868.892298620169, 1235.8160717103847, 2575.0982811344347, 1568.387710192213, 1806.718040289032, 1635.410635772944, 1097.139733062902, -968.0140821867781, 1655.8700990748973, -242.73293685924457, 2010.7271935072024, 2339.28484949536, 1786.5660588444453, 1405.239441934694, 1928.3787572784993, 6.972010168856664, 2158.734859809318, 1457.6938549582997, 1768.5014353634745, 2121.0709990642276, 1709.8559107269268, 1875.2988664127654, 1569.8049947214943, 1858.3830237390519, 1649.593633372651, 2067.585308608409, -1085.0705569954864, -703.5953482745972, 1095.3407733287302, 2140.3277804887643, 1735.7184822586448, 1738.1605642126474, 1866.1158381491027, 1826.888967163343, 1535.5770911061434, -1192.4424826494424, -13.920096910325817, 1894.1136165202438, 1179.9838791665093, 1818.6938732705134, -690.2593607685908, 1749.4315068103144, -717.0543357381925, 1819.6077830839513, 1422.6408080949523, 625.4190434458791, -1171.88010888627, 2007.6497344708973, 1526.6838628818605, 1242.7904275962283, -398.27059071503305, 1708.0309772021117, -1351.1275737974654, 1811.3571389527758, 1603.3847577796128, 2221.933460106921, 1674.009275893181, -1236.3645278406145, 1962.0526120588704, 1305.5864688584227, 1866.5471446035015, 1966.2448143759634, 2346.907556428776, 2087.989967140988, 802.3741764712956, 2209.795634130114, 2146.1618107293057, 1898.5282235389748, 1839.9502487910995, 1983.3759519401092, -289.4952844183285, -165.2872020590965, 1377.309844090931, 82.86827335427236, 1646.7155588337791, -223.47349412980995, 1707.4049298713135, 1734.7730780332045, -1043.7732826831048, 1481.5331136705208, 1385.2413354300315, 1243.6743544361768, -623.8467323967005, -1208.1229039094917, 2640.897004478997], "test_sigma_between_0_07": [-1252.0432877212831, 1797.9996276112713, 927.7611092479558, -938.2446012556053, -1001.5646653124542, -1266.486095193808, -1437.9821920302923, -1094.054820817725, -1387.3851722754582, -1456.000042964839, -1059.0866270245688, -1284.5386856146363, 661.2665568078851, -1315.162933428239, -637.4741414605943, -1170.9160053222745, -1292.8374556152698, 597.7402229919796, -1393.2305560473378, -1225.8483786123277, -764.2937000419241, 1634.8222208915831, -110.07538726251664, -1235.9446524580528, 2514.511097193787, -1248.0142987898487, -1178.4822867430287, 28.05268002885137, -1289.048480627298, -1481.8459538435163, -890.5637312621631, 1026.8881145074758, 1284.218293191819, -1316.4925971483965, -1336.6267295093267, -1538.768196961493, 1700.5594453063434, -1585.6235360485007, -1143.789378350014, 945.8294282796119, 1202.6068395715351, -849.2930622214465, 681.9203592906923, -1204.1303427986445, 85.22412551950704, -2004.2795774985586, -835.3425412725819, -1162.9593171498773, 662.055973005581, -610.8321427786273, -1296.9968791773006, -1845.9256493529342, 47.91822377326703, -745.3793285880832, -994.4658811155424, -833.0423345851787, 212.20757166760734, -489.74798274851645, 1293.2978718289146, -344.9094512669001, -169.9789498908723, -1383.0869671567914, -927.1082396471302, -93.54145307807053, -1472.1559857784043, -1202.1610562337123, -961.9096055817907, 937.6177827413848, -1509.4357593363552, 675.6844277197296, -132.91168991902083, -1125.5780991339325, -1316.7039019594113, 672.8558322379996, 832.6900053546278, 1211.9040186135126, -1122.4428497291608, -1009.015719127911, -1256.0699113271594, -1088.31684825774, -463.7018096338886, -1260.705937802301, -456.67144628252527, -1315.342781257329, 853.1133622627824, -1631.828723825405, 1489.8427087984967, -1246.5288683708275, 685.6914039775515, 1393.8343980775117, 556.764009160029, -618.911250113178, -409.08014112950684, -732.8712047506058, 1352.5261107660695, 1057.8962433050178, -1219.0282673919885, 687.2825918882498, 15.683941197784122, -1351.8046540941366],