{"half_cheetah_simple_sigma_01_seed_4": {"results": {"test_sigma_between_0_05": [1311.2094233716093, 479.4605200623423, 556.0759188077624, 999.5184172032253, 1091.9559784504604, 319.1605060699045, 1893.4097444909085, 274.94932988120723, -1417.2867117980477, 516.7803625022076, 1007.7619064987208, -1800.3215303928762, 1397.3234445374594, 1125.415030043109, 1573.1456708638675, 1720.9667041155067, 187.30482032506384, 1203.3827655371726, 232.94889740154755, 1253.552825967348, 71.86249204144693, -1449.0834911309298, 380.84414952124314, 387.4200934809342, 422.646901544567, 1183.5180064296544, -931.128103964262, -528.4280851883321, -1123.2562314639158, 2.549957160990774, 1473.5726646446344, -1752.310589415614, 974.5530838096382, 744.0291039739919, 746.557765817163, 1892.6245338262606, -1291.0322735550574, -59.77051616530392, 543.6121169739857, 1309.865117346831, 1505.6469347156053, 843.411774202132, -1256.1215213238238, 610.4371955503125, 1132.8712462553551, 1511.6431334648955, 423.2021342113561, -1019.4432207510438, -1362.680232724247, 1312.8382983020492, -887.7030151756413, 2259.9252361712392, 676.3865859835179, 629.8769576127855, 289.56278536723255, -54.45613382430595, -770.0184555083433, 374.50230991512836, 1226.96493153488, -917.6329829376972, 1676.010971659114, 949.514548612583, -314.1811298818253, 1299.2232870063262, 1442.9583660585786, 998.6107867412328, 533.5834497863202, -1752.7091860470653, -1687.4160794273967, 285.608644187523, 84.47002548169988, 915.0005717620161, 863.6838643162055, -945.4503838253775, -171.43789345076948, 565.8956075960457, 1484.2826228184183, 445.4854170462523, -242.45372656078132, 138.90000802344144, 337.54963510842794, 1224.0621944181928, 754.4760554257161, 380.89508058251903, -1436.9079320968872, 517.4198011137186, -106.67206627033441, 1018.1367019237765, 954.4049325803529, -967.9594828230569, 680.766019533932, 1366.467389931188, 295.14318598799287, 952.6862249755218, -194.930890099125, 1440.408668627888, 297.00103707774406, 1596.9503281636132, 1528.7131577425455, 764.0686413297298], "test_sigma_between_0_03": [1654.2099033257105, 1917.0531172685419, 2157.8718234391663, 1466.019158722651, 451.1941146904286, 469.36122191202446, 203.4881527701458, 1399.3078090589715, 1856.5825275481789, 2034.7280208422894, 1382.213732660389, 721.6212511061412, 1733.1037502903973, 1864.7184590726108, 1618.7970954929206, 1983.2321368066905, 1130.378550341525, 2192.103172919334, 1438.9589348113827, 596.2672465072452, 1884.0146038709913, 1364.3629214333873, 296.4962066083582, 1047.2419623729697, 1032.9356511000403, 1984.4663152256326, 1660.4904107169605, 2119.0092555541155, 1671.9732055842042, 1315.2962869514884, 1266.7485450078198, 1785.2110051782852, 1671.9198871074818, 1587.8755829395093, 893.0935894286312, 2115.0632901966483, 1782.4998982325455, 1765.7316657862686, 2132.3625493798904, 368.418682870921, 770.1306203230162, -445.3563107099967, -34.441524300594715, 849.6540149742655, 1502.823571911237, 1576.3405199247982, 186.6011653188702, 1953.5088554961717, 2080.378766322348, 1165.2512169428223, 816.6651617184934, 583.4029529595617, 1372.9346277664047, 1483.4324710305625, 1679.9283708900273, 800.8762162778022, 1654.5341141639753, 1042.3259405887443, 1885.8282714132622, 1287.7616144503695, 894.5070373904701, -1691.9003955571077, 1097.1258274629004, 1614.3621583797487, 1874.3496934514399, 360.1644534336848, 1781.3570931020854, 491.0293109863168, 719.1696180282631, 1489.1973029479905, 1577.9769237600483, 1677.5104757531753, 610.8591045739599, 2015.323190316708, 1556.3252767590461, 1570.0226955096462, 2062.1549965256713, 1983.1764746195029, 1199.6488038608422, 1583.7511421462734, 1278.0201203025351, 1909.0720563432883, 1585.13449108573, 1882.357327008882, 1756.5250590871465, 945.0356389839964, 1093.6278899466897, 1662.2365379742291, 68.21014041885765, 1007.8419821816956, 471.2457175313841, 1937.9516368012924, 1357.5083416251482, -1068.4380597648453, 697.364333921444, 1661.2156725378597, 1372.586914372961, 193.45609072875072, -595.7277723123301, 1736.3098212306375], "test_sigma_between_0_07": [-412.9293778791346, 1270.4585129674567, -1804.567919605244, 388.2300601027496, -487.6367599327277, 262.19064299226187, -175.187036494393, -1547.76322770455, -1259.7422544007918, -1411.4679695377956, 583.6461705472101, 424.7075652331227, 566.7187717753791, 125.64640317810566, 573.8409194920558, -1046.712177623034, -1205.1635242216666, 411.7299164667993, -534.6777235774837, -1299.16989325637, 1369.8568700995688, 1733.9559554845885, 300.38390236307697, 642.4275070145837, 1672.2686038951651, -786.0386244234276, -43.534946974636114, -767.7791254299046, -1705.4327457365152, 374.459713340344, -1338.5920082121152, -1329.0028795447201, 1594.4932687468508, -147.9997429627168, 41.44117886641491, -755.8839334178151, 1357.648423775929, -1842.2391551652418, -604.4321578879302, -1170.7592002444603, 479.88127942295876, -758.6204656316853, 22.14857653641208, 652.1447290888058, -1711.463114673191, -1653.9134219417228, -783.9777254078464, -642.2028694933532, -575.5293639424882, -403.0999865639097, -1264.8007015689686, -1831.7242516902184, 528.8717067301901, -1396.0455911388221, -487.7376449034746, 506.46192783172074, 678.103127188441, -420.50732438272934, 825.1053012162727, 300.4095739247468, 220.1072441545517, -658.1206715873602, 571.541648878229, 33.00862917356288, -1385.9559362870077, 317.1509005888076, -1177.9868721950247, 1043.2584917455931, 235.51435400939505, 552.9581308742281, 410.6504725952339, -7.8157383955811275, 213.14352413451698, 395.8596146659402, 747.9263110304154, 1729.5280213077374, -1248.617477456218, 40.551803019942604, -379.62176085589283, 79.26091088856143, 494.0579600795784, -1367.5752924232647, 26.983051592665753, 509.2113318084723, 1582.9110966328653, 140.60059982852957, 257.25688000974907, 206.67784147971264, 679.7125034330618, 241.7895935428482, -157.78488403708766, 1343.1071042489743, -647.4774917881601, -1560.9551741914338, 1181.4252667694939, 1470.7354693512088, -219.4413504933794, 1319.2479202336845, 1218.7540921820857, 978.8246669392511],