{"half_cheetah_encoding_sigma_01_seed_2": {"results": {"test_sigma_between_0_05": [763.4772471006836, 723.3086429996013, -1369.5608823271616, 1047.1114413369303, 1068.6141001298408, -817.8411363892901, 480.40186165207393, 501.8885775805115, -1279.2280797219228, 592.8733855302006, 918.0924298620212, -154.4451737351327, 490.5485955242993, 191.55656640264056, 1356.2916857446903, 1533.5111324475622, 411.9082393368444, -68.79820963665253, 949.2910193197928, 559.8908035251654, 607.7082309972695, -721.0392814923356, -251.6993211521305, 382.8231559791963, 167.88649799671995, 949.0105722451286, 691.2773124718777, -382.2190722956525, -1441.552600451951, 274.8781021616945, 3.025414131590442, -840.9121658575122, -982.3439388854018, 134.5196443924665, 258.12560038544484, 1369.0687706758633, -361.23776574551425, 941.008912224797, 903.9462422050448, 641.7533318746612, 1026.6181687292947, -1218.6769825534004, -1426.3328991379158, 959.8830211925266, 360.1274146670183, 1200.0915443463414, -1396.7951104394367, -459.48186586014, -1173.9723268719267, -1076.6191100419212, -273.41449593832647, 380.16731788224723, 382.9640528363396, -1456.6071733903655, -312.17290433820017, 338.12790030278404, 521.4265452763635, -18.637711323230153, 769.0501043861996, -1398.203210257335, 244.87082197339637, -135.04826396931193, -566.9962706225095, 1481.2912479575339, 2006.110393328173, 463.84251053273584, 125.98820369092294, -1584.2990596237466, 488.2873140643796, 344.59944395481733, 404.477086961041, 58.748479270811345, 1094.1683800951046, -321.9932867622743, 564.5155066955895, 966.7588859993571, 376.9120060951278, 331.2694616911354, -764.057003964057, -157.37428023890666, -791.6010863422855, 1049.414779422033, 1635.3895265581077, 308.39648093873956, -931.780069701501, 257.13437555239227, 662.7393432967648, 64.55569710871079, 300.34592191344495, 1022.2474572762384, 500.4968766431759, 355.2352700995775, -8.393358155105707, -1141.1688758033215, 842.3602353196518, 1490.4220716230152, -92.46865553388776, 1101.2987307948442, 1011.6678971717421, -1422.650598286029], "test_sigma_between_0_03": [974.0748214615818, 550.1869983859029, 1264.9219932449646, 1926.2711559893332, -897.4504467142104, 983.2306034565304, 1358.9632343421722, 1896.8681791510942, 2479.777912275958, 2239.4075287523797, 1351.257708134743, 1283.8136430619215, 767.3883338147467, 400.90734052679494, 1372.3178229532507, 897.6605988744429, 1406.1780158893177, 2545.229405443208, 500.6422162181269, 1230.3460750894722, 655.5987098621904, 1658.8067738400046, -440.4045649244845, 929.6906340109288, -256.1390618388453, 1052.8073102298997, 1315.0780543680664, 1049.9642303931244, 340.9760580973015, 1447.4918177595107, 1232.5483651001446, 1702.684327271352, 344.42189305038187, 1495.3448392261369, 1155.536614876788, 1125.2015066218955, 645.3497870269136, 915.6596187734922, 1549.7949567399914, 962.1581923388597, 1322.332121438346, 571.3757416523306, 782.4768659796521, 315.52498320256296, 988.3681833695168, 631.946202007395, 495.34044266504645, 1133.050467763984, 1057.3289856706936, 1119.8969812943092, -20.468087407661358, 1076.0917112986351, 1017.0419832678931, 112.17479917180313, 1935.4900652835622, 986.3560274800587, 1088.9889864151419, 139.4070941481694, 521.6834418468482, 473.8617597348775, 870.4111731336978, 485.83181304933834, 357.5115607569355, 771.3592550015785, 1168.6190536295612, 1023.7357097368845, 971.6866773066013, -619.1292961309895, 619.3898797415566, 585.2068847919838, 1840.0866970017971, 1469.5518286048823, 402.22058514605334, -845.2189697052728, 764.9979770300326, 755.6043935730098, 520.8560541282235, 1705.7291626674953, 1458.054802869152, 1204.9675247842235, 424.0409803832155, 1885.8307295890093, 1772.8134658940187, 1110.4087186339752, 2132.986984819614, -507.56413640673424, -302.2177273053092, 500.76245254764626, -365.05166556043656, 1202.2251924686425, 1167.40918450574, 401.08897189599116, 858.8129847934695, -1021.8276564243032, 1182.9144495038652, 468.37361420790853, 772.8935163527908, 508.4786829051167, -647.7005544374898, 2606.244671305901], "test_sigma_between_0_07": [-20.983871425382453, 385.5662147808549, 43.489287684973206, 560.6461481810253, -517.6833231809762, 19.34282611712411, -1309.681147825818, -1331.0414830578966, -1533.8759667357692, -1662.8179341653072, 114.86255183916508, 461.470639769446, -1409.8667865159514, 220.54940734681247, -1404.8521553651751, -1282.5241719586245, -1204.5983883761808, 470.6984417787281, -755.5002858787847, -1437.6335296569766, 548.3119614720371, 521.0325274320023, -1239.6193015531744, -121.95215385310425, -546.0086911568591, 266.4386988496073, -1141.2493887393882, -754.0691057122889, -1331.8848672296117, 236.989370596249, 266.00388501945173, 568.0265558582151, 290.152830280825, -1306.174034588068, 421.1081006788419, -1585.1712872488743, 876.8070754018586, -1358.8299978669174, 214.73553872716047, 451.88682867455594, 391.333787457176, -1338.1949921697324, 492.6515387728956, -58.82870459532418, -846.2635862514627, -2274.9985173318314, 866.1897076592239, -909.4552652385419, -1226.9010558241664, -105.82464440831096, -1456.566824239785, -2058.752361251991, 403.69818612800066, -658.5263549061787, -498.45359669149997, -608.1071864856169, -1229.7887626851918, 24.691902564366956, 426.05686627344716, -1272.0580522742744, 508.6438619605835, -1386.6884322407666, -1431.5147653082965, 248.23829642206994, 306.1321293072178, 967.1918815375956, -1354.520164666743, 728.6273483835964, -878.4466257975074, -311.31916333886574, -173.92380653667954, -110.89731175497718, -746.1272989570423, 197.97143859722428, -1598.24793964199, 562.5178385887663, -235.24778693509728, 64.32994292074164, -660.3244437981757, -259.6908966051241, -430.35167904654605, -1515.3151519345106, -803.9720360282533, -828.0937024820231, -136.610763295983, -691.1382163735252, 774.2335346160122, -444.393261482455, -887.8204397304843, 821.4171402634558, 405.406854836716, -1280.4464012407373, 329.6182389587861, -1547.3136873431297, 318.1891315592729, 466.4928547854028, 522.9216070416028, 335.98759952011886, 32.48056675144901, -742.5296852163223],