{"half_cheetah_simple_sigma_03_seed_3": {"results": {"test_sigma_between_0_05": [652.1810967018793, 1443.8041317494867, 299.121654117042, 807.0292694871558, 1419.0289632904944, 486.8555812504074, 1738.5582142349374, 798.4553842082045, -426.00601367290807, 1275.7209917738185, 1355.6193635167926, -1097.56496935756, 1382.6119604989299, 1169.9898630637674, 1349.0219561712856, 1664.6893722735285, 612.4300786967885, 1435.416699637169, 1095.1423011644665, 1245.5898414593564, 625.4774572363473, -1079.1268671282912, 1194.6044936844778, 1032.1919584236466, 1127.9040500685796, 659.9691134605719, -1301.9684614962796, -1175.375701141115, 42.1419692255644, 406.7266331077756, 1563.879804324641, 542.7152850948513, -941.5357706209267, 1037.0181842079735, 1174.865994715537, 1742.6153240091908, -159.28137195576127, 691.0244985780373, 1382.444538888526, 1639.8939323524871, 1708.7031877575375, 991.0546886724856, -864.6554136168699, 861.7809353416043, 1426.5272141428609, 1664.1854081928348, 792.7896443699404, 1173.003603804248, -53.0545759881527, 1358.192677090765, -1075.7955795375535, 1723.1015736726085, 1073.6800941297322, 963.4564479654103, -68.1945371286362, 1351.4024640420207, 1064.9754927966148, 882.8026505889057, 970.3147239952916, -1090.1438589460238, 1537.0371152409036, 1320.0253732134486, 762.3076749994867, 1474.4172772792724, 1437.5802830280857, 1258.1838517288875, 741.2278655734656, 975.838080718532, -891.140827176468, 746.4252324456212, 732.4819662356861, 1097.7931320967393, 1524.76291463107, -1175.6915486174914, 935.4983456731078, 1238.4500663377048, 1548.81834146519, 569.2723812889003, 536.6921307193016, 563.9671033165071, 587.3233492690589, 1508.7077219191196, 1334.489143091374, 572.5797770247832, -1094.2213928008882, 842.2612416258067, -1223.4592621285722, 893.1682512472461, 1381.9231407140444, 51.177751771156764, 1423.263232179846, 1240.0545016372835, 468.5863937862362, 554.8698659585818, 456.0839179956136, 1674.1358666626197, 533.925659781642, 703.4908429966575, 1328.0998560422959, 1323.3324678690758], "test_sigma_between_0_03": [1602.6460274715, 1498.9787075070658, 1298.145590890345, 1762.4907397519303, 1131.8209194070812, 1380.1086006069434, 1430.1145162070243, 1347.714923711203, 1514.1016758986636, 1278.2382439554726, 1267.9746126435728, 1581.1665650272987, 1358.4475432286383, 1242.013612438028, 915.0441226665815, 1544.9144822542546, 1356.1005322084825, 1677.5791683602022, 1531.8912648502671, 1329.949225077052, 1700.3208359344485, 1320.477542370941, 197.28969117714595, 1205.66294946323, 1463.664266088284, 1593.5911401292824, 1630.3620011871008, 1463.8769578219599, 1252.6074695128973, 1592.2296251268983, 1040.3495896042093, 1360.5073908364636, 1270.1926812666436, 1660.2657385185328, 1225.202575285773, 1728.6370704336616, 1369.678276741011, 1395.157876440965, 1485.0660684823392, 1155.281481597121, 1308.22041802394, 530.3916804583858, 712.0805753517898, 1327.0754664401115, 1650.0948002233881, 1449.328611346391, 1264.5616619782459, 1366.810851720797, 1194.6979190155637, 1049.4207397510074, 1140.0851552414667, 838.2821033052309, 1339.2504653534088, 1251.1190147028315, 1399.1280088763106, 1004.6226727071252, 1127.9684633375714, 1375.304558109697, 1532.9993937073418, 1391.7373828387833, 1357.622662588211, 1033.2295920743159, 1610.23405983292, 1395.0278821144523, 1326.4963207362061, 710.3961970818116, 1676.9407343855096, 910.6201883059703, 1408.8086122228806, 1443.373753301448, 1515.5395173518039, 1392.7891123438403, 1578.0904554957333, 1728.180659528448, 764.1256069621461, 1448.346234711969, 1590.012021640501, 1470.8617907769979, 1492.7841323170678, 996.1295213594175, 1386.751026022838, 1269.323446566198, 1466.329428237107, 1304.2268153073867, 1527.588318121414, 490.37673479842533, 1406.1850824347848, 1562.1152609365229, 294.1226152219622, 1312.2443445834413, 1042.2342974423016, 1472.5083794980333, 1460.1900718834108, 449.730261114168, 1372.9202412271798, 1595.2868790323835, 907.7948927310812, 1406.8245032816446, 122.67281286620701, 1546.0600214338065], "test_sigma_between_0_07": [1113.9914290103688, 1604.5861263163904, -1490.2208149999158, 1511.9466963597308, -978.6706932157898, 570.7734664374644, 586.8576700213454, -1221.8416894844454, -1474.1232387546925, -44.08720865779043, 1399.1704559079271, 1310.0810563799023, 57.72921076211637, 964.3110998874961, -870.3569063838333, 785.2724612273668, -1015.6485286239393, 737.8850812739262, -1171.80207656386, -841.2058263217025, 1307.9704702669562, 1279.1504443605206, -454.9760058234055, 779.8574961541638, 1865.2504511867637, -323.3056215417862, 631.6685855893181, -1024.1533082500753, -1498.9820752099595, 920.4163319525475, 1051.2087956616583, 907.0653037609411, 1298.4755712897258, 506.4306672685536, -1192.2644968489967, -400.48177499197647, 1582.2191108839693, -1355.9995938868115, -1450.709888974744, 1012.0780325680054, 1259.6541497860096, 656.4356189893338, -386.2044535087174, -917.3758139561535, 497.47033954536454, -1183.979457731475, 988.0323836062645, -707.2333705202196, 1005.1488485615371, 134.1471043694009, -1240.1278546418375, -1554.815484085387, 1279.8275131140097, 585.7796746342887, 358.2160186218767, 353.80587290940616, 1313.6672513151336, -795.0154961996809, 779.2078298791182, -435.53736829023967, -600.9268497380742, -982.7931160061748, 685.9764180428358, 635.7837406999552, 691.7410494474385, 1268.2477347904196, -1474.7196080202827, 1080.5468833196653, 799.5103470357842, 623.1510396020017, 598.9836827801345, 723.1306837270886, -30.342598831682626, 1400.4157865914901, -1314.4435702679891, 1679.8687222907392, -1214.5076817590818, 642.1720060337883, 160.91365464874107, -1225.9040082451502, 1176.8203075653985, -1419.8401728576491, 1045.250638484832, 996.8676112447899, 1036.1414588783653, 636.8162155535039, -1145.5682822854478, 639.6032827302017, 896.3506135010662, 1490.541304483937, 1195.74938289483, 771.5320835860779, -905.1702830576263, -1024.6496214301158, 1611.069176567446, 982.0671577575633, -1017.0969059448978, 1017.57585520288, 154.48203329869125, 919.8942271604146],