{"half_cheetah_simple_sigma_03_seed_0": {"results": {"test_sigma_between_0_05": [661.954435128529, 1566.9889538168045, 219.43390164046008, 1364.693175065977, 1559.2929892926136, 991.3464942453628, 1707.3313933687166, 366.43729193899617, -496.4158046022269, 2243.3555474497693, 1430.5048076510543, -1775.729828073234, 1037.0902711350086, 508.36524333247075, 1573.8998738538594, 1478.8593974037778, 1178.1251346921883, 1750.4040671511268, 1211.7091173349825, 1135.242651602096, 484.3015678443417, -1616.1547689895465, 1394.6248053472752, 1665.6941280764354, 270.8970187767467, 707.8948469594486, -738.2621322314756, 624.8928142785329, -1212.3861029153195, 894.0219995531027, 1608.8591917173305, -624.6356581949739, -1668.90948862038, 1588.7074304005196, 1733.089764792291, 1927.4541408212535, -1145.3973631029635, 1037.737827997422, 1497.4732322839302, 686.7692383765308, 1922.2792151846324, -116.38698474608687, 16.980037413256643, 1809.2201113957078, 1042.4578787651767, 2081.7604941245063, 453.1345838080927, -371.87095302908233, 13.383164648484579, 1889.8031879778398, -1209.663565664498, 1937.1972271313364, 1328.1313299215633, 545.4464355493819, -628.267330944206, 1201.9026501713734, 1573.8976470562777, 561.9082532809505, 1706.5789681915137, 246.58194724032361, 1552.5530270487116, 1791.8308123962736, 131.9407986648187, 1678.8239706331005, 1789.2060406419776, 619.0897507592169, 1006.2200363057901, 625.9719884454911, 1378.5557082601488, 1397.3417697324955, 1032.5327457305552, 1606.883477091048, 1430.4603388080664, 306.0849290301499, 1602.5813058447038, 910.3147505027971, 978.0868310341391, 1308.503935311779, -1336.0296808737507, 1097.564471220759, 798.692727361286, 1692.8911718758902, 628.0270232488674, 946.9065409619626, 361.92999537057284, 953.454780275756, -746.6497391959732, 1249.5715159725135, 1944.779229376206, -99.19508219909612, 1945.4406257145044, 967.5275877986876, 1422.395912606279, 1416.9240804960705, 1337.040071758355, 2054.269035635847, 338.21699341303196, 1795.133986340446, 1652.3316619943273, 1414.645183345993], "test_sigma_between_0_03": [1867.666796630547, 1198.883095934717, 1732.663986192078, 2023.9443442316017, 999.0415762411127, 1843.8102276639877, 1909.5305993599998, 1988.9241808655756, 1726.5306804074423, 1955.5961900549776, 1946.1819672461338, 2025.4382326608868, 1519.5264102216954, 598.9743452133176, 1908.7436400642391, 803.350626302832, 1956.5355539001303, 1953.9931638386595, 605.5011777605586, 1678.8698918418918, 1755.8500897403437, 1879.7462383602299, 550.0348282907115, 2105.9029372186856, 1305.7823445600015, 1684.300691305811, 1891.5523425994916, 1058.261456550671, 1499.3774093802513, 1539.4191256420731, 1990.5980589116846, 1767.6956483839526, 1539.671867882879, 2104.5105463314612, 1406.3625857405088, 1514.4579955369802, 1737.2366673145852, 1454.1255090633008, 1725.0174592660514, 1377.1635825779179, 1477.0645406577946, 622.635063697659, 1722.7413035439456, 2083.7055660566857, 1756.0850145946144, 1314.69739092089, 1401.3634459823807, 1677.2752411154368, 1145.5761814058183, 2054.487913009987, 1878.9231897648083, 1803.1718626389033, 1790.1043905450354, 1654.9332043134411, 1422.2527933841254, 1523.0664404162146, 1429.3759126237194, 1874.856077962166, 1694.2225929407239, 1093.718022219935, 1745.2067679422134, 650.4853937746229, 1986.8058405504876, 454.7966441079237, 1796.86400971599, 952.6816180193631, 1597.0023584362912, 1525.2779099384672, 1486.382534602405, 1842.7378756593616, 1822.7879968686218, 2152.930821684029, 1196.37976603926, 1788.2769292867692, 614.7537733465456, 1790.6784817439213, 1721.2708811055963, 1823.7647278865186, 1737.8681746492816, 1480.960341073303, 1988.9217233799968, 1587.680823007627, 1875.2497409649973, 1599.4573671495814, 1811.7126747753198, 923.7271066957532, 1786.280374954645, 1693.887382735421, 1267.5537137680803, 2084.998314840166, 1410.219101351486, 1236.0501896482215, 1434.4731182981686, 1054.8887944391267, 1921.579505115169, 1528.6876476479133, 1139.7699290664068, 2012.9898751242463, 299.88666394084714, 1924.2946053331732], "test_sigma_between_0_07": [1387.629411121368, 1602.7351724011428, -1694.7272729453855, 1694.6449426861134, -1616.0575383410005, 785.4312257276847, -1467.1637639876787, -1201.6580730718592, -1294.4734297659074, -784.5111934031135, 835.3314537275992, 667.3586057466019, 616.9196428304627, -1079.2378500746058, -1354.5627780512239, -1147.988114227658, -226.8793626352518, 669.0481927679397, 237.49692055699265, -97.43735698886893, 1856.0284237665553, 1326.8366250698853, 374.21264747737285, -1339.805100096498, 2096.2833071380624, 161.1856148084393, 1050.80141250766, -95.60001450741959, -553.5257509698754, -896.606846128616, 1377.0563683848598, 614.3835072951608, 1302.5811639803023, 1208.5449240491962, -330.4352661666769, -1568.0637577318823, 1812.5990374032124, -1591.519380511928, -318.9046981968364, 675.08332129956, 1012.8223855754284, -4.190139130754714, 715.6589145544123, 332.89628118977396, 44.60576098314934, -559.5987786586969, 873.652403922027, -1488.1759550914667, 1324.8732968035313, -154.61658378435206, -695.4908271585942, -1770.0506840103808, 752.812724378708, -238.9864455557419, 242.2769199837332, 1640.4369185215146, 1300.745566672622, 299.94909281839045, 525.0403063100175, 410.7510955251803, -113.34227977105904, -1262.8541108042796, 412.2111738205147, 223.515206828319, 498.7736456328053, 1764.9370999682349, -491.4597387254593, 637.2139423796824, 1282.9845991179297, 869.3483461248708, 1505.8623574519497, 1040.8189405685323, 1521.192273998117, 2029.1214524498237, -202.6240646924855, 1867.3421792053682, -1332.9647234469242, -520.9423945072506, 816.7833921022718, -519.2212544346982, 1347.0500221465363, -315.6969954124468, 1471.0158555937319, 1376.1769887677963, 928.6502909035443, 23.6356814014013, 632.7928824865162, -79.14035111794043, 661.8078888538123, 1365.8077625647365, 1536.7741441306125, 1670.7846599127329, 12.773194823268547, 521.9241120344312, 1223.34925031982, 581.011040126017, 1075.5460371889162, 1256.7598226426196, 185.22293080295344, 1404.493517978673],