{"half_cheetah_convnet_sigma_03_seed_4": {"results": {"test_sigma_between_0_05": [551.9127676821137, 1576.087641643941, -1241.2494624915505, 1113.445208079347, 1885.2806371389481, 1554.6665970773604, 1619.460945086591, 754.2650997966796, -549.7999924127188, 2119.1218441116707, 1886.7907567981458, -1756.994815834412, 448.9842097176352, 1190.5244194206105, 2074.0358694195816, 1394.089311548133, 760.2893202104613, 2213.434583019429, 1600.913449512341, 768.2268248867988, 497.2462779537264, 257.3285120708211, 1764.9990810197, 1085.5010548782927, 1249.5168173543127, 725.6422885741372, 326.17074667206634, 1590.8938478795694, 1400.3893319381848, 1555.4413572709325, 2241.3109323394415, -278.9365978730957, 1402.5759620796136, 1939.9013673709044, 2008.239171019882, 2009.0116798508536, 790.0782345390044, 520.6900066752492, 947.292079554891, 1198.4439976464625, 2413.03099972593, 610.0283776824197, 1595.722072228134, 1469.8560388773308, 1086.1126035866741, 1947.262758959196, 670.07614577485, 1318.4933212547348, -877.3740757259404, 1838.2315175349302, 552.3153191342766, 1510.109024700873, 1518.7201172567784, 596.8385125397836, 1101.5197852863555, 1357.19665786491, 2063.941713849529, 1650.6953326871123, 1795.6966093912743, -809.568270249859, 1195.1803229035625, 2154.466714856068, 1051.8300503711926, 1136.548693605849, 1147.7524655788282, 717.0527213490088, 678.6073288879218, 1107.4029585724918, -1659.7135106203577, 1549.38462981572, 1153.3355734657891, 1177.3772596564338, 2253.5975626179375, 404.6858359912701, 1750.011130846736, 1105.9090816256933, 1304.1517925599708, 346.4647344909913, 992.0358247715678, 593.8135170973349, 1189.218099639685, 1914.3581847544538, 1023.8050450939695, 577.491856311864, -1095.663792542213, 1302.4620581229697, 120.75335014756247, 1176.241542546132, 2230.390419207804, 356.36897617861104, 1795.971604547281, 1140.9265327347498, 1349.5286508371573, 201.44008155954202, 1386.522329193081, 1921.7629704808553, 359.2113229327717, 1764.782717751738, 1957.5191952344976, 2233.6231553620755], "test_sigma_between_0_03": [1649.5775109958345, 1292.912744702638, 1438.6831715091157, 2101.200020179733, 1619.5413838610166, 2015.2865084156565, 2144.685387910353, 1771.9227811553121, 1515.7910061580462, 1495.4153454358081, 1625.1552672202556, 2096.496806240782, 1291.059583103851, 981.4977301136304, 1919.8657481046503, 1164.8563553545252, 1970.9712838784696, 2143.1400786561107, 1009.181725798805, 1360.8424010729686, 1478.1995949248571, 1791.6373081660681, 631.608096950957, 2300.5334738837632, 2032.7283508514427, 1542.0148030769708, 2041.148659908618, 1236.1207326112994, 1343.0163963910156, 1486.585139990735, 1716.6304384159725, 1351.8370812681728, 1115.272346212456, 1967.453074971606, 1651.0201103440781, 1562.9157324518458, 1322.0440758071131, 1250.9908139007323, 1414.1433711090606, 1613.0268961710592, 1563.0885429631298, 522.394751076031, 858.8161492130534, 1981.5796509877857, 1616.0767648925269, 1125.8745588613006, 1529.453128595325, 1503.4534570221083, 1127.1318840304173, 1802.6130576422784, 2039.8610569523369, 1489.1979565911417, 1469.7954607671954, 1359.3568985111094, 1438.1145879474634, 1297.9326274525824, 1344.6961446798407, 1650.3518171875985, 1397.8167550668043, 1024.4535583781285, 1553.3802866620829, -1675.5523618081454, 2023.7317545070318, 1362.4825332623475, 1696.2098643090123, 659.0710261541343, 1352.3524191722486, 1721.9530140698166, 1694.5096183180833, 2090.5989098414884, 1577.9659421764547, 2272.281814304031, 1208.2687974297269, 1517.246090955045, 1094.8633390925452, 1539.191477013533, 1480.234612993273, 2234.1608035840613, 1828.5068881547043, 1096.246926850749, 1850.7837577707935, 1414.489492141334, 1839.9876187897228, 1473.4422777054733, 1976.7536168393644, 1095.5826508441432, 2081.9897727715334, 1190.8931667265172, 1182.125985197215, 2130.8607209728966, 1312.595281473947, 1323.138576375317, 1916.3318230006362, 576.401900098533, 1168.5734840006476, 1212.189162914591, 1243.3081958388614, 2103.4817959552893, 625.3396195938063, 1964.7716302357885], "test_sigma_between_0_07": [1356.9275613222976, 1276.2822950068357, -1706.0940678218512, 2570.834798673868, -1444.197136311273, 1340.5924074412565, -41.40822247046115, -1292.9271616665753, -1331.7070215654783, 392.74833144896434, 1942.9109640345466, 1015.6208264103707, -1461.8366939198208, 916.3924660434714, -802.7078564463951, 1863.640802984459, 489.57413770680364, 580.175338497352, -1158.5693651348968, 149.81966775651196, 2134.7368813376697, 1119.2948349099806, -90.15736116126641, -62.1253957218563, 2290.930202233214, 847.8478076021376, 217.10310355976975, 294.1565738901829, -538.2563075006801, 922.1370198005653, 1989.9251975424438, 531.3500777908562, 748.6616818379316, 707.5321966548944, 389.70934477889546, -757.8333396247363, 2050.5218698480803, -1891.8613658580196, -56.16877387189746, 56.07286023311288, 1190.365576091377, -197.72140247371885, 767.5268041965099, 1589.6592183988014, 128.6947968322143, -884.0960926547803, 1007.4022177125274, -1436.7610375977324, 1655.3063581930633, 89.01633715719932, 243.98273968281427, 1605.1054798832922, 1304.225737269801, -618.9855906440869, -576.7382372948513, 705.2574948226127, 1558.9861633664168, -224.00060371515383, 916.0959554343713, -69.35833842839119, 726.5634610652517, -1234.4399480639167, 750.1672640846012, 1867.8495084996298, 45.61763598431126, 1756.820092622247, -659.3761903534592, 998.7648092706755, 1487.533474131731, 723.5914499489962, 1889.058589109968, 1363.370244708403, 2001.28454372346, 2314.2703219849445, 437.51602097006133, 1455.6694632441777, -1206.3987371553321, 354.45496448065103, 646.8545638805152, 553.2463777482942, 1807.6968007569237, 210.87380918886345, 1536.6046651520855, 1422.1153646596608, 318.3089590672325, 170.85208349878948, 858.6823843843164, 625.6652857628028, 956.0077754431151, 1216.8035149794805, 1313.8773290869196, 1260.017954879005, -668.4181078067704, -1171.4751801976709, 1447.6966115558255, 1181.787886876534, 765.7492881680711, 513.503660462977, 57.17198452525657, 2040.744369306206],