{"half_cheetah_simple_sigma_05_seed_4": {"results": {"test_sigma_between_0_05": [674.3952434285229, 575.4972498232528, 374.42013890786586, 670.389832188941, 640.581743588483, 671.8169285146511, 725.2084044014157, 674.1085607969973, 505.2782323651498, 589.1473958121959, 722.4152843171672, -574.5889043378822, 575.1041741813124, 435.90547065736473, 581.0902159010883, 512.215765715399, 549.3242329430215, 226.08615116879346, 561.4066869176645, 576.3798943136107, 683.5255500689893, 757.7595211414704, 634.2727464935992, 539.9146558411938, 597.4734524780441, 626.6490636944203, 649.9792312551472, 548.5954563308629, 685.7215231660596, 520.6384468239377, 669.9418160472086, 627.2108461551337, -715.1479400715066, 658.3219526147735, 662.3679394705001, 671.4717841369068, 675.8625933287386, 597.7526488661717, 567.3418059523271, 570.4786751527265, 582.2933243145299, 583.7606622512558, 685.1973685818787, 655.0385224825394, 667.4664550645924, 500.2280239840214, 679.575437771578, 666.0896857133306, 224.20738109828088, 464.4890014253569, 594.1687027921655, 745.9087359903959, 593.7246411031904, 684.001143106999, 216.89324405944492, 598.922890013901, 588.6177675609779, 672.3096688165236, 664.9417107243415, 84.87829100970288, 510.31742295878024, 645.8452399718071, 658.7358380916205, 669.3710383925254, 573.466879501671, 730.2155060912611, 404.09032834259426, -1528.1275286217726, 435.2150943113884, 675.5698214173517, 547.6665015621804, 564.4221103428666, 584.6814846834316, 614.0833524748683, 570.0772143600549, 573.9203973925672, 683.8587241521338, 547.9701646521218, 690.6635263499325, 489.148628226077, 562.1465079097196, 663.8798944760092, 586.0167229373924, 508.9512229476401, 530.1102948902095, 663.6553956399293, 654.4100251322167, 482.03441073369885, 666.3787290638785, 656.417641901731, 544.8304956701008, 679.4882687490139, 569.9901939388974, 373.0682670637768, 747.500895282859, 218.15016140679376, 548.5319943173072, 591.1079901795072, 703.6324157523413, 545.3524264543825], "test_sigma_between_0_03": [583.3094230669903, 674.7947830822118, 680.3410397029752, 578.5847423963796, 679.0987539222006, 572.5490164913117, 676.212921798757, 580.0242272810494, 671.7488081492955, 556.6104497197526, 479.05658869895103, 612.1251542117208, 672.9799723190168, 674.7162499478177, 564.3200168382244, 744.7745306392619, 666.1399800593093, 593.8271148959534, 687.6678755272774, 566.6985679696847, 576.0060086785455, -748.6033850124394, 530.0591208870397, 565.0488554226209, 663.7943918125967, 748.7769007954389, 666.1029017813247, 735.0017597610296, 676.0603538534476, 692.9886216710986, 661.9585475188615, 685.380162914847, 504.3174126613376, 670.2618518765521, 661.8203652762446, 677.4693454898804, 661.3867210410331, 624.8314187123756, 608.2352995470102, 670.8275295004287, 569.8852728154087, 619.8228752642045, 671.4857598592839, 614.5232140485814, 684.6739112214015, 727.647314412759, 668.7474609367118, 732.9671392389473, 568.7281024731934, 663.7837615831771, 635.5616778367236, 602.9439738424013, 637.9246654332924, 563.6879664323515, 676.6578937055423, 663.0262514881442, 329.9178557616835, 517.3097211297578, 754.8879557132129, 685.7161142571539, 594.53872808924, 260.194003165132, 656.9364931664493, 726.7720284041576, 678.6113501513564, 653.9746180853377, 583.3888191143229, 508.0343825287651, 579.0476857830505, 639.7571354733445, 686.3078751899152, 567.1048808401517, 428.93407238156914, 578.8018149657771, 562.8048765245773, 528.0764084281036, 554.1464984841454, 647.889322350128, 572.0223998024028, 585.6025318632145, 635.9868579508096, 532.3682072384396, 564.8395308342137, 666.3966911253109, 657.4996003877521, 545.1088839030108, 645.8578932002093, 591.3496048072107, 486.84240098621353, 670.9607624562965, 578.3919168778306, 583.0313411366633, 603.4323195368029, 601.5526613966396, 667.2369756789641, 644.9781809919556, 586.3349002030981, 671.2608695156185, -764.3985577233003, 672.5807829245605], "test_sigma_between_0_07": [660.1869861530619, 614.5066824333253, -1056.6205457463332, 590.3557167593735, 568.0176671340815, -988.6630864972859, 631.393261724827, -1292.1391484661406, -1277.3625048487127, 432.7249832019628, -361.9437973456314, 493.0454302811396, -765.0398047852558, 696.7459634377042, 498.22448449253415, 612.3445460920665, 570.4500772851374, 506.5850984758508, 518.0872136111919, 618.6925702475502, 638.6928164947449, 692.4890856392699, 618.276430912806, 607.8796432618885, 565.2461031938552, 97.83071726436256, 477.73469874438337, 571.6150627016735, 556.4597105745733, 314.49236922833194, 590.8973210208313, 572.0307482024101, 522.9511054443997, 495.1532771761838, 562.2799556981653, 657.0586325202779, 670.0095554046628, 492.8728342722492, 8.606637556895631, 185.4753039148622, 591.749276597766, 614.8026394028226, 499.0508212168484, 586.6926509287063, 129.18003230564216, 354.7713744300933, 590.9039500065193, -899.5982886296654, 549.8171383062273, 514.7054542693261, 432.43099419038043, 326.0539497459917, 460.12631902993763, 539.4876670059854, 272.23520249044543, 601.8449128557162, 679.0508500536944, 570.5623779827297, 664.1849645026558, 583.2092529024553, 484.05631888782074, -1386.626562093998, 652.5548053229364, 166.27227006310866, 581.3501388848609, 561.7117859806766, -1216.08785751265, 671.5300174087731, 788.3615303229558, 395.53828957816836, 736.1689274824031, 586.2814000478018, 677.7824458342031, 499.40106264449895, 330.38528990298033, 554.3357678870046, 618.8682456698971, 286.6037673884756, 546.324069638658, 522.5487197059715, 628.9825906336159, 559.7562285409642, 625.507367298158, 744.7249575238534, 752.3366954609047, 555.0604077312917, 540.8027995979885, 658.1455011615508, 510.1763189749576, 641.0898383622102, 543.1543895765685, 539.9063977431591, 676.8089727957196, 655.6418580350985, 746.5948457791263, 539.1383104892225, -161.686784513305, 563.0642388225014, 187.12919165112538, 763.8637671656668], "test_sigma_between_0_01": [646.0257917312102, 747.4057563538131, 572.5402396291379, 672.4872514985568, 677.1291413901725, 676.5954619584171, 670.8933064434171, 680.4287845935029, 674.1443880397907, 716.455475900181, 733.2653271762011, 734.4221580092856, 560.0539333487151, 676.8737897137526, 678.2937564581341, 621.7082828415224, 727.5794116653694, 675.2247837182096, 675.3562953848359, 654.7555882701121, 656.0001060480951, 671.2205995519852, 670.2713001190258, 651.0221384689678, 669.7439101277748, 679.0800076960879, 681.049260039954, 522.6214584666509, 666.9385462121734, 677.1942694590797, 671.8130645071514, 676.6919358571816, 675.6923895452197, 671.676003050313, 669.413964606957, 650.5042588731625, 633.92747943888, 654.1404769179138, 672.738005173404, 659.7921199202605, 701.2381514434061, 575.2149711851449, 712.1415841493492, 679.6074411162523, 581.5704960152285, 680.7983044949565, 668.7622181136161, 725.0765066605074, 673.2882998779663, 659.9452038862869, 674.6865319353867, 693.1548512025678, 564.9982087609055, 670.3178954522285, 669.7111386932742, 662.2777827514162, 674.0478498545345, 678.7859758412338, 717.9417940000653, 559.7407404129799, 657.255278145847, 635.205942133908, 751.4146161232065, 679.4658324044578, 596.2466053359564, 557.8097481960002, 669.1942412564448, 680.2539288834414, 692.7732572119263, 673.342061885677, 576.7699565529651, 617.1126320889082, 639.5953438018048, 661.9193962040124, 674.062797953397, 625.9846374914251, 642.1769798422905, 670.6959470324015, 669.8458160290446, 724.2104769655838, 675.977584669995, 675.2424070354847, 643.2433203964799, 629.7501871543899, 720.9759178036363, 581.8347797453893, 651.9762839679505, 658.3574705942772, 586.4777692491951, 650.0747043026904, 578.881182314685, 674.2617817483763, 664.7507587921621, 609.4338748977326, 659.2411701880085, 695.1931218366054, 669.8431555862479, 740.2316861895055, 739.1432673166581, 593.9728068924518]}}}