{"half_cheetah_encoding_sigma_01_seed_4": {"results": {"test_sigma_between_0_05": [90.80342791139107, 505.64326696959347, -3.585992413367758, 1592.5755617051195, 1335.1628861266065, 126.35315902537116, 1911.4751711407825, -1195.9070670870271, -1311.7143379169486, 1809.2475028236572, 1051.2294111151741, -1935.7514707039743, 434.5966515040738, 836.0035333760103, 521.7506471238188, 2142.087406575931, -1409.087868063681, 928.0734350862775, -111.03064315609808, 1148.8083877654944, -1712.873901001155, -1624.3136106101813, 333.4569536764756, 402.1292605627895, 44.2032980409044, 597.8336907546658, -858.8860104208303, -1526.5349217367645, -1268.5665264390625, 1227.3519845017295, 886.5754162035012, -1771.8500269942183, -1890.6918608230678, 483.2845307897805, -1129.8928982569935, 2162.865156452585, -1492.768609690197, -1405.2660457175773, -794.3305243283253, 711.1656088638376, 2125.915671923157, -1280.4665842494517, -1370.4901036191584, 1852.8435506668106, 535.0544985742015, 2486.362351410225, 154.6905525395413, -1370.3526593676795, -1400.9655132360826, 501.005793473923, -1293.846616682698, 2066.77434770698, -1274.6233994072516, -1106.4336929134572, 896.4229453510287, 1808.195220493788, -1460.1103328868764, -99.0951328308197, 1659.3052924347242, -1266.6187420003064, 1342.0667149835986, 989.1536543035861, -1495.002260447367, 1325.3251869522924, 1484.3881053189766, -629.5215283975846, 1271.518223215829, -1713.8592165781151, 1534.630049864174, 1292.888676980206, 263.854592557896, 1612.8024317270608, 2025.0094961071568, -1525.648196023198, -1526.4911727832878, 526.9439882030356, 1801.5246398088398, 1490.8763087471743, -1102.6852382679256, -1542.6867482201733, -642.9796107293438, 1741.6811775193173, -157.35752766337683, -1262.158573741427, -1629.0104098946365, 244.92752741227753, -1325.8257705465355, 1105.3986504566365, 1387.3660857403559, -1141.0953923501718, 971.8707699794015, 907.7186776328125, 1401.3179826490277, 962.4254421585407, -134.90929215604856, 1800.802209702999, -1654.9540407943134, 431.89001350919233, 1036.8154141285634, 1637.2795044085863], "test_sigma_between_0_03": [2238.430301379062, 968.9172350935281, 2114.295700263977, 2504.4227584876508, -1542.617545637763, -97.42336081639952, 2093.5082307996836, 2278.5336497252256, 2324.6283840685273, 2224.9870002468633, 298.12712285216725, 125.11914089008484, 1567.1699854074666, 383.81583756749745, 2010.8217562706589, 1724.364411846866, 2458.3779684245474, 2493.380442428235, -526.1221750621803, 146.5507263162963, 2133.964133927188, 2127.011625445678, -1406.937167847852, 1471.3803735664455, 718.1794074074829, 2281.282235219405, 1994.7153965256161, 1141.8266284765411, 1696.600182297354, 2025.1475414797746, 2162.660339541479, 2153.717982266777, 2134.2142189215965, 1863.5915751233317, 977.9045408198532, 1509.127353530292, 2136.37770967492, 1634.4913891545089, 2189.9359654346754, 700.8968761246068, 1517.9841718232296, 647.256702945042, 1720.5848713499047, 2062.9260945713518, 2077.8567865959144, 581.107021079564, 852.8226094253185, 2227.4621170820697, 1123.4667072439418, 2096.430042331881, 624.6128576120303, 2038.2259948988246, 1777.1470878192474, 1099.7338941742091, 1382.7664144867024, 1546.9575624024505, 1432.3096507587927, 2124.610463224407, 2138.3224927647752, 404.4571971648576, -1418.857815055437, -2171.925244086321, 1926.7302423535764, 342.8173094285298, 2189.3824353304776, 754.9783382593955, 2025.628434631897, -1561.6742045892977, 1501.5265170218868, 1133.1658970872923, 2012.8021365422424, 2218.571306134881, 581.6546314237465, 2142.9654690271673, 681.1594940727799, 2261.6087587690577, 2100.3940793744096, 2287.167525142007, 1956.5172363471827, 1497.508196219904, 2312.1566889328274, 2202.7951004162887, 2297.569622998805, 2099.042601694131, 2187.7046025187306, 752.7780752478461, 166.4337977882488, 1055.5368963871424, 1225.16310766439, 2086.4159662964944, -1527.983080885125, 903.0968068637235, 1806.6243770707933, -1474.6577115746827, -482.4967616199211, 1588.2757194136896, 1148.805999317813, 2012.4951014531437, 299.1667769841107, 2311.3521813295133], "test_sigma_between_0_07": [419.0873024613362, 1557.9812719261029, -1760.4880574938672, 1676.1458458129516, -882.3475389132365, 622.1130415213349, -1266.2372032683902, -1245.7726202157942, -1276.8191874008087, -1477.3573784399127, -1397.6674641063773, 698.5387524545617, -1222.0688572947438, -2610.536225780124, -1248.0683323308112, -1350.1959462903117, -1215.2031508887042, -1374.8848017173477, -1544.1011766225809, -1257.4006214581389, 571.7744189054562, 513.3989263332601, -1391.8139698600978, -1421.5978030896197, 2419.033802825513, 114.75291111791158, -294.38743268223044, -1236.8381162029232, -1640.9516405352917, -364.80686117850445, 1248.19104135263, -271.15047324812105, 282.5530477365551, 566.3694113296572, -1123.8189103332554, -2506.010180871947, 1203.5871451479823, -1588.3496685730847, -1405.9290313189479, -1427.4617947917611, 640.182793472336, 571.7501756445018, -1408.5159957364351, -1472.4701089944401, -444.4212505492398, -1625.3535870251478, -1471.040594385608, -1567.9494481084512, -1233.278628257602, -46.2453190902204, -1298.2770630825592, 973.2651379808299, 548.9491713159408, -1553.3041141491713, -1276.959416518006, 1174.5811064421644, 697.1350432901011, 203.2609256849085, 455.6797040782956, -285.50363220498684, 552.8609106759487, -1356.533397525784, 474.9107551293262, 1366.3663573543784, -8.507623151941605, -1496.355785948278, -1510.52780594875, 579.5982969756334, -247.36465107658034, -1065.9844695031043, 846.3580447102493, -1012.3988041279229, 699.2381555754818, 1948.246546132664, -1749.3163552004023, 350.3352216943255, -1369.9753729874546, -1259.8484057202372, 428.2770965764603, -686.7679167554014, -336.5646186906628, 202.59527542806612, -1517.5187568287117, 865.2226795438056, 342.76921141770777, 123.38144524483486, 514.4155376772716, -1346.8577859075217, 626.9004759822544, 441.8935581768422, 1552.4622531635487, 1079.7185853184576, 21.823229072835247, -1672.4227469631053, 1623.4676681292055, 808.679253042416, -1285.8370214654342, 845.37848405286, 106.59970310685341, 432.67707031297016],