{"half_cheetah_encoding_sigma_01_seed_0": {"results": {"test_sigma_between_0_05": [-279.9299141733575, 413.17517448826874, -1426.0201582488996, -1385.121532392254, -575.135080895883, -259.57141621252526, 1379.0398232291532, 140.04876165622855, -820.3607549551748, 69.76617649208927, 57.95350975965953, 341.99988262922267, 755.9608283904371, 126.86807786404688, 141.41284540679476, 174.5535607631508, 10.263795601124066, -1439.2970163835364, 390.416165080067, 794.6845355177194, -1418.2502058280525, 171.94052857014478, -111.3125845377142, -257.5259838889818, -1353.103729332743, -426.98313774478464, 160.0103580015714, 876.2655823499784, -1206.7170477604698, -1106.2770662697815, -1359.8855662577882, -1748.5075220730125, -1734.943084298777, 1156.1219761937539, -803.0538202114527, 2297.9625336615636, -1514.2011206872985, -580.8069396680346, -1609.261415242347, 258.7883320162318, -767.5192074900414, 140.16036998531942, -478.10378847836563, -551.0662863253318, 775.9277478702888, 355.7477813055074, -1360.2567843479255, 489.2722534880113, -1427.4044861636437, -1376.2179376187673, 472.41555386902445, 371.9516112998114, 138.39062944340262, -1081.7384665942177, -670.370666591333, -1359.1518067024444, -1411.0687695954232, 423.63347209307545, -1006.4924640608673, -981.4747418866735, 816.7170747624004, 1361.6445032468775, 88.07396001689473, 83.51491359697529, 1499.8655093643292, 179.2299946776491, -1718.4563227963813, 317.30123099078764, 247.30143238684548, 996.1712767400877, -1325.7392360906144, 363.44309887921224, -582.9799524065083, -1716.5800970199828, -30.62033445632239, -1442.0375003147137, 1105.0371684342629, 331.06749438845736, -102.07057448793164, 396.1817716866301, -1631.6736456429703, 1328.7106230052364, -174.45943338843645, -193.8105856322671, -1436.1761998216718, -1564.3112214766477, -44.26477409057554, -585.1438768884865, -1165.6279227625653, -169.40814701380006, 48.242194093030456, 761.4336718645771, 290.9082789439376, 17.746907848553317, -1594.3479724336987, 1764.1830042610816, 400.85956908381246, 362.9313215787899, -1481.8382294818975, 639.4231657105972], "test_sigma_between_0_03": [1618.7628477166613, 1070.3487256065744, 1848.028519685935, 504.7952542007498, 550.7238230917987, 442.0872189939722, 294.1782541039264, 1074.397660578959, 2116.5105622600595, 524.2300729431347, -471.92625502161354, 108.99084723546095, 371.19680024100194, 260.6212349758047, 1676.1201155464441, 1369.299895904786, 371.1208835408268, 1913.3121457009715, 574.128833670941, -444.85679939521356, 1196.2964057261286, 1138.8612108519035, -1551.1891141042981, 849.9363978889702, -1158.2555249392276, 1228.3668469498207, 1815.4721387270474, 542.4033546552719, 1162.077157076033, 1248.5812934816022, -445.47157683691205, 1541.8742158527195, 936.1671993386743, 1208.4839165029607, -5.643671187947738, 1733.7858849111528, 512.0964051664345, 356.8882038286191, 1924.708235074814, -165.3705007019112, -625.3425805936997, -1295.4822027843477, -1721.7321111608126, -1553.6702986944445, 1885.902169463479, 1327.88531931583, 259.9251193555122, 1860.4717080360388, 608.712687948361, 586.0437296233284, 1031.8994653287896, -1500.6156436853144, -150.06130520410673, 306.53658606087237, 1589.1229159860043, -1605.858341619098, 274.49159285584176, 445.06373640390814, 1110.8755416832553, 1184.7247560552478, 379.81749072144726, -1823.8559971671227, 1281.9942996830605, 249.26000443452625, 1187.7200566724914, 180.8419005031199, 1582.7419972036641, -719.6997717593025, 1714.950458009667, 832.2540213721915, 1117.5716067086516, -318.4772419702525, 49.26647949004546, 920.3175133048428, -239.89843150410897, 1670.7892404033864, 1746.9514241904997, 1957.5308947111992, 1117.9822871097156, -332.2781646899474, 562.9739163108255, 1419.8543001530625, 495.7392316693483, 280.033319931611, 1712.6043364068553, -1069.9183290921094, 1281.4996718993325, 938.1815343024838, 166.43379828644234, 346.5247701275456, -1520.8534676885613, 723.0080867033249, 265.5554055000106, 19.185475280865038, 575.0080022170405, 225.05013337155668, 142.49936781070284, -1307.3449554417914, -218.3788930505295, 1833.8133296508347], "test_sigma_between_0_07": [80.2260758449267, -534.6216736307704, -40.14108866953115, 1678.8369546811107, -1634.481216044469, -1298.289323770524, -1402.3633775956112, -1083.6681826839063, -1263.8531558232798, -1562.1738533437808, -1487.6375493445905, 479.65630668898945, -1387.6944073618204, -1390.947856218432, 5.778500721627109, -1487.8443759684026, -1368.2269818475515, -1426.9009833590776, 91.74959656077566, -1360.1761086210574, -1408.757212585796, 396.63446853037703, -814.5137052803562, -993.5703931262293, 1300.9438822171853, -1058.1635202075092, -1402.845378093822, -463.70814688147834, 340.6734646804032, -1519.9950245201776, 1157.6190446504902, -882.195855271125, 918.1553904063459, -1292.576708661788, 329.6006646330858, -1548.4096306340641, 1599.6570290376158, -1808.7211953004328, 377.9299764993902, -530.0296275954581, 1050.5096333983665, -909.173808339701, 158.7329052483356, -9.931021380381093, -100.77201298203423, -1451.9150977941783, -1572.645989160752, -910.4104763254988, -1479.805307398347, 6.808196716319022, -462.05627867078204, -1819.4822865942447, -466.70892152007576, -1308.8825173766502, 99.27866122193656, 208.3636022462332, -1505.5119861633657, 307.2243025954594, 255.1191499542822, 303.88184824430056, -1340.825021491618, -1450.5903990101235, 465.3936429691542, 483.7529112432178, -1007.4229161590038, -1278.5450331167146, -1535.6402000842832, 278.57013744529075, 750.6839205634412, -258.8831540703802, 13.389722355706942, 197.3493594696161, -421.0170626967429, 459.0162272323101, 247.9387368827575, 176.18827230755687, -1341.5860312513576, 177.203331543179, 378.3435362784077, -182.13978203658922, -654.7307304006237, -346.68564986649255, 87.85750799699015, -1346.1603475264287, -147.33460531749157, 158.7781178762861, -1496.7956608627069, -1480.8071669453177, 474.8767335684227, -1360.5200991443878, -1803.3587656242648, -1740.4833002285548, -1199.9939949490777, -1625.437260819219, 1265.2192518394822, 21.101583321113175, -1257.2692626654048, 31.759913155146993, 53.421620309677124, 1176.5941000668158],