{"half_cheetah_encoding_sigma_03_seed_2": {"results": {"test_sigma_between_0_05": [23.237555520238022, 1535.5412062096025, 35.04366808448531, 473.9082508269961, 1946.9001124092702, 1698.8353586978947, 1759.6618439373133, 845.3713272664946, 317.06122622409777, 1341.7754528407158, 2048.4880675646414, 584.1160757947205, 1506.2996316969227, 1125.069819505934, -207.7767548292773, 1641.4939773572924, 674.9626972804626, 1580.799372238199, 1102.85996098565, -152.08674590838194, 468.04126291672054, 1017.3801356136493, 1797.5408677521743, 1329.7910646058779, 1571.6922840879415, 987.2868456935468, 541.4458637562867, 1585.5060938414772, 681.2290928047643, 408.1361599618993, 2124.580522064117, -1269.91521770038, 1041.3201462343748, 1538.1364120101366, 1752.834444718652, 1996.6279975680545, 359.21038456206605, 5.002295233041613, 997.5374969265406, 1086.3073386961764, 1479.5462293695205, -761.7671837808971, 1036.1014263466504, 513.0437052670799, 1458.3548787316374, 1750.3861314438889, 857.4494467118626, 879.1065148793646, -637.113671418495, 1596.2288552986868, 763.2797295207581, 1743.179603490959, 858.1502881110341, 475.3390206991231, 970.6729427560293, 654.281703228176, 1562.1088334396513, 1897.0720968975322, 1683.3073785693075, -5.83394820747345, 1777.6650581209915, 1790.7694784636408, 1554.6911833995534, 1630.9674981760263, 1664.5616896672977, 963.5653335416639, 415.7204264524671, 778.726222413702, 1330.302205699729, 1062.4624735537807, 447.5507354644533, 574.8810486721926, 1993.0538071931153, -1673.3293972240322, 941.663422383365, 1742.5456905901879, 1491.9734941596887, 1684.4702343516726, 1257.0968420196787, 556.3807205691622, 585.0612858325773, 2038.5994687800983, 1622.1024634119456, 495.306525349199, -157.73061014663125, 1452.2364450544517, 548.1823311336643, 1106.0144875507501, 1111.1247649835525, -37.821322365825175, 1708.7177577221632, 1430.1113248163595, 1601.7458584868932, 349.99762179031984, 532.9529571606472, 2013.385203029025, 411.65205235654105, 1609.1743320890537, 2142.2081183399027, 1038.0828137135024], "test_sigma_between_0_03": [1943.1097562170633, 1587.6823361432541, 1845.9568274998571, 1963.0626969222574, 1721.9774751146456, 1801.7765047900543, 1784.294433242953, 1769.2837633803033, 1647.0234025088416, 404.1216383101101, 1713.9735899684933, 1883.9766442455912, 1415.3944378886831, 1204.3796937078012, 1712.0843422238665, 1610.444537639613, 1891.7702277854655, 2014.706877173496, 1499.3378721111872, 1664.1650559071275, 1604.8707112201992, 1692.5248471434654, 580.5727646060358, 1688.269028642461, 1977.7633962984119, 1688.3625483379874, 2024.9471504457786, 1564.2989509515453, 1649.8070119395272, 1776.7226765577914, 478.821356251423, 1750.779047356874, 1760.12518258642, 1777.0277332848814, 1724.3043283120535, 1477.1817999106129, 1331.4747263064396, 1718.24493992928, 1549.655179754175, 1820.5143954712635, 1670.0558313355364, 728.5754502020934, 887.1919499626459, 804.2468061852757, 1817.0024607640808, 1507.3748175374387, 1793.5324317477348, 1811.7270543410632, 1697.611428031902, 1549.5937645622505, 1662.8396801741471, 526.6566475011522, 1573.000900484425, 1507.0690075054702, 1685.7627625596033, 1100.0983305510192, 1500.4462156053057, 619.3688609014174, 1720.2003185425124, 1470.1438004670313, 1130.4280174908927, 1108.7406597643007, 2094.717006593023, 1702.8742828771424, 1343.1570523212965, 927.3754219300439, 1625.4177426359408, 1748.2952705215384, 1895.8876422983908, 2053.844724432267, 1748.756064537628, 1806.9327045835394, 1253.406585095619, 1616.113073529091, 725.5206110798214, 1620.0516525981552, 1699.2514044956113, 1971.9758089414418, 1867.5808728150264, 1254.5921924168724, 1583.9908047774716, 1702.1497081126645, 1845.5793564590772, 1267.3674233751494, 1968.1093793877938, 629.9315687473444, 1970.842249255123, 1718.9276855935489, 1249.41318103424, 1891.7756964001294, 963.0216659621385, 1292.0347352168633, 1400.5798315988573, 623.8048959725859, 1292.557156139139, 1559.0111471200223, 958.4140650870304, 1917.8541824062952, 616.8374577316283, 1963.961278036375], "test_sigma_between_0_07": [974.3105325085513, 1650.5823957226078, -1690.8511741937077, 1886.8614600294002, -127.08510165318707, 400.7068830336039, 765.3076914547726, -1100.0880083736486, -1126.158491624515, -160.5424393031948, -1615.3716046149264, 981.1065214090896, 743.7506614002151, 580.368208832241, 964.6788279154807, 1119.1844513416124, -904.5504769408053, 532.7900782982209, -440.61457812135035, 523.1624460953021, 1033.313535454924, 1470.6520904919219, -1476.117684951932, 646.0719638833608, 1887.8219557808843, -1698.2457092245918, 632.2306249677365, 401.76615606559346, 380.4780562694184, 834.3619739764856, 1823.4773294682948, 668.8810614022793, 1526.8025244452886, 682.8877473262056, 547.4292897652003, -111.20476542612862, 1723.4730054710874, -1653.7845147774428, 513.1703677404996, 890.292713452304, 1408.8993812803285, -531.0835445742846, 41.926247766119445, 636.5300678087849, -551.6808565021657, -1206.6927998743117, 504.03067503202345, -1241.4368434943538, -744.5452552797728, -1123.0266943040358, 771.3588226315302, -1229.3902880131343, 622.0822478362969, -148.99357318581303, -1807.7299725947084, 1788.0737186885096, 1842.6785304772234, -1843.5770218486723, 1292.655227545121, -690.3432296324978, 1002.9868735015925, -1351.4148618501156, 614.839371864865, -844.1090839232497, -682.0499826550314, 1350.581695093402, -269.50228335237597, 1169.0035999760726, 1821.310975625658, 438.8076665639231, -1300.1779083389933, 1009.9942862988537, -445.4173400077621, 1111.336240195059, 648.4292769773509, 1757.4178031144747, -1643.9792936610716, -505.30014033214394, -508.0734571617751, 707.6811566487454, 1870.76278220865, 415.5689654663657, 1733.1769433145287, 790.7387148448315, 742.8284150202711, 511.77645741325057, 1355.6713330561506, 1221.3358541563925, 655.3811104621716, 1214.8616847643805, 543.7545520192169, 1219.1976689414466, -1708.7996276543006, 51.09269175523499, 1602.90696669094, 1567.247556275575, 269.49485722832327, 742.4632204713864, -124.46894559493079, 2015.6179862867673],