{"half_cheetah_simple_sigma_01_seed_0": {"results": {"test_sigma_between_0_05": [-201.77606347672074, 655.0664454803534, -1349.1874655154786, -970.7039190201982, 338.6636590817596, -806.6674199251751, 1763.5320947485634, -1077.547297483919, -1221.478818060208, 831.7447234113583, 436.69704282547303, -1451.1297929890036, 1297.936812284643, 1058.6921908866263, -1022.0183103578797, 1494.0917441569825, 524.0672522151963, 44.42109265054042, 77.06300250362983, -402.9685370802975, 428.379660373939, -95.33410110433483, 479.76979186139414, 734.9762714308763, -1058.656313394006, -1203.2532452406097, -495.17803957282473, 315.3574373406815, -1411.9348473477305, -811.874721466197, -553.4721119900636, -1019.1010304953026, -877.2446515426096, -88.75522073895009, 304.1735771088137, 1365.7428738372766, -900.4280661147377, -1180.086974642575, -751.6104375759501, 563.3722824201736, 705.3548646153354, -1277.12563647491, -1995.6143981538207, 724.7156264744419, -97.86314381213597, 223.2169378683742, -1107.6901194960597, -1188.702477366821, -1269.4498901598638, -519.7899676128961, -1110.911092543601, 2081.5525171993804, -950.3117252110937, -712.2586078678431, -473.31613007435544, -699.6623059976454, -1337.3265971397766, -1469.0356242732034, 784.754452559247, -1334.1620976464253, 1637.9048633007098, 490.0808533705329, 210.18719180864142, 184.05793749450686, 703.6790263468478, -100.78678178695564, -1196.7245986268135, -1502.9858636969368, 904.0314591471127, -1271.0606808564507, 492.80860486601466, -125.61191645797065, 1466.1128969330782, -1054.3150008758419, -1006.994320250937, -93.64435871581954, 1206.447621696832, 435.0215721423141, 270.2234218405049, -1387.9274171553125, -1084.0243989280884, 1033.442381691719, 156.3780879399418, 460.3340321701171, -264.3373727269364, 359.81281622875906, 247.68146217731407, 662.8452762076073, -108.11155171559217, -1331.0812432416876, -35.012097089330574, 999.4926951721478, -118.74398245181514, -1137.3695814460068, -1229.6127485547308, 1965.9158305438855, -947.3316092644429, 721.6285529188873, 630.3213901650345, 737.7462593298095], "test_sigma_between_0_03": [1457.2015640180405, 1517.7745340046527, -1201.6823623776916, 1348.8578532419551, -1141.6848453448326, -1191.1867845142795, -853.4296806214057, 520.6796487964389, 58.39785091752137, 2056.119811526512, -137.8269649144494, -329.3182171054478, 1671.1657724179313, 140.16475964093019, 1176.4412500426022, 1895.9056758084228, -915.3323579034953, 2005.3562425669538, 391.91239177575244, 434.1208886329975, 1764.7993806127574, -1003.4491397058672, -990.9536980929909, 701.1478024017588, 142.33177502192984, 2044.7370948503021, 1216.664332667782, 523.1336826142636, 1375.0262538121667, 909.3481298869673, -638.3917604622155, 1684.2278658734965, 1332.9549998118857, 1385.1428174439288, -176.3407025200271, 1850.3661659813354, 166.19650454655493, 1720.2854181658336, 1618.678096645153, 544.8658697162118, -1419.6313473561609, -1357.92100585153, -1195.021208155056, 563.6998696663884, 1315.2500324247933, -708.7670221661303, 313.6967325143424, 1639.0870210694798, 1792.6966119787344, 932.1900016351955, -416.3250576681983, -745.5721892744261, 45.369727633385665, 995.4752365258806, -1280.264823024371, -1299.2765348889993, 1808.1987334543862, -170.69933009749934, 1794.3832690278234, 1321.473661422552, 347.70333177934384, -1732.9468026835568, 770.7530863540952, 1373.9404620601492, 1622.7941772311274, -920.9805274867405, 1357.508473834387, -1344.199228335931, 460.12372265325564, 641.8366462160359, 1582.443894139645, -871.7862255214518, 610.8031588220737, 1994.224769516692, 1666.026411159001, 138.79557317443394, 1632.047037664797, -766.7912523753723, -224.88320260143098, -1359.7936919420893, 625.1773772274261, 1555.7507537818833, 335.5407101455319, 742.6939566926812, 1788.8268927101806, -970.686741743007, 89.38288394743137, 1737.1988764019122, -772.8438267855178, -955.3495946698408, 472.56140789261593, 1339.1534298926367, 1461.2394606608466, -525.6125676354668, -824.3633525257087, 1227.7118150417289, 779.531510678247, 235.0795771005128, -1351.0923649686035, 594.9806314604427], "test_sigma_between_0_07": [-738.3812023256731, 410.6846013319211, -1471.6586807796712, 642.7635045526148, -1353.1722632838885, -1215.4993781959292, -1419.734808539932, -1429.9629392798195, -1333.7182214952552, -1624.153133176112, -549.1237954850977, -1114.4824119409575, -1228.449291019401, -1698.7256597822072, -119.79258343728708, -1526.7395372651617, -1359.3729388881547, 678.7757515789598, 365.787443464202, -1290.9720641625051, -1474.3993426925128, 1359.9952866994145, -1174.9564060933071, 343.38386387871753, 807.2597785306754, -596.0305389499688, 365.79313604113105, -903.4340717762475, -1706.8412957649948, 499.37709081951385, -1429.9491733495738, -1185.812078764326, 988.2426476798832, 497.6773700420351, 43.69418225434354, -1466.0378010918332, 392.1399573260249, -1718.7243209450316, -514.4895250324964, -1239.1966417874835, 215.93801884009306, -1213.357064337739, -105.4831466688107, 412.05011557796445, -1151.288124820167, -1781.3681690287274, 349.9892037767688, -1814.7246556302707, -1412.926820977514, -559.2957854669, -1294.1403479504027, -533.6822961552815, 522.7190774112117, -1523.3593690002529, -396.74447798480725, -1734.9040228117065, -1305.6301676461849, -1436.809836598861, 368.17302804570846, 43.383111903793214, -914.55195424047, -1238.177369975939, 542.7384052829789, -1600.2936071159759, -1325.3946183313801, -731.94801229682, -1359.2012328844062, 386.1866981332925, -578.1327127605919, 575.8526482236747, -73.97177784702654, -1359.0652591216456, -706.4747165148834, 253.58665974432094, 306.11118734797356, 700.6709009853379, -1535.70658647101, 422.20980171160386, -1450.7151982515952, 4.966864422998288, 271.77671617350154, -702.1815871551729, -1179.8023285761321, -1415.7578059304558, 976.4805044184126, -445.80805736744236, 463.4541867749653, -1347.377568443843, -1102.5301532669566, 454.9641191426714, -185.59880960588492, 152.56160601175222, -1678.6486093974363, -405.6603618991214, 1187.1918085764994, 1691.2734646744716, -1318.9985202902747, 555.6333442596313, -725.8026744450924, 295.7098957011022],