{"half_cheetah_encoding_sigma_05_seed_2": {"results": {"test_sigma_between_0_05": [538.2880154887301, 362.0836793034546, 754.8327373098241, 543.5585033100116, 660.2809976728827, 900.1580911697203, 762.0453926237241, 646.2879123225981, 628.8722151187596, 510.0043811020429, 613.4931446054844, -1613.4054788421663, 613.8816128340636, 184.9112568473733, 849.0923393288475, 717.2532652663315, 587.2519640940388, 875.0467279329542, 579.8712484026663, 659.0456751127601, -78.11688647473201, 771.7896461269477, 769.6554401565344, 109.47436928588702, 640.7248964834088, 646.3026502139518, 446.35103928621834, 766.523049637408, 859.3099557462707, 420.76763210079355, 885.0605801861171, 575.545141403338, -1673.341035434651, 570.0148553552832, 884.7854868420692, 622.3871613246467, 873.7581499555997, 549.5414131016192, 752.1852043736615, 770.3814721891836, 625.6548941733278, 675.641759552664, 288.44376867038045, 368.55200726288695, 759.0213925272988, 761.971716655861, 763.4407187844578, 760.2926358675977, -240.2727819326756, 669.6144494055685, 792.5136128590337, 762.6066669606399, 667.7417109887226, 644.2558213864672, 743.0405579837895, 452.1220097244886, 492.68780914000786, 869.0056322457098, 798.1818489973406, 559.1754011787569, 457.6881975039743, 670.7821031681824, 854.0434800748112, 463.14594613444996, 665.6179722932436, 527.957923186863, 406.84660615705826, -1734.7330653987037, 382.51157584461026, 856.7605010832789, 465.3958550076781, 699.0383925417451, 666.6705968223021, 875.7400802997524, 686.3400813175649, 667.8608731373736, 762.0194690885953, 478.88372233018634, 853.6837495559927, -35.41563536672605, 570.3676545100839, 735.9427651566073, -13.527506927496919, 659.1852461919441, 851.2599793314954, 861.3129122343706, 436.07172800304437, 414.31853756377654, 627.2255590162172, 410.4609578953139, 663.7881013132182, 685.0387218760886, 198.03876276703215, 156.9884269617422, 403.7309053470468, 572.8315418693593, 504.6042432465111, 765.2299668867519, 769.5339132550494, 636.1541148186394], "test_sigma_between_0_03": [662.9011870985944, 654.4706797288933, 649.6533618079861, 662.9401006685786, 771.0278686057256, 663.4232669340672, 581.4090071003052, 664.9425938749904, 591.3378227666012, 639.7991298917245, 691.3118891145921, 761.6139649621684, -1125.0440553960175, 651.0665414039363, 724.6039231771838, 799.4424259323672, 667.1594254843113, 764.0640505813948, 635.186159341399, 607.2407452621396, 661.1844283759884, 656.9583089464522, 432.66374933791633, 410.5182687341482, 666.4076996328919, 710.9060690580251, 671.5697974337824, 540.7103975155359, 759.604944184166, 606.380635085628, -1116.4370026921204, 697.8063268220781, 482.92172296337225, 777.9825051194647, 836.3255326557811, 671.5552861541078, 107.9300260534817, 490.4892144534521, 644.9945331597094, 671.0523269624495, 668.7169305723229, 340.6227750203102, 754.7440266838931, 648.1902643259381, 774.7445940319259, 724.0152284737193, 667.0005911054866, 621.6890137727926, 557.513678063294, 427.93014070072803, 845.8688287084759, -311.3704061986344, 703.1761701920732, 435.43353475494484, 638.6923483202687, 759.5497744989335, 629.8529924892016, -833.7062127814041, 681.8486032736372, 702.0413556221761, 768.2786207165766, 273.9639981877771, 770.7191812449005, 465.4919317995138, 626.8232543770893, 605.8251580108341, 705.9715724804796, 801.014403390136, 747.7949712178951, 666.0454004613053, 682.1439858775842, 715.4837918460356, 576.495382611828, 877.3825377328232, 522.8569705882007, 656.6998010983422, 536.2189731739384, 765.7432046623, 679.6107303358375, -790.8806940152839, 304.2220021369301, 653.7371023562356, 664.1115858086479, 534.4442513709172, 871.0600570753654, 635.0709222585781, 882.8115077714236, 561.7060830491739, -1116.774173511704, 673.4586403767038, 544.8168272752357, 653.6182797004238, 658.9185969745369, -1348.1033823093728, 657.3747576908723, 748.7465818764887, 629.0066475960847, 767.8818369875975, 543.9671544121078, 759.295150810597], "test_sigma_between_0_07": [686.7172703567464, 746.4143402437213, 299.6056001176576, 667.6283168333264, 590.7779121141926, 603.0216851692952, -1344.6271223039555, -802.43900590827, -1132.7606547786816, 418.84333868210405, 640.2480355646554, 770.5819356576565, -1456.0826076345252, 449.8547349506607, 684.5828567839669, 663.264738132439, 532.6470917256316, 696.6528114978471, 857.5877670622149, -1095.302102613601, 761.1667479197424, 453.30684064314363, 730.0605720765219, 460.3029831045835, 843.2867020656815, 47.439462969481184, 637.6888180357299, 855.6831275778034, 616.959075187542, 751.9157141171884, 667.3033837798248, 568.7041511603148, 452.0683006944098, 364.86446297038054, 384.98204601252604, -1138.2079324875908, 763.2826060257236, 581.0644289017966, 549.750356548316, 598.1667981992535, 573.5928298942687, 543.4615455493877, 607.678785837096, 873.0686184233394, 113.67150883471186, 762.5835271350867, 372.7981981471083, 596.871824177527, 667.1006382785935, 471.49927777075504, 402.53185971710195, 178.42829242727754, 771.4491223296635, 859.5604177667467, -1618.3072404948743, 875.1584458459598, 755.1332876812047, 636.8853955901525, 628.372507272846, 691.9507499962868, 608.9673394190038, -975.7971497646867, 669.3031301461966, -1713.0367619565627, 752.2385942973118, 159.91141130143222, -1504.1456469511172, 322.4134312333723, 852.7284567194084, 714.9616340127983, -200.0233989979517, 888.3885530324403, -319.00458971333563, 677.6859830516448, 248.73268911420277, 663.3446305601244, -1118.4473403241984, 29.91170191435218, 531.753738816169, 585.2756116167487, 881.2756576674221, 491.4464897438131, 688.2929545906142, 786.8807835766539, 371.8952891229034, 495.79272762627903, 762.5486742828285, 667.4224163128273, 558.0240590996486, 768.7664457112437, 472.3666409398068, 579.1367298346006, -1508.0181012933288, 871.8716560629776, 637.5171845392703, 345.0892606026437, 61.64756749607744, 641.7687322440976, 87.43925229068282, 881.3772181274144], "test_sigma_between_0_01": [656.69160127338, 509.10655788822805, 782.8901699996826, 722.0384150789432, 693.4260257853889, 661.7986164704479, 691.0793955094579, 783.4690215808054, 641.0504111520615, 695.05912737138, 647.0630763251112, 772.5819340939622, 702.9093404049413, 649.4808608656289, 678.2355775743715, 724.4276864961187, 763.5027440949801, 681.982221227147, 667.7484911417406, 779.1164551160665, 753.6628126856677, 663.1549425141304, 774.3639417169877, 764.4054591123169, 669.0842103068811, 840.0097128429082, 666.0385171841178, 666.7510851631284, 638.0377379409579, 877.415724908674, 721.2973337163968, 745.2739955642805, 731.1357211196705, 872.314235735152, 622.4973792260203, 761.4627299570251, 679.3889154622905, 772.440524914693, 667.7429152028601, 678.757762985149, 702.9126222371318, 682.807533987376, 682.5018096892297, 572.2393262132039, 871.1976114722446, 771.6693873608626, 573.2611967460164, 687.3997862470198, 790.0407943219527, 699.8064495368419, 679.4109342377022, 563.6838899179821, 685.6468210655362, 686.0015502378075, 747.3531800392116, 813.4216508279962, 551.8531530048906, 793.1637747928634, 387.9791381737681, 743.5066706839815, 777.3717714653397, 691.4602287740826, 748.9902318537755, 683.065664499318, 777.7150366424119, 428.3005861715754, 876.3451414944328, 876.875953118367, 766.8198334288988, 766.6229372817094, 663.1762464501295, 730.4702257094632, 748.7688862337757, 766.4447033981235, 711.1166652092244, 678.1610978528806, 715.5256603550359, 724.5540618122684, 744.276768525467, 724.727648470096, -1068.818973272808, 737.8486676397579, 777.5805243089028, 758.8705629284548, 696.8217002672745, 735.863953306557, 743.4727210403004, 775.8040460012461, 728.0434524565403, 693.6412574762775, 665.6561731926004, 597.8036227835338, 127.76858249040839, 678.5958563534882, 717.0553828750134, 676.2655813301536, 671.7404627411617, 736.0737472153795, 550.713408872698, 703.7331604496928]}}}