{"half_cheetah_attention_sigma_01_seed_1": {"results": {"test_sigma_between_0_05": [-1254.2625060651899, 687.7693874136014, -1484.0023198631764, 620.1879360837252, 1350.205828272551, -369.67356692292526, 1371.7692400673482, -1094.3774074886553, -1440.5074224290918, 1204.181189347102, -1252.1522719228137, -1520.793930365233, 1424.6602823535152, 2122.489739906428, 423.53637596725554, 2127.172344337054, 757.8821420792672, -1080.1054887671064, 1553.5564175500108, -79.65001941533554, -1638.787154222736, -882.9039931339129, 419.408458941503, 1122.0954228416924, -1413.2212292224815, -547.8852052880262, -306.16825361278165, -1254.9507109156468, -926.1897959558539, -1283.5461058891021, 1816.5145751382015, -219.01060682494878, -1331.048161587492, -1562.9257749558485, -1263.4206526858131, 2429.6565622628905, -1808.7589688932267, -1214.5853032144669, -1184.5249835859681, 894.2534125244218, 81.3895238093767, -753.6916030446375, -1644.224979075463, 1023.1363371774509, 724.748686038411, 2293.0417639767866, -443.4783340396943, 443.88391424118214, -1174.4504724261235, -1283.2693317190785, -1423.0069746207269, 2383.8885119104875, -1526.806425228217, 411.827558245803, -1305.1961652544792, -1128.4024240395884, -1374.1610225076188, 489.8436974984137, 1580.6311819125651, -790.382732257843, 1853.757171707789, -1518.8505258294604, 433.6954693228584, 597.7614628707577, 806.715394920006, 91.68967457903332, 334.72559002840654, 1632.4316241225545, 2054.726360939132, -118.44844638558571, 326.79307006223553, 1797.9649650693414, 446.2722360124826, -1419.7062859047032, 447.21398728212216, -1484.4606200708724, 1828.9033761254962, 1326.6685890174904, -1562.4624687663775, -1460.4553956824625, 27.865823200253182, 1976.9738273708697, 676.1515921747043, 559.0886546634011, -496.82704509663216, 526.7997417842013, -915.4884252362103, 1166.1818232329, -811.7882329454462, -1164.341088483261, 536.6244565162091, 1407.9567533344255, 1573.94256368026, -70.64830951069601, -772.6960074149191, 2228.460376699341, -1239.060069472049, 660.5750868084734, -1311.8013757206284, 961.2154581666135], "test_sigma_between_0_03": [2207.58308039456, 1365.5911201302622, 2317.2685470562546, 1374.1957481839756, -1382.249748195747, 581.8907353315467, 721.0498753981805, 1234.117538275856, 2445.675182098249, 2252.950271828701, -954.0977884814142, 691.1474761222837, 2327.187706135901, 757.5265085126443, 2244.86433034257, 2077.684285651761, 1655.597448290984, 2398.892948577031, 1630.6993916927981, -1197.3253667491185, 1907.1405557123044, 1782.7412760566706, 540.3032254415332, 1408.8693439990834, -287.9422639437865, 2410.8243177230665, 2321.041399862009, 2193.4571875411443, 1507.0764304167578, 1812.1029519271087, 478.66066116384536, 2186.182503798602, 2153.8070494313242, 1056.2850133161169, 462.77911977177973, 2165.763224763918, 2154.0435340097342, 2039.489778507902, 2253.7253939292555, 445.0624370371276, -524.3090164865049, -1018.7683776465059, 623.4662658037691, 927.5324078838513, 1875.2399989978294, 1409.716671711049, 532.5657927337819, 2191.211257713347, 2199.2327438117327, 1926.9103026754872, -1172.8673448867362, 135.86437842292747, 2311.324577033275, 1837.5258218914232, 2006.0719543805653, 610.5181063089751, 2139.064992688352, 2111.046210096533, 1903.8603510783114, 1599.2013510748657, 730.5424433881008, -1461.7970521429152, 1803.4729987045216, 2270.3824817358704, 2320.050572794207, 1510.2338000433472, 1685.6218709112554, -1495.7390476089327, 1343.7100326391399, 1319.2195387412526, 1420.6650518389195, -297.70467813623196, 655.953658359941, 2342.2661690392574, 2083.9349655188066, 1811.3743278417219, 2048.862323478296, 2292.2975488907114, 1800.811948957992, 1680.1944664389005, 1525.2163839492905, 2222.1746957449905, 1861.0907024345631, 2013.2369383820132, 2314.3952657476234, 1361.9434949677147, -1239.1913744206975, 2092.032365344335, 1322.236291410384, 985.6686587468146, 562.7355048945418, 1828.2846208550109, 1969.4758082087626, -1117.7836047496407, 667.8698842022382, 1505.727715307396, 1769.0001414238368, 261.1980649072269, -1026.3441992724995, 2120.1350840379832], "test_sigma_between_0_07": [413.39536106791485, 1256.9841446233274, -1546.3893056814873, -428.50834310976336, 375.6333702989856, -1528.6915505585478, -95.68591954511322, -1560.0815202865656, -1330.165053116098, -1473.8477383931552, 436.1562028340547, 434.2062528320979, -1438.453358202991, 417.43821997531694, 81.62402065934565, -1330.6917967696597, -1506.7525884083364, 532.5701205950432, -1382.2036678613272, 468.38725367087164, 407.44389182095483, 1773.0889239534808, -316.04083065898567, -1311.9477453089107, 2293.4921954433453, -1416.4052560640253, -1422.1143805019517, 441.442193936267, 499.683403458534, 419.11077133593614, -1525.8693458332782, -837.2215581605398, 1350.9709484814584, 651.9654163460342, -758.9509391051047, -1373.6242971615968, 1566.0555296524929, -1581.6760644393023, 719.39509619049, -842.3091390398063, 576.181626895282, -906.6605171180101, 453.3627581299789, -1309.173623617853, 1406.7381094017358, -1228.7225352381768, 594.918109514611, -1022.856917896162, -1417.9705066106126, -817.5578224847467, -1081.3446673588076, -1748.2137098683916, -1338.409128580156, -1312.3614400478937, -44.57896935824834, -715.0796350946708, 747.8629751528149, 31.246917861423544, 1.0512806544299276, -1403.261083660648, -1236.940187557703, -1375.4767741649853, -1237.6523636216832, -443.36061555771164, -1421.6062562935101, -1385.4440440953979, -1553.1642688503066, 608.6493140135691, -1373.751235897404, 568.8063699925018, -364.0620650508719, -1373.2111742898853, -524.3932209735132, 400.877419012741, -1611.6149925213808, 647.3967106203435, 388.5866541161508, 946.1094551754566, 837.312071407242, 1133.5838653173573, -1503.635515984165, 76.35641854363195, -1453.1291120418157, -1379.4309353027345, 953.8797414229837, -138.04223082949022, -954.9189817705299, 432.47016112035203, -1346.829127530734, 893.5285541446148, 584.6795844792674, 731.1997409948622, -1470.796760096262, -1408.6474838936715, 1636.8020051771584, 1899.4086325296896, -1479.2131307420327, 525.413858481813, 1487.6149884902243, -1388.7830819735045],