{"half_cheetah_adapted_sigma_03_seed_1": {"results": {"test_sigma_between_0_05": [186.85570180498908, 654.5668045799838, -137.18252525463618, 551.4283246703274, 1309.940487663808, 1074.8813697970836, 1731.3069563559752, -760.0134534343094, 387.7459445380765, 1443.1266021408348, 1778.9157916828294, 50.15769404472835, 1238.2053283207101, 387.8723647529941, 1966.4356947164213, 1453.59895265901, 83.92484388559535, -765.0270756389493, 621.8146750003922, 550.4709873746418, 203.39562616694312, 442.163865822842, 1646.4304413497953, 520.3620196040662, 835.8129121003825, 413.97993845707475, -1317.804651898599, 1527.6911211536544, 1350.851827946912, 0.9492686893514266, 1566.7650317105454, -1621.0785728148749, -1544.6558890817894, 2058.5584032937245, 1870.54430097966, 2023.920852739112, 658.5298768055844, 589.822554303897, 573.062564669102, 942.7334253451114, 1934.0024363341731, -410.64194909828365, -1486.7172761359946, 255.59443103350335, 823.2118014875817, 2021.8729270098677, 591.3768685407518, 685.9760492279522, -1150.4867847739506, 1885.5398387968728, -300.63853888223406, 1406.8815464063562, 441.9723002847265, 551.1078295136567, 24.48142290386416, -842.7389293000034, 1655.779132899648, 1580.4895270289594, 1702.7439147639259, -428.0714626066879, 1357.083522706995, 1795.1503229724901, 401.48816203013433, 1227.1432346722588, 1355.0050050579277, 732.5934765325727, -91.45234038346571, 753.2480429672997, -1380.1761780265517, -1510.3398066502546, 281.8877974890289, 1344.674130446231, 2223.049572721123, -983.2667986194532, 644.8962000247523, 982.5259416449887, 907.0709270338929, 508.64979718199794, 844.8784344198959, 426.6882779829291, 605.8851552175558, 1781.3405939779163, 1041.5948306006296, 258.1852321973274, -799.1014400296256, 265.877236039263, -846.2728557311641, -1526.121644815352, 1771.9047089450376, -1377.8840564851564, 1888.1096966613738, 1308.1056495536434, 538.5652499945126, 1408.0144421939376, 143.41085508394315, 2239.4811431269804, -321.17158945407897, 1489.7397160020937, 1863.872851551045, 1980.798460835976], "test_sigma_between_0_03": [1800.864157824684, 1339.711217242558, 1430.3981527233027, 2221.926312977924, 1597.8336996321418, 1825.740803313881, 1913.1075531040228, 1731.6343482204895, 1887.5631690566415, 539.8222173379818, 1575.4865129815219, 1955.0103726690334, 1230.4825453426688, 894.0095285822089, 1728.318462039675, 1049.436631701059, 2049.4182327789963, 2172.4126984460604, 1114.2308605989274, 1033.100533334623, 1384.6486848175418, 1707.115826666532, 530.5660995943548, 1534.4040555401202, 1988.6054074535255, 1224.2822977401613, 1811.850522317011, 1121.6180323129722, 1227.2622587190492, 1511.301003098002, 560.2254797447084, 1794.1482347314543, 1438.6373406185912, 2030.0496551828264, 1248.2498636161838, 1541.9617091110827, 1614.1831350993673, 1537.98419416713, 1364.6925262017799, 1521.9974451639964, 1624.081482857966, 560.2061591887507, 349.6758679763195, 1706.9064571727101, 1686.4729660701473, 1088.3769011630598, 1162.9659570541548, 1698.7523511035524, 979.0287016319045, 1548.6613475912577, 1940.5770310440735, 1087.9829079657823, 1569.6252036314472, 909.4585351858433, 1041.904733511818, 601.0436742150486, 736.9238270100973, 1343.1772765364228, 1282.2976189416631, 1172.142673597954, 1437.9723775223265, -1498.103304381412, 2032.0899287427724, 672.699088033281, -882.8071432019074, 569.6735828250779, 1454.9201856642007, 1947.5138950598337, 1181.1359366014497, 2006.179441349719, 1863.1956747307324, 2285.3791834013473, 1450.6920840975656, 1749.1625831496594, 592.1936472085255, 1758.0045895228554, 1461.74882918376, 2246.510809153846, 1770.1859812755938, 1024.6490007354664, 1712.6990549062534, 1525.476970719911, 1901.301202570222, 1404.183734915792, 2192.0392790323276, 454.50296176616087, 2155.6977875798916, 1380.481993134888, -342.11677617885977, 1928.218722156264, 608.8372397692774, 1343.2399649556596, 1739.001236769549, 510.8271421013811, 769.5646004604797, 1372.5593141773907, 773.2958911252322, 1959.6650340244, 478.2723551628634, 1912.8769295979373], "test_sigma_between_0_07": [621.9329114150347, 1606.4025025905764, 330.41059927768066, 1606.5178647584557, 277.990751830442, 990.652930306234, 172.90027630008714, -1052.8559648342066, -1366.0615043509201, -1377.0033569793595, -153.8664772240492, 880.4282253184526, -14.078605087846494, 508.16508649627934, 562.187679259613, 862.6435770989991, -1307.6163276906423, 188.85193090149863, -1146.2972445585767, 370.7242507748626, 1911.6333678238675, 1219.6658702247219, -1388.6988834668887, 459.302946638943, 2286.921547375919, 854.9487649641518, 296.99669547850357, 294.8751088967721, -209.09650728934352, 710.3311996242496, 1812.189358978269, 697.7230418112931, 1367.5707640374947, -794.1990104266413, -1016.0120035408042, -722.7030697199502, 1909.1621172628738, -1798.669645047927, 643.4718294085383, 521.3569293788199, 1318.0733359831095, -546.9875300441167, 88.78518040245683, 855.330180742883, -774.9530678246578, -1481.3825460075311, 409.3271475133641, 306.08252068066963, -318.4980354233331, -749.8544285030464, -1360.828259953666, -1896.4338682800317, 547.1115585227416, -666.300841050042, -1185.000294842533, 1103.1391525337178, -1010.3846404504588, -1064.1697508709542, 773.4398679191451, -271.89346473821075, -1073.8932901698538, -1263.1403666190993, 539.6987528631856, 1684.867406498182, 437.3203360383152, -1357.8890121473796, -913.9423130667542, 956.5645809081735, 1849.7159242488908, 988.8948153129169, 1467.9202179955557, 444.2033855029892, -301.52548100880375, 1511.7280694781082, 458.90022288253624, 1624.582268394457, -1136.7164286643504, 290.93926511687744, 571.7880297895628, -1170.343562096095, 1614.1065674216047, 109.31726562707763, 1859.055754330604, 1430.4168340730187, 734.176277674116, 310.0130084279022, 778.2736876797612, 733.242973835967, 755.5176538236221, 1468.9459176488576, 1065.1126454109083, -1008.9672483706074, -48.82722052272633, 181.223673721007, 1085.5008192064392, 786.9624068124278, 200.3426210855033, 899.2484152611144, -1551.2291269371658, 1963.9812634206446],