{"half_cheetah_attention_sigma_03_seed_1": {"results": {"test_sigma_between_0_05": [-967.9756071789302, 637.9041485670564, 1411.3807473494305, 501.05390995956606, 1447.3710586844136, 1087.0789430417672, 1916.942296731297, 654.5390927770494, -647.0856211423533, 543.7491007369462, 1937.6903426603349, 758.8306817289792, 1189.712536669566, 980.003871278069, 2002.0686660643082, 1572.097596920563, 654.5319981218887, 1794.2654665621546, 1463.7094005919707, 561.5745438954737, -37.66983111358709, -498.9416146002278, 1637.7758914004762, 591.5272289506161, 1181.706705807222, 769.8807189588889, 537.0009353763293, 1308.1040486663376, 1358.8393078887684, 838.3964083569073, 1606.1711266147918, 404.14246585917726, 1088.8899255746232, 509.25405049882255, 1523.5554656110014, 1853.725237327138, 386.6925155225938, 1012.0178635391552, 1381.0295512740552, 973.5000752879522, 1826.69326527107, 644.8588663420898, 883.2785034469898, 535.9885306552196, 605.2423235774826, 1756.337378767831, 823.7562913041985, 626.1845061611889, -1072.4012357083013, 1725.5482698800083, 129.43692537093622, 1726.895661818348, 1722.8312295590326, 880.1070161606146, 1124.9829725103707, 1071.928501726102, 1681.2358052659092, 1366.0989468578493, 1544.9363977523524, -30.831354816522925, 1357.0120603733772, 1260.4897047879133, 244.93636845688732, 1241.3850059234653, 1500.5568466867703, 1083.5563727340575, 486.99429515876125, 206.21991761493132, 314.06795063893867, 1807.3732672545113, 517.8660400669551, 609.5386253693895, 1938.1508626484087, 396.36850832501625, 1882.942842588898, 1143.1250718377219, 879.8222287475273, 592.6822790589862, 1168.8310528356742, 782.8438166187622, 493.91099820867345, 2025.204900778573, 1019.9510601284485, 479.6020685811611, 477.59152969745185, 531.1558952941251, 614.0028309993346, 1575.1217567011386, 1688.0963271169592, 674.4488705983664, 1679.7166370210778, 1329.3429373140593, 613.3067360056492, 248.43329248521601, 500.7589940050845, 1882.898295595842, 489.8998232411559, 647.5766276764555, 1777.0407041328522, 1825.5152918238903], "test_sigma_between_0_03": [1976.4548667893068, 1535.851169098779, 1685.0334940428722, 1369.182065231578, 1114.4499649898773, 1657.081894151835, 644.6719437075776, 1902.1965025897202, 2029.9893132812135, 1628.3301935647005, 1479.3574717137537, 653.5003975366458, 1419.7853099957922, 1223.9408996328796, 1886.6391353675403, 1240.6101288054992, 1259.1100838552495, 1869.9355649927147, 1062.177325940639, 1559.6724805653394, 1682.0956582654455, 449.8542950213511, 552.8932602601153, 1517.1180156666858, 1833.8009576351901, 1953.3260454174274, 1778.4464407790858, 1597.842729894735, 1566.8995326559475, 1469.9327410324497, 1682.2171381472015, 1735.8184896732287, 1655.6632791815994, 1917.1172738897253, 1250.9008820850363, 1786.1181716704973, 1546.298467668462, 951.2281066200434, 1752.056302349293, 1791.2306835652053, 2070.9318047212387, 458.87741856924316, 1311.6174984610218, 509.01234681036965, 1745.895312289694, 1386.205004373287, 1375.1183093707705, 1426.1516216124392, 1356.883223800575, 1696.2357744959718, 1243.0022337073824, 1705.6006487798463, 1694.378695677869, 1263.89323067195, 1272.797570305308, 1498.2475090154587, 593.1990847947668, 646.011277423609, 1248.6848348472774, 1163.1864998456858, 635.4669032213175, 1260.7478558892788, 1787.330289704485, 1138.1808397458135, 1766.1478712769567, 485.673716804209, 1686.2118981807819, 1884.4020420913296, 1867.538626806219, 2122.626224569256, 1752.6142308573199, 1947.6192185188936, 1157.2852293648825, 1584.3603506674021, 547.7137485493038, 1395.5857189700491, 1766.7657328723697, 1959.043343170164, 1963.388313816587, 876.6484815871873, 1470.2225671222127, 1888.6598210419893, 1558.9787570908616, 552.5217351283177, 1887.0163526744905, 630.9558376453847, 1997.6750806194177, 624.652582636887, 647.2870643839245, 1961.156958369132, 1650.7718596299171, 1121.3687894627033, 652.387518494727, 1227.4030621057868, 1689.7793767588132, 1603.4926380100853, 508.23383948118254, 1932.3192565032552, 460.06319456723384, 1879.133109480069], "test_sigma_between_0_07": [1545.2290143509235, 1688.3988381940108, 187.0403404121271, 1644.4000971908542, -651.6505867932098, 1371.7933293081082, 566.678041059256, -1800.1167266872537, -1322.6049466120355, -1343.738120353847, 1129.8489686880066, 1094.4080855797604, -1309.4007092157842, -902.6297885185218, 815.4384403915366, 999.3313908419358, -160.26721038590767, 372.6166305788475, -470.8717768305314, -1368.6095029120406, 2040.3167684370296, 1433.1046297750497, 1239.9027107312177, 631.6279007810117, 1956.1762489583084, 527.7850970255882, 431.1087822675285, -436.5312606889524, -635.3907271628806, 848.4397813724947, 1785.0730518328576, 624.9208908208449, 1330.7225084857544, 660.9864348821473, 670.3779948462975, -1440.9661945965966, 1640.1098216662567, -612.3243925869763, 432.8709048404007, 714.3416068567809, 1436.930071305082, 774.5081919651541, 664.3601500894476, 101.05143431657633, 392.4564160241563, -1551.8487650104853, 999.5138410706882, 310.6195320717057, 1349.595027059185, -177.0708023410946, -139.5510600368043, -559.1070761442126, 1527.3716552750095, -24.93546059532381, -1092.6739648225366, 1196.4647191617307, 1287.1905946924383, -516.1819689965237, 858.733721726349, 577.4472138966494, 536.3658482564174, -1146.855280903115, 1119.5712264658107, 1491.3440793130578, -1320.7742232942953, 2040.9426840322149, 197.3159089657116, 932.5070537906475, 1034.8978914740806, 595.0948292509199, 1196.002441593271, -1712.509737535966, 1378.1398412913134, 1974.9800603831166, 328.4815421423045, 1470.7233889167903, -1560.8361605779166, 733.7608888256138, 617.3013314477746, 548.2595776010962, 1224.0637997429305, 196.28743575292023, 675.2416142117422, 1608.3217299748414, 1148.9552531280242, 349.03161392567125, 990.0646156260873, 1066.8059761470527, 890.8552414314935, 1203.4314693575736, 1258.371256254885, 1294.560098797431, -264.6210876363562, 177.15222923446984, 1762.2052764295058, 496.4797217445155, 39.82762948153972, 1010.2017485993175, 456.2587893883641, 1841.355407733129],