{"half_cheetah_attention_no_encoding_sigma_05_seed_2": {"results": {"test_sigma_between_0_05": [-658.8332875652588, 655.4516598898916, -293.8492261552196, 200.85334125457834, 657.9633362332925, 730.3506784054584, 724.3793023531989, 638.9102664959044, -1223.6632376386208, 668.1400344020072, 652.416953815055, 253.29844139214498, 691.7589316478932, -675.588120339015, 656.5830652671775, 335.63389502503344, 586.6862315803897, 646.1521737276458, 600.6373146209157, 56.86316134314442, 290.97928874533335, 749.4250595896142, 688.9716843650358, 619.7972414660043, 321.60062079119484, -123.73465985578086, -673.0631785668791, 757.2205496750584, 735.908281845409, 95.77509758664105, 698.1211044155609, 616.7230943795496, 212.623859885909, 744.6667174335596, 683.3466869578373, 725.9739429359346, 736.310164268736, -12.487519958671896, 638.0006122576311, 644.3945154964805, 661.1891472901849, 647.2029786461769, 234.9341496390185, -225.5173945027906, 735.9103537797815, 750.1268563973342, 279.14691118047983, 710.734893911578, -966.1177451725794, 669.6483214016592, 716.2736248825966, 658.0991518194809, 633.9115388506111, -475.43278249316944, 659.3919631030218, 643.3216505872349, 648.1543493867529, 708.0736911526317, 743.896151452134, -296.3234396502567, 725.0120724306063, 683.5604249747945, 728.8277434791027, 79.85435982690416, -3.41634014486966, 730.165402876088, -219.72019551675203, 128.43849345999556, 469.28885853382377, 646.4893761106787, 583.4269287349823, 612.5970600784143, 651.1001367339757, 702.8751575814803, 583.8970421460009, 288.3376530259005, 744.0835541461528, 522.9502626440192, 751.1025680825207, -250.94231647667746, -162.49497372195123, 658.7789855474776, 274.53939412930396, 561.1290639995894, 791.05832514476, 622.0069953168003, -544.6617649030519, 442.6593631308238, 360.5271304963524, -603.5641414898736, 651.8816342253243, 748.3054505478099, 618.5825915064727, 424.80295203397066, 497.4661968414246, 757.6060833413466, 493.765438870128, 678.570215560915, 757.6635610630267, 760.5159053460064], "test_sigma_between_0_03": [728.0115997975672, 659.6973215690219, -3.2662405600407887, 749.3326436489095, 700.0854525338277, 652.2142546948885, 620.6383139462598, 750.815390103827, -13.33814369857889, -136.0222834053679, 729.5087989788021, 670.4632205198701, 363.8395584745658, 194.05689565298357, 751.1656411719124, 730.4796020466018, 391.99039939629097, 752.9999112012566, 748.0388999942701, 651.4523476098036, 389.2989269391599, 604.1971468335893, -135.13296418333317, 738.2717384563404, 663.0376609703156, 304.08217462093035, 672.5590719156972, 269.22523429019725, 747.4714989945134, 692.2474398104505, 330.3611326902248, 6.05966554258526, 739.3649368241752, 742.6724244903706, 543.434730883194, 749.524112909832, 86.97501056495705, 436.8281329014635, 148.61612413765172, 655.4824738527526, 734.0984621405112, -102.73452621297803, 93.98518498464412, 553.978537912332, 740.2220576736454, 561.7321385832959, 642.0733218474585, 303.806197687795, 476.01336615259726, 749.10451949682, 756.2468993168659, 350.9352326515183, 271.67428963682227, 549.4418709235373, -109.57590420099606, 378.30495484194756, 519.2752936602864, 295.8501286061234, 750.1401896499281, 161.58286736633025, 662.2783370072631, 588.7774937063344, 756.2510580860488, 604.3528971398513, 49.84135626841352, -128.16572648408493, 709.4419160904459, 699.7077978691894, 725.2736399722427, 671.6585556876915, 222.95963207582318, 762.411108697418, 616.9341028609001, 734.9733156446656, 10.273511782180242, 304.80491440187126, 731.7911699422117, 676.2838594843342, 657.3266331335055, 149.90062764681252, 721.9044046178346, 7.598774746990824, 732.9463556877741, 710.4505749264192, 742.6213056230166, 306.13672841640613, 752.9155072714649, 717.8738685687749, 626.854885416298, 255.0112037347837, 631.8743057558397, 416.8548112215273, 271.403851947307, 225.78524976179833, 151.08554519208053, 748.4949473799649, 245.01621101468012, 657.869343431568, -305.70256979461027, 738.8607166509959], "test_sigma_between_0_07": [638.4719688424565, 606.0747595738919, -39.868807048224866, 673.3168300988315, 394.00553154941866, 135.88879623530775, 694.270322783423, -495.91406767729126, 605.8731192651929, -751.5448062514361, 641.8040236357156, 638.6181463565757, -420.2792271177935, 682.3711928146176, 664.2209875988196, 655.5344474667291, -337.6882983309113, 592.8629288004441, 705.9687495062178, 533.9336581309867, 677.9774205304454, 522.5082759899947, 751.0941284911896, 633.9043449961456, 767.6479161621157, -83.64443008205865, 553.0519446257325, 586.7763677176066, -636.1555210380284, 607.6052515308393, 753.644194914632, -49.935604412309985, 593.9429299632625, 539.0274303296405, -703.4126288663546, -932.007480501429, 411.91828893466555, -277.02114373932136, 520.2309014167937, 465.47554910591725, 743.5165287408377, 453.18434314175994, 270.31847346550904, 708.418724790762, 427.7785346251273, 559.106913127053, 721.3412537060888, 724.0708960620859, 615.2317122825118, 421.65774851906605, -488.73503669782457, -1917.6456150397564, 620.2241116346726, 672.4430615118292, -768.3203355334227, 751.1260244015028, 731.2560397226282, 607.4517381562314, 437.57419708422117, 737.4427140578488, 574.3732453386359, -1344.4792184467701, 644.6541116672312, 620.3384089464557, 407.2580589437424, 557.7369995613528, -1422.975188119155, 744.7170337987379, 733.6041762498594, 561.8838641759392, 628.1135656267883, 654.5484697942169, -140.87506565208454, 662.8318894658095, 157.4724676580225, 633.5658251254789, 102.39638621821145, 99.90343248442898, -235.82253044451463, -782.3759607144157, 582.2197693103457, 406.3795447526729, 753.5015069701408, 750.7617024196406, 465.7895654030973, 533.4194423729513, 744.3173992025173, 744.4049070627391, 703.1738788627111, 709.3107543061351, 717.6336343401712, 605.1369499416038, 611.602379923241, 759.0496717839894, 745.8016880050636, 577.8310382602843, -947.763390982436, 660.4340534927236, 178.91196441058443, 767.6775207550903], "test_sigma_between_0_01": [652.4099866812029, 251.97318018205578, 164.54906573617237, 48.655861799988315, 717.2506852902263, 28.207461421817555, 147.5652128532029, -72.10338436552463, 155.97931416384648, -55.44753454315803, 271.4802867327102, 747.0496651097437, -53.383988708969234, 66.89493993805645, 80.63657798313876, 746.0868425714968, -33.820162933813606, 39.47216060318832, 260.7884340147534, 229.4953232990565, 760.8258870418416, 746.3125903145908, 145.4299785622936, 755.2016091356221, 751.8426530701803, 63.454306108838075, 502.69847207875534, 749.6769868920353, -35.014501583190786, 114.9426712895679, -40.87375914568642, 107.6070873646143, -35.82347838040747, 730.6826151607936, -93.72442938227445, 727.8616477333348, -4.134605733825443, 171.23436105545227, 157.78833904105798, 93.71851565856275, 150.2180551095626, 218.81580825636263, 739.5316238294998, 130.84123698567115, 84.76910673919163, 736.488255874152, -113.97274426258676, 743.689933092992, -150.15856627986932, -79.54866845985858, 85.67852317507646, -61.47757290197667, 39.29080007674711, 91.74307823439729, 750.311423916326, 731.8429867743882, 66.2834586472591, 119.35201793112881, 129.0100770564233, 737.4977078638225, 179.90961105609168, 89.43755186312158, 541.2166554943332, 58.939552179225096, -33.35368552652715, 118.99475409603053, 163.19880994362944, 142.16198031393543, 196.31321554213272, 152.47268014842183, 741.4175722850051, 48.6733982283408, 726.3733812168425, 13.97287724245441, 624.7399589577684, 243.77621757515283, 752.5818927792457, 17.85045288620753, 747.4463097791156, 110.67880216065389, 159.9218052847809, 320.40181839084113, -47.071818524423655, -56.145749278027424, -81.78244639602711, 103.41070378702968, 66.12513838207002, 59.11296110721142, -0.33709421254121286, 320.1735972207503, 739.6134755673023, 19.042106141873923, 149.7983834106275, 737.2372546782052, 137.87281257396515, 666.3238821040791, 188.63676679660074, 738.4694026423753, 355.8517156578388, 4.735319592848358]}}}