{"half_cheetah_attention_sigma_03_seed_2": {"results": {"test_sigma_between_0_05": [481.3657351013606, 1894.575159444352, 1219.2234926585338, 971.9839264025068, 1902.9211899275542, 1579.7252305535203, 1585.0412584908702, 223.826022744135, -886.7650588475277, 381.51573061182097, 1957.6535950496009, 529.9872619517032, 1235.638631667121, 1321.424725855421, 1788.1060833569516, 1696.6761876853523, 719.0973505204508, 1826.7111214875376, 1481.118759325291, 598.635426328598, 782.0612670084573, 29.241040953426346, 1567.7417788817804, 1386.6068753022732, 858.8931183258386, 999.1044762269854, -117.26541971242835, 1420.6259534030628, 1295.229143832078, 949.9580757596223, 1809.1101400969571, 99.26950441619691, 62.581811197480555, 1616.5665753275373, 1756.8109319954278, 1889.6849477269802, 1316.5372257906542, 773.8674041722563, 1296.0692428811092, 1391.8528453162442, 1889.4008608771016, 118.87672579967185, 924.6784469289803, 1395.4903245260114, 1037.3360793117704, 1867.546537579618, 359.39207236743033, 198.7446553112053, -1212.3103799944754, 1582.562085523697, -382.644603052872, 1760.2865085380492, 1646.3902671226554, 446.05012790835343, 1526.5743967223693, 1462.2646611258615, 1494.564385507138, 1755.260785927219, 1047.8839231956943, -269.0469548798177, 1478.10662273915, 1878.4082874812887, 716.5744831016679, 1522.5818771611582, 1784.2728809089501, 907.8338908762033, 415.292519187, 859.5768129031312, 156.68477255637987, 1677.6246058970441, 912.3922293316715, 1497.3206764368883, 1998.4680702276407, -883.0508805347079, 1539.597003809783, 1243.973318341595, 1541.4129792476613, 442.3061726370215, 1139.2837057938318, 750.7034051015037, 771.5361097131026, 1896.3917194114401, 653.5049285258807, 428.7615090083361, -1257.8587147192716, 1209.2090013268028, 190.35556903893445, -758.8677592845828, 1779.3527694822294, -177.54570848894926, 1490.075658164422, 1689.3429347433344, 391.4948038162095, 245.12409573995834, 1223.712643006001, 1780.0825789481064, 557.650965535627, 1871.2376340091002, 1616.055345712432, 1706.933030781024], "test_sigma_between_0_03": [1951.3206098422797, 1352.8588620695277, 1889.921536291727, 2005.6549850223148, 1841.6257007040392, 1753.4334293841641, 1827.8694699811804, 1873.6649935562325, 2045.3063405491685, 1749.478868828913, 1821.4793026465381, 1831.8116286596628, 1673.1380555136934, 768.130046814998, 1572.1808025155103, 1582.6978030013001, 1866.8615695375856, 2105.3847474914865, 1362.467401172371, 961.8165965634198, 1698.7777847009086, 1890.493079308191, 764.0327981109521, 1732.622499313468, 1770.9145561404844, 1836.9690351609254, 1830.5434376818139, 1558.4569740110976, 1589.385208552212, 1796.5130817894742, 1727.9020068626614, 1940.403059950485, 1753.782641994904, 1990.280059039404, 1726.5369802887678, 1110.3877134433628, 1909.3089117290258, 1709.7606655226084, 1786.7620977106433, 1799.9727573797513, 1787.1840256195503, 473.08111297884847, 798.8536173968758, 1584.5761792021851, 1939.5857380351695, 1093.561479600767, 1753.6551499843438, 1921.653025566772, 1558.2954704204055, 1657.1049138234478, 1934.094230358615, 1633.0774576744218, 1666.1998421769017, 1334.9959525125275, 1710.6297794923817, 994.9940971846455, 1536.5271771799637, 2023.722133109774, 1681.8730485406131, 1565.14653553499, 1436.092903645239, 97.42789152782774, 1796.9478550256051, 1314.7097292159044, 1937.5074982116464, 618.2200499074794, 1614.8489606534704, 1929.3725245703677, 1949.0167728936296, 1992.8263768750612, 1847.689645683923, 1884.004549974871, 1082.538735398628, 1775.2177210480415, 645.9803066875886, 1933.5998527160737, 1520.8449733477662, 1884.4735898094511, 1891.5081910854394, 1874.1128050136524, 1772.6167855265094, 1866.13173356422, 1714.9319538547809, 1608.4289908026924, 1934.418030832546, 570.8900882632946, 2005.9342248093349, 1505.9541172206625, 407.3287488197778, 1752.6247632169293, 1394.3953204565705, 1242.8743889957032, 1869.14452992735, 697.8206447733198, 1474.9690802582456, 1689.60067597835, 927.6836525946991, 1855.241687457022, 146.94838927282078, 1899.7232891602687], "test_sigma_between_0_07": [1345.104405915792, 1527.5493027669525, 775.3261121846813, 1844.0678546159531, 447.3873311331496, 846.8520303975466, 183.84323732951302, -1377.0067439990132, -1342.5607273745436, -1516.8300480375726, 1208.334164330059, 1352.7908146861394, -1282.197327709409, 1132.9869082183027, 870.042604102266, 646.2794515049161, 282.98693254741863, 78.6308213672601, -1247.314869316343, -1526.0331730076516, 1854.8304165057475, 1232.0473820882276, 1025.1964055864078, 722.0343558480358, 2010.9736144916737, 1041.9956415750983, -1464.3312933311643, 199.3135698364086, -906.6087006208608, 467.11359837347703, 1867.8546903479119, 309.9321251608694, 1184.165017681997, 672.0976912388267, 210.68118110608188, -1709.9867951456906, 1599.818196986885, -1674.398395192118, -178.5279094326861, -50.82278517960664, 1055.4222304436712, -260.1304710730693, 372.23802780572413, 692.0135746754902, 433.6445611297442, -1726.2749592165515, 1258.627330243258, 736.3414650095226, 1136.5978410105104, 1304.2869612178606, 195.50708888776188, 328.69641124058813, 1259.1765100131267, -1139.4056107579768, 425.7439200401195, 1714.0138933757762, 286.28742842616754, 77.59272911061127, 624.9088297302034, 14.194359374507572, 825.7589935463735, -1173.7745710203353, 1029.7325128146672, 1499.7162735219486, 683.2961825490571, 1927.1043194224806, -1450.8508542480968, 1047.093304069862, 1702.315577583925, 587.9229822315292, 1365.127419929127, 850.9587738649483, 1624.1833173746174, 1839.0972005300796, 122.78805421458459, 1870.337590043282, -1620.0057173580506, 531.6272111526355, 35.98568888469732, 66.37705455790707, 1747.9427142522577, -1461.4009088436137, 1418.9352494083662, 1437.4957720601872, 1118.8503067261452, 726.3475848301093, 539.4605918252039, 906.2541124685185, 419.7599689501803, 1048.2907407967166, 905.607949405369, 1074.1067515654188, -53.021313792464206, -532.9406339355838, 1703.5139794908923, 341.70344694316583, -1086.3065592205587, 162.71276301075827, 938.0572758358578, 1793.865038775747],