{"half_cheetah_attention_no_encoding_sigma_01_seed_4": {"results": {"test_sigma_between_0_05": [889.3232162669559, 636.2938698822273, 271.6937847577482, -8.324146709655484, 674.4448458892721, -1318.315422442729, 1418.1436822794326, 702.2385612093948, -1218.0574174200192, -683.3221428233084, 577.6788956961911, -2170.68776617821, 1355.9782592757736, 249.92864330072817, 400.60010884624893, 929.0478692023706, 1693.5805724235959, -573.0902047955412, 143.5234026466177, 330.9167689069158, -1398.0921767237908, -1396.9909681803567, -1534.6869454247008, 895.9644972000899, 148.9045046651061, 568.7040827171516, 719.0602902577165, -362.6143150887378, -1499.911430380023, -1441.7373139372833, 1120.9238927373276, -1479.205574733011, -1691.8265355274182, -1484.854574274989, -1261.5116590026655, 1072.0143286065834, -1529.340461184714, -472.5680251296736, 168.1627121567876, 693.620419643165, 1181.4770864848965, 666.4503762494936, -1444.467602998195, -342.4375980721318, 1267.7820691239538, 465.50775546549227, 649.4762661563962, -1464.8386330196752, -695.0351011017625, -104.1445826050889, -1576.975778693927, 1064.392280184963, 1263.739252930201, 688.8662478176532, -1440.624611754958, -313.2553328638882, -1395.1156826312563, -1314.3003221546317, 451.53919442911854, -993.8276493670036, 1079.9341822291374, -1381.3845944020993, -1515.760491479143, 732.342478765692, 1043.1913905521528, 1515.8626385631283, -1026.523069919251, -1929.8436326607823, 419.0590159978447, -1418.0919375025865, 436.07345651365887, 180.1623306163345, 1156.3777454464284, -1492.4340616104407, -1535.0715506501065, 746.3018878555997, 1188.3257181806803, 671.2106169674731, -1457.1565480565284, -218.45984373760007, 90.82727129180753, 1026.5462282582926, 604.478196494888, 543.2384400873617, -1463.2616006285466, -200.1015120813358, 995.896734500406, -205.42844418774504, 728.9521760629975, -1290.7410635129759, -468.8824409766751, 1065.6379550236275, 258.58873141915427, -1426.2662940246144, -127.79430862373198, 1393.6751828298125, 261.3420733675521, 1186.6980788662606, -1590.205763418666, 72.3922525362683], "test_sigma_between_0_03": [990.5738943999798, 1398.8243628407822, 1718.0483436863644, 764.1274023531962, -1451.5064534508945, 116.16979116403166, -1471.5434234207435, 900.4828642902232, 1138.7887342863303, 488.1978411420457, -639.5322300581702, -49.163506935208524, 747.7580642236825, 1129.4746014832192, 494.92414228167013, 1224.9553051022517, 590.4570518117443, 878.0688492405224, 923.9276683502819, 518.8541641430961, 909.1029998103697, 1003.6861022501782, -56.00207723614227, 284.52519012864565, -1445.999046104566, 1105.6974551850037, 1165.5421811288395, 1029.0906913361573, 669.3148712879519, 994.3315967510159, 263.6899230381805, 1270.1138310894878, 827.2053385099488, 668.4469553257485, 385.350191875495, 1263.858171611136, 772.7231481813312, 1006.0279150936069, 1204.2447113958285, -1006.7341842144994, 1511.380012035242, -1038.1843803215054, 488.8913147294536, -236.68087787911924, 1502.2977681590646, 1446.266129699429, 465.6033112711227, 1717.8737905882383, 975.3975683413689, -269.9496090078976, 993.056740644417, -40.436272721648635, 997.1677384668382, 68.81465328470355, 1438.3401222602613, 19.610969561486133, 697.3414536262458, 531.171346820295, 943.5883992571437, 1310.9475982697618, -70.09034757378855, -1775.179283663869, 884.800968102688, 703.6789858472634, 1183.1889669168488, 739.0605843575855, 1121.09494084474, -1610.3479439062921, 698.4766248745177, 1022.5486215524458, 830.0172009202215, 1093.5143268864326, 1439.6937944832953, 1222.2791387908776, 669.9570286389028, 434.35198635882574, 1060.4224478004242, 1855.4896277961896, 1036.0174708174047, 35.05223727989967, 268.27511547115535, 1427.9410132836147, 493.0756153252296, 876.4366056242021, 1272.8007622582975, 304.9251787592797, -1521.2003647384115, 449.4343391983265, 759.583725187293, -848.0393507979047, 637.1868815406816, 849.8000005695634, 415.53656531701745, 1369.9717104656902, 538.2061314455099, 936.0314982871846, 62.813299255753414, 204.40464631191335, -800.8053132877353, 1206.6426669787038], "test_sigma_between_0_07": [-594.4607270676125, 1424.0803225108627, -1677.6842562678878, -454.1368928195634, -1509.4491054576004, -655.7575546731726, 514.3199039093903, -1291.219708547259, -1251.9342440466235, -766.3976507756042, -631.9408963639049, 549.4013978174369, -1199.7356853394892, 602.8577691523234, -725.1737332382452, -603.2154440711747, -1111.7109209101245, -516.7416906335989, -1455.4893029950651, 769.9025149755684, -525.4406553552002, 1530.1820431108351, -543.6313289821635, -924.2185217506966, 1045.8823220017794, -1352.5175307822776, -1641.840537805788, -1513.3495102837537, -1307.8434105078773, -7.074484696949041, 356.6176285996831, 753.474408375377, 1184.2087971090675, -862.0885942715937, 685.7204975746431, -1144.573142565533, 429.7468686216385, -1687.4590711563608, 374.84916128434435, -789.61181080633, 643.552075927886, -1822.228562982421, 1273.6306467462452, -1042.013968233694, -1518.8292042790558, -1623.6097730812642, 78.31383177154808, -1791.0831528567103, -1338.0449798861835, -1412.2753024476365, 1642.6283103196724, -1693.5428555179108, -765.6273983018323, -1570.6201978294584, -1186.5856619893905, -675.2271257618513, 71.493983064485, -1862.1591951689772, 435.459592148705, -1656.1152674413838, 677.6428127078213, -1511.9766494040784, -817.456433736929, -265.4228078436139, -1212.8212556125527, -1219.7895163132346, -526.0807606309404, 599.1397587540057, -1386.4097923869865, 1482.7306117238536, -981.3017942298917, -417.69751148684674, -1511.791001473505, -531.4578491224607, -1759.4188030667883, 746.2596527453042, -1582.2523353636232, -808.1897867458009, 207.72528530107598, 710.9559600561726, -1510.1446729706408, 42.824905052886294, -1589.387830364792, -800.86440090247, 86.84513952058677, 242.48198101054203, 696.683683679616, -628.540126355837, 790.1173481322796, 873.1814795046639, 18.23880702223571, -132.75255621197826, -2283.8341157772616, -1532.1049125817433, 1265.7843911752534, 47.14557577368791, -1166.0419964181551, 654.7154444218396, 436.36704400872173, -1511.6805050836715],