{"half_cheetah_adapted_sigma_05_seed_1": {"results": {"test_sigma_between_0_05": [456.39195131479215, 680.8867987430642, 114.0026290157039, 704.4184630992286, 618.5682749221679, 694.9584898549151, 654.1638763811278, 712.8310419055778, 336.9568830996375, 485.1435677862317, 772.6366748271279, 215.20264126664554, 703.4577589294684, 372.8259920529915, 826.213130216047, 578.3637284997793, 521.5200929485425, 763.1293205586849, 706.1218509335149, 775.2663761878255, 557.2853917368758, 750.8815332591462, 752.9181764188463, 814.8111145575225, 640.6284957252756, 778.140700022488, 614.7107610044716, 603.7773930866873, 404.7607745387738, 573.3466579887564, 764.1348106704731, 659.6205019507807, -268.5487289689945, 182.23831918569883, 850.1655677471458, 713.6047165841518, 841.5210020521048, 715.1214133731003, 640.0246908126979, 744.6612344600932, 804.3972762527004, -1152.8382620365576, 544.1049890022298, 488.87270509672226, 672.7506461395182, 842.4014107932624, -1205.623667980735, 701.683684248743, -970.7835501373022, 731.6278768408228, 561.5654701593287, 711.9051519535507, 778.1653001099248, -904.2818947347257, 652.419618258292, 682.5663170011751, 683.7231748729606, 736.0197293831712, 608.038305470733, -952.240649689209, 660.7160389280762, 761.0824710943883, 659.6649126748512, 749.9814783013065, 383.5563285391408, -232.05514757808763, 723.5437895369469, 417.83505611374886, -85.93060508554763, 838.8154452051581, 709.2758491345393, 811.8622935756498, 733.0156466109789, 806.1662391131292, 710.1517055254266, 783.1020050585486, 607.2898910274364, 645.8091321288888, 807.3645537721058, 659.2114020256315, 544.4004289921413, 643.4298282337094, 475.77371254457194, 756.7610667169665, 576.7485000067815, 650.3298011246235, 686.7697611261956, 594.5414529349439, 559.7006537942618, 741.9652602414792, 830.5334973543297, 537.7678061072315, 677.5974123863363, 437.9097609598396, 607.5439355746536, 837.6100403169737, 586.2698472007897, 651.020432019412, 705.202496509894, 802.5586658071738], "test_sigma_between_0_03": [550.8333633812063, 623.561261525022, 773.5354729385359, 864.2249069892126, 768.5578123175281, 928.4042922500564, 718.2108809471417, 512.7149958880923, 752.5544049927366, 798.596666588304, 808.8741258511296, 721.5708979140688, 682.9817796784112, 689.5126789570832, 682.2947830595962, 666.540323605879, 763.294386880982, 805.4105412476936, 627.8373100706972, 665.37391874173, 532.0890051891811, 670.7947813292252, 853.6906830499398, 630.6715255686734, 767.2205225929703, 776.0658886497124, 733.4866067009681, 571.8728350554265, 628.752767489681, 707.2426128647503, 818.9699508157175, 588.4865225048011, 676.5809647034273, 733.5116574905758, 747.5314618690718, 632.6180690862507, 828.375334567681, 811.8521052673974, 768.1646377733399, 682.697040261862, 758.3865685715641, 637.341662625276, 895.9602208589129, 533.4960801500299, 696.9899775585421, 659.3893528812059, 694.5169818671078, 676.8838379458945, 689.2244924236705, 495.06293028752447, 775.3880840967742, 843.2692867454386, 844.2746142139124, 431.87205071192113, 599.5913982483139, 657.3545941681648, 835.7442543227871, 827.5608766321654, 611.33550939336, 731.1212758467866, 838.8330062077451, -223.9959040170728, 709.0584870329205, 633.5393239795703, 715.7691828187434, 625.2155884016898, 672.0922685000135, 760.4660291673356, 670.3518237312961, 766.629211726702, 739.7515402325059, 799.1536148539019, 630.3570869719449, 772.7133950263085, 764.1703123481274, 705.8440969365463, 685.7079909703523, 847.2057504439931, 675.5306638693228, 705.8124369217603, 742.8115739511, 647.6250272432609, 812.261217732555, 807.3883722798877, 623.9831203789327, 728.4619532343908, 758.2735497729278, 722.9644666029432, 612.1054652785888, 838.0755878434668, 708.8103104960426, 708.2471830840346, 814.6496772322295, 864.3974632230025, 776.4606149034803, 623.4580957258366, 728.291735521513, 814.4768408708272, 792.459655718525, 767.3389060451209], "test_sigma_between_0_07": [778.4025902893549, 754.8904711685557, 76.2131950547208, 760.210492166892, 635.4087348775367, 364.2012884090102, 170.09662069139745, -1243.3067997925605, -1382.4789693755692, -346.8800965441522, 666.331039121846, 781.7287945419772, -1152.1641293083167, 7.094859917645259, -903.7319538727951, 416.7593171407786, 663.3469670040454, 393.3619916222013, 546.7912418907725, -1281.0837049107522, 768.9500889505863, 658.7571089560256, 625.300135802198, -1115.6656092711692, 823.8646927254855, 185.55201346642284, 26.60105159189149, 581.5049999776537, 538.5610611121733, 648.7520524090505, 640.1155573293669, 751.648381106997, 721.522391442958, 565.4171840786337, 701.791911901053, -1309.912658489094, 714.2413712742506, 676.8375841604399, 523.8991847610537, 622.6598348102285, 612.2650868033726, 343.9921614459537, 770.8167835770095, 783.4492157157741, 196.4619071336974, 629.7125228012095, 523.7470142697496, 186.01190898560725, 693.2946756457397, 438.70725488939485, 481.5751016130948, -287.23840120585396, -119.60785682311682, 600.5041978687818, 136.4606928222217, 774.1201829761657, 534.4921408022078, -194.65028794986864, 633.3140475731378, 626.7954602325311, -462.3222508733405, -1125.183953805558, 581.8535441206201, 368.4697296403565, 567.7799635586873, 845.6035022711949, -1306.3197786951616, 699.6226938345076, 628.7227945997919, 584.9642149300217, 486.6397414969092, 811.8762655783397, 498.6524917139784, 925.5013161424974, 249.6966720554789, 722.8847195694145, -1215.09464065615, 405.7494917827938, 774.4629950140887, 566.3656859046633, 676.1427673742032, -7.886268766374219, 790.9431554856811, 729.9931044379981, 447.3219396903168, 540.4622718080269, 239.0345022426233, 673.0655536417154, 16.047146305235113, 671.2728728546177, 561.7986044655412, 611.7971235739935, 641.3856786325352, 688.4604772863574, 594.4406770892962, 660.9827272953704, 564.7807758695297, 566.9909507301511, 227.35109492442393, 772.7892044020017], "test_sigma_between_0_01": [688.7466551052966, 739.3878715197978, 670.254591884597, 733.123138094815, 624.2941045582193, 691.8725829168613, 649.54438171982, 684.5889294884339, 718.2293232853095, 777.5225076087144, 693.3976239392034, 778.3843612611545, 732.1493908460577, 564.5555804281586, 730.5222774159304, 686.7778726828233, 665.0253886450103, 710.9907851708906, 777.727930020438, 780.9764309513436, 683.052997179283, 628.0402838320872, 737.1260777727259, 594.2700552548891, 703.2972419188617, 685.3965702451995, 643.0431469648953, 577.9761768723675, 752.5095040412824, 745.5733106151279, 600.967817040861, 846.6099865275311, 702.7751676281742, 747.4641559368508, 684.0221509629939, 780.954291427074, 709.1749143834069, 746.5073530400725, 646.1425365450951, 710.3563032403547, 781.8935145903271, 725.4174494919176, 783.2880427411048, 639.8414605855936, 641.1882525323525, 593.0531014469444, 727.7495514786849, 673.731707334085, 727.620090873242, 680.134781975793, 669.795093759605, 822.7544632078988, 784.6924956092653, 676.4263034216806, 735.1298736699847, 765.610187208983, 740.1918297864817, 681.0189518365098, 747.4282926730845, 683.2016161466067, 647.3171143539406, 631.6548145115004, 809.4855307820152, 692.9642631804843, 655.8131499818395, 752.252675209417, 736.7649430724645, 661.857797244904, 854.3210569393204, 702.0784075394276, 644.1754478732897, 678.7739037908005, 668.1831977238883, 781.0291624264005, 733.876110122803, 647.7079117205033, 787.8253326090544, 680.3883066200848, 784.8968404752549, 696.7587005311893, 700.8408883942848, 643.1171510635519, 780.2220099085492, 674.4165240757591, 782.337128633049, 596.0029194335538, 662.1675454515037, 657.8834333432417, 674.0645506344775, 852.6529074789544, 605.5437899291248, 628.2240627253556, 717.137767729561, 669.7074117111254, 684.4049052529031, 680.5123229834426, 829.5364895879587, 833.9766971486738, 730.1437578797799, 786.5029419776588]}}}