{"half_cheetah_simple_sigma_05_seed_0": {"results": {"test_sigma_between_0_05": [574.275737268665, 548.3965692991596, 14.506905970280046, 679.0370011460395, 715.5454805554252, 601.6491530099221, 657.7201407952402, 734.6996617058079, 302.98894031089156, 681.3841604696281, 662.8984419570517, 250.24878730399564, 656.6800335870518, 569.8258411526555, 604.3474848333694, 465.42376704508905, 568.1417813270433, 653.429985578603, 463.52277843395717, 438.9600819937526, 547.1482429666239, 622.3522289308146, 603.9278205886708, 626.812292391054, -553.9199759117456, 666.609792955015, 656.6443110900641, 643.5349739737825, 598.8516265627983, 594.1366301513327, 664.4808191078462, 575.0260279649988, 164.16768677986406, 764.2742133516062, 667.7154195187942, 572.5622074749734, 767.9754950167478, 581.3453108001996, 660.2903339358828, 504.8719799189753, 585.3924410467208, 704.8759248100483, -1247.5239674735171, 581.2134581004535, 599.3231738121493, 750.8802809837343, 582.5136728487886, 546.6119510851344, -766.8463985909493, 852.3562043324891, 744.6525332979152, 666.5457214905086, 686.7535417667964, 652.324888841189, 640.9232817335906, 672.1805488701525, 502.4097242831008, 607.9909015041799, 441.2392202283109, 505.0467449783117, 656.2931701433916, 772.7428856296324, 693.1536275836215, 776.080136997796, 773.3695199946916, 660.440433601062, 645.3500123315486, 539.3031120032299, 446.35729975322323, 676.4097063818762, 579.4039101896728, 560.8827129325254, 761.7424553755578, 695.3786496002139, 645.074440411544, 479.5535358963863, 467.6272229706667, 421.1298772734835, 642.5867242170881, 643.9903803179631, 527.8308079290982, 752.6321732903739, 476.41616808842804, 536.803881503026, 746.6625885635952, 773.9337119890146, 630.557502858097, 528.7118815616014, 469.8064727062028, 642.382271950355, 763.4447075000888, 667.9902827511667, 559.787025996926, -1066.1573521441294, 640.5300729137383, 578.957078774175, 407.2994056621869, 554.5972049851858, 677.5370082116378, 664.1312821975472], "test_sigma_between_0_03": [540.3820788376831, 582.8231905422268, 572.0532331244934, 738.118412283393, 592.337603548568, 781.5078268770039, 562.5568304361022, 569.595597337058, 569.5269677113866, 453.6037023770434, 569.247373799508, 642.6915131542237, 585.1773084022007, 454.789940189403, 559.5135263751837, 575.1993484524578, 758.1628455581638, 747.3678978640535, 687.9437704858011, 752.6244335524725, 476.39396585101, 651.4262845844922, 659.2666138056691, 775.8052735269275, 610.5940412765331, 578.587603828251, 552.8521761865209, 575.5215186849156, 469.9653939362001, 760.6241921696314, 533.1938188924191, 635.6611631115758, 652.5578193528571, 602.8300215972042, 601.4624860994325, 567.1570320979274, 656.0045855520478, 627.0568344850914, 651.4215711852818, 485.91372626681937, 611.9203046505326, 580.8265598708543, 669.2187886180378, 579.6320714001571, 655.9964875660377, 653.0868335443513, 511.9897406145767, 262.5653870975391, 667.323633730971, 574.8361925068526, 783.8415483826725, 557.2805599954895, 468.9223536276465, 624.0624274117573, 574.6305593299857, 669.1429109349583, 657.7924538708813, 575.9190202007754, 573.7394045549577, 674.0946978778117, 571.389182058413, 115.11175321332702, 578.0672443073834, 589.4234914222161, 581.7545542193108, 667.6148059317031, 566.1496326373273, 597.5126385362091, 677.4463609473521, 769.9245807967147, 514.6255928542319, 763.4459526010663, 459.3530378226097, 670.2983277792584, 646.444735516275, 750.9734283450363, 653.0405626268813, 552.2864388982123, 765.166671342147, -52.503877186791044, 470.07906822051007, 651.6841697474148, 561.2083508326039, 656.1749722883403, 574.3356435048621, 568.4105620736213, 667.1588128244225, 674.6353729948329, 575.6685740374763, 756.7584891393313, 475.3180547572949, 660.8142887778466, 608.0822269888342, 559.4859246741794, 496.3680481303697, 656.476494578949, 644.5207350780267, 659.8386683435913, 565.0355882684116, 580.3773876154385], "test_sigma_between_0_07": [616.1713916261425, 577.5018244296915, 445.54712598513333, 767.8181883444025, 726.8548822521254, 580.6971115875725, 551.2334411972205, -1305.7586924935101, 68.84126177774725, 526.7722650740633, 623.6526014008303, 480.11527162240037, -872.8224352729003, 740.7235934158457, -1242.3532987945985, 652.1821751736038, 490.9306227120398, 652.9833096811632, 36.34944633603592, -91.42937714881997, 854.5637303681324, 663.6674877633014, 19.62603190612836, 479.9424894607479, 654.2359919709072, 614.621690291505, -1041.2831530054218, 862.3371369991501, 541.5177395906865, 571.4529343579078, 685.2094288683272, 724.4118569074793, 649.478849570836, 293.83849622386634, 666.40667555152, 414.1511612483667, 546.2632400721869, -1697.985015557108, -1135.060339295373, 594.7232952433108, 761.3755616209914, 378.4910070954473, 660.0814893463197, 597.1313209447844, 266.4914778555349, -1124.3701269221192, 461.03591031092145, 595.4929600576654, 646.0643518737289, 330.101246558926, 637.6383748716975, 229.22734574205532, 441.529381120938, 742.6452605827712, -194.27030338289626, 725.2193538389932, 454.4284077459577, -106.33005693482605, 700.6575046655271, -1388.519078359775, 612.2489778401941, -1261.0626233443877, 693.8129269036763, 477.31864862141674, 550.0892737766266, 488.71959459846414, 434.25718602627006, 669.6142317345635, 598.5233505118209, 559.7316620791564, 537.9549839895718, 702.6988328648811, 653.8661842167552, 696.5172330341743, 168.95535771356657, 684.0711696336518, -1450.8457907955549, 558.2027741141301, 608.3585433363108, 639.1967147768489, 605.9754839020507, -1523.3071301961058, 704.4513518775033, 760.7760209165643, 664.9424612971314, 533.5447729194725, 728.0138389455221, 854.8173753322168, 737.0250842672496, 571.8050410840277, 655.5846731224548, 467.15500426504286, 457.7347518591883, 756.5945566613751, 523.9429499835355, 625.3944131812772, 303.1029970058617, 466.7085179450801, 336.79066910742813, 832.4971338882099], "test_sigma_between_0_01": [670.2120983932755, 580.7778653006258, 663.4144686415865, 576.1534005527451, 650.1897862011972, 721.7949045034859, 591.0122098266797, 577.0318754426861, 578.1232270660313, 662.5644833305089, 670.5501591707022, 473.22842075094894, 587.923757990509, 713.7725039456207, 585.6885146247563, 574.3226175023156, 582.3391054040079, 588.1508442581077, 582.0485208820749, 682.1689415637259, 592.4700892153892, 578.6946888135176, 583.6075570744389, 680.7518111008721, 587.0326565005926, 707.0302020768371, 669.9210812899172, 580.9516815893161, 490.1129060840295, 573.922858686212, 728.7944057196014, 582.3391995444119, 581.7419017442267, 486.9527504665849, 584.582688182465, 583.3978310148375, 552.6732884028493, 671.7442154578672, 494.91080626111636, 587.3220926455979, 571.2606640737969, 687.9444496317619, 499.1463131756055, 583.2520081140791, 579.9408860180356, 433.78677367077177, 682.6153698802848, 678.0696127927151, 714.7515879536763, 569.892693993255, 512.3983606540918, 481.554613797038, 664.6704016877619, 583.8403561639119, 585.7639899227238, 473.87212297819525, 587.7535866255962, 663.1159247592975, 586.5719503218459, 587.0342902566941, 667.3426958390634, 508.8205460644061, 585.9065221083895, 581.0259109563304, 585.9168866392253, 587.0818725179636, 481.6686348870525, 580.3260016389585, 639.7201802170887, 594.855962419326, 487.993298114847, 581.6838597020918, 578.5323810263898, 526.1724288435875, 586.8393490919252, 580.0889703014026, 483.6659250879329, 579.3679711466367, 583.2456415062995, 466.6966772978875, 697.8295062220595, 578.2754376683907, 671.7376418782522, 585.7183667152962, 682.2186803453199, 583.8997535266274, 571.5117416276586, 578.9797296217787, 583.2329662744639, 666.5189584804768, 577.0580093623034, 659.6700367869729, 585.596261259221, 589.4814567371832, 510.31748263771, 486.06994438384845, 681.0862862206193, 183.62508295247238, 474.5802581365178, 584.9470551964205]}}}