{"half_cheetah_attention_sigma_05_seed_2": {"results": {"test_sigma_between_0_05": [86.48244275627506, -930.6628144270901, 496.4665479503531, 520.8639469877656, 672.3956275549444, 728.813729009564, 728.4914471980624, -9.81908754573367, 531.3441677283955, 676.4330058049542, 673.2381335679862, -1436.0806760248345, 593.0081247688533, 559.4206705741715, 759.3920175829528, 675.510624212729, 591.3328148604152, 696.2563298253655, 573.7755899080423, 443.22376188208733, 608.414428752566, 752.1444452478469, 745.2614098453307, 622.538449205367, 691.3254207126075, 302.90829393000774, 532.3960915615316, 767.6440655797214, 675.1449119236489, 400.69099323023994, 688.3298292772663, 699.7280095293381, 466.06328909560966, 759.9146662365513, 768.7197527031644, 761.5609569399131, 771.7648986410293, 503.15367685448456, 753.1775924523455, 731.2610843707726, 751.2917524282202, 630.1695905617726, 755.309087473736, 550.2590311684639, 668.2065782510832, 684.231711569525, 330.5027261294026, 753.5554632551879, -1195.6360201759085, 746.89353481429, 761.5469247915482, 655.5652696824425, 682.2849689295538, 337.83113126395966, 659.5467726117433, 769.8240367829793, 717.0043555407029, 678.5436198936194, 761.6196415382544, 197.4890750608786, 614.8658731763983, 769.8947513184683, 693.9924517873561, 753.7352798494346, 428.7248240642073, 616.7865522273129, 484.1136190346882, 185.50605716492626, 474.0385535716192, 667.1847914209375, 551.4906483490745, 605.8717025729821, 708.2880257284348, 764.327717413645, 700.133382612175, 757.3621122833345, 657.6716245525425, 596.6324274397583, 764.6346655419361, 586.7962085014469, 401.85657986413855, 676.7668624275111, 676.4152516615546, 619.6162456606459, 705.9389508304868, 663.4116887404747, 576.6796956082982, 446.6133195629661, 468.64788831123053, 245.40385771196293, 672.6562949349011, 635.9868354423847, 617.362047294054, 618.6288249609734, 570.1534140726296, 674.9076780507182, 608.2883937274796, 549.795279104356, 759.1056902110482, 666.346228611801], "test_sigma_between_0_03": [754.934961978005, 633.5217648814769, 538.5789097727627, 700.9273168832718, 773.1699630067925, 718.7721005837934, 743.9203037745141, 747.781957267279, 765.717697071344, 427.5822192658224, 762.8919588945347, 690.5526246080618, 598.9263690230573, 476.1094428387096, 722.7388258193838, 637.4712070725367, 673.1827057478804, 763.1316681023619, 718.3267332909553, 678.3729929472405, 430.0176791556539, 728.4933677044494, 161.26718459664676, 749.1406916542354, 774.3456356653932, 598.9126865703705, 737.7942704423623, 568.9385937876546, 697.1156541399961, 747.012973880971, 595.6685518461117, 327.9179524352639, 647.2971654847636, 755.7115611566473, 673.4919698635605, 686.1670369594002, 634.0797680962055, 615.5335545944546, 586.5370966704437, 673.9106682481901, 689.3370021174688, 532.7418370308063, 668.845866711414, 701.4396387678868, 733.4838918382413, 588.4261081514202, 671.4461161579746, 564.9031083795115, 616.5394353257822, 702.0742992693141, 772.1838615773839, 419.72383929152005, 616.6039730514767, 591.0836398579183, 333.76253147378594, 580.4079734464995, 591.1857315665285, 462.69994394749705, 625.3002122199567, 663.7476253879892, 669.7299462481038, 326.67190571325665, 754.6471594131657, 615.7683037340472, 516.4678937976987, 592.7801217539907, 697.7546361319982, 776.0768797242392, 683.4614412739472, 771.2776576655281, 674.4210075565882, 664.9401499199117, 613.6912592100186, 618.1682610949588, 403.7474329888546, 708.7119544990513, 670.9074756721841, 688.2905244023958, 702.723303427444, 492.6917585286693, 752.4512942609532, 431.94188061097555, 730.7065253303255, 594.994957272905, 759.8721945429111, 526.5887592214593, 716.9000847158228, 597.6695853246011, 619.7865205015412, 772.3935937571794, 708.7835627030419, 649.1414518938935, 550.4549254861255, 304.5980447112972, 674.0252272529144, 722.1389952953034, 472.75779194231205, 767.6929499711262, 558.1379022360861, 754.2891166422576], "test_sigma_between_0_07": [768.5672725989917, 619.4556132874484, 58.37983399977682, 766.6920841518668, 621.6511218840798, -17.96186828112691, 672.3293985903318, -1357.4878598130251, -1330.2571246037282, 584.3169751100008, 696.1498815350598, 696.4433977034989, 643.1964062648807, 688.9468040460368, 572.678592718165, 690.5485078968301, -1115.8366375324108, 614.0946931312428, 742.8742494817442, 501.8278951719209, 777.3383269459569, 605.2560083926501, 652.2724671857244, 700.4260031756469, 763.2819192564153, 732.3858715781377, 657.9624403163396, 670.7264251201568, 549.933844192109, 653.8229181967079, 766.8008824652004, 360.70485478662954, 587.2327687872072, 601.1036461044116, 87.26151511753405, -1094.579543530016, 747.733536560093, 667.8689322220046, 545.263250919373, 764.9593500979771, 739.3544755164157, 741.1156002240851, 617.3836529189126, 680.8306732910452, 146.66505781815664, 618.6416168088879, 690.8201969431906, 763.7674989125101, 750.9786937476869, 654.5278192190048, 620.6755577604848, -1998.2959246165415, 660.4381380129046, 675.7871327363551, -1026.8044559088673, 701.6853709939198, 740.8613454955354, 744.673050143494, 639.5758375967035, 714.2383258732372, 611.4504709685516, -1324.8272713627562, 641.9751362864333, 578.6046728545226, 139.39826985358863, 682.4758577968926, -1294.990089032685, 745.8951542628092, 765.3022563965243, 608.1217778774327, 681.0667921535953, 749.3186659084287, 474.6145321259136, 686.2370107996742, -1439.0840554243553, 624.5376687607472, 693.1260981389249, 349.15166035538437, 440.0600406035375, 496.61620058667177, 766.9710086915319, 416.7213649020015, 772.1811665558181, 756.6574558781023, 574.3031662994209, 460.5210288544362, 658.2913950979735, 770.4842688608568, 750.7443025377976, 708.099625664029, 737.6283276459488, 504.1659593362987, 547.4384642429209, 743.0813082442271, 577.8598081026287, 532.2616081268467, 403.5376303850337, 631.6466813455463, -1084.8393916784826, 771.1015382493223], "test_sigma_between_0_01": [764.5614974857974, 550.5364765017823, 760.6553625463421, 548.1847226738217, 754.2964624734915, 753.743532944843, 755.5585252452969, 758.0213275150727, 613.3744686410981, 588.7286781054056, 574.5474926289155, 741.1226764020743, 760.455342522241, 505.0048792889772, 480.75222635447824, 762.5233686106163, 566.8314139968862, 556.6943151904851, 388.4370951816863, 757.4296748771607, 760.463911343782, 764.2294335530127, 569.6523135124381, 757.9081440920049, 763.0466621762899, 667.1232801486426, 754.453398368649, 530.8689198343053, 389.9314635140141, 615.1602828017959, 477.8326059430399, 599.4201679965536, 757.8055038933674, 755.9998666329809, 762.9847805171096, 712.2887656560185, 761.708352813645, 764.1467908124873, 577.9923065168475, 754.7712886605103, 752.7266660772252, 755.8999120064133, 574.9757640742951, 424.3962125505448, 754.1678284849451, 738.4693726212305, 254.96905283690415, 683.4076723147892, 751.7496873373454, 757.4702769226207, 605.3333147515073, 747.8290217383694, 760.8375245779469, 556.548293709383, 751.5789671479328, 750.4805074109853, 525.4075515328603, 623.716514911176, 563.1351312218851, 752.8153907410059, 765.9788479803194, 575.0760655023047, 584.5631399908397, 628.5891195123788, 746.9481919863256, 571.5163658461748, 652.8311993800604, 652.3267741039853, 736.4971396012335, 440.4212157482258, 751.6033872321229, 727.9651042190391, 749.0491430480531, 746.8853595547698, 757.6505286959843, 605.8899860492206, 764.0372326681963, 508.7764263957535, 711.5870802247865, 532.2115145453038, 576.0237891616403, 553.1020471421342, 753.7919626713116, 755.462644149649, 732.8200507318031, 681.2158661563773, 676.3567666032257, 757.6567884216274, 755.0077449677153, 628.7495605733315, 729.5089148868097, 481.6068393161823, 601.1676078631889, 745.7689294450252, 656.9604004760947, 521.087795987746, 451.2043127352398, 637.1872825442941, 696.4054256265063, 461.40885458709846]}}}