{"half_cheetah_attention_no_encoding_sigma_03_seed_3": {"results": {"test_sigma_between_0_05": [598.3543992705289, 1143.7294469274846, -1234.1757259565668, 358.26348460179304, 777.7156261252446, 506.92641793913214, 1256.4914381183273, 745.8478388382546, -465.8064452760479, 231.52009798726021, 645.2013008131895, 900.9399994523893, 1249.723984370353, 765.6830773750285, 602.7853729919935, 1434.0086762720482, 562.0203052541867, 1169.7544280143636, 311.63677649849734, 301.66132678336055, -867.5423726715278, -1120.0823164139806, 504.30407420463973, -176.99683907656123, 608.4499353288313, 665.1280549849661, 538.7172356657768, 247.40185632955178, 338.4253861907923, -317.29034268100753, 993.3548922183026, 259.5401850140172, -1500.8187386066854, 770.9175154576814, 658.8091658666212, 1452.7895032726954, 652.6889647971685, 592.6463690024144, 499.17469511960286, 1106.6635106438077, 1039.4238566275744, 542.6714422450971, 974.2496476657692, 355.95987350331217, 1157.7756852976927, 768.1222356420734, 658.1684113580006, -232.74007814083726, -1316.459934741708, 594.752535437168, -1441.4646258877985, 1196.1776089482964, -1394.1585714658843, 522.1861433655391, 377.5783622047873, 427.16748804875016, -673.3187030000161, 505.647155176473, 1453.4327491988877, -1349.6576402970982, 1372.9856434967235, 865.5735747493616, 489.0088194745844, 836.9063358872701, 1264.2429776431438, 1009.0213010011508, 456.4522517073061, -1603.6219402327006, -1583.0903517447846, 552.1655902232241, -371.3242246204772, 379.94261679573356, 704.0558436847477, -1517.4852501009811, -771.6808001388703, 456.48539510180126, 1242.9845443593435, 613.1811080352275, 679.5281413962114, -1148.6479592409653, -24.576737727905016, 698.6380707677539, -1338.3088698112, 155.46549210289942, -1215.426384827925, 903.3455607145848, 790.4964689840969, 1159.820004169801, 737.5334780152637, 712.0486080554539, 659.2032907414974, 1387.8949801455421, 329.6101503503692, 376.8311237232617, -358.0587165349323, 1123.686542701726, -1410.5725171856295, 931.2371227061041, 1141.1093902372384, 1027.0361526212223], "test_sigma_between_0_03": [1227.475726633939, 1202.3120107637806, 1061.1382990018121, 817.1018544195978, 620.6774698893241, 277.0660324713926, 570.4744126176446, 802.2482461617802, 1431.932917292218, 610.930003632842, 499.255832142754, 449.5456830714959, 1217.4384374989024, 973.7743596257174, 1361.9565924433216, 1166.6666427600135, 729.0197882582669, 1143.1135750141787, 1343.707329223226, 735.4608623695051, 1161.3848082646634, -796.7646723866125, 119.51491850358566, 1061.3440850998948, 580.3677620471581, 1319.6066799627522, 1511.3260429615857, 1185.1910637197302, 1349.4711412856436, 1385.1081035682046, 532.715053086641, 1151.3904182782405, 1241.7396462260137, 859.2488487882314, 811.5504666564551, 1203.1476820249977, 770.3142287921156, 969.0706751683167, 1038.6651100182175, 601.8416202187609, 1160.554163679638, 542.2141428619585, 577.562477335601, 373.03989987692523, 813.201055338594, 1129.5553545635519, 654.3472577943749, 1157.9794366249446, 1204.2866805585693, 1161.879708752852, 684.2002827540557, 400.27305796603235, 702.8635599159256, 1072.452157996771, 1314.1683898774531, 580.6238503126658, 942.5400562424653, 636.386554410742, 1371.127913854621, 1230.678729439915, 237.23241424224523, 903.4348209519283, 1342.6887327730933, 1206.874618144287, 1179.8079963184662, 442.3017374826582, 789.8604649421666, 628.7144456528706, 696.4780181204287, 1463.5028351003716, 775.8452710607443, 748.669483279791, 658.9334194884173, 1360.8289242050662, 692.98439892045, 775.5765653998587, 1259.0079440748814, 744.7464820361655, 775.5889504767258, 637.8363931751965, 944.9307343609221, 1116.6905811618285, 799.4981112489344, 1229.629337528586, 1047.4128433621113, 240.19295008351247, 555.0902504426055, 1364.433365206253, 563.6605536429179, 557.6066653039558, 373.4541656923793, 716.2609983475348, 623.577725210399, 191.3025333101091, 646.1230536243494, 1422.0050780445717, 746.8369833379821, 646.4260698671815, 231.45025469084015, 1421.3646331924592], "test_sigma_between_0_07": [-1373.2209022695392, 958.8823602573798, 496.29993583256913, 672.795704039774, 238.44533517750097, 487.91081821003695, 264.3499249858296, -1314.338955512742, -1383.0325887539109, 470.65228909567884, -1395.8948432337147, 595.8310602272417, -1354.2554587097457, 624.889457842869, -1404.2029343403349, 621.4306649489175, -1427.8193766375866, 95.07502337362818, -1397.241178710939, -1446.0792610068177, 751.4176937905655, 1319.4056984448064, -744.4946913797769, -1364.0045874436366, 1407.706086216375, 322.61735715036656, -1398.5957820380302, 468.66407937672284, -1307.2533192704689, 414.9375168368264, 1112.050731894391, 713.943683943878, 1223.3729983712042, -1139.6248673103703, 773.8981126724475, 42.007664449872415, 1428.721148462431, -1421.098817822231, -845.9179171641078, -1381.6392001791703, 609.713822424848, 218.80585724689914, 850.4092460802875, -1143.0783878904583, -250.1733245156149, -1375.1285866414569, -649.6066391420624, -6.789714107493341, -1332.2265901085354, -424.1358433230099, 633.9795468230475, -1397.6626314614143, -1307.2387806997874, -1404.5151545817396, -1283.233576757797, 500.96827516025, 1335.5293409230976, -593.0016744660965, 555.9327385914638, -746.4705419104484, 642.1489051210558, -1313.2576937467384, -1427.8477397991287, 194.28074024911098, -345.25248737995855, 453.8326750421626, -1547.1404010958286, 730.4423390654005, 736.3223513575564, 680.4507294580519, 89.20815180866141, -1363.8856062427474, 327.69564319824485, 431.70603792778815, 889.0865358316744, 378.25689675565434, -1505.0568589871395, 824.2115947974064, -1305.6498272053518, 475.6765375007674, 628.5239522135274, -1137.5755480128373, 479.66589863719923, 725.116962212262, 1216.8585170163606, -1461.84498448622, 545.9657620956535, -1475.9518588466776, -1344.7607838756471, 749.700916035046, 495.9044493775118, 1225.6609229897101, -410.77269592838354, 509.98440300808437, 1230.5925683192283, 366.03018280766855, 120.97275475297761, 1458.147513670747, 696.1258086889935, 877.1243234710944],