{"half_cheetah_simple_sigma_01_seed_2": {"results": {"test_sigma_between_0_05": [213.035811583113, 1032.5090648634962, -214.42353851355165, 667.9434966972427, 777.0841402065245, 518.5675603763339, 1260.6720367969597, 248.3372785376197, -1392.11875507767, 1036.2400639848763, 927.7664098946494, -1387.807183637007, 415.8117050827782, 119.22293105567948, 1034.8322069319227, 1369.2882820035204, 180.04659849720343, 964.2121719719615, 989.928874576212, 822.9213746916615, -1111.0727219257399, -166.68681872087484, 608.7601531514159, -476.3818380414031, 462.99574844509647, 407.52650163775763, -1134.6358443908464, -223.3468682186536, -565.3971701913315, 329.28379211566636, 1122.7304204321904, -464.4826360762194, 145.64240737160287, 793.8594707003633, 230.24392818175653, 1653.4094271263714, 171.61962145252735, 497.1043321852445, 804.1885503903165, 550.6358588135979, 1377.7287015252089, 240.61990583899743, 704.7673303223427, 846.6184001049575, 383.60463417250327, 1685.7413687001895, 80.4428481553507, 508.19704107401384, -5.787518203315196, 975.6310954910449, -595.9416009464418, 1151.5083249663141, 690.0191680190164, 502.7119567104157, -898.869296989345, 436.71452497783065, 250.66905300344084, 799.2247953349837, 806.3758816592625, 140.28959700523723, 1247.6994908604727, 923.871074562481, 65.03457224069868, 1361.8799540544424, 1429.0357029095944, 383.9281964499083, 469.1176295636389, -1565.853533411176, -837.5590917140753, 322.2033753161868, -32.08693585343722, 841.6186339335405, 1377.2436087720685, -180.64438597859592, 457.6505448424651, 810.742713249183, 556.8125014376202, 174.32884521627238, 210.424193824573, 43.258670032644226, 528.8143303232199, 1628.8605609497033, 1361.1517860045476, -1039.7162542865062, -491.0477514279995, 266.16377390225693, -962.3416851743423, 18.433745772264736, 1291.6875935900346, 53.744940132563336, 1022.1358957695132, 1036.599057544445, 716.7705468636415, 373.65000926337973, 602.5175718647147, 1473.9517330728688, -1032.00788518781, -569.3493341519946, 1374.5289935170838, 965.0711344525265], "test_sigma_between_0_03": [1524.5899441796948, 704.1906782552592, 964.9033814580961, 1384.5288557910528, 242.91593997657026, 978.3308030362632, 983.0862637023122, 1468.375029821925, 1700.2129198886291, 1403.9545084702247, 850.8156610297738, 1261.28346893093, 633.5862063865662, 36.40485488716169, 839.6302311918406, 596.2078005497692, 1382.1728786826534, 1683.843821079537, 635.4631700230993, 696.1762080304153, 900.0881041358498, -1192.9802657480086, 465.5420955431991, 659.8216134554413, 975.7883220199077, 998.4286739876125, 1268.065518266782, 323.96855118372974, 761.6106382821727, 1435.9983054003994, 1224.0958480169777, 1574.5231028174676, 638.6018159484628, 1573.5327135803207, 577.2486760698323, 902.4767337343415, 1374.253623947398, 939.0014836405539, 1435.509494321697, 807.078995532617, 1147.3648185047316, 261.3453522730953, 752.0595422304374, 936.4915856779103, 1243.6449003567398, 529.1706786664668, 960.1078322522301, 1112.6638260664024, 642.3698203580523, 498.3448890671092, 765.9365229512679, 1039.1828404922264, 1004.2616063794482, 573.8235096790783, 1142.2637563512794, 907.9202518119532, 853.0562896458019, 1076.415619511103, 1374.639722490012, 678.9991195705284, 1082.375847469859, 282.80788661015833, 1358.1032206269015, 592.6531004684986, 1060.15633362485, 487.1037077211824, 1328.7731932954246, 488.6309771067532, 1191.1798417355992, 1374.892417291463, 1668.4966947678117, 1478.2744420026092, 881.4387995529687, 1503.2818453889372, 494.66512094446574, 1217.3199657628802, 676.9713362820169, 1699.4623970509567, 1258.1374021161466, 818.4281982407118, 1079.3696684770941, 649.8478716423, 1276.2784302191765, 1012.0204787409207, 1699.116602012265, 431.4869597508131, 765.0005226091342, 894.7463537000476, 693.6857932038954, 1229.5050800099839, 890.9324803776675, 995.9972827567792, 702.6744981271621, 421.7349837266021, 1233.8734799589117, 1339.709784219732, 719.9309330210187, 920.9801510675318, 183.59170488530202, 1498.751724370502], "test_sigma_between_0_07": [-74.29780892681175, 937.2374781279533, -1570.3959407179932, 1079.7104057508304, -1589.479184565704, 842.8547157766199, 373.6499826794796, 60.79111047159374, -1359.6449907625506, -721.2476454650214, 546.2672870385109, 644.3059304159464, 489.97649799005063, 177.63123102010977, 222.96645454421363, 225.49773178189642, 467.86364143957917, -1378.01849761521, -912.0315270971662, -1494.5651449233924, 591.7579393818249, 283.80779098622855, 84.21936465495085, 617.2464776591919, 1669.1053321895572, 184.4965129255359, -995.208913483895, -637.7306150075616, -1061.4437771672842, 581.1107915190976, -1413.9813314131407, 436.5348272128822, 661.5706603961638, -753.7634303431132, -1170.3966642792736, -1142.3654632522532, 1109.5692051985422, -1620.3812462391131, 334.3716477801475, 618.3432371536908, 867.6114321339059, 469.24153626373885, -992.555497425768, 558.7954251756702, -216.58762245375365, -1551.6233658733656, -746.5698613033453, -1296.0701381755077, 506.57358353238686, 316.2572488882176, -1207.7444587301422, -2018.7418799006691, 712.7837877196176, -1424.9521242827996, -567.8061778486211, 558.7751235267098, -969.2319665123947, 222.20667488606108, 507.0884919357446, 369.1916002942073, 375.9425325779691, -1201.5838674348772, 611.8458854356556, 738.0735423888847, -86.70648050072043, 644.8695487638496, 464.0598893847626, 528.6785912037479, 185.54439434610984, -683.6305850626427, 568.7571332539326, -109.23314284477982, 989.6202364480635, 909.2435393904323, -1194.1275687274117, 1384.8444150241087, 531.9128216161976, 447.67769956478054, -886.919863865858, -610.9631076372533, 618.5547195533728, 167.28762107626554, 728.2263091867944, -1098.5634201913433, 270.5052984690235, -1180.8738106401215, 707.531861677012, 22.75148789223456, 671.8068801220147, 985.284978800296, 763.5379589194771, -66.87000192708392, -810.6161619435616, -468.27546136454436, 660.6215284524678, 262.20839516438735, 356.89550146530667, -28.913659675693015, 290.06750018297436, 992.7383188317389],