{"half_cheetah_adapted_sigma_05_seed_3": {"results": {"test_sigma_between_0_05": [455.6633757253496, 777.5175973991231, -29.268336080069993, 484.2546720809244, 823.8104094716464, 774.9545283546933, 717.7922371561189, -180.63584650880838, 540.2743035714506, 809.1624841298329, 877.8801664147179, 119.21223306241892, 653.9073728964113, 636.3944788887942, 816.789139570086, 659.7114682090235, 579.0702244058513, 790.5077594399874, 752.1093021967281, 126.83140169971891, 164.80076081549325, -1111.4763356618676, 770.3977797968456, 682.1061814147406, 832.7311055932175, -143.4682401537394, 568.29698419601, 759.0733995433197, 497.7617671195299, 21.24391150607281, 787.9202475634486, 639.9018542725923, 192.3678117818331, 650.9683828986695, 786.9154955874535, 756.4489116102201, 694.1723409176068, 180.03182971796915, 867.8564758965542, 664.155481774469, 777.5076807202587, 391.44368567760847, -1041.2952339853016, 581.4798571208004, 707.397228325017, 605.1042599990254, 116.51913056714395, 745.7155183544705, -557.0511602687208, 774.4747748521839, 610.3102513764808, 672.9181658833211, 619.8777406185883, -37.788877460660295, 793.2045281476101, 673.8190602798278, 778.1857612611794, 834.1046764296799, 766.9382044572671, 441.8653640988162, 721.7523744712802, 770.3740011944332, 747.829180155356, 780.8702203508379, 676.0025437616325, 393.51731078409017, 215.8660161487078, 121.37793880590054, 468.8045103393367, 793.0452903565279, 640.5458237923804, 675.7294803766453, 866.455026220674, 713.9616326774864, 826.3904155865354, 753.6734109201102, 734.5549839330017, 582.1995259806969, 629.1699666433942, -47.079133091426016, 134.09837569554497, 863.0006804721828, 813.8695391985608, 568.1375609649349, 641.8315190406059, 622.291760766988, 601.5859322632631, 434.1763653488593, 754.7388110579504, 76.9885905280201, 853.5198091475511, 652.4951923244201, 498.9852053003065, 188.59442969143666, 513.783481840747, 658.6178692768822, 563.3950459183171, 768.3512098168319, 774.140960035684, 704.345972393939], "test_sigma_between_0_03": [739.3560429589477, 605.0877459154636, 38.53885203187937, 796.8774868723041, -834.059619705081, 849.9381460789259, 261.81204290568576, 662.3741352682471, 671.4545753773356, 668.3603975585931, 755.8288026675673, 868.4005563448443, 543.7516944014379, 674.5759970164554, 741.827004436831, 670.165828269917, 742.2115354340596, 792.763552638563, 551.3754839474087, 730.9522970465733, 667.0680736776469, 664.6347857399843, 345.8742917576169, 669.6810349063231, 807.1801499709145, 318.7834910034681, 720.9778904356418, 542.6761889609522, 754.1319491904328, 770.1493466757556, 854.6872223813787, 757.9621965460442, 683.7520523964082, 673.1554082409186, 720.0265024522961, 709.0083680081341, 280.0351064128234, 724.9505210884492, 277.8687289150602, 838.9813683953502, 823.941413942304, -411.23779429492436, 731.7750824449546, 559.2219431965742, 764.8146065991424, 713.113145151645, 806.8980322228997, 25.9150329668147, 660.7230368264856, 746.4135891441426, 783.4383133388648, 175.2349735912676, 578.1747917412947, 649.9777068273511, 566.8772351505593, 771.4912912893606, 588.9131766024049, 196.61161512171418, 731.1320188234653, 416.025996057107, 751.9186792159833, 422.4950238048988, 762.264988537358, 720.6805979342704, 381.07150801846336, 686.6781543162854, 741.7619058854078, -290.135956013766, 840.6495832176015, 788.1907088737579, 789.3038751091145, 782.6114425208441, 712.7227064546635, 705.0331361353402, -46.92657128820695, 671.7119420654528, 739.5155723630626, 784.7625191299702, 753.6480951882144, 94.28082874672539, 784.5027041060983, 718.1402352381783, 762.0665279364682, 315.88831610417844, 761.174672091911, 358.52250632989586, 778.1073944742474, 740.5066089692154, 313.60941631323055, 790.4042939643668, 756.3468461770458, 251.72092950386266, 498.56997475587315, 178.2873716152202, 725.8469532003243, 725.088096973144, 244.1006894589226, 761.39020854795, 553.7500254071388, 776.973846448774], "test_sigma_between_0_07": [681.6726682692072, 665.6248424299578, 282.58246536968966, 788.2598291033906, -466.4593951474371, 637.5094317599502, 685.794157069887, -1290.152310637319, -1319.0941634529725, 717.12760232842, 788.9410536591907, 817.889212450518, 257.1108697024277, 736.1116792353939, 734.0753561511402, 827.1563353755448, 50.11990705073118, 240.84071351765598, 732.4176151053958, 114.10234427626048, 858.5001355295593, 659.8874837132078, 777.9408096778868, 727.2434571919392, 756.5266261283754, 306.8373343485611, -422.67677791546896, 702.7499142796489, 259.5581102510448, 851.0620180311929, 774.808121721875, 276.74677804163946, 680.2243320025636, 637.0993186776919, 514.8043484766138, -549.6733303667993, 781.0640089492977, -1240.7223566605924, -664.3441317303276, 379.9037153455485, 766.098299056052, 90.86256847574849, 491.2152888852899, 810.6024154023744, 247.52628687379212, 657.8248285516099, 701.1738119016733, -454.31207620152907, 573.8798952149174, 771.0878498699831, 326.1801981196405, 412.0589566036324, 743.4792954245228, 623.7287238843965, 511.7009207436129, 789.7922616189625, 740.0062403583821, 700.681646982973, 497.62339976227315, 497.026903032833, 553.6039299373904, -1156.1458289210136, 797.8383561399218, 468.59875073107514, 647.7954891040735, 632.3820646688401, -1292.696805330282, 574.1202423069946, 777.2630321392614, 569.6576046455647, 692.0581291177831, 783.303965844468, 333.11550847121634, 874.8129373481281, 506.50167485562224, 740.5395890680153, 509.3039814603711, 577.8000068635796, 409.6025159798944, 287.29026309523886, 608.2921042112131, 256.80258059607723, 60.992867110045296, 776.9359577432259, 644.3757976300498, 551.6409362792435, 863.1206037116053, 864.9885206863095, 693.0133526557979, 662.649224230844, 651.1980663830591, 730.6916005146098, 709.6568919377097, 682.6571867123228, 611.2445293563047, 652.894998290631, -462.6382117393614, 732.1778466926097, 332.6743184087774, -159.9061893501321], "test_sigma_between_0_01": [761.8879726372893, 414.010515079067, 696.8018487292591, 549.0653382903533, 772.145021439842, 705.7284398783485, 767.0111447589975, 778.2691036580604, 315.90206185568695, 676.7019670075679, 454.0859081831539, 761.5977369043204, 690.0350743682905, 591.7449888900417, 658.5438082793244, 688.5637042962854, 749.8146337645079, 770.5078417335553, 681.9950926913893, 781.3709320867448, 775.6741581305095, 735.6346906112649, 579.0524447103677, 786.9495817857619, 778.6649957676725, 774.716838575143, 782.3826795943625, 611.8705132128307, 671.757269331117, 741.3083278099008, 339.556982457654, 666.6281253132261, 769.0978622559008, 774.1196702404403, 704.2545563546296, 757.4582136889446, 676.4903221225604, 774.0413517953142, 702.7799479025276, 768.923564353927, 696.6007689870022, 700.2700102131448, -9.660615830231073, 718.8178353700557, 692.0409414909021, 742.038466639551, 672.2092833982673, 644.5364400538871, 694.1472042938078, 722.144859250621, 760.3310795117754, 755.5982201645273, 782.0557232585093, 612.9772510289944, 783.1812827115311, 763.8717258366082, 357.9574946402336, 698.8976574902341, 326.16020548895955, 780.186155404565, 782.2041807413513, 738.0020882273568, 508.65917662264314, 655.0650320052024, 660.1763394118352, 49.843928658761335, 773.0372478914733, 763.0882297122969, 665.4467489717741, 737.1823595806052, 774.4793568763375, 749.5915197670425, 765.4703512040421, 705.323117949716, 775.3910378069135, 734.6407388632656, 788.397206817229, 774.6416531715402, 761.7206940557978, 644.3895613727389, -703.3187886000775, 767.0654467391323, 694.6267092482229, 700.4040193746132, 676.1506634053236, 685.180114269722, 763.0919186817398, 784.6840894760165, 776.0521634767806, 126.56871868575828, 668.7976125937412, 724.5400781339116, 271.6427967664363, 771.0161435620997, 768.6415276767145, 665.197502217036, 765.1599343504558, 366.178127743377, 637.474783500895, 635.9818254356429]}}}