{"half_cheetah_encoding_sigma_01_seed_3": {"results": {"test_sigma_between_0_05": [336.1740453573325, 1268.9312512565846, 682.3280024616536, 717.8815535038349, 1401.8042122487454, 558.3878559165963, 2246.5101372547956, -1209.6834362684353, -793.7687844567997, 1487.0929330525084, 1073.7972458436946, -2254.769672388132, 1151.4228158986814, 998.399300220784, 1818.8547884227214, 1903.6366834090206, 526.5738483284532, 1842.3233668730068, 1040.1175183920045, 951.4975483986361, 278.8130565558736, -796.8337759819715, 183.13097840966353, 598.7123476045379, 407.7207861727386, -308.1222099939319, -835.6540739668558, 250.72726741693776, 607.1097058881758, 605.5432862498936, 1217.2133945203398, -2354.8105122960887, 1064.8135492460203, 742.9009679765968, 1201.7342157554806, 2162.9238121719195, -1214.9999086733822, -227.75537582238633, 901.7782138638926, 1710.3449796628568, 2479.5620470898198, -1215.5439561385633, 854.7875386072528, 437.9501869406185, 890.478460222356, 2641.78746022452, 278.838924013946, -1002.8523117732924, -1405.2368103458416, 1328.932297386539, -1346.239861072451, 1873.078979016049, 1269.8125595030147, 350.95433005699164, 1014.4725048445789, 995.0242311477226, 1350.1520501954526, 741.9567219126324, 1971.5219162195751, -899.6902017151905, 1610.1080324982347, -1302.0103344356346, -403.2854770244563, 1132.2122595911883, 1121.150065649073, -1354.2939858705245, 596.4128770646702, -2316.8227228119185, -1763.776884672736, 1105.4522007185835, 845.4679610376886, 343.3659753705811, 2050.8505625585844, -1261.590921731018, 660.2786884564455, 972.2026111789953, 1214.9692058448172, 755.0735283685254, -172.36490549506132, -192.83949333929215, 205.94211340912747, 1218.3656767616503, 1001.2383613664493, 587.6127404190464, -1431.282156645791, 59.4213941325572, -808.8624037984828, 1475.7976827483901, 2142.7097817527156, -1430.104484152983, 1937.3721051196696, 1464.843149493894, 596.3588599036843, 1336.0566176218176, 747.518031765082, 2533.170842907661, 311.8213113695103, 756.793809744417, 1442.1759590106192, 772.6453398186676], "test_sigma_between_0_03": [1342.5436776011215, 1344.3570249727293, 1746.4767293347297, 2668.5606833765687, 340.8020889683279, 1224.0470187997134, 1355.5096146485434, 2496.738053120459, 2526.985275166535, 2082.57781260023, 1369.206733041186, 1199.2302676000434, 949.6457500992389, 142.84436694463795, 1675.2556840245131, 1769.6595138422153, 2222.493452677694, 2537.1972430338283, 1034.058134395786, 1198.677502411998, 1669.1501631787876, 2304.572715866217, 127.12134507488062, 2100.0832767626484, 752.9042807329333, 2143.6918852647273, 2141.081054787188, 1181.162294452461, 1406.8774617855393, 1225.4164568493015, 1543.3759806434014, 2021.679745437732, 1640.6989708239262, 1617.5574616294593, 862.1131675898617, 1603.9904732911941, 2177.1151728283216, 915.82411025506, 2339.7972844030373, 913.2565501337303, 1659.1703371366548, -571.228768176282, 976.2517819835879, 1223.3367296015144, 1557.9098464819253, 892.7262055609099, 992.3825581960959, 2284.912489314083, 761.2692058013948, 1951.132176548496, 652.2199965562207, 1417.484581494006, 1061.9416545988345, 1285.5560089110263, 1641.3198311193923, 794.3298907057763, 915.6219576488309, 1245.155003667423, 1623.416611979355, 1124.1282010550947, 148.71964611058934, -2307.3474186840162, 2136.645897027483, 515.8096162186052, 1787.2629775179082, -724.8890444827437, 1586.5161850915197, 533.4944947645367, 2189.6507158604354, 898.3591476664866, 1652.1297835835396, 2046.2925400240476, 710.1972476727551, 1779.9906790332338, -102.43637337593799, 2334.3365695703696, 1616.9606886546874, 2113.401144805747, 2044.1248926249016, 185.7110559527484, 1751.3131021146035, 2423.3541593976624, 1239.3008034281638, 1566.696471513528, 1900.3052304574771, -201.3242776281668, 939.802088630547, 1157.6263538035369, -456.40282141558595, 2107.313731097915, 998.4463624524966, 1511.1751454706502, 938.0907384323929, 138.6808531750007, 2035.672719803177, 1670.9858029280365, 368.8664111540377, 1920.6896744287665, -913.1231444135751, 2270.433676027736], "test_sigma_between_0_07": [596.0238119834511, 1507.4277104171051, -294.9541693445595, 1629.633850055755, -1465.8668898739345, 859.5318900130505, -663.2921312756325, -1271.3630513688436, -1268.7134072318936, -47.22010356005092, 1192.750747606662, 415.5335267723337, -1197.0720051011076, 333.2331852550004, 491.52752090031584, 1035.6930839615204, -96.51267575914387, 457.42500516897417, -1513.0162253491014, -1372.2125926249644, 1527.7312126831757, 522.9918360986641, 370.2770827943778, 614.4046270897329, 2666.394263477411, 397.89555747103327, 166.5813304761786, -1580.8271970597248, -1085.2351848327403, 380.5769900161676, 779.734397893784, -1325.1449207289513, 825.3407549628603, 364.2245781277328, 650.5787403163047, -2701.0332519118474, 1395.2775615421938, -1588.622432344258, -717.6575009832013, -954.0832256073109, 845.1477875061684, 288.02261563729724, -181.40224253331127, -404.3223179281346, -660.2406686101773, -1592.1820920537427, 228.6861722711785, -676.1503839908183, 1092.581442013369, 781.3554550283163, -1163.533124977405, 755.2322133622324, 986.0586628589152, -1607.478314417711, -1034.2980837101204, 1017.7792280801407, 155.08839795826273, -442.3233970813701, 539.4154778370903, 135.43546329947154, 336.3149193878488, -1431.9988444656428, 419.8560224232352, -33.80908554650953, -713.5537363462499, -159.7572001014948, -821.915535722748, 1247.0295476513547, 224.6582763367829, -101.41864793657177, -1327.412730993221, -764.9298616352186, 1081.2135252236274, 1122.2769727172802, -481.1303737197521, 1304.3695630458312, -1430.3164089532793, -552.623525731648, -1095.2449876731946, -468.9250604000176, 958.2524507896386, -474.500748030944, 59.506252301564345, 251.74361499337255, 367.11167990614786, 315.5909307670503, 532.3146731771844, -533.1166493445418, 244.47566269434066, 996.2883386609913, 754.6061822128692, 558.3431218786168, -1038.9982337836116, -678.9644400680573, 1905.6573722807907, 266.2019449709421, 855.7849766268328, 893.0684928324869, -427.60208482923457, 899.4476879326504],