{"half_cheetah_encoding_sigma_03_seed_1": {"results": {"test_sigma_between_0_05": [478.9010063885858, 1445.7264293904755, 674.2546023779349, -755.0414688693335, 1630.629653113445, 1259.3756859955615, 1696.2302798407845, -907.340122510903, -600.0733784266087, 1668.151539188869, 1891.772099106924, -1729.511594298671, 1036.7149629873588, -719.3161212524406, 1979.603710571856, 1124.1457233990643, 509.38231349932477, 1935.0426385933526, 1690.9170481741933, 620.5658278992896, 162.14849744892112, 860.2164578586645, 1507.8768083535851, 1691.8731037478644, 705.5460413857819, -44.02742915716663, 410.7062474734817, 1525.742219867364, 1055.140625097002, -1498.5445874867858, 1429.9148037347543, -275.0970015110297, 857.5981209950519, 2146.6576802243035, 1911.4842257981022, 2075.2662715380197, 827.7939094852339, 555.9943062972542, 823.2510604574343, 666.6524805374596, 1842.72610821085, 31.958804097739648, 1145.8894510412877, 506.578732117318, 1350.5621298680603, 1999.2441594369698, -1282.5575182420303, 952.553297788163, -1237.131537233439, 1909.1702489984657, -199.50486922560668, 880.4674216737121, 1069.7721661351193, -155.0183057633856, 1440.7041858110433, 641.1590651509393, 1613.1009366983892, 1349.3409600850764, 1704.6770922863855, -748.1186442013524, 1574.3702918985039, 1913.8686333131775, 730.617812940687, 1117.7812217705139, 554.786582959123, 678.1505210089937, 466.7862579053055, 689.9699793809317, -1198.512715007669, -1159.0651435042598, 1178.5153776794873, 591.9061808301688, 2064.0280190757817, -164.454435479408, -1291.0352772364272, 610.5709740020134, 556.4953235562482, 522.9742831913987, 784.4064456150404, 514.6449351673322, -1402.1123186015461, 1964.0635035857258, 520.3365484644381, 750.214004659982, -915.15680561077, 180.0144665509795, 423.3007845339741, 1065.9246326506875, 1841.1949869364958, -954.8949341573432, 1979.6983221672524, 1179.9717915037916, 1636.004885486048, 1234.416198113969, 1452.0800418864826, 2240.929701961818, 567.4357404109036, 1995.971735597701, 1561.991353088065, 1642.693305589347], "test_sigma_between_0_03": [1613.4289558574014, 749.5360938806716, 1452.0178174526816, 2239.6470650161864, 1708.6834910359403, 1911.142225822331, 1698.793350808296, 1497.413580261377, 1658.058921359964, 583.2023827160805, 1547.0850204949213, 2018.1684799080708, 856.7333412407547, 658.236482203733, 1825.0286789440465, 1298.1779674218164, 2064.41355402935, 2238.1632146412626, 813.823538922811, 642.4786407167908, 693.1344776605022, 1651.3749573851958, 503.92836680789173, 2045.9548554763653, 2061.091322424726, 1462.0167528527281, 2077.4372841824684, 632.317201805212, 1390.5346413592447, 1631.2209190182684, -409.06268976672067, 734.6270832436522, 914.0497080264415, 2004.6345204616034, 975.6611707872203, 1517.9401743827382, 661.8755273197764, 542.9366814859217, 1361.971296850094, 1670.6458796003285, 1984.2663846799703, 522.3883790362534, 529.3046383451477, 1764.4265229508997, 1788.2060568069808, 1257.204340474043, 1789.8026556234493, 1528.4319020512107, 1409.5100112967268, 1543.456780026045, 2508.302662310733, 1323.392113097323, 1652.374118382365, 1261.8095905886082, 1104.6148761355814, 613.8673300875878, 637.623222782779, 497.610232718187, 644.8243139350989, 871.5946814421811, 1631.8102348730815, 181.57212819696147, 2176.8148285098237, 543.5603998998923, 1017.3980645885316, 496.65526355399527, 1683.496042106408, 1889.1946948122643, 1669.7323735239813, 2104.375091234425, 1398.6268151534373, 2221.7456001884348, 1522.2557100605836, 1764.3047419807622, 541.3344118394241, 1763.0354389657616, 1644.285023355635, 2282.894666141419, 1808.1531872750552, 1264.7628035041246, 1571.5297445351648, 1241.185612497634, 1814.6317133072362, 1493.3022768636117, 2128.2976657511144, 494.58137285400505, 2016.9463569155823, 1384.6865512215352, -33.808579482925424, 1991.0562269859447, 1120.241549217293, 767.687090090205, 691.5401281557995, 385.28748998783277, 677.7268195009583, 1371.3812578630204, 532.369943681449, 2006.554911841345, 572.6221964227307, 1877.7959896408684], "test_sigma_between_0_07": [711.8413974043101, 1296.1483371463717, -1612.5607794343332, -1506.9024438667993, -623.0596318442538, 619.61450515234, 235.79811007673806, -1494.3387606205167, -1582.8206158359512, 487.71539429520766, 1949.0402973589535, 1099.509503209049, -715.403863185674, 597.8486660325185, -1496.568130292068, 1445.4147151249247, -1450.788714424033, -1592.4224453726179, -1126.862738868934, 2.5966484742416096, 1994.2377648031375, 1212.9826343565844, 1419.6564844022225, 500.2434259196457, 2208.3039451167133, -1163.0589788726793, 761.7873241938685, 138.94424966965903, 286.0648095278216, 531.6690477654764, 1745.1254505492109, -425.30837332876723, 1210.2134775002057, 1070.0920778960665, -1415.7561860906665, -1389.0138246539846, 1649.268644329532, -1846.539018438716, -988.8685051207066, -673.6502510589373, 1275.1083181645006, 514.8662747299182, -183.20453877625135, 1620.079595319899, -608.5400117826402, -1500.632130844963, 746.8946015787109, -1576.336738491722, 655.0530691786971, -1160.756553463744, 302.3270031550915, -1607.484379542438, 743.5716115239818, -512.0562050818169, -1486.4968941084317, 55.19494110594426, 916.234847803851, -721.8192483148971, 525.7935362080739, -1596.0852325301294, 640.5026333932012, -1155.8011578309263, -1373.0644166271525, 92.26758915429814, 669.5057851909396, -1407.565103278367, -1261.09026770254, 545.9764848598372, 1855.0139388916004, 1036.4301920260348, 307.2354895243973, 1007.0157698555179, 1535.5884081871664, 2041.371976149652, 59.8110700111764, 1679.4561063576084, -1123.3245513044158, -16.211238862599117, 78.31965787480001, 595.3867655100614, 1537.5628441930737, -1281.183401463758, 1777.279849526453, 216.82592816015222, 827.7994544220342, 610.5057563244668, -328.9149452483167, 507.0232822216118, 573.3014323728453, 1523.3058120378175, 651.0785971868523, 210.21494084021538, -1314.804189261315, -504.50791142687757, 669.4226881203646, 439.22603552373903, -881.4409183943403, 463.91684471310555, 902.2912699291015, 1676.0190941153407],