{"half_cheetah_simple_sigma_05_seed_3": {"results": {"test_sigma_between_0_05": [563.0745092700234, 475.90108234307803, 589.0079336203231, 218.79090836046396, 778.6524776224112, 679.5775940890957, 775.0130576220607, 75.33083966248218, 749.367414816555, 578.2644365647456, 654.8601662510176, 36.83574598816057, 758.6582129892912, 537.708761621437, 666.58906630765, 681.9585752946919, 642.9914681859061, 706.249434351222, 656.4241104924799, 215.60519265326673, -909.512618413826, 667.4715117338217, 729.2500161665641, 251.99376351582012, 667.6791927182344, 669.6396742440953, 676.9979701530235, 766.2932875016297, 584.4251627123193, 494.03463269019613, 854.4549757154023, 877.5491459358035, 335.34795736432113, 536.3449887247814, 670.231056036304, 748.1863205064737, 763.123714418302, 667.1067906864926, 613.9421690849667, 688.5650301615112, 806.1890073253853, 489.9367577757016, 567.6069202331233, 686.2310974160712, 43.65538748057452, 645.253761659068, -450.43522689130333, 694.11326062404, -1070.762135822277, 280.558931036839, 783.2507624247108, 686.7502608564049, 618.316757915485, -270.65154210595915, 755.2338522368366, 650.1430701918108, 671.0685062572976, 722.8187488687649, 584.4398304052964, -1206.8242321749394, 732.2205237942937, 798.7126114329295, 785.5900118239526, 556.2587765628718, 670.2704470242301, -319.9078023314364, 467.22617506596026, 298.5917893109101, 481.0945111553828, 685.4018376670476, 666.3607674941433, 684.1747106836953, 606.2827072951562, 482.2826107557412, 586.084343017162, 671.7080877312441, 685.6508530004504, 386.7568655658246, 878.4946590527668, 448.82545072796046, 183.84329795198857, 781.1538562867753, 698.1180244459022, 474.56141745026406, 568.0139958228889, 623.8193942264982, 778.0977253099164, 482.06776633928683, -1005.139829739455, -1269.170005153109, 762.9854133883786, 575.5597392075381, -30.730785085010712, 441.9224002318146, 429.854956731505, 651.498561973138, -197.4984684799537, 548.6214699207121, 798.9732825635654, 675.8133731048275], "test_sigma_between_0_03": [761.2803712383198, 587.9178712731893, 707.2725940277586, 618.7464781663638, 328.13569064347996, 590.5618316428282, 669.8369483429636, 767.4446616954336, 568.4280263213424, 464.1827465902053, 653.1271967736169, 673.7908024173344, 754.3014171844745, 286.318265225533, 504.2062840907365, 684.8812429159397, 720.9456575868824, 701.0470582574775, 786.462500216879, 590.8256046956277, 739.9485831503279, 267.66024121624093, 704.5361042842084, 671.8600203690269, 689.0481096847698, 691.1579200154788, 573.896124543428, 405.48502399694894, 693.6513178089913, 775.0937871737372, 678.5406573454935, 665.1136338386389, 675.547490884779, 731.3293953095156, 651.9072169313941, 677.7906022880794, 680.8160378332378, 677.8358069795431, 468.06652055208, 779.474898006279, 584.1819797127652, 779.7005193271967, 685.6827506836437, 613.276336636774, 474.15661072660345, 440.12212543869686, 784.473416730302, 682.2551711661915, 644.8614650870715, 753.1688190167238, 766.934036150133, 637.6487749586042, 679.6574587534058, 753.7236743883045, 369.36167611169765, 613.4807923516757, 657.034624662031, 774.8381506238782, 689.7079549159555, 751.779899437716, 705.4116544306727, 254.48271636960868, 691.1662670858134, 504.42170084983525, 677.4256927955504, 632.2991387738394, 631.7279015790386, 885.6285051590365, 732.4753176343502, 646.0181113925532, 680.3254486088556, 599.6565470486039, 664.6536931676342, 669.8664059605716, 786.3681189675486, 670.7673228715776, 625.3494740182629, 594.0047946463309, 592.6295694321971, -1232.846916750804, 510.40771298023463, 670.1960149324289, 690.1973699464598, 611.9844827225958, 777.3577044675703, 618.0395280791056, 806.9539508241953, 693.9147764071803, 446.6108874295272, 605.0570154341149, 657.9789647461183, 471.27357719869497, 685.2467856383731, 654.2348299140177, 767.3355059343339, 672.0086856090452, 780.4861424760131, 650.3950107075938, 680.1433620831205, 564.8835436452924], "test_sigma_between_0_07": [689.9825758308665, 772.9015701826833, -53.47516512903375, -915.9733645961315, 354.7511555646556, 504.6526435169768, 674.1382173045532, -1291.664375136653, 462.49314322866036, 623.5303198379839, 712.2759513740106, 562.9757603764662, 473.5165430580629, 721.5613966070015, 562.8477679550163, 722.979351961965, 461.3958355329586, 639.538085668269, 647.1193703737143, -646.6146475914805, 744.702042984069, 769.9751780969048, 661.0119918051755, 606.8932667737868, 684.9930916679714, 686.9200311133019, -1182.5853054151444, 631.6013082139544, 426.1251145962125, 700.7171956738486, 686.7824437447919, -35.90095911567484, 674.3866414612188, 648.0050399218364, 667.2017550486103, 559.0366613729686, 578.8778285760959, 517.8111408346595, 735.4840999175871, 597.4646362062153, 765.2819653222202, -1405.2737822450777, 629.5996238421401, 800.1052554791539, 236.4062383604803, 519.8983272057549, 633.5225327149113, 614.4855979355975, 575.7228561931523, 487.1446220218626, 662.1766611128713, 123.2413634505891, 566.2522221174092, 657.500076472119, -1848.9491082480681, 704.9146406756413, 864.184388954539, 622.1708943842862, 707.2174291238156, 515.4174287382043, 652.0960508592151, 468.59110743053765, 451.65574363239693, 481.07905937058473, 645.4161778036082, 379.0542196976427, -1343.5283006127893, 879.0279189019874, 620.7915465167144, 645.4379051318182, -242.22496031209857, 789.2122045527914, 535.6636649384324, 593.6809651791078, -1334.2786544826438, 566.579638243815, -1526.6828969983294, 367.0769045713254, 404.3101557566829, 634.0352906103499, 764.1076702747002, 351.6982097401753, 789.6268074769206, 697.0523632316116, 723.9105959975891, 686.39998353306, 754.8449783400038, 780.7483015014778, -1215.781857865927, 440.6760562542117, 752.6693044746389, 599.1499641872895, 708.2102649955663, 746.6055572310748, 674.414901084328, 583.2555533391675, 403.22138958068115, 777.7979370652306, 406.7689642174054, 789.866165843212], "test_sigma_between_0_01": [549.043168425151, 553.2282115277293, 457.01338452956145, 769.7707245998777, 727.6318942471371, 680.2604052144598, 687.8966200329189, 543.763075868644, 675.6484782208471, 637.2651835265987, 551.2262504886444, 585.5417828523182, 386.93332848288156, 675.3366961808168, 424.23908899355763, 576.9048016613274, 536.6841805898603, 592.7382514049771, 670.9339354690123, 698.4148562106576, 680.3768733619826, 583.909656429384, 671.879176449677, 621.5896459429188, 530.9559274737517, 676.8893779617426, 634.6392672548842, 677.0598396004481, 670.5572754607415, 678.2429660831798, 711.3210541938063, 600.2946517566884, 577.264871500491, 433.1166996586151, 760.9245509766217, 658.1270905309433, 682.2411394450235, 694.3122174350792, 504.80718190615687, 578.5203581247903, 676.0210247894852, 547.2198817973251, 676.5517900613547, 473.0118512148449, 577.2995053428734, 727.5517929287207, 505.13849609313496, 707.8292578768209, 518.4301561117859, 684.8699853581693, 557.3168089204756, 575.8781515848593, 499.236353795689, 484.596429923332, 675.639027452815, 682.281086852824, 687.826291486867, 681.0404055318058, 591.5911373365702, 690.569776404824, 617.0909983765317, 546.9940088672674, 680.5206891037305, 519.1410859008058, 593.2977152097691, 679.240533718042, 582.7728814679988, 483.63451286828854, 678.2072909270354, 677.8699636761377, 470.0982446634276, 765.5288016996822, 490.04998333529056, 507.30874249998203, 676.0689325260073, 671.0389001494112, 458.35046104751694, -1032.275218365741, 561.6455913203021, 683.6622952293795, 651.9273034579102, 678.6646831725935, 475.47169903481273, 495.4172759001637, 523.6252840639336, 666.1087556682058, 488.00621148178345, 647.5775286959004, 493.94024642647645, 590.2231283929416, 636.8818184728557, 364.3639587000434, -948.3761607073901, 611.3108559770865, 438.34235520209324, 410.98772858105224, 682.3405091755913, 680.0550293409899, 597.143660353594, 594.887031986567]}}}