{"half_cheetah_attention_no_encoding_sigma_03_seed_2": {"results": {"test_sigma_between_0_05": [322.88037356120384, 1708.5618117612075, 1125.212349036222, 1165.4131117089325, 1513.2628930211474, 777.8416922492559, 1668.7435077848424, -306.72837694736063, -953.6135270235663, 1717.906962419304, 1557.586775070192, 691.8587399854808, 1165.9949360781586, 1273.6138821226043, 1704.148942354954, 1496.9986197430615, 967.5028260011953, 1470.0204886921726, 1602.9599543277873, -51.84632379614903, 1030.2709789613614, 387.01416637774616, 726.6659085027256, 1467.6105023188563, 880.078220237586, 258.6465836216616, -64.68230049142979, 1407.1133825869533, 997.3334252151865, 1101.2444939160866, 1156.3694574233787, 460.21501020206165, -1324.0130985905564, 1384.264940392121, 1849.6140903807318, 1611.3635312139675, -96.85254412511573, 1318.5779012895332, 1376.8205106837088, 1124.5290123940383, 1867.3924667383046, -337.88118083437473, 341.03946594657367, 1542.1229576345188, 874.8911859741687, 1853.4224229178483, -23.56586756134767, -1091.6677467356383, -1108.2609532373415, 1692.115721497766, -467.64739426025307, 1731.9897282266024, 1316.7221008063639, 267.5328265934035, 1498.8474303702244, 1531.5321374404336, 1417.1036681110606, 1317.2322360107287, 178.85051283279861, -618.1869266748364, 1404.2519073720691, 1471.5148328958298, -703.7692560216249, 740.2741418905862, 1531.3107575735485, 350.46785379209183, 287.744352554185, 982.320133694561, 975.761099687955, 1632.6267107275296, 1290.393098298736, 1166.5433294094228, 1811.941492514255, -992.2254403802099, 1637.1572018204795, 275.80142341842605, 1351.974488489819, 1403.8875421238595, 1008.2159935338774, 198.396761745187, 838.0495163865203, 1731.4755711750217, 479.24676296991805, 912.1085407201007, -1411.4299670298085, 1116.3473066503525, 36.63045398911252, 683.6262903688191, 1479.3346357487724, -495.49660873702743, 1676.151208719445, 1347.9186444421746, 1096.566339176565, 1076.3753461217368, 1448.0143815589784, 1691.1184117046005, 837.517198071764, 1773.0721729109914, 1276.6522322054973, 1702.9505361509873], "test_sigma_between_0_03": [1657.7237295184707, 907.5050613011048, 1689.4675209724367, 1857.3320804452026, 1059.7727667570307, 1782.5950630266805, 1807.8494917014223, 1672.5540536239005, 1873.42802178975, 1888.5344849976454, 1962.040547826194, 2012.2193672927065, 1235.4953476987641, 532.8020358229156, 1483.3818455900723, 1488.0862904536966, 1955.5758665228136, 1878.0317416068315, 1122.82191104748, 930.5887679535513, 1636.367062968481, 1631.424964071473, -42.9562952673389, 1521.2733210041931, 1480.8478607509915, 1645.5894108982711, 1565.859209630996, 1525.0705157987425, 1378.3893472206948, 1573.8061765967366, 1843.495867044743, 1689.7124540643185, 1436.1784821910157, 1568.9745111913458, 1331.2712638986459, 1110.7355503515064, 1266.1302393107737, 1704.298077321452, 1472.748450360445, 889.3792066322554, 1820.479580596543, 218.2395718922595, 1034.5826883870525, 1555.1232778403473, 1711.3402627903201, 1009.4699372043287, 1420.7756980324448, 1708.7765218778302, 689.2048504369543, 1471.1614591035454, 1541.855099342955, 1831.9001350192304, 1852.9035700795016, 1341.3130352301955, 715.1685238029696, 908.1546134109126, 1520.0972363018093, 1869.1210863604501, 1519.3587064157873, 1352.5226783617284, 1595.4321692833362, 118.976702385059, 1539.086554169236, 1292.4578108670862, 1797.991502734564, 718.9964259449566, 1469.3229951763597, 1445.5954292801673, 1742.1285826759517, 1619.1164586787902, 1650.8606311961123, 1889.8991827172129, 1430.8763867780735, 1624.388546798478, 442.8173847002913, 1471.737109405192, 1509.0607692603023, 1808.3173268361827, 1767.9559174266271, 1482.2898909928763, 1743.9937083364568, 1793.7199621916423, 1890.8640561443142, 1850.2159664454778, 1725.3119637346977, 698.2191061827982, 1569.1838942959316, 1509.413569792227, 867.637327359929, 1985.018408370993, 1479.335851722476, 712.2140625305105, 1845.2365555836745, 783.7771681459885, 1507.0508135071425, 1455.2243693762787, 995.752401898189, 1802.8624280016038, 150.84644781916273, 1804.211545533255], "test_sigma_between_0_07": [769.3044074292135, 1292.8731093955676, 102.04880144567426, 1461.610600508542, -1084.4271163543938, 1050.3562251513986, -1344.62808577406, -1171.5126658518436, -1383.0052243080963, -1453.9513187921277, 492.8600232737212, 1021.1897639525969, -620.7310620854444, 589.9871792645197, -1274.6415404450502, -963.3421560799613, -681.9795806943107, 457.0192217585944, -1244.0891330264844, -1455.5814256790127, 1708.3217858992234, 1232.5695375045764, 1323.2524321914645, 290.74720231464585, 1877.244089853915, 984.8392868452427, 1041.5358940798776, -1388.159988131147, -755.7034951857735, 557.0276347522047, 1792.4537763896308, 23.508454435560868, 1276.700223022678, 890.5192077108959, -176.23002856572626, -1762.124008996537, 1496.1017705692195, -1680.3141933965826, -162.30214313829205, -374.54711463903965, 636.7396044635852, -117.47331259331209, -82.64402844833184, 535.4356565083128, 738.8470552228029, -1305.4383959735044, 1142.572908197864, 838.1304743976197, 1462.6803404509556, 1269.985432496765, -406.16370320595246, -216.45710358895073, 1154.1253659808283, -1405.2679236754082, -449.4705559416922, 1520.8528046456004, 439.7438159900377, 340.1254347793701, 672.6940206150132, 377.02021652179786, 230.55036579422756, -1348.9811079328624, 1022.7307372338198, 1041.933541344248, 926.0461145586763, 1819.480547463552, -614.8805700467855, 882.9362012569086, 1137.4148258272742, 802.4642647629075, 1116.427412437475, 513.5496304350208, 1290.582228886877, 1741.6128879386636, 108.97333463982834, 1611.6195304665664, -1106.0180138879884, 540.7949357357795, -226.95805983810604, -49.194610700645, 1212.4572802296634, -361.9040511197973, 1117.6121501009918, 1314.8476056277195, 1138.17742785902, 508.32119716462154, 502.59746851382323, 630.9103220881819, 463.2682173866851, 1000.390113744327, 1249.559891879336, 995.637889869701, 294.3288964278094, -589.0766681684213, 1599.7193262746741, 1277.6619808074504, 747.5310776264677, -457.9032742617213, 798.5829523301433, 1764.2387635280484],