{"half_cheetah_attention_no_encoding_sigma_01_seed_1": {"results": {"test_sigma_between_0_05": [-626.6521268637437, 676.6543837615441, -1554.2931079255532, 92.56508987892795, 405.8298803580903, -1491.4883829665407, 684.8197936472195, -455.2515282137403, -816.3104630949716, 905.9459284934529, -295.41463123336575, -1649.8833700095515, 536.4120988083106, 1742.35628789302, -218.7786457745902, 785.4341787532004, 616.2687250956108, 172.37561186816578, 1022.6219810048397, -1209.7437528346304, -1459.2755875739647, 424.92839480398544, -0.6691739093112692, 608.6146699889633, -1151.1759560901428, 1179.0111299236162, 856.0644409486017, -1369.5282144730077, -1451.7291135656465, 623.2193934329902, -584.0567850759808, -1735.392289413624, 982.778139064534, -1612.2823079171721, -1316.0498433076948, 511.3553578732326, -1547.5215517984727, 247.22509527873206, -94.79354493410297, -98.64923270087894, 553.1454447005085, 619.5107135549355, -1459.3222043198066, 1086.2213969466518, 1009.9319183846301, 693.0490153670254, -1290.3394171759608, -1504.9567331783564, -1613.4974403620495, -1505.4187204579935, -1548.8865358387952, 1822.3920508892634, -1405.3439267134067, -913.7581153044462, -1302.1676242305355, 522.9607707330761, -1335.6706984305083, 462.55355140957136, 691.9734216357009, -1359.0730697848091, 973.9604624005825, -1550.451513413151, 351.462976890256, 389.25837891865245, 467.1307420929, 688.0044088063315, 926.7934889318366, 1148.1528662716096, 1419.9880793830428, -1383.731981398977, 1064.1548031340417, 1369.032164038477, 392.03450335357763, -1564.8707068995634, -1312.1309401838798, 349.4929326052234, 1048.1531857818263, 966.2401267842819, -1653.0658426592206, -1135.0430122894427, 1128.0330759031083, 371.87728449294593, -533.9909362093384, 949.3756679500825, -439.7855487633159, 133.52526077053315, 594.3150192678966, 237.957187650236, -988.7855258512466, -1111.4981789394633, 512.587678238923, 681.9738962822856, 1532.80066969044, 542.730282588883, 761.8879886940825, -1298.4459948606623, 548.7789853654074, -334.7063031095799, -1624.719221448428, 599.4142939468084], "test_sigma_between_0_03": [1377.2868566969871, 529.1344844047608, 752.9043911955815, 1541.342088761295, -789.6789015336567, 502.87864953173494, 836.7199474661745, 1354.3013387276999, 609.3593301350852, 662.00426920579, 438.2158714742175, 999.7255782444853, 1728.1994202974397, 979.8382546322727, 1236.287945964733, 962.6664936092524, 680.6756887706065, 1369.2776424301028, -92.96478899443666, -1287.7762556492137, 1348.0045101288747, 1472.4689428152044, -97.68171119441875, 880.4588368025788, -653.653169733882, 1687.1044742419936, 379.87461651172816, 1781.0540167622626, 981.1119773078455, -1280.883660113407, -487.77063551532024, 1418.141112818048, 1526.5853606339535, 444.96907376679644, 328.5374768526227, 871.156608144315, 678.9426160317477, 1207.2203396403338, 811.8770872505719, 406.1036311554783, 738.5004819296688, 75.4468914772871, 773.7910657025926, 1095.2790122709735, 489.1579687267027, 917.837946042599, 427.59575041296364, -1061.3807915837463, 1390.5220743706868, 1061.0377670715293, -1036.6650294655617, 508.1422632542527, 1579.1070265945473, 1159.8780917951601, 771.9539105995887, 523.8695675034695, 1596.1362574352547, 47.70568209444392, 1002.2100113531707, 429.54431084279435, 582.0892176821943, 1361.7542499261524, 933.4299598083206, 1775.214398957637, 1743.043558854312, 1275.11057953825, 569.5468989435171, -1465.6378142604656, 469.4404570964544, -1533.9044047146738, 440.99464687910455, 1085.1534248504413, 610.1281999188018, 1709.453630439692, 1339.5922482270216, 796.1145364205397, 1243.2512375138085, -1490.7822255366145, 577.1029118432431, -1079.0372414605515, 1273.126005358955, 1320.8323868544446, 1313.6133352744314, 1720.3646722771919, 426.97180673437185, 1391.0838462176594, 274.3370762558581, 1450.3481817886925, 1222.2866547821402, -793.2842118670458, 1001.140948829282, -16.256058878426426, 1562.5074850830702, -767.1992780775447, 87.77382183800792, 730.9902233347048, 1423.2082778800614, 376.3821071824048, 561.8977186235771, 1511.4505239517537], "test_sigma_between_0_07": [422.7400381621529, 396.7670501668985, 914.848071928173, -201.05068837260674, 406.19627965975604, -1355.3167626638776, -1399.1156644907971, -1431.7973775186192, 426.00609381959345, -413.6978153875198, -1619.1542299627006, 516.5520101420647, -1366.7622175891286, -73.76540161966356, -1318.4675339976354, 411.89131259134194, -1417.561350198565, 552.9238704381281, -1426.6568023748466, 456.4256037144989, -1421.4187542704913, 988.5553368797937, -1396.7931351207478, 321.738303945255, 557.2147064106995, -1199.7172844438048, -1626.6425185325047, 373.6863413708084, -1478.805336152019, 314.6235753257379, -1427.790118284393, -585.7713771438143, 805.5005014243997, 542.631370972857, 579.6528145153877, -1228.0018287141538, 398.4337946172643, 393.27272801689776, 734.2262412225965, 499.74721978121994, 452.1782254494037, -920.1549525404646, 636.0426294646958, -1112.227568498339, -545.1388559587961, -1219.2845444620818, 813.726862582634, -1285.4024992873515, -1364.3097184814703, -635.9200862973888, -324.47385014849345, 75.20753790922143, -1406.9258657189318, 332.2983853061525, -335.84406600384483, 0.39828174924473303, 436.89079475139437, -1745.5996973833626, -4.678979303031111, -1652.405597613634, 637.1717085992943, -1425.353762371109, -1334.124947793727, -1735.6820716416, -550.9155000042157, -1179.7549161416966, -37.152881778336415, 10.58282708241831, -1593.1246997931835, 741.9814672633416, -8.50084744151931, -1446.3088744016404, -1687.7049660448356, 536.2702284461611, -1667.8062932486584, 760.1869118024754, -1497.033333364572, -359.20275762172946, -235.4715292420092, 611.5303241988122, 561.9322645295734, 674.0583803761052, -1082.0001134120553, -1497.3369488182811, 850.324584018668, -1453.5597164482238, -1354.9248386827996, -1493.0343827396925, 582.9306880189957, 587.7672116470952, 1221.5213860182314, 14.773114400903125, -993.4220110578333, -45.93068094217735, 901.9388918870152, 1421.2051822909564, -1273.8944782134106, 464.63321125666977, 1142.2827375751717, -1113.0603462071379],