{"half_cheetah_attention_sigma_05_seed_0": {"results": {"test_sigma_between_0_05": [705.1838579728357, 759.2340966644381, 765.2181460979033, 673.6453314551487, 780.3352946289307, 491.0652434553892, 777.4521201711233, 762.1029247926834, 753.2586299543185, 658.3509211406969, 687.8794048952159, -55.94789504845498, 750.3789738998479, 694.0578279194484, 742.4853313371476, 785.620379519552, 760.2082846362855, 859.440900437364, 654.4770023051924, 787.7961165290369, 547.6486162691843, 667.1605922163923, 553.4739033032706, 700.4855255358133, 557.4241098718489, 750.2842522152633, 764.3761086344631, 780.7933147823676, 700.4483352406647, 478.3846621543779, 818.8741250281582, 727.4197585213743, 553.7316212081959, 839.519969133046, 790.6451231848976, 788.1259916618858, 834.8279744546045, -180.632841569875, 725.7385966354564, 780.433596586336, 784.3600034387676, 763.8865638063784, 504.08198860476335, 653.8929391366612, 765.4334993909941, 769.1338368344013, 760.552213571546, -156.09793508583076, -257.60175153428855, 775.5609794771809, 842.6316751663461, 777.1569089415962, 638.1176915621637, 766.5722406197641, 123.0824932078645, 602.3259055367381, 819.6510164876207, 710.6901086467407, 780.5564730446952, 737.6885009383266, 752.6494786703456, 828.6460864169098, 790.1834441360318, 770.4636902953973, 784.8701865456871, 762.4233951424394, 664.0276410116452, 553.571328040528, 152.25634572113873, 788.4369793705035, 744.1721052649925, 747.6589838207104, 759.1066200240749, -165.86187670611974, 687.1022493299929, 775.0824124111239, 777.1232360586209, 747.7590549023141, 777.3646428317104, 736.8676419266334, 698.7173570594681, 753.0320274644249, 778.3051213931035, 750.7963469858436, 652.2696364605373, 781.7521807281875, 756.8476339693184, 734.0469264309403, 764.098362418835, 772.5586652263497, 777.922348773102, 760.565254612978, 735.4495771838358, 151.41414312777204, 645.2721615484986, 789.4461829883712, 665.1325616713422, 749.194801882432, 791.9612533937017, 661.6034829913934], "test_sigma_between_0_03": [783.0433588456885, 763.2630642131168, 775.6778059674117, 787.1536938770672, 561.7790934838898, 679.8314535607013, 674.0065974274507, 777.5254700770865, 789.7924764791368, 789.7660945415232, 684.3831444531897, 773.8614725785186, 757.877878034401, 764.0183220704157, 773.5874114807839, 774.1294245597704, 777.9409939560286, 787.448014955632, 778.3923327740728, 741.5095140211375, 781.1030916790044, 223.6512037064253, 703.8560409819069, 779.2794347937016, 671.9006176229159, 775.6077961641188, 789.3196744432829, 774.07919031446, 764.9837590087111, 781.8562122111031, 679.2172844160524, 780.1970479216967, 780.883900179137, 756.5411242592497, 775.1028489357142, 777.0400808064529, 786.758710536867, 755.29411588434, 784.5143381565804, 776.8041335878523, 792.3952065069925, 759.1263821641616, 678.7551629118585, 665.4424062528084, 781.5074093110028, 758.7440054063603, 774.9761939008395, 767.5071530109606, 775.4086625422888, 719.7832200225579, 778.5270322682587, 682.1811683410773, 777.1143121760362, 718.4602071066348, 777.1976040537347, 757.5082070259583, 771.6301245505622, 768.0035969274769, 770.7930730570375, 777.2393663847879, 769.8976321476903, -48.74877689612342, 776.2936302964225, 743.623702684096, 782.4840574789399, 755.9175611450697, 782.2459645430872, 588.9560707417093, 759.0715040129911, 785.0166687518122, 770.772966730896, 785.842849904913, 752.6966483725824, 769.1422186286068, 726.5670261108125, 784.3804786981924, 765.3783676794856, 795.1163584853253, 780.4308436590545, 767.2272492452108, 768.5238410630012, 764.1419218683254, 696.1069467528695, 764.0749133954909, 767.4077912467751, 729.6754446928538, 773.6832047459554, 730.4543214448743, 765.818817338953, 730.8973630347298, 673.5920084302737, 787.4406834896847, 762.460757683946, 773.3915285398341, 755.1294239344733, 776.1174999350922, 670.5181029711734, 745.0634374091778, 768.5601965439274, 769.404260276326], "test_sigma_between_0_07": [831.9235410028781, 774.4307993364499, 362.4733968982342, 779.6761873265668, 246.18602936411926, 767.2104006903712, 602.9132546011278, 679.1407858857059, 629.2090972993557, 619.6608736849169, 841.1644145801422, 772.2746901837238, 533.273073202764, 762.4507684479316, 651.1192930556017, 785.5899210021469, 69.0404023694369, 738.2816782800525, -44.026736022380554, 350.12196517879516, 791.7683206913789, 764.7079586011718, 4.331500598234984, 657.2234189202499, 794.0397997433328, 344.7305110203582, 508.6737933045978, 712.8689259598164, -1049.063067502244, 627.2027950219846, 870.9259685900976, -385.87198813665015, 750.1453383915627, 627.4245949483046, 772.9539783526949, 520.6376754785242, 771.2755421571642, -1846.620548183115, 762.0545906475808, 750.6977142917982, 780.7317286685063, 465.9711391569354, 766.8687603147573, 622.9473711289311, -9.94566504097595, 214.19309461230486, 663.4831379346992, 403.3047810850373, 812.3222446923277, 127.92267446927698, 749.7045722635036, -172.49528672401166, 772.90217857189, 391.8837994511495, -104.66664199602245, 775.3112500692594, 774.3531953183907, 567.8148964102933, 778.2581601163685, 568.786523990824, 621.3527092624927, 129.4074678747202, 676.9331978980365, 685.4837169906501, 883.84618347818, 741.6621448842985, -1415.5950661168981, 782.3234307155732, 570.0121472993611, 742.4233807071356, 577.1347187658394, 733.5934389891326, 691.5010067116605, 740.1215580052451, 579.8880530110995, 753.0382918074187, 100.32907826490319, 105.46725651107381, 723.0171918752219, 678.3794077323868, 827.9191302973596, 597.4298012195992, 565.0329175558895, 805.9724685047515, 754.0614926562238, 489.36175092285697, 761.7908206969583, 810.517008887964, 744.2385445636415, 764.9848589311084, 686.7515221107838, 772.0312862384493, 734.9619107767513, 787.9379565102729, 773.1736041310692, 761.2121309649289, -18.687796546450368, 777.3735275118887, 124.82368899695706, 801.534608769838], "test_sigma_between_0_01": [788.4566497685628, 785.519015679476, 783.860284478947, 784.3616775227041, 783.8029361154552, 791.0990802526435, 783.6952828002755, 788.1140705502543, 784.5494444235208, 783.0928779127187, 781.7674551630537, 770.5329726253956, 784.5360085517705, 783.0407885964479, 783.5074801212172, 785.5848400543364, 777.789438495954, 776.798725600007, 778.4894389131973, 780.9192647062278, 787.0847586786784, 781.3121276239657, 784.31303660884, 787.7232679463883, 781.8125074966042, 780.208893478417, 768.7524733895268, 779.5342717965434, 779.1370874133067, 771.5898094820371, 781.5549414503383, 785.9512006968662, 772.2605843891467, 781.7362158804618, 788.8092722241335, 786.996078100064, 778.3705559414598, 789.0584379307751, 777.8605435206716, 785.4599141405588, 783.7393811112624, 777.9982540645599, 783.8465914749996, 785.2171191604492, 785.1559350641257, 776.7935420487731, 780.1709698594528, 780.7314743705455, 780.8585402708708, 789.0031337523952, 782.9472380387043, 787.2190103735696, 789.3547023192857, 788.1303614143046, 785.265365650664, 776.0442968550706, 788.3096550106225, 778.6289682740036, 787.756764132547, 788.6512301056695, 789.3071782479406, 781.4117978791381, 779.7502322875445, 784.7794957635493, 788.4676298054574, 786.3055913996138, 782.2677033019887, 776.4709305061295, 775.9566786489731, 779.0412556473003, 784.4644587282439, 791.4294410633612, 789.6890266240322, 783.99735879497, 777.9607972731093, 782.3623376925094, 787.597460678355, 782.9425874672262, 775.4948875290694, 787.9725723011916, 772.5889659914259, 773.6328041263715, 784.8217726032393, 779.0624817817667, 774.285059636764, 786.6491972584732, 786.2587373498399, 790.0193476835766, 783.6740158608225, 780.7517788132169, 792.0167058006741, 779.5663064778315, 785.7962749417934, 780.1509534118773, 775.4686859693282, 785.4129614518675, 782.9950877257357, 776.3947349488241, 781.2147874376662, 788.3456522518937]}}}