{"half_cheetah_adapted_sigma_05_seed_2": {"results": {"test_sigma_between_0_05": [-711.2522647622487, 675.2521148573186, 546.3464257191977, -452.23279432373363, 692.9564999794416, 927.765501613081, 635.118187224643, -1256.7636841126903, -1119.6725592133164, 361.9722922230261, 839.3885414955948, 95.3098697692782, 565.0509401014023, 170.18883626286387, 765.3022627137523, 569.9136852784588, 527.2372267559582, 749.1656183012593, 561.5349075737827, 317.41737938829624, 408.02466155830484, 859.6282861750263, 884.2082664378793, 585.2784667400251, 563.7052821076063, -1085.9669863466884, -736.2390201838659, 901.0204821144322, 671.2531913933537, 271.09351794879217, 676.5725605325205, 803.4236417849952, 189.33096689524538, 732.3977829718115, 805.2851249016835, 740.2327349480094, 838.6362720520798, -1207.4504829361265, 725.792305678818, 608.7098095446012, 797.5634598472706, -16.903224976865953, 874.9824756765473, -526.8030515845635, 603.8495314681077, 828.1579711375368, 670.6315846155346, 857.5471879386042, -1489.5036506582112, 855.3285793300763, 673.2631874974949, 591.1018153174311, 597.1012822655075, -449.76385260388935, 818.8500409235254, 550.9648105308183, 627.870899206312, 852.4117452469608, 773.0519648166199, -872.7158352570005, 569.4447603574191, 829.1317995445548, 867.6999356027418, 321.267629011447, 296.36545290212797, -316.98880285476343, 60.12898094475815, 52.362428248397215, 168.09584067449174, 718.7193343702536, 422.46351054367034, -143.05137325548276, 849.4590910052053, 756.6696417021274, 634.0510506461293, 644.8528526475421, 660.5991460204166, 546.2112986735885, 875.5788414556062, -183.30241485894368, 161.0158487582012, 810.2514829288198, 419.3593771538959, -708.9308315599513, 858.3475228157353, 641.3017099412632, -25.311735697218488, 584.2247454979522, 543.6968902910287, -1286.2479097377316, 781.1999944132118, 735.9384582130909, 146.54272320934697, 229.79345440626793, 547.6165124838394, 686.752321609375, 460.59057960890385, 763.1684429593223, 788.4043423744802, 644.6809293131893], "test_sigma_between_0_03": [760.0077657717769, 641.4979928460499, -550.8739303609659, 720.2376980463156, 856.9569531701732, 650.8685591574568, 646.700594681584, 578.1316316681992, 493.931301109279, 211.1812955140936, 552.5166001273761, 609.5998322655262, -44.12723462806024, -129.08590346027037, 598.4273422692725, 161.2430771207231, 301.899897164837, 862.4800439946745, 489.29098530772296, 691.7196413873909, 636.823370686076, 513.5400505457558, -426.95024094241097, 401.0559662493006, 902.1002785216099, 115.32664786935203, 773.2984026187435, 341.8677124110966, 625.8168243367954, 697.4547783326648, 319.02683750725674, 214.55538683957826, 560.8449372821517, 720.5023295848756, 722.8896487113643, 748.2000867246774, -181.44094242825497, 587.196182559197, -272.55420402008156, 822.245548663487, 652.395535453742, -792.7037356480052, 450.81429129641225, 433.9229304798253, 777.624429996237, 416.0887876798109, 745.923708526773, -348.05735556531874, 407.8702994696, 380.7146037012697, 881.5107124614594, -150.99904080712437, -146.00271719275483, 455.1008359232158, -410.7115143027471, 628.3338880179489, 600.4779311370481, -165.30012896478004, 656.1532825514862, 704.2460895056804, 653.8546090242249, -146.76193096207825, 701.983395972789, 382.6127416991917, -0.19661839079056342, -1016.3289350456145, 766.3847029746007, 879.7537260538238, 698.4563793336376, 819.5778580041106, 606.800938746558, 653.475123712154, 517.8969138324522, 652.9560584806394, -801.1694251976918, 74.49051084525561, 625.134359491303, 714.5609723832252, 828.28223878014, -635.2073444123075, 433.3223238541806, 412.45674176018485, 541.3993502554079, 58.22614920322497, 659.923539462808, -367.2686648124202, 869.2598237109246, 378.40065673609956, -569.442868303822, 732.5965575398353, 601.8307659619073, 58.17933943050759, 282.2916167592411, -1004.721187435741, 561.9659207826709, 737.072299993989, -122.5292814912668, 698.4810488495705, -868.163732302953, 646.9442530705962], "test_sigma_between_0_07": [677.5148006295628, 628.8515414535599, -14.695855412055666, 802.0405695310131, 662.4926985212309, 394.7964745421676, 175.640566085177, -1186.3555783496704, -1338.3686378112427, -1094.6038942060875, 691.6536640915173, 724.4411928572836, -54.281978531241656, 643.992292091635, -94.94177043185938, 667.2575600387086, -304.33738514029665, -758.6077230600479, 591.9411736308466, 588.4484420282656, 685.6156357741595, 470.1861173990485, 728.304285388775, -1225.0981262499479, 796.4853184531227, 835.3696852111384, 629.4251421729573, 835.0465305192778, -1397.238555687084, 423.8242682225842, 791.7039243606724, -102.16197392456988, 519.6130263603668, 597.7046040838982, -286.46629748920253, -1311.3516135077145, 662.1665386931377, -466.565885443549, -955.7652333896623, 736.578320982851, 771.6654336326977, 36.51677779776798, 152.24670257012744, 840.757253556761, -899.7503771982978, 232.48493008647043, 577.7460525576192, 794.2957568205637, 521.4267437178851, 243.25930191410885, -492.63811502929, -151.70983076237897, 674.418287600095, 853.6526028455468, 170.58366863948166, 845.8882786915602, 748.2861781631998, 477.21042191574287, 679.439046222953, 731.7151783401138, 670.7105506700899, -1033.7883527184836, 686.4668232039251, 77.23884825228589, 864.0478431863485, 730.5940469941836, 434.98723460999025, 583.4351711243758, 667.9484157110563, -485.027262915953, 191.2311261242999, 696.454252673685, 297.43950451694417, 628.9265014942341, 84.06787559000043, 647.7281694194513, -1237.4729941545593, 274.0737903277171, -615.604575273128, -81.37873912603817, 877.6947827750789, 387.936617825726, 869.1048404538207, 639.5598491007357, 499.43723178574464, 393.6672548841512, 549.4767653570261, 730.6660227563923, 591.5800539240649, 714.3623139272456, 654.584864055853, 507.77212325178044, 823.4398665415549, 850.6504651341314, 631.3926655576993, 534.3753715215855, 472.09457672080754, 646.7521314030383, 124.74776141902532, 881.104593914152], "test_sigma_between_0_01": [631.6228583140353, 74.83196147892735, 343.16265438886364, -108.37174181997979, 594.2446893740224, 173.70778085185722, 205.35413425167908, 108.17154857376893, -219.2759376721108, -177.57972988134986, 35.18391924227321, 670.7885323092894, -75.66829880821024, 206.1672951954722, -26.635694466036508, 663.4824100356519, 119.00784531815157, 643.8569181823558, 444.50240030060536, 290.8865018093136, 430.2344914445132, 774.5420261755803, -287.2094681250052, 446.75295577366745, 645.0516954672223, 247.6667186908276, 696.5598939977071, 262.56622796943293, -69.27055701665518, 646.5268046905633, -425.96813995598905, -122.18765358224942, 340.9106287329585, 715.6765319379767, 3.4927793656477313, 728.3387512665823, -229.8891886458789, 655.7792545730794, 210.68134483389275, 483.83504554718303, -388.02591076497333, 396.94067677811785, -122.45520511523368, 114.73867494790608, 327.24180956805947, 518.5367384300428, -73.53562036699442, 738.3950256095773, -1309.7136261473204, -147.1140982396489, -45.66516533507679, -124.00408362707797, 492.1108027445001, -68.77442548719571, 653.8994407770876, 563.5838771226353, 39.12983195256251, 389.77803783451657, -172.6972698335158, 767.5898900921003, 535.6058305468997, 305.6102059028113, -22.689715714560563, 174.58405858823375, 255.02984714378232, -102.40631262836978, 224.17050132024127, 308.08128136821773, -26.490608085985894, 637.358636188139, 717.1342531440329, 122.54716272821094, 412.91444879328037, 142.5249609939711, 304.93556401850816, 358.0923608914646, 782.8337596157821, 151.98577712283304, 518.0190278611586, -48.15525606478041, -557.4233796752305, 301.65050289726804, -231.9216083510808, -152.19961692696646, 167.3228726547651, -156.11382805431484, 296.08564512155704, 343.37324112077374, 206.28464053513136, -211.0100344482676, 629.0808502014637, -185.4043732984327, -81.32378940086919, 126.79111958264846, 348.00555941827565, -349.94133809833744, 489.92708240634744, -346.74727017359396, 13.855812199345355, -99.79320585980464]}}}