{"half_cheetah_simple_sigma_03_seed_1": {"results": {"test_sigma_between_0_05": [629.8838146416239, 516.823582114898, -736.9212239043957, 745.5866881871674, 843.1398931684889, 471.7302362286385, 753.3958620719608, 682.5715298130109, -1347.485484269307, 511.7489569727226, 651.9777183103324, -729.4182885417066, 999.4945317905729, 536.1522420746583, 1375.2232757571048, 1579.79659694011, 483.80674154691167, 498.11145533641405, 544.9046990968184, 1404.069036488554, -1685.486310872153, -1527.8340640020685, 541.6841259722587, -744.5171692064786, 372.90806698208974, 1382.8547626597929, 921.5893905344521, -517.9046889628048, -135.71419630676255, -1708.6759379963805, 389.73075330812867, 225.00968386438623, 649.4425621605671, 1175.856567374055, 879.5804359258913, 1740.8198906837222, -445.9777330164638, 1010.1526579455189, 860.3148499715703, 1432.751243777493, 1011.990106748386, 483.9331391670748, 701.3356927177228, 697.2546497395653, 910.9241482096703, 1466.469037865369, 545.5360193537564, 506.6170898427835, -1272.4289452826483, 682.1627076106671, -582.5218874129005, 1092.6587391400844, 639.7853377082744, 352.82636651506004, -514.9399419387001, 431.16399023158215, 529.1171108787707, 564.9722861798277, 1369.0776932634303, -926.8252644622278, 1013.1436339820768, 877.1959660979892, 474.19402831878654, 1268.4600038752526, 1567.4457122786948, 832.3232768068589, 570.2102281069507, 505.66968633799587, -363.307196116435, 538.3304208390648, -1097.9555880612722, 737.4844968943119, 781.7891403788022, -814.4171509265825, 554.7723860119717, 648.5645156600295, 1644.5571147467508, -756.222614276236, -1433.9388984263037, 699.2080751197858, 704.6093433842402, 1518.8452796617564, 842.8427073555322, 711.4172944851349, 486.21639736812034, 634.7431911489145, 1152.9590301418136, 643.3995482955321, 1487.0024179443021, 551.2902203740124, 837.7042626961396, 676.1859954002111, -80.2855075247935, 108.24664265012063, 514.9005660070186, 1175.4199548689521, 456.74335596940324, 810.7035325419123, 1717.6739281721896, 839.7433048824414], "test_sigma_between_0_03": [1429.8382783822929, 1521.254197492785, 1531.5832138103603, 1200.0877714567157, 564.2034039088636, 357.7040056054246, 600.4695542917048, 1344.669610845634, 1638.1768480890967, 1540.4345268997156, 1545.8440356541075, 811.3737556106823, 1065.4897629649988, 1483.5128051385338, 1580.9460326544174, 1620.7967736509054, 922.951063357913, 1631.256820409092, 453.918823139537, 1573.790884012686, 1525.9224923772254, 1443.3846835376157, 861.9288682559405, 1054.8301268363386, 426.1519393267572, 1251.9488212772612, 1514.9014067141582, 1442.647337121771, 1010.3015369865192, 1635.045041481394, 832.3382701448543, 1495.9655716640304, 1539.111188801495, 1463.1576968449103, 644.4378751828685, 1526.6485815603655, 1503.6167338681626, 994.094543678059, 1651.3790308751459, 531.7911397921538, 1497.904527076286, 986.1924180412702, 711.4847278153832, 703.3689903564848, 1744.7842412665386, 752.6447866727415, 362.7082116632143, 1479.4151650294446, 1209.3464777427662, 1143.78628938128, 812.4480031921144, 811.8721407888451, 1003.727322910617, 1069.843573824604, 1690.1514679464942, 484.07208119982045, 889.581915045391, 887.2009010571084, 1738.608392552778, 960.0099392913404, 825.2376546130952, 641.73426622015, 1006.5567396625958, 1318.9358489384326, 953.9904926236865, 980.1089514934984, 860.6619923217019, 1573.777951493735, 1710.3025877213204, 1582.9929710766605, 1373.4640455855485, 950.3872004025411, 520.7393367639804, 896.4795771477491, 877.7814037407863, 1544.299380300125, 720.7727067489105, 1616.884768653365, 652.4339605062078, 1088.6629503292431, 938.1979176031741, 1537.8283366087483, 914.9876524767209, 1042.7043779584321, 1496.7052933509078, 849.030012023279, 496.5096562562722, 1160.8838284422013, 711.3299951340297, 869.0271123055638, 752.303400698901, 1561.7668110709126, 795.8417118719809, 212.1847519336209, 672.3199556106422, 453.23281872114876, 857.822763222351, 746.7223899553776, 839.8879409195374, 769.7028396094953], "test_sigma_between_0_07": [624.6202553492062, 1448.774111246388, -30.802482261706576, 1007.4676558068822, 105.43061015097612, 450.97209093217475, 147.25994871532183, -1297.1737436534727, -1380.8251795508738, 216.70535277928985, -1247.255135927172, 553.6368351988934, 45.80568338515149, 517.2103779240123, -1250.3452766065977, 520.3853133122954, -745.0846719002055, 1173.9245434397885, -585.066805835089, 168.38996943371436, 1363.7721048014632, 1040.625634805924, -1505.5186679248766, 570.8600784060543, 1415.5652538407, -143.12831599983764, -1267.9027916549555, -1511.3224278720372, -1313.9949784590249, 215.93722713567988, 853.3679679559438, 1245.7555958854332, 981.0412608260127, -619.8928916807475, 1343.1756450607347, -1388.5684736286817, 1122.5364819079266, -1821.4299185591192, 527.887429670739, 635.8491645859881, 672.9629023636312, -233.0809362697938, 981.239255557676, -409.2178625676287, -58.42591177333687, -1785.262329619699, 557.5202187208886, 436.8762162336745, -789.8805229741554, -1793.301704527759, 1446.6362843858221, -1745.2014474903278, 702.6750397908314, 90.55773416139711, -1695.8227626111868, 644.135094979709, 688.337310508801, -1661.5678300243314, 366.1303302537938, -860.2053993864441, 385.62057852435856, -1248.2230725656887, 508.17333025277753, 660.3123609098183, -1741.5911019562545, 640.0156686978614, -1524.1536352350192, 988.0394485796837, 604.6051446899811, 1393.5302413670372, 672.6350311153153, -1281.4846248052054, 781.558098890854, 629.3879087552506, 155.0550964019938, 873.1919740584738, -1511.0011303239448, 575.0218268214273, 636.1141407794867, 550.3003370420028, 559.1020685634674, 211.86102537016276, 536.1263597531103, 563.1155926572794, 1065.040553494914, -1671.5407518496581, 245.48970733440933, 622.9512987492461, 1243.537339740447, 1084.2978520984227, 606.976038959259, 468.18773852964097, -1583.900526166329, 206.81263957957415, 787.7895307225212, 715.5600601794941, -1640.1614561501733, 852.4004840023408, 247.7724375369229, 850.3333355860583], "test_sigma_between_0_01": [1793.6552931281904, 1159.6026012656228, 1689.606604307685, 1572.4423524454241, 788.2033562877052, 1437.4023560992587, 1794.0281549993858, 691.355078953164, 1757.4133854533804, 1086.8559313127523, 1567.3343175014222, 1222.8036472064164, 1448.0436396763153, 877.1886361487577, 1315.562456145571, 1632.9397718269813, 1225.505463838614, 1695.1136169579377, 1732.3532524332384, 1165.12781322932, 1551.4382220085804, 1694.1513341284333, 1771.5884396870379, 1471.6431870226359, 1241.57458862178, 1702.311464456691, 1806.4131904712397, 825.1143728232959, 1478.4327105340142, 768.7736716239639, 1548.9388213850455, 1215.2078354302312, 1582.8894476700302, 1614.9257260656648, 580.1438944126065, 1173.5156796341064, 990.1109306038129, 1564.3186676377143, 1769.3004882705407, 1767.5407290491974, 1044.4901612174708, 1739.6666301093444, 1307.537745931462, 1753.0128770096442, 1781.1869822120875, 1119.2605228273155, 1732.1732160516697, 1258.5508417787762, 1522.064001924663, 1702.2600446428928, 1756.3023882210034, 1243.7402562233199, 1603.2745922707925, 1734.58393871693, 866.6331378157718, 1534.5208370018242, 1473.3499597506386, 1819.7297095347021, 1597.9792258457098, 964.8485822247105, 1699.2393066073992, 1688.7038971153718, 1645.725181928125, 1586.9692832355693, 1167.1066616253495, 1759.6983402495925, 1780.3899658914625, 1754.8467573409903, 1243.2314621302557, 1807.285945403602, 1459.3770535815306, 1692.864456820854, 1530.908883043289, 1225.5999068805813, 1187.2695352380863, 1814.1568316122464, 1529.6032748699577, 1760.0864329994536, 1104.9929787289714, 1738.4320247145608, 1159.7404876133069, 664.1239312225292, 1136.9233898377186, 1630.3763960686867, 1389.5653617388668, 1620.5939322722118, 1800.1047882754337, 1585.4685636031388, 1563.4191526890197, 1467.31668304286, 1781.849894689809, 1799.045118762502, 1390.0369532017748, 1759.4076641388394, 1793.5814041619376, 1349.6148897418007, 1436.3490054673869, 1378.4574958024978, 1314.289089557303, 1293.1997024113552]}}}