{"half_cheetah_attention_sigma_03_seed_0": {"results": {"test_sigma_between_0_05": [1490.9133042896528, 1550.2865233981615, 537.4201166768877, 1071.4674823340301, 1944.662633993637, 1200.5128992581008, 2090.261344315514, 1302.3783659471942, 475.36213407191536, 1043.3898979529606, 1825.6899490766098, 109.5718080767008, 1897.3121128997907, 1499.4706565210868, 1897.3231735838233, 2120.1134195125583, 1718.9639529950146, 1601.333788564768, 886.2946502344471, 1563.830158299119, 494.03107192872835, -296.75511054617965, 1168.3018657935006, 1538.5271982473648, 937.3208857619985, 1660.2789413223938, 1547.6484147878336, 106.83138575608321, -20.13417734730378, 78.05056940961228, 2059.5822452956836, 387.6919858961473, 124.1128112841819, 1441.7177725710765, 1876.289767715822, 2119.5103842099347, 486.7852796578595, 1693.642425714399, 1490.1832598197386, 1756.6691631219314, 2178.1868370530183, 1407.0441278761589, -1414.0489689775975, 1103.818161999685, 1809.1785122482079, 1958.322533450934, 950.6676154194304, 976.5571146118388, -851.7310989923643, 1763.1693091424243, -185.04001399589745, 1998.9633228718428, 1851.0844893392082, 1461.5248595914543, 177.83295526191066, 652.3015599863859, -137.55108461347515, 1033.519550047261, 1860.1596942143888, 586.9072396898963, 2054.1436630725198, 1496.6296667138545, 884.2419402942319, 1849.9282042774735, 1753.644958938227, 1624.1799076550776, 843.1236225767324, 235.52525751657663, 156.37187878211267, 247.91459380699115, 977.4850204615923, 1628.4145088841792, 2040.419002967396, 8.349522987739185, -173.51909219692186, 1521.898161262828, 1941.8825733502633, 1409.9239267388782, -1591.2820342339942, 1261.6374247239814, 1328.8085261363403, 1897.3556939968082, 1810.3439588346314, 1694.822767078349, 413.6043566044744, 1526.564417374638, 1383.9848334184007, 1634.7750567380501, 1409.1218789472082, -132.45617413780298, 1860.7737992478978, 1978.729865324197, 1515.4935038425524, 195.09260520148254, 61.8524608710679, 2137.207986901581, 1036.0647594103552, 1790.808342154451, 1780.3640254798665, 1242.2312370342877], "test_sigma_between_0_03": [2001.1981503879697, 1822.854035719224, 1992.1137753716744, 1983.1498838863436, 1425.9294622402083, 1114.3218035181674, 1277.5495492223513, 1604.3168295342532, 2175.012577721319, 1952.3367049641174, 1656.1314526057588, 1605.839567649137, 1795.0954640527596, 1770.60133686848, 1827.289658564392, 1833.6695446496187, 1890.587912160855, 2190.171964761743, 1723.0997225780873, 569.1641259627512, 2122.2049467051306, 1821.5886767333086, 1555.1804250421685, 1588.3783173232043, 1545.4435765064773, 2117.857874390897, 2184.4022020956354, 1979.948212889711, 2071.837782734, 1960.8261961721382, 1721.6109537761017, 2104.466596472569, 1966.0048902649542, 1751.118938224412, 1585.3446167999562, 1907.1411901661334, 1917.5366640602101, 2015.719165854584, 2028.9304383075216, 1550.3402146268686, 1869.4773977033037, 1772.324283996396, 1524.5912390222068, 1250.813266594914, 1968.5032388423701, 1849.1405942608217, 1619.6214936920524, 1924.6894887342187, 1969.3353861638102, 1457.0735907389962, 1891.9203985141364, 1685.8391550443375, 1904.421473732025, 1486.396102932995, 1832.5711693226149, 1772.1709514976485, 1987.2823235062365, 1940.6435495930773, 2040.0366272606275, 1791.157468388661, 1777.4535463121956, 176.61589605156195, 1619.1580336881525, 1925.043451840959, 2051.768612220447, 1782.8399975696932, 1999.4557339794844, 1612.6873102709849, 1826.4426358470243, 2063.1067407814626, 1975.5866021824872, 1739.5282824009196, 1602.6270054337137, 2132.315985266184, 1624.5792953183827, 2023.8278963742462, 2015.5817992666348, 2191.67647490725, 1799.654027999516, 1816.0336046080995, 1519.4883376409632, 2173.4654283331515, 1556.025389130414, 1940.3184186870376, 1985.2854924935416, 1525.76846271857, 1906.1134720767423, 1745.5777163083324, 1696.467611789055, 1713.9303782017782, 1345.3894359798705, 1865.4811406787778, 1771.2710323798728, 1685.6272958812128, 1860.8859420281883, 2018.1540175626558, 1574.2093813435567, 1594.0630030349644, 1613.7750729959841, 2069.0279401455973], "test_sigma_between_0_07": [60.80851662882056, 1753.0343400457755, 934.866780132383, 1594.2454801463869, -213.81366233540794, 1101.0838581761236, -406.87484689923247, -239.15713092642682, -862.4981296307473, -254.06869952519014, 1523.6695173036524, 1360.6907502330946, -1114.112488690933, 857.3690556188207, -972.0232045347492, 1543.9556692368456, -1228.8209038108666, 776.4726298720237, 614.6369888337671, 565.0552340812017, 2024.7144986291153, 1930.0907179033682, -1178.5857634043807, -749.399218334221, 2114.9070377533244, -935.0164274252675, 334.4406190358319, 325.5620324057979, 964.922207576302, 492.8741880040765, 274.68472707916374, 1472.4935057025853, 1879.59842532607, 999.86559357847, 724.9385473301439, -1019.7897229878417, 2043.4248368111619, -1698.5639682501594, 1035.4785914002323, 1424.3474717180245, 1518.3709690848332, -532.840536763602, 1806.9945093298463, 1564.489910655897, -177.88015406846318, -1419.4900694759983, 1134.0046136162937, -473.97900910067426, -518.9024209787272, -725.3980012448296, 960.7946105279324, 283.8999075214172, 619.5431461571778, 17.11665717769066, -1328.8691424735216, 778.9484843085884, 1619.7471283054977, -381.48506514681645, 1513.8377474702881, 333.9913933854833, 658.9976252687633, -1221.5954751881804, -798.1747848857142, 845.5160582661139, -309.4414929956593, 1329.135470680517, -569.7149797867794, 1669.0888918512842, 1390.0870986576458, 1754.9022796876432, -93.65462250136325, 485.3110227210432, 402.5782580206705, 640.5533727457843, 1413.9919946627208, 1894.0569688101828, -1387.872611413469, 125.6165578792602, 1439.0556244009329, 1130.0603779785574, 1234.8869703503422, 136.16149946394427, 1541.2586033940574, 273.34182245751435, 1406.3940794207513, -46.60511488377956, 932.9485720569227, 505.76330223054015, 433.3762155459084, 1659.7927902767674, 1531.798967490804, 1566.2409011838765, -1161.212211831181, 113.70670251397512, 1726.403782277489, 1533.1701952026185, 66.33416956869334, 1833.3181407408345, 165.52995553692614, 1232.3700070750376],