{"half_cheetah_convnet_sigma_05_seed_0": {"results": {"test_sigma_between_0_05": [-1330.9711821471203, 312.1220458687062, -992.975873095123, -777.4903110175601, -21.476864663834583, 288.7237712715903, 739.1236464989784, -923.7116984166053, -1203.9617714619071, 105.2780795839731, -35.9617029163055, -1392.4967384779584, 620.2232087774892, -60.593748272054704, 587.2826966654126, -416.4719200584673, 538.4561651853054, 594.8431551547051, 605.1511325761478, -774.2054914306854, 588.10403506623, 682.0464877603872, 283.10684115585155, 222.16781307582215, -710.4253999635722, -165.17731675643003, -881.2465476953147, 568.168432755821, -452.1790318762355, -453.6500434459826, 571.3761024318632, 555.1710129435164, -959.5577743749672, 419.96531131527803, 125.66440867211064, 603.6620919760128, 643.2835072872576, -629.2124116683882, -210.60021344408887, -210.134309263816, 155.4155805524976, -1354.0579089557034, 268.0930866921157, -1316.9265758075612, 592.4300529348859, 615.1816698625911, -1370.9607027972602, -360.1961538184377, -1024.795380203551, -165.58128073220186, 553.2634080907295, 625.1648715423819, -668.1021673707863, -1397.777350353786, 559.060356814391, -30.367834151972794, -119.82827132249948, 555.5450373628253, 675.1681462914926, -1378.9735942250647, 605.6918353674389, 580.6578813000377, 544.6761820191664, -683.0970936837986, -1300.8184538900268, -1318.5609767391254, -1135.1125179933058, -1416.8769864436358, -336.33343822418647, 582.0153381434382, 534.1557298976402, -191.31292096747657, 586.3508850124125, 597.8776049021916, 58.010989773718826, -502.7981806898106, -350.86720797333754, 676.5674101053593, 592.4756352836849, 460.63732806929755, -704.9193700020336, 579.7389243365603, -479.086924708189, 88.8253511896559, 645.2721886289585, 88.43189402136066, -1451.771176433637, 27.465350380308514, 263.59379450032975, -1150.726965993678, -665.7137461990205, 656.8779952056112, -285.65550726954086, 515.2586190548926, 394.7584023299441, -224.61594835615676, 541.1889103115958, -993.3684950821383, 648.3406957430042, 585.8878698352644], "test_sigma_between_0_03": [683.6011143371757, 738.793673660458, -1223.3036102776741, 604.7288747346362, 97.94416054898755, 597.4543675356664, 584.5930931620825, 676.3971340606067, -786.341966714276, -1275.2269229373646, -572.8515941323197, 631.9371731968769, -743.0935878440499, -125.49686535287327, 700.9863231270137, -156.36012953199256, -597.631973817265, 603.1363500483958, -292.314701438013, -409.4314874826175, -405.3058300294725, -844.9403766527773, -855.2636633692682, 305.40128144614704, 439.1286509002298, -1227.1645701568445, -82.09998720793962, -1327.022458551496, 654.3870121039755, 594.6685853613446, -504.8399237457708, -1331.7016747219573, -299.56344086795696, -53.31597687340977, -174.47443316964336, 748.7791938139649, -1040.7827011965687, 157.2112834490502, -1155.5301269692675, 582.15517600105, -791.0296177370655, -980.9510977376093, -1241.6959036667297, 586.5615976515826, 742.7446828997447, 554.5805839567025, 603.2082960730603, -872.1973470817805, 75.37233801295667, 698.0659569521777, 572.1707152154112, -555.2996609322331, -265.11171664706035, 603.7213031167748, -1307.5097081184415, -436.03650580260125, 122.15045594413682, -784.7326099287909, -169.52873546789922, -1062.8392837190042, 505.42125454723686, -1424.4837920558339, 698.5765461057846, 48.4086166450157, -1305.6109509083794, -185.54247756695398, 579.5996813673669, 123.28783537654675, 624.9722470123199, -352.18963476671735, -417.11180070574886, -202.96253768516593, 550.4890375780401, 592.2411696519976, -1139.4547908622592, -498.24441373603906, 704.939199695313, -221.38785412906154, -252.89456302645155, -584.8863698100763, 587.8493703542026, -1296.5963658601127, 583.4966684349555, -1173.6618640997522, -576.0748076175599, -816.1215182195039, -662.7980699148867, 593.2694257504972, -1264.2807133639517, -159.62533596606508, 567.7497098705533, -1083.9829474336552, -374.1769274522753, -842.418440101878, -1117.2935778594897, 630.3262003296527, -1039.8219370763593, -77.7212382724843, -1036.4708152073597, -444.52587138400554], "test_sigma_between_0_07": [559.7227955445685, 579.4660469820174, 268.98816183753087, 240.7427143498002, 545.889212692074, -1265.1148581426917, -1308.2733866211706, -1257.380843715674, -1430.0129132200013, -576.8760432921536, 588.760881005939, -471.40422138646227, -1283.4576110708574, -816.7049100650988, 435.214777687987, 659.7134037796445, -1098.106531144493, -1504.2280986044104, 489.62647521526276, -971.5407237857324, 575.3400799150169, 496.91968143969444, 605.7449942732384, 442.7973201932332, 584.4806843855434, -168.9242677161676, -732.5713693458756, 542.4936308350373, -507.58580039343803, -77.46506669003271, 426.60758510515956, -284.66922647116166, 503.67602024762687, 423.19125095021997, -991.7688261286874, -1447.5944694276293, -268.1332214259486, -1077.0168097534108, -452.9897062127439, -1366.0612332048056, 295.8152180156684, -1340.9860316220017, -437.99159442418033, 577.0733622838854, 471.7872327981299, 584.5620005189946, 12.628607134433668, -147.58892548051494, -270.70221782829907, 319.56917234459274, -1343.2327872395329, 108.93377784398628, 540.9542249291251, 332.58439119741405, 504.72031258433856, 581.2197849811754, 639.5906082000715, -83.9822008193616, -59.17490100724686, 528.6087965732464, -1406.5582510984548, -1406.0563615397755, 588.2662280929962, 765.6430383341209, 781.1515886181262, 291.349209197558, -1402.01123931149, -235.78195000495197, -150.6403254521589, 288.6649343880887, 772.6624509978309, 552.0447304888947, 256.17134750731935, 586.2099633478456, -1219.2124291516, -1154.4492975053909, 461.0795371120954, 262.05772807459584, -949.6850656862639, -209.51753498657945, 566.704511376806, -911.5012519267383, 38.97428172384244, 83.02854447153216, 605.8125349033212, 544.4597181280135, 454.7403061101276, 554.7715528851911, -1268.924311048659, 561.7581088943728, 592.0863747124445, 606.6842876664678, 455.75777528242725, 569.9263339304526, -573.9647178258891, 515.929200004152, -1126.4790286834698, 606.1395117347179, 293.636802957702, 586.076560798289],