{"half_cheetah_attention_sigma_01_seed_2": {"results": {"test_sigma_between_0_05": [456.72252965502827, 1079.550453216967, -385.01983724016424, 465.73976969049556, 1228.9087648978632, 78.54140469133927, 1842.5253033025856, -164.9060612407788, -1305.669697478168, 768.8492216388998, 1741.6109735095777, -1726.2808449281258, 1460.1556920945648, 935.1084067821452, 511.5272002421885, 1546.7479560172117, 1684.4204375616177, -504.3517505876006, 301.0792941478971, 386.09692142489195, -1308.1100613241704, -1051.224617458581, 265.5467600242523, 455.2801254893993, 507.258028170704, 1761.8259754107348, -1467.6697957322817, -448.25246541985246, -1243.5462873618546, 132.80893107065944, -664.7751113582116, -1050.4693391323253, 1207.5789127947635, -31.403213339255352, 503.8555312308472, 1821.4031205764463, -341.7066034814138, 1828.5228521916956, 185.10890675569223, 1149.9077143090356, -235.03736737983868, 928.3041002902559, -997.9747570746948, 717.2975934650922, 1541.8555294140501, 1687.7388898985673, 833.7274277069705, -641.9273515486526, -1033.8312846786578, 1555.7292434335236, -1230.610216133672, 1613.90714015864, 561.5949457794757, 1020.6599646691438, -767.1367566109366, 456.83932138951667, -890.9626755501819, 1200.568008592192, 939.3484876732726, -301.85557295203233, 1582.7072932777116, 1105.6114715042047, -163.15252737641848, 619.5994573835542, 1641.251914098232, 1630.1025512578271, 446.1540070437098, 840.974155245022, 1432.710288698708, -1535.001220062212, 87.1451179807295, 430.9414097824246, 1854.8538592958864, -1340.9992942422355, 463.7304327309277, 143.06017543779447, 1264.397571881922, 277.66785236674764, -205.79561989993695, -22.670383835752638, 656.758660883598, 1843.4922570883252, 1410.9163762060289, 19.449370118483944, -1654.3898956012147, -85.38967777383351, -1038.9768220541487, 380.1652673684385, 994.5596275329584, -960.5884824032503, 1175.2951765591338, 1618.5211540749085, 16.667971333551364, 758.1226110966232, 336.09229908197597, 1820.7701503179542, -339.2440981305319, 1884.1500671802323, -388.28696093397724, 912.1375614796075], "test_sigma_between_0_03": [1604.7613176315172, 1643.3920254072566, 2070.636849195975, 1680.2811736771303, 320.5471133782587, 308.656643512429, 912.8782276206908, 1563.175959815322, 1918.262766478595, 1771.051032219181, 1898.277532089362, 873.6969337841591, 1639.0446485095686, 1605.6348024283234, 1454.758355720866, 1835.1416635859089, 1669.6013606069741, 1555.7839236382597, 1334.9954087406127, 961.3918565844609, 1715.7117036712932, 1683.3704860850728, -843.5918575087042, 1513.0759234056898, 947.3405468029472, 1698.8327185390103, 1727.726292535689, 1754.7166238871353, 1102.4026630489216, 1522.1423994122872, 781.4941055156896, 1953.4424390483007, 1738.5818437873272, 1435.7540918382085, 465.5803587263148, 1828.0538581899082, 1908.058849593872, 1662.451519979527, 1907.8001883084721, 1177.779095525366, 1867.5308993790452, -496.0265090926065, 435.472570896994, 859.8276679420652, 1891.3607298909317, 1722.2841655684615, 988.0371690731644, 1718.0524116986373, 1711.1484159567713, 1347.8221734598958, 628.6444070260316, 886.7373534535157, 1671.6111023926671, 1142.2624079441537, 1861.494825273798, 688.5141476427788, 1552.3757865577882, 1823.772609631844, 1422.5421119478567, 1657.9727714757669, 395.58697681417726, 1197.0903746516844, 1609.2265983642883, 1492.2501500437063, 1885.9126109230922, 856.8575038974786, 1619.8934991274914, -567.7289714131356, 1770.6323042012482, 2009.3106280237246, 1543.880725410561, 540.0763695927591, 1644.1722454401277, 1680.9224298910124, -247.56094415024555, 1649.8082223016859, 1624.5134116842094, 1733.8742865830097, 1800.239771583791, 1919.8659977452403, 1276.915901397222, 1947.9772735402607, 1635.56354997817, 1801.2541922827447, 1840.5010590207291, -731.7526913801177, 880.6891808079598, 1629.3390558027031, -866.9250700891133, 636.7511533366921, 493.2938561630285, 1583.2071173549157, 1389.2118495422767, 68.09848699828737, 1754.4826642291196, 1275.3560617469234, 768.2019137139367, 951.9934062847049, -947.0777357289774, 1767.1971037676863], "test_sigma_between_0_07": [-1290.605670066314, 1792.0911232839812, 645.0210496652841, 789.7961762326627, -1281.058081145005, -958.0505233990327, -820.2560972278081, -1293.169891033688, -1290.2998161032615, 387.1662314147441, 500.47803310092377, 918.1098097341284, -321.5514031528146, 606.4311344879163, 521.8189661637978, -1097.0578892317717, -1310.8854642612505, -259.2065776989275, -1296.5046866125708, -1234.735329050638, 1045.983782092243, 1619.3621406397622, -779.2599165620893, 468.1589958240325, 1975.6292695268871, -699.8699706359187, -259.30826321650557, -152.2452001584549, -1338.4989444268945, -599.5284595437864, 918.499718102892, -224.75636513880914, 1598.4037032014214, 1479.5238210027599, 1426.7330068362053, -1119.1525330527527, 1155.3093609513062, -1465.090332971044, -1264.6361431242556, -199.3891547387654, 1229.5369396195395, -375.74109303686566, 1387.9265909169299, -1298.4992840145903, -434.8835162989696, -634.1365670627368, 131.88536154075103, -668.1201656553945, -377.444894766268, -696.6270129520204, 1532.4078752567607, -1170.5254827354152, 1090.089937466101, -240.73833456904657, -1347.6040525428964, 159.12316692028398, 279.5170376092585, -1075.7608049394983, 594.9660428811185, -1337.2765416988445, 684.1927841910804, -1374.9506891955987, -1233.279923878855, 963.226704491082, -723.8871722818714, -1489.0689289414631, -1341.8613662970126, 615.0188104237462, 1830.2588280242755, 1278.2179002047878, 204.1656528518757, -969.1424675414663, 324.07621861462263, 195.74298416509163, -939.8088496924565, 1643.9483080425118, -1280.5047059920998, 1102.4408389107161, 429.7357383466701, -1243.2819635023827, 699.1999636260413, -1317.638011458814, -988.6123551023653, 319.5035500288185, 1065.3982382493814, 253.4120677445942, 633.3155702473438, -1273.626084266842, 951.1313324989819, 1252.7097362641591, 811.4808529851098, 244.68723695940713, -646.58252282543, -587.4029292109957, 1401.1943822621895, 1336.7214053269352, -1128.3336071042313, 502.19726346463335, 1040.2358436673837, 213.5811510167071],