{"half_cheetah_attention_no_encoding_sigma_01_seed_3": {"results": {"test_sigma_between_0_05": [-107.44050263760667, 1591.1535408540778, -1372.693183901925, 746.3967369022056, 1047.0020186833792, 144.16399271937783, 1638.0124049511694, -1142.5451753551445, -1293.9791017825767, 1284.920649894858, 1278.4376707825165, -1323.5232653445628, 1304.5921982867403, 963.8260923910361, 1599.708123030639, 184.5120128653847, 708.0551446516502, 1168.7289312407402, 1117.1320700271988, -1347.748477200107, 910.246699264314, -608.9852960046903, -802.0054957035023, 598.7130643546441, -1462.6471063094848, -1207.3268651791304, -1138.8735047781793, 456.85695641953765, 785.2903740000576, 685.2954895827075, -1511.7413217655733, -1334.138461843699, -1618.672821042699, 1156.6682861914442, 891.9545480373592, 1457.510945164396, -734.3513087437051, 1104.9447958449289, 961.6760047594637, 663.1835950029376, 1724.8834634008342, -1159.6538117491152, -1184.4772193531883, 875.5003751628147, 535.2596249493954, 1500.1605980342872, -1070.6385955897367, -151.17186703153433, -1358.9573962144054, 1356.8838081556034, -115.15706262034638, 1839.677714574317, 1138.861298178651, -760.004206901741, 384.008854050658, 1187.537863669155, 1021.8725400133852, 557.9372690880592, -216.23654387698053, -1256.6805853949318, 1810.6896033597259, 562.2856713725882, -1294.557482493519, -238.41835940232798, 332.13085288717366, -1029.0739406763764, 337.60266671275093, -1160.1972949016804, 1178.6924285994498, 457.5621895854295, 911.666659139986, 887.8311952537154, 1693.6121933492514, -427.4544366883353, 1541.1658680944406, -1268.2035203388632, 265.45504487925695, 1013.3027245929898, -253.33294153584512, 1078.5676232163287, 509.98687329745576, 1193.4064943875503, 190.1786639371409, 665.1010886768605, -1114.4081119470989, 831.8331397561547, -1516.808719849476, 1613.2826405959597, 1122.5609890732628, -1131.762462611333, 1343.8674080152537, 1927.200759822198, 774.9342964371704, 164.6487294868279, 878.7463784794332, 2046.5168555093342, 453.986686897491, 1780.1352186901784, 992.7970921986025, 1118.2290781954978], "test_sigma_between_0_03": [1062.9811273511818, 1049.5361697655205, 2083.6000526866974, 1620.63038714316, 735.8243560067441, 1589.136496946453, 1556.5401794659313, 1058.4684080288118, 1236.7203317985354, 1133.4559272109943, 543.2408689171915, 1651.48599097316, 686.6171916562796, -973.146981863709, 1541.275988151362, 1855.9901586307117, 1599.1677759209178, 1537.388880541792, -1353.9108875941777, 1375.6243693064011, 798.2194402011079, 1778.871383408755, 852.7300043150334, 1312.0402794842753, 924.4355236251251, 1134.2575452611025, 1856.231460514459, -329.6466386459027, 2011.0204458837352, 778.9084170858256, 1282.97034133273, 896.923714914561, 495.58082808504724, 1545.4339298526525, 923.0811113909507, 705.3274588048924, 1041.8250968681905, 944.807231507118, 1195.838846395063, 645.5518096398715, 1487.5893638380383, -1276.1704098709029, 1051.3389419289658, 1213.1121605090411, 760.5269069343396, 1182.3054564712722, 1014.1002433219118, 2074.7000064030644, 263.5223039430283, 1352.158683443935, -12.785970681304068, 1150.4634335517328, 1265.3333535192905, 1107.1921946432533, 996.9618164526529, 1543.871942786818, 397.02764253281646, 1133.9970660515605, 2115.6398604762817, 1691.9715381893034, 1608.8646844051348, -677.0683473061332, 1497.854896948946, 1103.5906045507008, 876.4578778688228, -1172.843499478157, 2119.7920295842036, 213.35061285334942, 1170.3388748489726, 1305.8033771452415, 1208.4162979148045, 1490.3980840131717, 570.2608070408246, 1588.330625758454, 237.73930561203687, 1821.311597077491, 2253.460882369427, 1836.8657178989279, 879.6081879257878, -1245.2217649691179, 1240.373358299705, 1143.1953528463266, 1370.5461628076353, 1012.1155987881147, 1660.6752895757006, 369.60243158717583, 518.2659931620794, 1744.6978990549228, 708.1418988231064, 1546.231398085808, 1335.9241912126656, -954.8371371267983, 1080.7325994728296, 1349.24037343238, 1105.7945291688497, 1706.5099389126244, 205.5930868228483, 1535.62147548255, 567.1893220832013, 1681.3692813376256], "test_sigma_between_0_07": [1080.8199702499408, 2015.1418724275052, -1383.3969611036498, 1387.4683603501317, -1626.1234877556687, 98.88542418924203, 484.285982305319, -1454.5882789197194, -1501.399643763443, -1567.2214136346124, 1196.1193982091106, 525.7942150837772, -1295.1788960921294, 378.7836928233989, 101.09888912112632, -756.4450161774542, -1212.5422130509578, 580.2733197159752, -840.30307452629, -1414.0554697431828, 1497.8016104161795, 1095.5597487224998, -976.3962834595867, -18.585273675265565, 1485.8232620975455, -272.9101734646044, 659.3673733942277, -1061.942891798151, -1445.3127746407977, -1202.8203139244677, 1289.8082430417912, -1099.8644532582603, 1035.239820892626, 630.0755648664543, -1177.57747103673, -1563.822316595544, 1547.7033513530914, -1527.4051384515742, -1384.2424041659558, -944.5261428554173, 131.9751137638416, 341.3565352131474, -1113.4859373421025, 443.1293365103298, -510.50161871090836, -1492.740561469329, 1040.8004877451665, -501.54746009871, 940.3801498376982, 786.9822815474422, -1364.8766526254449, -845.0260569891182, 1481.391830701322, -1271.5355563515184, -846.5087603541924, -1103.5156370368434, 693.298512783502, -854.7733675654603, -1369.732490959966, -204.01886141055056, -1091.0245937557397, -1433.5523069585768, 551.4869284335032, -40.43783631605549, -764.3874121671181, 1426.4879619335868, -1352.3015385405247, 443.3152927255722, 467.44673725314925, 736.9573983241123, 192.9576889638004, 925.5508059947211, -802.8423376454133, 1510.8373442427865, -948.5103111499261, 826.5563629123249, -1418.4508302409688, -549.872113039596, -1314.249832402734, -675.3751214801714, 295.9778900131041, -1370.6504331422132, -1205.8473845109008, 905.9061612145481, 562.6377889117341, 454.3730719883546, 530.0724231014716, 290.5589458054389, 1106.120429079089, 1602.7503525309778, 1311.9626690646237, 732.7619733345249, -882.2266581192048, -829.0435259704299, 1784.7279212162373, 721.2827078044942, 745.4094920704323, 872.3929057067768, 356.80437579729784, 749.4733822280637],