{"half_cheetah_attention_no_encoding_sigma_01_seed_0": {"results": {"test_sigma_between_0_05": [1026.5333583910058, 1055.6073193035616, 708.80658789019, 131.80176424690762, 441.8473322745162, -140.084135735295, 1625.9341158927746, -641.0095485490201, -1122.8325093620194, 195.75080485329343, 585.9339241176181, 738.9586253229988, 1251.0724548377464, 622.9105077546604, -841.3475793798215, 1439.2393522634295, 585.7938006874695, 400.4165332475823, 344.9645634006336, 286.1180481450266, -519.6357186899281, -1089.2562262642246, -395.58809713293044, 554.6648001743441, 497.5303862409102, 362.2366628092444, -1084.4125155528168, -1468.6898833656223, -1453.2578415911394, -1432.6566608409496, -440.52337011371236, -1839.7560113494783, -799.5136183125247, -700.4937113571295, -1494.8876982833224, 1277.718266978661, -916.7519207100465, 238.83701178171896, -1534.4612384114307, 662.9547167757412, 1089.8579248607502, 479.1625389899463, -347.87195271878215, 281.0974793760541, 1161.6205127092512, 1469.4903937940528, 269.1299363042289, -1252.8582851616707, -1425.4705697827571, 666.4547643651971, -1431.1538136330305, 1797.4317548921972, -1090.4048396492803, 426.6774705226621, -1374.6365080990395, -1528.9430066193952, -1413.0750043904534, -291.2757780947557, 858.6122517262406, -573.8134988534343, 656.0015842783699, -210.96971264183276, -505.7930146880899, 1208.411087830839, 579.9408005166036, 657.1188790334195, 300.62224625736184, 1247.3333384553866, 1256.0347850717912, 522.6368932172032, 207.13637683047293, 888.4752863111851, 978.3055001530504, -1457.8457119146972, -1352.1749957853995, 614.3839527213348, 1005.836421596781, 252.74890264582436, -607.8637323795181, -397.75428915494354, 448.38611573919053, 792.726212179936, 740.6919926986329, 349.87517238527175, -2097.9431394827543, 2.6629388881607063, -845.9273072469442, 1073.336338161875, 609.6146143324074, -1470.79411283557, 944.0896472377107, 943.4303701389455, 480.84276118035143, 624.306603105488, 114.09777535641881, 1335.7636036455451, -881.2760665925804, 818.5551333311345, 569.5887731700827, 848.3387236829901], "test_sigma_between_0_03": [1446.4750334187643, 1540.2686307154902, 1813.971318305296, 1581.2040399615519, -1006.2683069843662, -1559.4965785224451, 334.00558343403577, 1520.1482097769228, 1431.2740324981628, 1514.6121658158845, 1171.4066990763479, 1017.371101786953, 1266.3045949200293, 1517.79856016695, 1324.8030003199938, 1556.5359045364137, 1236.0578507430441, 1732.898308596074, 814.1935775415199, 697.8606372412899, 1752.598445331139, 1563.4878590983342, -1349.1660116843218, 998.0694051063373, -414.29184577977315, 1821.8940637947642, 1014.2077587199739, 1840.8821490404014, 1068.919761296244, 838.1022725960123, 851.475043733894, 1614.4440292896518, 1454.8829925588955, 1263.7491404211153, 236.1148873331425, 1851.7666381510874, 1402.894764342406, 1187.3518401439226, 1558.388749039925, 299.0891225641514, 1268.8248268772331, -1490.2704135171064, -1435.1233214615384, 959.6789687225681, 1395.9281544591495, 1501.0809477869798, 428.08310186713675, 1149.986547734483, 1353.2442644011621, 1177.6705939989736, 338.55241516026865, 755.6713688078298, 1384.0605646530712, 901.1640225895281, 936.5736676527872, -1020.9861034372643, 1314.192644783955, 974.5972453390325, 1522.2826754105033, 739.6887927760789, -181.3346276212702, -2184.8067079853645, 1413.571625895839, 1516.3853866689306, 1938.880516751378, 349.96207211760884, 1197.0726289962317, -0.21202670096320841, 812.4901954023771, 865.6185538166881, 1366.3542656538748, 1554.6512021833985, 1237.2507068276404, 621.3409624430635, 812.010022341841, 1299.9420812638186, 1677.8893729893912, 1033.8545981856319, 1054.2566063233842, 1326.9406303680141, 1314.5769494400693, 1789.0926442706477, 1254.1937211130094, 1453.1749301570874, 1435.2498860086175, 887.6035449958416, -233.82191704405162, 1268.9323417276287, 805.4412202592986, 1211.8145303773244, -334.8566605489099, 1048.1698836754094, 697.8889483357144, -1434.8739249341547, -928.3248184157508, 1125.2670057632783, 1242.3432480795893, 772.8885359475871, -199.57000370939906, 1713.822318445671], "test_sigma_between_0_07": [467.7367584126072, 1380.5993733275818, 888.0199644737771, -1473.779269262177, -713.4330244001684, 494.40905704565705, 470.3843210874503, -1279.8481526885992, 495.2088341039657, 373.5120103791834, 520.3731050098896, 535.9734023013548, -1141.5890792301548, 515.8517120386938, 551.9399821561603, -1044.3190715495075, -1410.419778155671, 606.1754698109131, -1928.5897364577143, 460.16581011759854, 610.0932400101896, 645.3659961134879, -348.67000271973393, -660.3285705156661, 1566.1527864040545, -1575.9824944270572, 491.8880677458003, -1388.997017469286, -1450.139745427383, 450.3152562223029, 678.604241609377, 311.669108868864, 1371.433478538259, 829.200549848077, -1173.8122054974117, -1119.6645362684974, 649.478797604378, -1973.5634226935547, -610.6558004275347, 794.7568750358826, 653.6161691198207, -1577.1839452157008, 1178.6886959173517, -1471.2210186269738, -165.88452404801905, -2355.5944404307966, -318.53580715299125, -912.832839031999, -1378.6722840739876, -261.61650214631254, 683.2774490494276, -2029.594671378689, 704.9653362877102, -920.3329772617217, -854.3544617765979, 100.98532187312792, 442.15331174685895, 243.46388353110953, 575.0194277643884, 480.900093994349, 625.294372141279, -1385.5915115125688, 594.2323275081446, 91.84244011247142, -1035.154349478303, -1152.8042534081462, -1501.1537546162085, 383.10781231033684, -455.65519243266266, 1203.03782368927, -63.62256804026098, -1353.0245097257975, -99.73452510097162, 26.44160572580076, -2002.4449013010612, 734.7615170496023, -1439.6115465414725, 45.722528910132276, -1584.5294832560446, -325.9309067113133, -382.44490227333097, 140.41890124252637, -206.87696542544938, 372.64450876551314, 968.9377905926067, -176.12954383553003, 499.1203637912082, -954.0607158060924, 527.2822945376734, 720.7241770478234, -167.63454702414228, 494.96895263826576, -905.673980943683, -1607.5267618705368, 913.2428658835898, 659.2772050279418, -1454.929619582497, 632.7561010595623, 1105.653910573594, 73.67348213908629],