{"half_cheetah_simple_sigma_01_seed_1": {"results": {"test_sigma_between_0_05": [633.7927883745509, 848.3059743884694, 334.6485575858357, 718.796954129053, 804.9355166692086, -122.4272194370906, 1297.1425323883357, 415.4146351204152, -1124.1197846640932, -309.3559317059186, 405.456858848028, 656.5267324852916, 719.7117100042653, 329.89893697887607, 930.1714993102465, 1267.9544162767145, -481.9679192710826, 666.962895810134, 577.7865059665841, 883.8743682689895, -24.886919846929565, -1098.416836580288, -382.86221055760666, 907.3617799162732, 308.2270089545911, 609.8662340467749, -1241.371305657265, -684.5330268123804, 576.786913815545, -1.4243200398941742, 464.5913526087536, -701.3502773781904, -1524.2654126299656, 188.86687618561842, -616.802111048801, 1355.4854424702723, -710.4127994674863, 621.805709727675, 749.3692415661036, 602.5041329849131, 1046.7743109832866, -178.12118489170007, -1387.9801755072067, 581.8133393781683, 854.5601954593924, 1072.9027062430252, 654.7938514209106, 562.5410235830097, -158.57023398099858, 413.7326910327781, -1020.8598131857017, 1229.1917609160178, 838.4477390532426, 730.5874557181545, -1374.2155186330622, -894.162046883923, -1392.4415828249448, 120.30558042586935, 806.2848110685895, -890.5788888788819, 939.6212046618324, 170.70882599759497, -631.7669108173673, 946.8532570278211, 953.7114179788404, 466.04350406389716, 499.0275042760134, -1718.058938243686, 655.1272793424098, 561.060870478894, 579.0249042480181, 719.498068671222, 984.9874263888373, -908.4295454366843, -855.6666948342221, 814.5866974052494, 750.3318810392122, 1005.6170711077688, -901.8777235199744, 589.7191594205624, 675.6458527094774, 795.3343078663299, 856.8210784582383, 545.3911506101688, -1121.5670084972462, 422.10818968790676, -1243.455666765411, 680.945649678604, 733.0880862840581, 138.74457627421944, 1031.701024656299, 1098.827823314559, 494.73322205568724, -1014.9532482177917, 499.2324114883578, 1272.2382024057054, 656.6678729953722, 669.7564094786443, 470.36034154267486, 784.2366484471912], "test_sigma_between_0_03": [1234.5767325913562, 943.9664217575032, 867.967659415749, 1179.767696220488, -623.8564882336204, 817.3033242715474, 910.629079904741, 1001.4695541814733, 1005.8875509258302, 1193.8895406886609, 235.48309324905887, 885.2269094632163, 656.836008555525, 356.61535072835386, 1273.1882460208933, 1039.5216682744435, 1090.2825744651102, 1314.989088467671, 624.1579614872564, 534.819998109965, 1200.3064178370716, 1375.9401339480437, 114.92672940196339, 1277.4937676059844, 381.815623626266, 1375.268962029448, -1309.4038867177703, 750.8312699824504, 906.8666165042386, 1055.0820506283883, 1084.0692395226383, 1215.800538276015, 1233.0457968966657, 919.1100810520516, 870.9569759397788, 1150.1467265253887, 1041.427276084833, 848.3443339586486, 1300.4256096965742, 841.3754038011695, 940.1192647062283, 345.0420026702865, 832.4507573515438, 864.7671775118732, 1270.1198594576426, 752.7657115750887, 806.121659299239, 999.6460665864676, 770.8171827127805, 1120.2514174916905, 411.20891465333676, 869.9410510104758, 916.1271465718916, 623.288139361059, 1241.8441885972625, 520.2311566589324, 552.5376316035969, 498.53381718280184, 1292.912055230384, 691.2817817850796, 628.7436817185518, -1673.8500652139387, 1316.3559655659576, 643.4336363194542, 1282.012609438978, 308.54546106070285, 1417.1963820398596, 47.539013873413175, 833.0750916186618, 517.2221437070216, 835.4513873136143, 579.8004999728365, 1112.475186949537, 1225.68117586527, 110.83895651462674, 1172.3581578850485, 1329.5036376262258, 1139.572988816345, 680.748497878168, 722.7465361847749, 1126.5041517582808, 1193.9102684144573, 1113.241504080171, 743.7376188538836, 1225.0611707125145, 282.57893304964557, 338.57025922775324, 919.7277987084841, 361.4107392742151, 673.0788756723103, 666.9318762551688, 1032.30722833983, 768.415888788159, -126.70619619964995, 1008.8614801330028, 1574.0498506001081, 173.49358726870983, -1001.191833515364, 111.50977457800028, 1246.4594559352536], "test_sigma_between_0_07": [-577.9174884029939, 1321.3871130143168, -1654.4005820018854, 846.9667525413759, -1385.7242133636382, 591.0332120748552, 242.45689229820144, -1077.788085513304, -1250.463642700569, -225.00681012581927, 94.17809165507339, 701.1876875635236, 554.9119584530948, 264.6474737286292, 557.496193620893, 526.7861757211142, 327.5868175287735, 657.3771092949322, -1223.596402144589, -1268.726635858714, 246.16064325463407, 851.69669181159, -1146.0806796467164, 709.9329774811695, 1237.959905161551, -975.3847296220417, 339.1753569934108, -448.768306950321, -1346.362372139042, 170.1899977282883, 121.75890901544332, 682.4064100331905, 931.5180964431253, 621.8898968429321, -1140.629800708095, -683.9874551014757, 634.6599651259827, -1415.470592161016, -1170.4813199461205, 881.2668695949427, 856.207401470701, -1279.1673055486945, 785.3034244068018, -103.74589059120626, 286.86703099666335, -1680.6940980585437, 597.4348956534294, -1522.2459439075074, -829.7707575603822, 377.1222323762004, -1216.740818696421, -1166.7628338713475, 814.4266142979855, -1135.5391602246452, -1157.5844156016428, 151.28896366678387, 590.1607954497906, -811.8169784086492, 478.8592296818575, 478.79442378303645, 632.6885092975161, -1093.0100349870052, 687.2274405621582, -1250.79083226374, -1601.2169229576393, 357.7657065972322, -1418.56569857754, 562.1121477117994, -286.84374552266087, 692.1873382655622, -1071.4439606114283, -670.7648447770893, -40.88921502159942, -62.07854762370251, 589.3492081587425, 1330.3203235866767, -1327.921604240681, 463.6819333685896, -251.6697794345267, -844.5868843382387, -290.850285799951, -997.3835683228627, -702.619058684353, -545.6391668818123, 514.9279365158278, -1369.416373650605, 794.9883109174896, -67.41995657646187, 399.50516266833154, 1102.0899894418933, 593.9269645643222, -1208.0871871433435, -791.2590378468358, -1278.2269145898154, 1002.1708541806131, 478.55578331191055, 94.45083237442425, 628.8071869405571, -834.1775646203834, 67.97744944194716],