{"half_cheetah_attention_no_encoding_sigma_03_seed_1": {"results": {"test_sigma_between_0_05": [-771.4607762930376, 1279.8871548614588, 1417.1588116372816, 1220.0493181536117, 1479.280193583865, -262.30909646051424, 1577.4213974776128, -340.5878028530493, -1366.4244229152666, 601.80180783573, 1594.5467272789795, 989.7006024883002, 1374.7649312839665, 596.6504295551316, 1801.8384230092613, 1351.8029290781008, 875.9117339303577, 1181.5833069484568, 674.4087140436083, 712.6561329995593, 702.4614657901783, 468.31954705185416, -1375.9989540911688, 1076.949934258855, 726.9486108799566, -821.1833020310934, -1313.10483327683, -1514.8263999283236, 1054.506084331486, 467.1159437687278, 1011.6944513554861, -78.1191509815587, 313.47846155363067, -1683.660214382546, 1740.8132812644888, 1760.6231677521391, -948.7433652306992, 629.539560798199, 1132.3927861576037, 994.5966081277174, 1551.826208180394, 390.5426053840929, 215.48862640992397, 1235.1676928320169, 627.9462864118527, 2120.872024991193, 519.2383305871905, 577.7986668915079, 148.09312268636106, 1577.1329730633763, -450.7047717905776, 1173.6773837587928, 1708.439309654978, 735.4542082235985, 1227.0217095166533, 1714.6169449504644, -1582.080602862062, 339.29975578245575, 1443.2556904895707, 362.40041518589715, 1461.9190370158785, 1129.8231734909273, 422.9800267479371, 981.3738501044854, 1391.5260375637436, 572.3138646630051, 580.0748191838508, 842.8230636434263, 731.139999337596, 461.90197530591587, 615.4405151156501, 603.3701030331489, 1244.8135570496818, -994.5267437855737, 1647.2279195158023, 871.7386805434029, 973.0119164578167, 572.7030903751026, -422.76964502516336, 564.2472794789386, 714.8912160001587, 1695.5413394233358, 1198.680144279159, 870.3151677604063, -1840.7001885446969, 633.6334862925321, -1299.3831000341452, 1207.4324371860425, 1578.3776955635187, -1268.985511469925, -1619.9992420898586, 1477.1234975812213, 611.1905451889351, 263.67742505142337, 172.72597163667336, 1597.5389084758372, -1584.8606473372145, 1641.7898985643826, -898.0730386639973, 1681.2298485736883], "test_sigma_between_0_03": [1587.083993803734, 816.6609950985177, 1783.7668963791768, 1818.7671174447562, -1038.9109122902762, 1865.6124615747353, 1812.5007643186582, 1482.306868838802, 1893.8530015785386, 1434.6709147293213, 1332.682887800845, 1842.6215935574994, 702.5007168583519, 455.2190095574982, 1724.4487297160217, 996.7801692871194, 1823.6379066160544, 1909.627883988694, 952.9835635976508, 1268.4941123200501, 1354.164973739989, 326.8845503764406, 161.73748551439323, 1452.2231062782569, 1588.773605041149, 1418.6681704649857, 1481.906661502385, 812.9216018630806, 1539.6676960562434, 1501.8776081491155, 1792.6243469629123, 1684.3142742968298, 1577.0959304103658, 1613.3651085102435, 1013.3244048175908, 1031.1857740382482, 1438.609885110964, 1403.5839218541164, 1291.3655667657001, 1456.2297257303721, 1930.4461265095147, -1116.683787533805, 1290.6777011370912, 1492.1892285010579, 1743.362816461543, 870.0926384131895, 1264.8552821666578, 1531.9048603530841, 751.8560536883824, 1283.844180542041, 2036.220625799058, 1678.1248352613663, 1032.8318652630535, 976.5150307588802, 1137.0818258091274, 1220.2586800852916, 1191.729987867265, 1532.5054642700206, 1603.5497541943657, 1120.8133952183148, 1572.3519995739514, 294.708056324388, 1751.1553943944411, 1001.0463117462384, 1394.311630200451, -900.1689275111829, 1387.5499144165988, 1682.872965895901, 1747.9434450664476, 1859.795222005104, 1561.2301311405613, 1701.3638024735053, 1487.4419510085545, 1577.8171908754325, 303.8768736681053, 1573.029096805684, 1102.3866420295167, 1746.426200016374, 1860.5363246687007, 1015.8322559545469, 1417.0557926333418, 1554.481154523807, 1628.142314702525, 1687.3516806157677, 1818.6444761587488, 621.9908991725974, 10.619491628012687, 1218.5066697973914, 628.6883178169343, 1826.658016317746, 1546.9970653703936, 960.878987600165, 984.8195773285275, 521.5968531816427, 1473.4596354185717, 1463.9977550836863, 569.3283027872476, 1919.0781070693308, -1076.7466733421445, 1733.642485554463], "test_sigma_between_0_07": [1152.4092242719105, 1090.9744768087173, 565.7470603280112, -8.601430885171586, -215.42766826965993, 987.5959867399856, 522.0680415137417, 745.2360986632639, 532.4263345886744, -540.5593230033826, 1259.7622361693636, 1194.5486159149223, -231.86303822097494, -322.4130190078879, 846.8531369529181, -1779.1885875953851, -1819.8925408440798, 87.8076972106731, -345.12060329187824, 399.6232320619863, 2019.3648010855934, 1346.185864268161, 1219.378428994612, 811.1664418363966, 2030.7879723121657, -1675.5343456039507, 627.7376694114744, 356.3716836108423, -1486.3814485135217, 680.3010318893635, 141.17638200443176, 444.04073469389584, 1165.3516704184005, 628.3153624662714, -1171.0812631789204, -1069.1153911625734, 1452.299655361574, -1538.8325799780503, 611.245378308768, 596.2407052822437, 1440.6889809159152, 790.4004299452649, 753.6282468345963, -1571.3064987635867, 103.40062761311452, -1510.3056933883422, 621.8775330715937, -1499.1887495919766, 1398.0096112015, -380.5563005121679, -927.9868920028547, -317.51058633452453, 1467.5156288316412, -1568.489658698402, -1222.953248327063, 1629.942684367806, 487.46892215284737, -279.5008839718143, 703.7124861683768, -15.292709856970196, 833.3104465309159, -1220.1360386969916, 725.4025300653249, 1098.703943775667, -1718.4121705858377, 1542.1611379005967, -1457.3472425347472, 820.3040189658229, -818.9730936778942, 986.5506808363955, 106.63060808798335, 1037.452585357792, 148.03943591113347, 1928.3980779428111, 689.7614630802827, 1657.7478806992165, -1829.0657723019672, 146.9537835659384, 341.8010155633726, -312.7713946976482, -1089.3583478502853, -780.4167180134208, -778.5415033906337, 514.1732788784525, 753.1745360736533, -1360.0439750418602, 659.1133678541056, 626.7908386509595, 1072.8339932911563, 1320.7238266614079, 1260.4046177467962, 1165.263156863528, -1083.732315328777, -1614.2803875275465, 1523.780601416942, 558.7253140700961, -187.58962519453755, 1205.7337023683901, 362.34397923587096, 2055.2279441801],