{"half_cheetah_convnet_sigma_03_seed_1": {"results": {"test_sigma_between_0_05": [1320.644419124205, 1572.509765076163, -370.53692019340724, 1430.3591985873836, 1207.5238701728035, 1908.527418105347, 1361.2713163079604, 1114.1232889192186, -1368.17716771394, 1180.1206685605941, 1749.9310635624802, 56.48048246483795, 1248.140921393029, 929.4516140060282, 2093.660829551946, 1291.4100316270037, 1326.3015975915393, 1683.6673141319457, 1317.9127937442581, 1265.9748724529543, 1289.461439197367, 335.3086141186692, 1572.5981884344321, 1460.012160735482, 529.7475280582339, 1415.817224970773, 1195.213714824738, 993.3844248858335, 1391.0057665376876, 604.2424365697591, 1901.0525329476893, 315.7123711129522, 257.58836817358946, 2010.7846265327682, 1743.7214416899942, 1506.5654583604123, 409.2010594414472, 1375.1754914464523, 1331.5747737780068, 1144.701102653913, 1972.7462122965576, 902.1244932549494, 1258.6535487055464, 1520.8784129352043, 1151.2662097753387, 1609.2722784636567, 783.9399021420786, 779.8791657199182, -896.3786408281225, 1446.5782183217184, 157.52621235761183, 1557.3179652064741, 1355.1924080382303, 957.651185322495, 1097.5451232621526, 1407.6191814265537, 1703.3086463754569, 1505.9387921218263, 1389.4829775989176, 802.1096675845308, 1335.8474763329175, 2189.525699371732, 1041.1084071106209, 1139.1030325553968, 968.9973157309282, 1156.2137732769368, 1427.8645119028852, 942.9808456651172, 906.3398741086329, 1389.374172980701, 1501.7270302810966, 1643.0364594751272, 2065.4938784034584, -1376.2625249484076, 1575.6481628160261, 856.2862023441022, 1220.4629027546025, 1224.3938588267506, 441.6214448107565, 1218.4901814164464, 1449.1365488427207, 1770.113986088265, 1198.3150616921232, 1341.213397520715, -140.91026413675894, 1337.689798908016, 1073.9728597982266, 1219.953715201165, 1965.1299442036432, 1132.341094307266, 1613.2959707595219, 1345.4454291219956, 1422.6641465176986, 178.43894605096577, 1344.7311870627054, 2232.816064533031, 688.1021419514393, 1597.9818732706815, 2054.436360780107, 1585.4287721828096], "test_sigma_between_0_03": [1380.994480870596, 1324.8741861912292, 1508.9820044381786, 1991.86410470155, 1749.8825066845386, 1519.535635361802, 1582.8819266025994, 1530.971610594667, 1599.8323627276263, 1543.4253129686258, 1268.9998945227114, 1565.8488071293475, 1410.5476075743557, 1253.0843115342032, 1513.4687990950345, 1424.3524440922051, 2000.885051393082, 1848.4469798821517, 1175.429197747542, 1204.4561621293342, 1303.655476599499, 1573.4086131489053, 1554.243366285636, 1600.8905980283876, 1765.3280757316447, 1575.8577296131186, 2099.3139873999576, 1341.3662913330463, 1180.492623799113, 1273.462356245486, 1702.8487111647066, 1426.244492115036, 864.6894388693232, 1356.7773420510812, 1238.329212033137, 1409.978116321327, 1530.966588300241, 1454.2863566564931, 1511.9754400976108, 1565.4961763990484, 1946.7435904000645, 1501.3721561034392, 1418.4021917808839, 1569.1074746235606, 1377.2772429627735, 1277.3169577714273, 1150.38003835607, 1526.601380664648, 1393.6009912496277, 1487.5880526096687, 1744.936255344673, 1566.4447376638948, 1599.290994967909, 1070.7119055231285, 1292.717548227853, 1240.6412959478685, 1484.5528662768115, 1660.3689867920225, 1297.7585815481305, 1218.7572100792233, 1491.3639716015964, 70.61312488370908, 1905.89197891348, 1261.0731006789972, 1560.842631315978, 1472.0145554441585, 1393.4642548598536, 2074.8617247322604, 1538.595287939001, 1961.126205866383, 1440.1217267671564, 1904.6036902379697, 1311.4612080565466, 1472.4953456091066, 1554.2045352978964, 1568.327866960739, 1318.4490443190527, 2143.7014062222574, 1414.6941841582752, 1541.5065884585752, 1577.4547916703245, 1791.2560221419578, 1648.7198347259, 1630.144451813662, 1697.4249196650217, 1563.952285928625, 1949.989492560975, 1189.5010333005669, 1433.3439110351987, 1650.7953183333466, 1450.2036711908115, 1381.0224477976365, 1650.5528365220205, 1091.7957915730071, 1765.3396595548481, 1343.678436044284, 1601.7407135271717, 1787.373650887271, 1465.9514903000697, 2000.0647897857677], "test_sigma_between_0_07": [-1500.0807424879047, 1487.8859742973423, 675.0176317856816, 2148.240947612772, 238.72294912317, 628.183972949324, -722.1348395578972, -1247.4274483225133, -1220.6568097125214, -1322.8302572234948, 1041.1690797390702, 716.0092599977124, -1430.0428419669245, 741.1101846277546, 709.7445276688629, 1043.3352892979974, -943.7727468660653, 1042.06680790972, 374.5238556396386, -780.1706544415856, 2020.313481741991, 1336.002577185643, 403.35628281047855, -1355.7255046516677, 2022.0875522102788, 439.1504433598277, -960.6202982752368, 609.8996875509997, 949.748470614583, 572.2075647493214, 1371.255074492339, 1214.2300063603009, 1260.0049736102899, 1054.8960384583106, 1092.0750475164318, -1398.4609081474343, 1536.7211451817716, 247.21328991665092, 800.3835928436623, 806.7791149882389, 917.0702563474148, 689.553848189106, 1192.138358850284, 1108.4912302389428, 581.8564676967296, 74.11514380010323, 1390.5817661319284, 395.81483447942844, -794.5160474799429, 224.60043926670772, 1188.3076292280625, 241.0523345208828, 559.9649132430411, -98.02548381576781, -1019.3016580278337, 957.6245813916488, 1611.0735815757196, -218.96754941933614, 976.9284879226642, -1015.377707727902, 826.5676778094917, -1056.6398862044753, -217.9422860734427, 313.6105083356161, 457.89334226220393, 1436.5418555921133, 421.9552955001698, 771.0440876811344, 1643.4713149454612, 1225.3923498379236, 461.0726242239495, -1122.8119145195526, 1226.815189335459, 1633.6996995598809, 558.1331047865875, 1547.356218874587, -1341.8013918094894, 935.9218141075413, 1362.9629379742157, 976.0783883264885, 1964.2646615134984, -216.32501062359086, 1770.0098396390906, 319.61634050725894, 1146.7971785855948, 202.1528170274848, 511.21232677846035, 808.2407294078181, 49.05451082368094, 1236.3050733357522, 1467.1681333376252, 1187.5405493202707, 151.1090768136856, 529.6380375545154, 1182.9950727975074, 1179.7575021377343, -493.81693853319854, 1310.4406438929861, 166.32026810017996, 1820.5629189947358],