{"half_cheetah_adapted_sigma_01_seed_3": {"results": {"test_sigma_between_0_05": [1066.5825731406983, 1283.0245641864262, 685.2757985867021, 722.5087967991828, 1320.935127426752, 206.38476077698374, 2302.4374711423866, -838.4624528059738, -1423.521364222929, 1292.121721424708, 1461.9834913402542, -306.4034823602724, 1250.541165205424, 866.2140339158223, 1777.5621157427952, 2117.3123191120753, 624.7312203836784, 802.219145898427, 988.3236511665633, 412.12143145182944, 430.53682889282203, -45.342771541188924, 805.2720923455366, 830.7678677675528, 925.0748327085364, -199.81781202713432, -748.9622763092457, -826.1327128920343, -79.25082766795676, 283.7150010979049, 1597.928353559816, -1681.9723918660209, -1839.0632168123745, 1519.554228328977, 799.1428830936836, 2240.943671278989, -91.79564481622667, 691.5720903347523, 852.7286593096876, 1005.3401227500618, 2592.6770752888715, -643.1214746152124, 919.4647159999222, 969.8759544451796, 942.8652793738917, 2467.66490193046, -185.62017551658053, 27.129802430458998, -1069.9457644970923, 1863.5042509302714, -802.4206563405462, 1934.2661603660742, 1456.6584469661373, 686.6072549729829, -532.976974604216, 587.1151367302451, 752.0145651671743, 525.1742531691519, 1535.3851945428562, -1323.4088436029947, 1508.0918720749985, 1140.8572435873543, -60.315231802316205, 1048.0136955411335, 1241.4987861077745, 343.5650563690252, 929.5480449256443, 511.3576116110638, 1241.7199096536472, 693.4072853496716, 523.363992578245, 1126.1361878658313, 2044.602274799288, -204.5120318803645, 273.636916285941, 1171.5158447262345, 1871.3948954857217, 530.4302797878639, 232.12282111775275, 576.5378943881379, 155.1773847494713, 1657.8864826563777, 1343.1579855572218, 458.44020391356287, 3.6020647219656556, 42.65559704161712, -973.269312001304, 1134.899062389671, 1687.43812670625, -1244.846221197303, 1859.5644705110935, 1801.5753757109676, 723.4888849482494, 1204.1611647068364, 704.8290416193787, 2615.9504271549526, 423.5117932478566, 1820.477137023453, 1998.1278017002674, 569.5387040542583], "test_sigma_between_0_03": [2260.178160931161, 1491.3734234510246, 1802.3396581791321, 2464.8175015837446, 951.499205439426, 897.9691698133944, 1328.9159082365552, 2349.148656659433, 2273.2441321646684, 2032.7510163459547, 1629.0013401013207, 1460.9020382618937, 1352.4314421353502, 401.4444796900587, 2179.96094267264, 1672.0547211915257, 1699.9620858506494, 2562.7840419662975, 945.4500157428733, 1851.5329766463612, 1570.977193444236, 2227.3720199391573, -314.54340992842594, 2266.280339861225, 1765.3823914240895, 2152.3455542694733, 2282.4894426099154, 1441.7613635483767, 2071.53075253684, 2153.3045335185147, 1476.6358530358548, 1991.7055808095797, 1897.0413711900128, 1665.7599890663444, 1012.5783102748219, 1737.6369847795709, 2249.812034970174, 1619.444280914329, 2242.048438892872, 966.2458402779534, 1874.041992315543, -72.0322481199779, 1081.6611874842663, 1367.3481893477435, 2138.5258773036458, 849.2532085191485, 626.9778143159772, 2076.2755417090834, 898.9549655766484, 2074.537207090345, 1396.2771638273357, 1180.7820709241623, 1691.9121072231258, 1143.2909597715754, 1573.3409544463207, 938.4041168932978, 953.945351339275, 1295.05029008302, 2148.9866383231983, 1557.860533739313, 321.2349761661752, 1142.222460435416, 2104.2372009423952, 550.1510273781865, 2190.871759601363, 49.90783504079751, 2155.065414805413, 1440.235496125902, 1777.3117044668465, 1945.2137127632514, 1563.8580902813076, 2012.4521005734684, 1314.0539397293217, 2264.2214795401037, 659.0702675631568, 2287.566489990684, 1973.0602714485226, 2225.67853233674, 1819.067566787824, 1554.1263268249245, 1924.4955426046956, 2422.4987861792633, 1675.9396770291135, 1668.7724135731028, 2110.9052726029545, 76.87255483594342, 1818.8879466284354, 1433.6090163441445, 512.8290606178499, 1718.1786888189208, 916.3004364217763, 1177.1420149944759, 1661.2180152750911, 443.14664736687416, 1463.5401298811214, 2132.448533628979, 901.1594402330162, 1440.3702102273364, -549.3786647512438, 2442.269008213401], "test_sigma_between_0_07": [1018.8374532834644, 1485.4995941816471, -645.130157160171, 2309.2929487104034, -1787.869520475166, 1073.653085677285, 12.230721843603538, -50.95239169321872, -1486.1570563653556, -561.0641668013814, 688.3634546160671, 559.342949719525, 431.3425674167478, 595.97950565635, 605.9067375647437, 297.4198459306397, -703.5548976141356, 125.49433741210088, -137.57257731426068, -1304.1673840017688, 1818.589111388839, 636.1054652214094, -1058.0439012010372, -1405.0286762083006, 2676.2474297516956, -1314.0686412122864, 517.9731330316633, -1126.6194042622333, -1017.1405231286031, -1062.011722792868, 1606.901647951971, -1172.5217755026338, 606.970703798, 263.90305245027406, -735.6443528800008, -1497.0097471815805, 1650.802184999626, -1600.8911301042376, -515.6654723263204, 894.9811176158203, 1211.5367494505551, -336.9325156385745, -144.71280776452636, 3.5628849295969998, -1153.576768451686, -1373.7274487262748, 676.5992886225154, -360.9819303579177, 409.4065029613884, -289.62347183383406, -1306.9556112813707, -789.8191638846682, 574.4833160401178, -1452.5320901891996, -25.51848934415899, 849.4008949869999, 938.2006722376427, 186.87076615790713, 137.74101974840463, -1101.6001804257749, -1185.9256112670341, -1271.824756020152, 532.3472127522837, 770.7297402803783, -1295.4514830468966, 1052.9783757199018, -1025.4811955121113, 911.9267033834091, 1112.9540211899703, -128.08814327547745, 652.8711827406598, 592.0370111364537, 1113.2478169634294, 593.2929128192452, -1930.970770045798, 2004.1106361685809, -963.4937830028106, -710.0415373674043, -172.67591729443808, -614.4809526047233, 1010.6999350805222, -796.9430414616448, 932.7596747453182, 587.5308175038482, -75.49949345763457, 109.54721709423023, 594.0929023490661, 677.1740275832123, 844.3487315099131, 1094.7000794511146, 834.7604183284483, -1027.1762779607195, -528.7228820119685, -312.1690578140069, 1680.8606673380652, 674.2586623079686, -1192.360223897628, 546.0408654110222, 1006.2980310600552, 998.5401785659818],