{"ant_convnet_sigma_03_seed_3": {"results": {"test_sigma_between_0_03": [168.29071746717855, 155.96018434390098, 178.12019382895073, 20.356718044748476, 136.1590312403187, 141.324923935514, 93.88920890123295, 107.90406494354343, 121.41596001943243, 179.6646499647385, 166.8804247371028, 93.9481285696751, 165.78972499660517, 46.934387317891066, 89.85120300047922, 96.5675093232482, 98.44187944638541, 168.03394424277843, 275.84037022909115, 116.21473177095056, 25.108008313907977, 183.306719579796, 65.91962798330103, 104.78144656792095, 102.26820702115326, 158.06608281552855, 92.48300702351312, 93.76959296764875, 237.84045970702581, 147.5085102155809, 84.97364882312773, 135.95904577807775, 92.61601723939286, 89.52440529637018, 184.24982441851657, 79.53002513656809, 164.5152155431601, 186.42491477027443, 174.16693824448308, 142.16116253838337, 111.90945008805477, 85.44911576673424, 87.4298660238281, 98.65907129504347, 195.998482577573, 135.7960356484825, 143.25991811985955, 183.74213874642692, 191.2878770168591, 94.29678858995503, 91.79050571903983, 170.51172016623352, 89.90739090542695, 94.66128686798803, 133.17835661138912, 200.38188172200907, 179.67554871548177, 106.65089265135867, 185.55056253845774, 108.45487492814232, 99.64876141573193, 105.7844182528259, 101.8709125256253, 94.42307614643143, 102.13265102141567, 180.53498985568413, 120.13466498973287, 83.16247323469534, 273.4870730452403, 184.12586709089032, 137.3258125463875, 180.67110773994764, 97.10223186345995, 131.6154126071791, 181.47135883937995, 110.46511466711729, 93.49148646061562, 150.07610556200035, 160.22139705218964, 156.31572600455797, 98.04608482351341, 255.65626473417532, 185.35578312900412, 92.79220210643447, 142.66297052260413, 92.97839853184746, 176.17898875361126, 97.21505084725376, 91.31093358144048, 189.63128404289816, 171.8054667818916, 104.29233247673645, 52.45444274515227, 91.52774520716682, 104.12153559921687, 277.15903233701715, 87.50973041121254, 89.92407864034534, 187.30407763969055, 96.79820331990071], "test_sigma_between_0_07": [107.71896930842954, 107.65990845966984, 94.44721820771117, 215.20098125221787, 101.92532318404982, 366.22837066619985, 94.87668249948071, 94.69059934324358, 82.91213818771746, 293.2772652064977, 215.44103260365011, 31.852143016885325, 359.5760243620136, 202.39279470505548, 88.05773892751527, 178.74777544488882, 103.29841938800514, 119.27792801985208, 7.287069193276674, 142.26152259657613, -10.036352991490283, -10.917515259998625, 110.64508160320892, 4.664393214214933, 276.8426590135702, 94.75791531136811, 54.30154191681135, 8.992474975134222, 82.09001018831863, -1.5478588249083276, 98.03647158597934, 94.71960093105477, 190.44369832091826, 95.81415284512505, 186.52551449611434, 95.49782554134893, 103.8286135867906, 95.42634792201304, 133.279503355312, 96.26650278642352, 180.4785649097682, 182.17619150513602, 230.40745396320415, 196.000863043954, -4.339972542540637, 99.23131526967344, 120.76982674752455, 89.51263187500363, 260.8767137724197, 86.19711329607875, 201.08310539776082, 265.43032611567884, 103.49549748732154, 157.19757522616067, 202.97043785058406, 168.222066615283, 395.5438590216237, 90.23162417585901, -3.3367714599618914, 189.95564082883536, 183.644367569852, 102.00232092208601, 4.539217915236069, 194.72328713217905, 202.37960180928633, 196.12490083915503, 387.97323370618477, 387.9133087118878, 96.31000258222942, 87.12529608710241, 232.8419389427588, 103.67741716818117, 244.0301457289522, 158.7489018077842, 92.51426055911193, 101.34926534174879, 144.33647989817752, 164.95990567050526, 7.169524470285959, -3.547143595402305, 100.55722745980314, 177.48037771160875, 293.303632130245, 0.17608406360814022, -5.642200188714201, 86.78788889551728, 96.27098902691677, -7.017806727615245, 106.33053294777092, 94.36788226853265, 269.1118225403969, 199.13142745313772, 193.8800874191107, -6.955486042297025, 97.36697288990717, 131.30179206166986, 99.39697080257326, 248.54880457472757, 96.02477771852601, 103.30798859604678], "test_sigma_between_0_05": [94.41550924193618, 98.01965322662592, 102.87384104154015, 8.51379810486976, 100.11026272745227, 229.89242640334263, 183.84463996410585, 99.00003810212662, 95.24732241995403, 194.93784129206364, 96.395001831082, 34.85319648484901, 195.21480746997577, 85.03553877033787, 104.51945280645259, 133.85977823512866, 7.168558661082335, 105.43682150264978, 285.69578190655324, 318.53051625425786, 14.230358154501255, 281.7554547036103, 191.11407175893896, 98.23214134248278, 96.51037550880736, 89.5371614205497, 18.88999289796916, 105.81983465267642, 281.45436404530255, 97.42766386829192, 98.50929060844184, 259.94489062000076, 40.277481946308754, 96.33147478590853, 83.38291275290054, 165.04822680442652, 88.04255297741109, 91.51554831238367, 96.87184706963637, 207.21847138272673, 190.67212106545693, 178.74905620037885, -3.1119118311864487, 60.693907492022596, 182.48698031365603, 99.57847964238616, 95.50904942264343, 176.22245192764234, 11.96136039552654, 115.25311932085677, 30.78145626807985, 357.0143386373591, 136.33634017464325, 110.83509264278464, 157.68884710711842, 146.2126291150008, 247.6680392379156, 109.51504686880874, 108.6569881774266, 101.76976525121567, 198.02870410275085, 180.63924200228473, 86.88596179093223, 89.53708680181946, 101.25614391337288, 181.64235410916532, 93.29354962959518, 84.92428685693095, 190.25119473826115, 171.16137138775252, 128.19147534590857, 271.4505180747249, 99.46515165261958, 91.68588115338551, 109.64142843361988, 167.0977498105441, 93.64752557541678, 209.2088987880674, 184.53905854387378, 140.98924501242374, 99.19954443587062, 123.38205649372985, 222.8669050655973, 92.26114680041691, 127.34634016081627, 201.32027736363827, 186.044782176881, 6.91806301481409, 183.74225684328803, 104.21151158197729, 195.44730300991253, 178.79515037861842, 337.94641991151065, 202.6236152182231, 98.16088184697011, 17.424161341658326, 77.78747516703127, 178.0789246482745, 228.67284457876468, 96.57907821417925], "test_sigma_between_0_01": [180.21476806038382, 187.33220314064317, 129.08137436279353, 98.97297383343404, 151.08213588583314, 85.86290043608103, 92.96959784113612, 178.05919775200883, 191.71632200798112, 105.37296980851944, 86.5361992870421, 180.59286575409322, 93.46756989982721, 103.13077694535727, 88.8009449634241, 171.0360178989187, 180.4562376871237, 169.34995474733483, 149.36133855647967, 95.24829891240545, 181.91230810007804, 177.81431176836475, 112.11562995049232, 102.01560785231996, 97.55093872926825, 125.94684560551116, 126.05045994461544, 130.81781472261596, 111.94627480586254, 170.420145258641, 181.49127681383814, 84.76022547902778, 161.69655677806975, 104.70677965560698, 112.83906286373245, 151.48372516960396, 162.97179995365948, 84.91713044872832, 93.89680902744918, 182.5146197968377, 191.6446402796113, 93.91557891622108, 144.82700935322998, 130.7609050235224, 178.81765394892267, 149.58342865577325, 94.9349875414864, 187.2707448527749, 149.61750254241957, 124.69521238270283, 108.45129109067726, 155.79002507715182, 84.41695441605206, 117.62021846783999, 93.03790609882316, 174.92807856563897, 182.61940522662877, 153.7790458824763, 176.45373060374982, 146.9757847274251, 163.38913714974566, 114.30485826811203, 112.84832893488786, 88.67501339788507, 158.09930402999282, 99.23749403935508, 140.58726715443274, 173.39055620541922, 163.82582880906904, 119.74794105175927, 88.98888285602507, 180.65170992197648, 93.01218746304852, 136.9452455391874, 90.89999189514549, 111.55079834669365, 92.38945536349541, 183.9089582910393, 132.59388479495885, 120.63350521254041, 167.32685971292588, 187.46251621827474, 127.26007345706755, 88.84798058251543, 179.94048766083847, 98.36339371936764, 142.64295270314545, 85.99305055304225, 163.09888214543113, 170.30812390382667, 90.27957974484808, 179.44793045138334, 116.64714555504396, 99.65003900825208, 106.49522640499279, 157.07128312619875, 192.98700423793386, 135.18375301948905, 185.82996725376958, 86.14353742098847]}}}