{"ant_attention_no_encoding_sigma_03_seed_3": {"results": {"test_sigma_between_0_03": [1489.6048347768829, 1582.4755982341378, 1923.251655123644, 1776.1612340906881, 1413.6312600739657, 1978.4793127734429, 2103.8253234642534, 1748.821115037108, 1660.0040962288185, 2100.383734733645, 842.5459279735384, 1829.5813173261088, 1743.6134523607939, 1906.083382841782, 471.6847231565218, 1514.1712094151649, 1918.410736036466, 1594.7000624391255, 2123.9139528449664, 1657.4551332068097, 1983.8873480214181, 1823.083637862449, 2463.123912305091, 1817.9741092741435, 1925.8915506615897, 1869.703310890098, 2279.9826461793796, 1443.5086400734892, 1928.63486293413, 1201.3933735869673, 1896.0533880723533, 1987.2530798505957, 1916.572946466955, 2146.2304700574014, 1881.4867639639137, 1729.5820658110395, 1535.1780161326783, 1069.685315284249, 1806.8774215412893, 2027.1390072528056, 1971.9420066125385, 2113.0750971281523, 1760.317495404653, 994.0157411141936, 789.8885032476223, 1714.1551842491008, 1684.519688602787, 1502.8112246493274, 1962.3672327623199, 2127.595068883116, 1941.2009586016848, 1474.231901139845, 2148.552220585451, 1458.0341860615767, 1780.0290199973638, 1782.1996931257747, 1916.4277683133898, 1838.2627249558434, 1945.6885252059274, 2040.756192838434, 530.2341361240951, 1554.8316394738606, 2296.4814061888014, 933.9797492007068, 1782.1781244846609, 1399.8699992003553, 1579.8060768790153, 1839.546044861744, 1236.494043493398, 1476.1082763901761, 1671.194718458631, 1843.2338844693943, 1945.8168759493801, 2023.9319479265896, 1541.653690510901, 1323.6566648290243, 1643.1603033853146, 350.60717471647195, 1321.0881989083846, 2093.099801901301, 1408.8513443873542, 1769.9269835192235, 1378.8183880578501, 1478.9212837990074, 1785.994976070347, 1837.9909738330484, 1341.3382527043862, 1414.7003549324857, 2014.4560165010084, 881.4082213501554, 1672.9020455625757, 908.3229660259975, 1935.3129341726972, 1754.3996777358795, 1622.9929346615697, 530.3434928323202, 1027.8998116323078, 1433.3235695593396, 954.3066699706724, 1546.612673367803], "test_sigma_between_0_07": [1150.2071569162472, 594.6205212537584, -1607.9668764430114, 118.37709628378667, 266.21345593535, 545.1245205025292, -972.3088708684694, 1625.340647233241, 81.45991490346923, 808.683707494884, 636.0644631151796, 715.2920823015387, 475.2401305980988, 514.0996172962931, -894.7019200622525, 681.3536609959107, -1443.319669729845, 409.4947275467959, -114.85968712203608, 624.1658808246631, -267.38605657579757, -73.73002304901789, 579.6104942837075, 53.72080387170685, 654.321130861655, 575.8771062248202, 78.7903707866968, 360.44568964306484, 1259.9437695410388, -260.1405667289786, 170.7649078713173, 1714.8214176362237, 655.5125012492286, 597.8609927782057, -0.6016667171767134, 378.399882343942, 586.0610164779264, 500.21298871251895, -417.3697137681107, 327.62134250839637, -34.14746692318712, -120.09650331250492, 680.6775458431874, 450.1296163694857, 486.13073637569414, 1266.0313654978872, 100.21394835125564, -470.84746071167564, 629.0374429712339, 430.5393618481391, 1520.9322044882238, 618.1352065494699, 765.7257400763166, 1742.035415892529, 446.55793214341827, 608.0760679522717, 705.3251901118911, -44.51684663306115, 400.32064992369885, 439.8339931343656, 898.4390726977406, -275.1786076483874, 1328.4073246343892, 76.51384579374569, -566.9153038717734, 221.45249079877584, 353.16229781503563, 628.2067987522548, 626.8808709701747, -135.62084664868908, 557.2026613447454, 721.9275750355251, 1667.5090009215633, 76.27662518205943, 82.89326694958076, -34.4281531314566, 1359.2891957134343, -547.5449830069987, 537.3564912569141, 609.6297674719012, 763.9807263894986, -120.77850017427258, 898.9320694800385, 445.1532956776315, -121.0471615177028, -120.96373105255515, 645.0783824602263, -71.26704555084234, 198.21808731564718, 536.6224678821831, 741.1573194169791, 119.8987160795865, 696.4633007165386, -197.17936728256242, -1224.3231214600103, 674.0750854540973, -1343.6397335445731, 653.4346879513199, 874.8209273309875, 399.65924451770366], "test_sigma_between_0_05": [1055.418091787127, 605.7160360555549, 668.7735912478645, 1310.746492410142, 556.3270716853879, 313.2219171900156, 373.50789272462305, 695.5394226671608, 700.1326648554817, 661.0270798754063, 1455.4229383619345, 583.4915946246687, 697.5507933046872, 212.32688109829226, 642.3765445641234, 1809.1791251356353, 396.8572655825544, 1880.383695982503, 767.2422585858293, 935.3339245129108, 1086.9581798355944, 603.5416565279664, 779.6278438600133, 576.1649322026432, 780.8987827254896, 1644.3848626578492, 1013.5363419357337, 717.4647463136273, 659.2158601390732, 1436.8458214705295, 620.7392820054, 500.90969072149227, 202.67640989347342, 637.9121609661826, 430.58634215812225, 1693.3586793595168, 1259.598135448088, 499.7555203988403, 941.1913319269948, 1402.638636534862, 975.0948724459868, 442.1214718448259, 499.4682435894609, 143.45024327803583, 481.60078449521336, 552.7925520408228, 1840.5605352242249, 1249.69468658864, 1541.4608854381624, 1502.0623148352229, 642.7018183482937, 410.09541740534934, 1351.6136786768325, 998.8133775421425, 661.6634353774486, -26.770812575710227, 702.5376150436329, 673.5499761653153, 610.6267686963384, 1244.168962646654, 759.5314434300154, 758.6337600415193, 1519.297805698699, 440.1803302279672, 616.8125869200064, 651.9102395886096, 552.1701432638832, 263.0884263004352, 903.05708330058, 988.9814518647813, 822.8713912671835, 630.7953988163268, 818.7051247319986, 419.71511428913215, 977.5114899685973, 1174.6616339947625, 484.45165709092197, 730.2240586773339, 1866.029133407379, 1245.4795641408489, 563.0357019766824, 908.0842256687135, 648.8135045966263, 1620.6773001969852, 604.2805738574828, 1278.1972308343743, 1574.1491410968479, 1375.5617805215518, 756.6903960742319, 1036.543116918795, 1682.5959099736099, 909.0057181368791, 422.7227360588048, 453.6310988867608, 700.8911424561874, -20.971790874980385, 1151.540830261573, 848.3447018998424, 831.933319425173, 533.2395665416121], "test_sigma_between_0_01": [2152.1728375391126, 1975.790139590247, 2165.6838170193882, 2199.8768392348093, 2079.076296500629, 2050.9080872765926, 2177.0223833473024, 2077.234568943916, 1947.2675954898168, 2114.8100958636346, 2070.835309269976, 2191.696595388935, 2111.187690266607, 2005.1274135678955, 1958.3219605210147, 2112.9918596519383, 1933.4216241906229, 1944.6470789228597, 1943.8847466841787, 2233.3825128463864, 2125.6318807740345, 2022.8454435597741, 2049.57936656841, 2046.4466710155805, 2087.080849307128, 2123.6144604533974, 1943.4951046504077, 2165.054441899334, 1976.3440899166374, 2130.97879475812, 2008.7384029476987, 2161.241385424499, 2023.2564609908075, 2027.0997142608494, 2256.2264203166933, 2124.652826493225, 2119.10207034011, 2023.7412252844729, 2107.211646791757, 2097.3535558435656, 1990.7511001304829, 2118.291158648764, 2191.4148651517057, 2057.0654559429736, 2157.9367027166936, 2116.681893988577, 2220.802857493381, 1945.3137652992084, 2089.022333447127, 2046.8636459584095, 2120.9920900185057, 2007.5028824500382, 1982.9599888360256, 2084.487633048868, 2025.0504862265104, 2117.511319442286, 2080.338380629223, 1927.04333350267, 2089.613505834014, 2146.457876069317, 2036.1538960405549, 2018.7537551185983, 2125.512457696902, 2123.3669796032086, 2059.434341156147, 2042.0817850726626, 1984.9748130709972, 2032.3868158097077, 2049.9941951130245, 1846.9627099121858, 2176.2560475222476, 2013.8292707855867, 2091.088879638939, 2051.9815375503067, 2046.019744691585, 2079.689941316064, 2181.092359341647, 2100.1148706532385, 1981.784673431989, 2158.585571432512, 2116.8727477509046, 2044.5964441235972, 2123.8652661074407, 2074.959670473657, 2166.600251470314, 1974.8459956414586, 2148.331134964658, 1927.93754229408, 2019.7875837595793, 1993.1693537365256, 1970.593746295488, 1925.6961114928854, 1979.9592303506188, 2142.6872761278696, 2200.9772850146687, 1968.2409917848138, 1992.519490473164, 2120.5125971696248, 2034.738328594424, 2048.0141695822435]}}}