{"ant_convnet_sigma_01_seed_3": {"results": {"test_sigma_between_0_03": [1105.6425389470437, 1132.9757785824788, 1907.1882782231417, 2038.7584207518466, 859.0446856034702, 1967.139200484453, 1648.8541802221898, 770.2927798925192, 915.9106699143219, 747.1085288180909, 636.1207094436189, 751.3185443529499, 799.1776996694455, 235.9532919575171, 661.9653804445561, 98.85566387590666, 1657.4271029770434, 84.50933135476231, 2122.2034458083886, 983.1588407828756, 2001.8800502616127, 1667.9917263192622, 729.9977682315116, 1000.7196210016815, 1824.6731292765899, 759.3189886995331, 1844.3406932826142, 1438.2173216565395, 772.6822947728505, 1018.8197592280153, 1768.4622524509625, 1666.1253187676045, 685.6097518535211, 2096.6062705658105, 824.1505819557054, 1305.6123867480965, 828.3956144405341, 1140.1995016194787, 1476.4581639428736, 1206.2641435208923, 1739.3484158879635, 2259.8596554498977, 1568.8580578775325, 589.6793784662366, 655.2274344034668, 700.3930306011657, 1708.9792092287714, 1724.2368369138671, 1964.4357055165763, 1334.4803077839765, 1696.258570639626, 1451.9141349158183, 2274.4742654180627, 1607.4303654576026, 1908.1677002056101, 1718.9018376921413, 1859.4920736321928, 1049.2201518938523, 1421.8826158813736, 933.4648510837075, 1107.55080091232, 1029.8127400994756, 899.8115537510132, 966.2566216687597, 738.1583983535862, 845.7629451944734, 721.2745596485527, 932.7185451743258, 1072.8806083841484, 1431.3328834533884, 694.6865760723606, 2016.223754723843, 1715.7694422185014, 1824.4386199141836, 1348.836627560673, 1048.9935150232016, 1126.972087832281, 22.772169632615977, 564.7394016238372, 2254.91019388995, 526.7986522164523, 1520.384753227968, 750.1201970977269, 1632.091740107574, 1281.4323130776258, 1834.0289031469022, 1551.1812938273708, 1060.0366362324123, 1161.7676719203457, 681.7014823678751, 1355.651557093869, 575.6919326458253, 818.6193685225187, 466.6694597833354, 816.7664166538253, 631.8245459197196, 944.4646080155846, 574.4401318382027, 1051.1290112458769, 730.4037412578311], "test_sigma_between_0_07": [685.5457510079948, 472.1717857281717, -680.1877895580815, 463.2687800252158, 495.9579255893958, 618.06577105619, -732.0021156611738, 1260.8327460878613, -2125.0735982784317, 754.9195849915403, 645.9597272843622, 607.1310321343632, 519.5269860610234, 579.5611624499121, -714.209369850151, 618.4458594761297, 478.64582253251, 597.6943572435749, -374.74021360978645, 675.5065958248582, -218.08538535130074, -549.2322136286691, 625.7594555827465, 157.58953785356138, 833.792321349804, 486.6396080442459, 272.69367858371567, 94.29841077595049, 232.7213052418522, -609.6253083203221, 329.4253448005778, 1897.3397089499028, 760.526991514975, 408.4398591195601, -53.172812639543565, 337.767862486046, 441.6846705240156, 596.3696376780407, -570.5829376863015, 395.59619767663133, 634.7442889625063, 589.8171289824736, 543.0450353082368, 504.497517978107, -5.626782102478314, 819.6152311504313, -77.91135669727232, -1789.509431179767, 871.1858705083766, 203.65647877494058, 721.7810551549546, 747.2969805530525, 678.4776824604713, 1722.5166010983676, 332.28731756928295, 670.0628698807823, 440.6626770844315, -1154.9347221838846, 13.255354616582924, 669.833832194476, 506.77073481957393, -14.809756870166158, 632.8681562470467, 71.23963610793426, 410.24352829392564, 584.9927492916206, 426.86183284071154, 757.0099325698264, 509.54542056520626, 3.6410803098260396, 126.28780775410571, 298.1515024641022, 804.5020816963992, 272.35440135409294, 207.098367807959, 193.3339443084317, 579.4185954610522, -312.9181234178148, 179.72163952810806, 574.8350395206364, 625.0372302226946, -29.2689843453627, 758.0975993399001, 352.990216753897, -74.87239983051985, -600.220053583887, 632.5194541078484, -59.92544856955357, 345.16469355115447, 29.942254584749755, 783.7904965220854, 466.08296299636845, 760.2508253206441, -277.78369381919606, -520.4460579741402, 490.16307161910373, -1404.0861098460043, 473.5262509695869, 21.12159181556928, 431.2180373086807], "test_sigma_between_0_05": [150.96803254245324, 453.1798260343874, 792.6748553458724, 1178.3762168768135, 14.085956919968902, 673.63634574642, 499.3687051732837, 418.80960784954516, 803.2547674264675, 716.4507294819813, 1491.9737919442089, 872.1754826950882, 768.4683550096597, 616.6973409540951, 275.6359325944736, 132.72621044872943, 681.5836132951455, 2014.849532556543, 860.8473357157216, 771.5226596836122, 456.6677229812204, 619.1616918272807, 701.4026413714349, 638.051911868135, 736.590396919816, 896.9867392174184, 574.0623513107014, 654.5056431600843, 327.6439366590188, 974.5069744766632, 1236.0017264111668, 778.8900851454393, 345.0895524289846, 666.2602856768552, 635.2988741731524, 1470.6181006765967, 726.4224021151842, 315.2897957357696, 736.0457395959949, 734.8150282674204, 971.4615237255199, 536.7855150503624, 670.5681028990817, 295.24578037649036, 11.695968170983594, 469.60804677152686, 1868.3700658692262, 762.2038604041909, 1317.4418295630587, 623.0276063384647, 740.2091852322235, 754.5646084880666, 606.9046001641669, 373.4644550767289, 748.4707616464634, -0.6949724294274247, 744.2574958259004, 480.86467179285546, 478.9367437433931, 771.2149105008606, 767.0369649481923, 766.6702374759662, 1077.85508123036, 45.00144520550385, 734.986067751833, 719.7805834054221, 579.9459809109206, 253.69580661061647, 747.0633272820938, 810.1874254597386, 703.8919993037051, 864.5570184283448, 904.6304276880671, 528.4090877398515, 3.2781892823113887, 1195.1334503273938, 301.3732001275858, 633.9948976205924, 1773.9887739791625, 590.3626146170375, 136.949578913032, 744.8685268144927, 731.9579577876443, -15.22409231741185, 733.2688648082209, 796.1967768902853, 1316.459521745483, 887.8571727377281, 888.5418955979508, 960.4847482178549, 882.650888862821, 980.1531241882072, 706.0461925811971, 551.5174238013017, 795.3857378585133, -37.39527655832935, 1373.499545859993, 743.7131861702976, 587.2349823510581, 734.3602851989586], "test_sigma_between_0_01": [2097.6791230842014, 2069.2083858097903, 2219.6912264276534, 1975.8013484582943, 2040.998482670859, 2188.989138757736, 2256.3245064817265, 2363.3036856447934, 1986.6364677286233, 2119.96846185713, 2112.0660215887606, 1785.1683773957204, 1971.8889253182897, 2223.3882998702106, 2308.8768611652977, 1934.0922892693761, 2205.716495883335, 2100.7292762328284, 2072.337714102187, 2105.2079697878758, 2161.052393597793, 2096.502777581692, 2041.0336026024945, 2190.001643416745, 2287.87345124576, 2010.0190338658344, 2089.6709212652972, 1518.2352425715953, 2236.1862068573873, 2053.210245110563, 1952.0571711913335, 2205.953836291474, 2093.991473463239, 1974.464034746797, 2049.1339148910242, 2089.4159541822996, 2241.1847196551653, 2044.1955734205885, 2012.3795518144188, 2158.577623121709, 2024.6954455245896, 2280.3065886019945, 2132.945522037789, 2034.2811503851005, 1869.2329515742354, 2267.224326639048, 2002.9400019382572, 1940.2871424913744, 2148.3824180549227, 2118.157349704914, 2334.4512045984657, 2290.860009723493, 1428.9835438785606, 2221.5931999088134, 2173.180071987158, 1839.4534117608505, 2152.449340808993, 1975.7096937596139, 2081.8151690340756, 2274.908141336055, 2308.714191104998, 2105.7784365784787, 2200.181744208791, 2282.5820663654395, 2098.100474109213, 2156.856099540174, 2257.7142621128805, 2105.667526551748, 2230.0829456479737, 2040.2631241864585, 1970.1546940225835, 2036.4762049062058, 1850.7011494024691, 2094.6344866704735, 2143.25046072453, 1857.349914240361, 2212.837389761466, 2317.7039080687255, 2230.1836878111235, 2305.1075990030304, 2288.363830467801, 2019.1560111363267, 1916.1624708927066, 1934.26228638561, 2185.4333596475185, 2059.1742155280144, 2048.98762068392, 2147.1803391352496, 2221.472248535558, 2206.4016356392635, 2225.4813129279437, 2212.5266280986366, 2062.721630410032, 2131.5294663315717, 2124.3160475229174, 1766.2723655805155, 2225.9943669065847, 2035.130160461304, 2176.1692249002704, 2102.164621928933]}}}