{"ant_convnet_sigma_05_seed_4": {"results": {"test_sigma_between_0_03": [782.6206323835253, 673.8936302299772, 650.6365371659264, 654.8168502505795, 66.60415551669719, 225.9900596613443, 132.42389510273347, 55.93993581672693, 684.4601954506523, 603.0840900129251, 491.00352972182446, 438.4000095539999, 615.4809001224102, 56.948617024254055, 8.944487750713597, 710.0614859607578, 649.1852230926226, 17.40947613203462, 690.2227994626932, 89.41533073154712, 56.732985504757366, 450.43879112325857, 818.9391318609928, 627.5265566203844, 12.227291860188414, 469.8378566276317, 198.5978694546864, 695.6456363955522, 101.81674409804691, 333.546570168319, 6.192697873110591, 286.1908561647901, 598.586200770399, 118.17546505342482, 616.854289216502, 39.114945032531985, 525.1076594674419, 573.0493869262266, 17.68002412505011, 765.740791437962, 461.65776835571484, 93.10771138066194, 58.13505401148722, 632.9895642555551, 590.9288660915845, 582.2319643293973, 587.3435829511236, 709.8775069443034, 629.5258279552105, 150.94443359185254, 534.9768676394388, 753.8726017442157, 77.7034168003738, 100.04783397339779, 638.7824338550487, 668.732135104746, 544.3268652901693, 603.4928637798105, 53.75051443870032, 566.8909558486911, 700.5003079473878, 659.0326138153296, 69.34353668703115, 679.802830592267, 404.1381945079429, 696.0025434729014, 652.5527557732346, 719.7777854268163, 572.7449584907753, 715.0968735452045, 698.2580978719204, 691.8776498200921, 49.63014539166907, 600.9706803985022, 614.7860107817135, 673.7560254459078, 553.8924091521195, 13.786029066063927, 25.707888739470224, 515.6916779020363, 686.8635113183186, 8.926910847393446, 6.054280026983179, 722.8974398888723, 86.66800973466887, 715.1092716650304, 758.2749847007507, 809.9439846445289, 225.69959336593587, 667.0006024143512, 683.6759439205903, 9.018965536860922, 128.2219901247023, 88.58703375896586, 674.7354769568741, 678.9310224682416, 392.3057010977285, 461.0550815543041, 799.0634216858377, 330.3879163818623], "test_sigma_between_0_07": [18.577033421059603, 644.6378327129012, -244.10441159498572, 12.140458499538362, 675.2228049142672, 704.6902084537194, -406.29625566819885, 567.4469711548625, -2089.5206076683753, 768.6308916304123, 11.697144694610321, 7.278369457957159, 565.2904313794016, 570.4527825519732, 459.3997137968271, 581.9841636630123, -1120.0105255986493, 142.0508352006219, 673.4970370516058, 693.4253838204569, 47.11837534315127, -915.5539237049009, 716.384704228765, 306.0466118079055, 23.950271778611928, 382.57056277510566, 7.8408213442322445, 8.56021544101677, 809.7407949682128, -2.930137481148999, 414.2337369673839, 611.4407051349381, 607.0480880887104, 597.0744579923288, 4.788046182501421, 650.9794355346066, 667.9995984588625, 576.8332458872302, 236.509952459032, 10.82921346575313, 3.699712259344233, 178.9634536496073, 336.20959170721477, 826.3732520334995, 813.7869446238374, 846.7512729809973, 49.639997453406984, -2331.731246518648, 690.6033377949741, 867.6348298743076, 683.6113229272281, 682.3839280290464, 812.5546448525783, 610.4624370500868, 404.9489726495859, 10.44360769703344, 590.0197442625482, -28.882178454827237, 714.7660270905152, 10.939501030462267, 6.193616587690485, 698.4547778012928, 458.85269880238934, 292.16428789046375, -275.97579176074095, 619.9196449988755, 685.5501357233901, 7.951514552072329, 773.4380617897451, 495.16888757589487, 767.0658619334156, 626.4773545250865, 459.05174907970184, 469.0401217213515, 68.9605020176299, 688.1622402723901, 598.0470466133658, -3213.927674789979, 610.6162108849255, 792.1886365065287, 8.639618402061748, 5.5808947415192955, 574.0511140983238, 8.700494271681237, 3.6224154317984354, -114.95444556593145, 711.8781111602419, 2.5617279461221196, 620.3204481931534, 106.69888909271687, 172.74707555383364, 7.166443158332551, 280.36322758357545, -51.85171642876813, -12.330273220708447, 660.4658133385378, -1495.2143709325749, 800.8839949324129, 75.49681391855556, 721.0235138606262], "test_sigma_between_0_05": [586.7058697574811, 709.9348133429894, 764.5387136099971, 177.60670294958254, 546.9164609413727, 778.1618579583954, 509.1694805718927, 645.7976254924712, 36.49753550983879, 484.58131346536123, 622.6504666804965, 53.021570453002646, 775.8861306802313, 662.377544674512, 29.777944005158506, 230.34767540817836, 492.86707285935677, 612.0620181816373, 698.8008591326918, 7.675197773345279, 501.69193674687256, 485.5395431065886, 675.6473270134796, 864.5943206346415, 878.216807382448, 547.435442660197, 44.958737481197744, 426.47535645202885, 695.1301423779153, 611.0295926087213, 120.79829627612925, 39.92987365615991, 606.0038422473926, 664.375249149778, 8.978746632816907, 640.6157862920726, 362.1642047135478, 556.9284145924948, 81.17306099281993, 450.066629863919, 611.1600698057514, 5.066864580423862, 521.1908338391146, 8.090698195618462, 452.21264603861806, 774.637852210727, 663.5722524342037, 660.5539156804349, 50.708076796686505, 594.2062403622901, 689.0440076552351, 7.63993983389082, 6.839265467283257, 551.7945530877587, 627.7364228104846, 5.423536776029503, 15.690638821435275, 745.6091288563679, 674.3061951557407, 675.8302483189001, 687.2058643007928, 639.2659416932246, 644.9479695553437, 505.21226390766776, 806.3443510759029, 696.6547294553473, 37.92798664713191, 34.09449742414728, 796.4762884798821, 4.810090154671343, 456.98513505492684, 4.966782543255247, 648.0385869156146, 519.629583166279, 7.285835378618502, 612.6210381549652, 793.0374365524297, 568.7714822050252, 566.2440442556535, 62.213844889408186, 612.5009690517986, 10.220459128219224, 591.7954178720169, 433.9039297073336, 707.0880607388199, 578.4679611963878, 6.335506925635854, 47.250253019359675, 723.7659617297059, 390.88138997068245, 72.14164663147676, 45.094296019161995, 7.6645876545502665, 527.0592909973697, 38.043786397090315, 42.67970115760982, 42.27498077443743, 7.919518759047786, 598.189351017722, 481.4263287745715], "test_sigma_between_0_01": [728.1885627755171, 718.4496338495063, 616.6591667089597, 678.7287581503815, 317.10897182266643, 50.9394218180605, 646.4610114281115, 604.4484912477265, 54.916665461564854, 134.07271149172882, 208.1291670587044, 682.0355109070844, 468.642836673594, 90.6458444645599, 271.9746270626306, 525.1081021552149, 603.6984437879221, 441.2703568370124, 759.9865503146636, 391.4096705670088, 54.531834414678436, 796.8476855511277, 637.644004905688, 617.1384951820992, 616.4091842057587, 755.0357807146316, 459.72517615749234, 795.0971583650506, 481.55102940957136, 781.6417464287342, 458.3539654387094, 547.559136126161, 519.4169106141371, 721.0522537644704, 707.3211893461491, 156.18172951021566, 634.941721679458, 190.7918855411918, 617.2262011856171, 611.033378275129, 709.7831292515908, 83.25415264176266, 359.88798852061313, 552.9605934146563, 793.6846048618376, 289.0140570115417, 128.22537347582684, 586.2001815221945, 688.4069491189147, 174.96979317235673, 589.874016904986, 471.1065231835207, 127.25703783683419, 141.79327026242967, 613.3795899190505, 738.5663765863382, 653.0834484919313, 151.4570762486138, 138.39780066756651, 735.1139451220024, 573.0959827509344, 10.079564165885676, 245.24138476439128, 612.5930501517697, 667.9196893008178, 65.72133454392316, 600.9258886824315, 274.49363694539653, 162.83935679378337, 723.8455828337213, 205.39702393350174, 206.77673391217823, 97.72633317349539, 227.2306777578269, 613.2581564066232, 611.3787942903472, 624.4459885538433, 645.5836463880827, 716.6953830988468, 156.68428103108602, 149.4079970310355, 631.8688155264041, 740.6876800673103, 568.7406743709065, 610.4586598905346, 525.0740910946116, 354.7339987425969, 116.82206733945202, 679.5919766380492, 606.485796517829, 596.2706382994575, 609.4396311492098, 507.77227302711987, 519.5809395542793, 467.52600131996076, 805.185210482055, 632.1559064461169, 311.5718646766137, 142.99486138743228, 378.0081903857757]}}}