{"ant_attention_no_encoding_sigma_05_seed_4": {"results": {"test_sigma_between_0_03": [952.5272269777843, 1004.3445162367497, 1349.871191290608, 918.2047765520285, 974.2563065699641, 1457.3249134843384, 1198.776402216824, 1186.0753145083775, 999.067628857171, 982.4965917724322, 883.1681965989005, 1444.610730316168, 1016.3543876831259, 1492.433226697935, 1000.006564618619, 1186.0019005530364, 979.5871886886482, 1380.2358993193698, 1544.110615084708, 1048.9770803744636, 1273.9591718674874, 1622.5587971616549, 1275.3715235746438, 1157.7911354980502, 1523.5498165742786, 1229.7381991469174, 1441.4357078660105, 1297.7085876383587, 948.6440721734749, 968.4265689214144, 1259.8408446352564, 1490.4884670798965, 1338.313494320452, 1536.1979032537638, 1128.4932829449447, 1399.984482711206, 1022.7061000701698, 1002.0656304091676, 1198.9829026247949, 1413.8997907115827, 1329.1532350708942, 1481.0961421494455, 1418.775895726479, 969.7770044902386, 718.8165151401093, 1515.0037415099782, 1105.086059814216, 1103.9531690038282, 1350.1735549590255, 489.57329699982654, 1521.9002468481328, 1048.9153598844282, 1251.193417356943, 1580.4311097373177, 1041.0449965445512, 1014.7895645035469, 1166.7428977612642, 1557.6001026189074, 1433.2928422238213, 1180.4852564994483, 991.1484165960759, 1084.912689439179, 1459.9754737155995, 1392.7933326442103, 1011.1549547870452, 898.6102823307751, 1151.192351536929, 1171.905833646674, 995.1255168074695, 1351.7474754310474, 940.0625053248212, 1100.1181714008223, 1494.9430956131973, 1400.4978452150542, 1306.8379880800132, 1362.4840266980564, 1359.7560943036335, 910.8440907713817, 914.4125110161906, 1511.9747073558992, 1405.5503248167352, 1198.6292618644823, 939.9559965928609, 571.0904436541281, 986.116609564379, 1373.3313783899846, 1443.5167838429732, 1377.4187828211284, 1277.4818226684406, 889.7031970643565, 1455.8573846726936, 1176.9764614832113, 1233.2925734390083, 1284.4879365157353, 1049.1513507281647, 813.9730611472645, 1040.254402037139, 1058.5801120428207, 997.0628620925929, 928.99252662173], "test_sigma_between_0_07": [857.0539580177556, 845.0875472030842, -1027.9544885817427, 467.00081163349165, 515.4114981315104, 608.7242317892134, -526.7968998690916, 1211.9858500110327, -1167.8097860833739, 900.1679717006265, 922.5052577940241, 938.7471251861333, 638.9763651458763, 722.8643411991719, -781.9650408709502, 950.6395737824796, -740.3524375407968, 890.5061348247352, -178.6879335917573, 867.5586418296821, 48.93370665746807, -554.4231917605858, 742.0425594593628, 28.349271341968546, 925.0681290354652, 921.3745889730718, -19.17915969396315, 360.3720082762509, 6.0131420373348785, -212.97757390728378, 436.2397885420088, 1572.9349385707244, 1040.0314596083483, 921.848317514609, 354.09816406826866, 774.6194583093929, 480.0560522491712, 773.7826446411042, -336.12030577318177, 585.3062794487611, 259.1446794825003, -332.90134521832056, 761.5787569085404, 801.8370000485297, 425.679889189333, 1009.7538921490876, 208.6369421839529, -1157.047744827703, 874.5141998005956, 104.78994365860589, 1137.8704828145267, 812.8779149654896, 845.4261169648048, 1061.2699015656838, 697.5615231468374, 625.8488878557489, 617.7561528074182, -867.564236185192, 60.397550573590316, 683.1303478037304, 843.8410681799323, 25.771090067882707, 1129.884231378058, 833.6304629862689, -289.81025293133837, 724.8597321922299, 450.39647534065807, 802.8106435188934, 798.6749216998032, 233.01783328022415, 736.599782652535, 861.0328341237176, 1441.0594047907568, 108.78569188310556, 259.0026914042421, 490.73611993595347, 857.0327540894075, -1970.811456547936, 743.7304016969701, 21.635648551500086, 885.4961114112357, 134.32437372189307, 906.2412331063972, 805.6922230551114, -82.80990015234934, -744.8529937106196, 927.7137152165483, -188.32242453329107, 252.5113845385433, 651.254373198503, 796.7458960056367, 941.1895372746965, 928.8168723191463, -1953.8757979083503, -1085.6518193211432, 878.0512357370142, -565.6861827078483, 842.7669395432017, 993.9693297311584, 592.931943838924], "test_sigma_between_0_05": [677.3947350202503, 275.0595328212994, 950.875350040679, 1040.1676938019975, 800.2741504720275, 722.1799276633612, 709.2179811696424, 753.5463262971684, 964.1762504713677, 905.8711277525385, 1045.2287545490344, 884.1761936729312, 933.2207206189264, 886.1496443174036, 1258.1351224087098, 819.9330326417551, 564.6043154636425, 1096.4528294974289, 872.8894293518146, 987.1528315740134, 1390.6400090737845, 718.2390476295325, 859.8869773648437, 604.2317867606664, 894.7495710994318, 946.6883444872626, 915.0811176339589, 871.477713911432, 798.1306033845058, 945.3593637963249, 1108.3668509327822, 763.3428553271146, 161.6778026297185, 933.7406545125837, 804.9649746538481, 1577.4601793459012, 1204.0630996834761, 883.4554911549093, 843.6587057191423, 912.8829058144021, 712.9137387217778, 768.6607239374811, 607.1986140966385, 737.2715446122434, 672.9610592781461, 708.4924495478152, 1286.3857006371095, 918.4310212185391, 1280.1457752663787, 837.8470975750344, 926.4757185016307, 729.2463861800854, 874.934077956203, 823.7528789620372, 1124.698089677805, 625.5998833624615, 973.2473110893857, 780.0106630917927, 892.4608577134195, 1379.5045552261533, 981.2841851727454, 907.1418399182965, 1138.886115410284, 1019.4900441908401, 950.0103605234211, 945.1722877523441, 959.153147540939, 367.5660031390441, 572.0097925459404, 690.4412603074024, 851.2591228433745, 924.6668040192793, 1269.2013339574696, 932.6822109988743, 963.9750206170601, 1257.7379833131547, 926.3808732176831, 905.9168581925801, 1018.85960989656, 942.1202640762235, 585.2558083824584, 750.7751276265393, 850.1448004711287, 1145.0524620264307, 882.5031376195187, 883.0748678386782, 985.6024713876018, 1085.7101479305868, 976.352413323157, 966.7106523198923, 967.3568348327467, 970.8448558607793, 728.3191766311751, 766.0212825383925, 974.8906807733119, -2.1886247216936576, 1261.6396578274223, 935.165369703165, 976.9525556310731, 953.4782327320463], "test_sigma_between_0_01": [1523.9295334037356, 1585.4825570875464, 936.4410054428338, 1484.2980260820384, 1475.2576331751775, 1513.2247642627224, 1568.8165772902137, 1558.1720253930266, 1021.1454707128676, 1504.591849276652, 1131.154609541791, 1444.0401985822034, 1471.1383526336303, 1523.1564058794634, 1497.7691351852404, 1440.5135975687908, 1487.594355995406, 1463.6552923958825, 1252.556530425596, 1496.4089313678412, 1496.2569279708769, 1515.3455750660428, 1444.133293536683, 1467.0014151428556, 1550.403207186778, 1466.1182879234327, 1186.5425511201122, 1481.6400425783363, 1494.1491812212962, 1480.435317739116, 1271.3485355915543, 1484.5068922124767, 1101.4227165166462, 1502.7632714818815, 1465.2127202420374, 1487.3141451163606, 1592.5699945445526, 1500.8861990550663, 1422.2740555705423, 1602.189794455563, 1447.3399053322235, 1527.2911320127328, 1485.1844434864397, 1474.3574225972566, 1411.2643985187126, 1540.1408081954107, 1479.590749918674, 1043.3464832612185, 1245.7107620029858, 1454.2439029164261, 1556.5579130195179, 1362.0323337373861, 1418.667504854366, 1573.1506725004663, 1504.1318571546665, 1442.4659652075409, 1561.3402720625797, 1436.3946713728794, 1604.9991262786364, 1500.458769052671, 1536.0959816799593, 1641.8832716271693, 1518.7806864646186, 1591.1069517632673, 1635.9713040043857, 1501.6152524832694, 1495.6606521537842, 1199.324267422969, 1484.4064737079834, 1141.4824387194092, 1490.9664888291527, 1574.0193539618738, 1463.6327555902549, 1484.668941852819, 1545.7921712373834, 1451.0488361777532, 1485.2156956489478, 1478.69829396042, 1497.6756031292036, 1546.7659294457533, 1470.4329646898434, 1462.1087343766885, 1522.9459661259875, 1461.8893514913705, 1488.7797349952323, 1485.80165999368, 1459.5301727833864, 1103.5546234024885, 1475.8553791311097, 1535.739912268418, 1459.7190465953906, 1471.5777945077846, 1472.5526238219736, 1497.5789633129857, 1476.1388308597056, 1061.6440848982268, 1485.4604899124042, 1476.8312108465739, 1438.179629857757, 1473.7715338618943]}}}