{"ant_attention_no_encoding_sigma_05_seed_1": {"results": {"test_sigma_between_0_03": [931.5191860769942, 1304.0730117621017, 1058.0689674762789, 1326.8666867700192, 1491.7275758466653, 1404.3002032079912, 1294.1278182290084, 907.4437267082894, 1273.3454131443991, 1501.4045410833576, 959.101509448429, 1168.9615654632732, 1325.7399634984463, 1226.0439935602783, 880.0449436585037, 973.3336151741831, 1243.928737015561, 804.5428302201606, 1544.3202324851322, 1443.3836767523155, 1449.6657385813903, 1143.9454930206148, 1332.8124639973344, 1499.6708295716073, 1108.354828213955, 1441.8355523984346, 1256.8171067553299, 991.9465569557883, 1574.6623226961815, 960.7016053125708, 1229.3548990785773, 970.5992544868717, 1369.2512826881882, 1526.3973082521109, 1338.1219632800962, 1463.8517793409655, 1022.1239845473505, 950.4979109495985, 929.3919672545125, 1305.6928342596466, 1422.6980979164298, 1583.1741175985935, 1045.4349153747562, 950.7477017999611, 750.8945729503216, 974.5512354656983, 1285.9900299753065, 979.1645889322984, 1536.2191028300995, 1347.9763783067096, 1293.7769058979932, 1259.5119852326684, 1559.3050036536474, 1411.2629128087526, 964.8505183159283, 1358.3371565747302, 1237.3640889059732, 890.7475020883769, 1357.452800657782, 1465.160483642465, 911.2945506944071, 969.0328910317141, 1502.016836353908, 1134.1772182421435, 1249.3737788193353, 1222.7951749873585, 1410.4555834829075, 1322.5479942068662, 930.5726042747792, 871.9829558358955, 1405.8171992431064, 1288.0575862106314, 1426.0099307626276, 1324.8154357531093, 858.8399108741606, 982.4704392802968, 1294.4679968695527, 699.5302802541435, 974.4847010754575, 1415.6120485636109, 963.1181932623732, 929.9038210217551, 892.8891270027517, 1072.8392760827862, 962.0708651124305, 1330.220353243349, 1014.2958456218163, 1158.9114496333561, 1458.464927990261, 879.1107583736296, 1393.6837800155809, 909.6837501018222, 1311.2119093311542, 1124.921011656333, 889.6886976218984, 938.2815220645, 959.6789909763238, 772.7668376978716, 976.1985338064181, 1213.7505196397758], "test_sigma_between_0_07": [856.325057691234, 861.9375648427113, -1130.5787697858186, 641.8291970858041, 770.0244696421696, 673.3494936693368, -606.2522731854343, 1489.2528503496828, -207.8565511042377, 878.0947202964642, 860.4375651075059, 856.252346560746, 764.9886254529968, 863.1821245579213, -778.3068853736044, 757.7170602016332, -1374.6056749542727, 819.5330662566047, -253.9834352783608, 898.8006015319327, -520.3395186157354, -977.0509529060017, 888.8011388184807, 455.666818788125, 930.633271088205, 734.838829301793, 127.30206567671175, 444.30564425711026, 133.15021300353152, -381.8225627757464, 568.6794771448871, 1049.705282115987, 958.9348268803703, 851.2606394282681, 383.5775141549509, 819.0256825205581, 951.4326419172735, 681.3792771392826, 68.58476031608262, 648.9888597553673, 28.668033355043228, -268.49449558321555, 776.7372329449772, 699.946301073999, 651.9420895054409, 911.1983701428164, -522.1858890626294, 1.6615425072133099, 696.0714696622799, 524.4042109553718, 1089.856614613396, 817.6692808595611, 1054.5181760986043, 1040.0085342212274, 764.5131085593523, 729.2906473259357, 728.6241574219002, -878.3851859033924, 519.7492583879127, 915.6160397446364, 899.8603923996119, -76.50623289464538, 1214.9765918883966, 412.64646428056807, -341.7142625371315, 818.9044534229645, 513.9585180143474, 832.7671722095798, 850.38029470447, -52.33258187570124, 747.266373066481, 902.0649037580837, 1397.0832417636957, 287.39350398459203, 48.60869825097156, 532.0091666984445, 946.9515349268507, -570.7807895426802, 751.5171562027347, 515.5624486130603, 758.6097648100821, 574.6300239138245, 878.3910469125881, 697.4824441276772, -285.72826467910505, -226.25395323740187, 1280.3543729255266, 72.28824897414674, 9.99867630111869, 733.9329084977012, 869.2237726927362, 972.9299849609926, 847.3478419036552, -216.6032342240072, -1370.1650902373538, 823.4409941687112, -1770.5959020903847, 974.089747066575, 1011.6561363314476, 596.5864527529691], "test_sigma_between_0_05": [1184.4445405291942, 889.5756496111477, 937.0626764915842, 833.1365594319906, 913.3111693612258, 802.7912435277816, 885.3694406426698, 868.0470958703315, 1175.9200733236414, 1243.7011619391874, 1355.941349371877, 868.8994203054021, 932.9091205655733, 1022.9529381381166, 953.5217380879882, 1527.632802828257, 747.1522011169964, 1537.1495504170073, 944.4828921932633, 1328.1371770697192, 1121.0661922668505, 903.3977738130268, 886.7720796244303, 696.8963097866235, 1067.334580135409, 1160.641165627013, 937.2490348291226, 950.6749990162414, 799.5375293618354, 1064.0260399523418, 1007.7849582828609, 808.1857169263062, 624.8735891955366, 615.022152086961, 843.3705629391778, 1226.4199841651696, 1020.1676209787096, 876.7329112442353, 969.1098646820951, 957.3166452155111, 853.5487693076999, 946.7465856258736, 808.6240922957537, 827.4034482789896, 525.0299892721652, 934.0301862884091, 1242.591649603786, 948.1208682000577, 1116.8153819272195, 1398.896573507092, 964.6360056424369, 953.5233465555527, 932.2083062790624, 941.995614629005, 901.0086575385685, 786.6230050376511, 861.5832613688292, 851.4193290785516, 789.369136795203, 938.2058832536271, 762.2140986400607, 966.141191942218, 1261.9495087828884, 590.2315778900711, 1164.9176059310728, 859.4931397797607, 700.2419622854975, 471.5945870406695, 1243.8288716319255, 805.6490221253115, 955.1594475638535, 932.5811813363044, 1222.2098418008786, 1251.490792082143, 831.0206008087794, 1074.5390777924235, 979.1320074610537, 729.5696832497705, 1354.0809122215237, 1372.68517814959, 1002.2772488437688, 1261.444826865582, 859.3218074264236, 932.0135595135959, 777.511168419182, 1263.1324272482036, 1365.8804988044237, 1024.0384053155722, 865.7388155398722, 1230.792699377897, 867.4114086970678, 937.1546802660183, 725.94272221059, 721.0622069105834, 1321.2570183592848, 354.9861235618853, 1246.384926225318, 949.3981139096527, 939.6736692267557, 831.2446059050743], "test_sigma_between_0_01": [1465.666926200965, 1522.1932891287665, 1468.1157629718234, 1439.0254627548702, 1413.635106261648, 1554.3805860700859, 1489.3374507300223, 1500.978834890257, 1437.2331830735, 1498.1255462997383, 1498.3991542662186, 1408.1217407391944, 1425.790939085786, 1476.739921021932, 990.7494397153291, 1375.3056954955898, 1288.6805543955522, 1442.5860126761843, 1396.1331754637174, 1469.9974270507182, 1481.1202123786072, 1459.4997673308244, 1483.6598992720576, 1393.7590804601211, 1498.3051506976271, 1430.491933742659, 1430.1980171599128, 1459.0949672187758, 1528.7628714670338, 1428.7086236212624, 1378.1561483792416, 1502.9230958447283, 1433.9990230839308, 1440.177739701081, 1488.9615626918498, 1487.549102818082, 1470.6750519296386, 1453.4969244340589, 1065.8458087670706, 1488.1330352271266, 1477.2761990351398, 1576.6401162463103, 1469.565812515775, 1448.39351144196, 1432.5719515071148, 1570.1211330939436, 1474.8764200199391, 1367.6449825683871, 1401.7709726290093, 1403.4275791519606, 1570.9799714450714, 1526.6480388641849, 1484.676278303573, 1483.182923252728, 1505.2684823826964, 1419.0399554342152, 1499.9344663735437, 1396.4958034481706, 1477.179917652452, 1515.3633223225647, 1513.1808536959354, 1386.2533405069078, 1510.6330002284017, 1474.4061565928373, 1446.6465248763805, 1446.279790625218, 1438.8243423326956, 1476.0785758549287, 1500.5684468629622, 1403.794635853174, 1496.4299364627989, 1491.1779289557076, 1359.3680766772418, 1474.4124707017934, 1455.2325865523997, 1425.9603879601768, 1517.7993182286284, 1487.1830890461074, 1498.5143773842788, 1573.8437195007161, 1423.37125330936, 1484.2809370988389, 1412.4535962481484, 1403.8226642367306, 1428.6364548309123, 1497.4267118551797, 1411.657070828725, 1499.6168227647431, 1413.9703995843286, 1537.4141334838941, 1539.31358924321, 1488.5452968857296, 1534.2194485816249, 1420.828354948159, 1481.7039660600462, 1438.265306233668, 1408.3195263929515, 1484.9722279193134, 1394.5595028120035, 1462.3796045369397]}}}