{"ant_convnet_sigma_03_seed_2": {"results": {"test_sigma_between_0_03": [247.71410196211602, 183.74264609065239, 151.67520207996705, 39.20077227894831, 99.94156520563418, 179.34791446972352, 84.47611961235185, 82.92407092457246, 88.3252876693506, 85.97763490635204, 205.55528225304317, 270.0587187330665, 90.05514858708972, 96.31348986120307, 197.5850569224424, 170.03959121189138, 100.60714152075494, 203.00950814657952, 230.14699644537316, 126.05719749532415, 106.97097220149814, 269.5487535604442, 40.09344074716387, 217.87250908208904, 91.23324132118186, 106.14968966926183, 86.96496746015268, 198.51327069902783, 212.0339565844813, 242.6068499530277, 122.56979813185058, 84.23489379540361, 132.88210770139395, 89.12871001864174, 125.65958198383677, 113.58255822274856, 191.43866097135322, 270.75659166970377, 110.9475232065741, 117.35490243521363, 90.92355207348064, 93.42028641516265, 82.85880596624008, 209.89070376698604, 108.8082951807482, 215.61676934759544, 152.31264527823674, 190.21279243905227, 221.79737542977182, 80.99282828758125, 92.4500238483238, 196.38413730037166, 96.16888748302941, 99.94224625448555, 115.13358494211128, 215.81326280374168, 186.11177874291982, 236.7342498965877, 166.33621120288643, 17.181227383216903, 288.45267959922427, 129.8125720490915, 93.41089032318152, 200.51830197104866, 134.94009856627437, 70.12605801268528, 89.62557193495365, 92.16009177313286, 243.54727898754368, 183.93715117540228, 140.4656843183621, 248.4264814187856, 88.34459793735074, 152.49965544102506, 86.79005848071762, 201.6144727332735, 148.2553065125375, 199.98630930051596, 143.71009565779076, 124.41890430681721, 100.26275752291679, 189.99808975025002, 175.45191051555446, 101.01624526901414, 173.4871787937403, 84.53890947739805, 185.37056343076787, 127.84324182137624, 68.00073203761308, 184.60629182454088, 92.54335937546757, 100.97343334627192, 37.640123416428395, 84.56587243580238, 111.5347363605111, 213.71880177502084, 84.03880293533673, 78.87514916675408, 191.81740914679747, 132.52321124388052], "test_sigma_between_0_07": [89.39476996273652, 352.73688287962057, 192.94848842822879, 272.8878607348817, 87.43221658061442, 130.9401058488788, 94.5715669407076, 243.85342992336092, 93.51618900490033, 202.81451998134844, 88.33589128185773, 89.69581677560558, 287.81611908800386, 91.4747239273585, 96.55755402095005, 94.85242211176553, 93.19159793374747, 101.61476325534308, -6.110540185325961, 249.26442891886944, 0.33165519790636333, -11.587729676229358, 201.24099583727224, 8.60767307976201, 91.84907018139232, 216.15246072833818, 19.199802976263097, 187.58299098798963, 88.53269448502022, -6.13250473562075, 86.54011739025233, 124.17921900588821, 198.84697860707104, 184.6880613856871, 217.22199802500924, 137.72964856554677, 202.68820516637925, 88.19896698685109, 100.47917373976779, 8.789564582539583, -3.1530623950151524, 22.657959600846596, 292.6041324274844, 147.4194499409442, 137.75825018655271, 152.9073605493081, 196.11669207865208, 80.87407938624055, 177.69220630841286, 179.04795492501123, 215.15232935478315, 91.99612310812998, 98.43831894350892, 258.6183782245798, 87.75761605873046, 198.92757177267504, 390.8451669454669, -3.749748395005008, 132.4454174765291, 222.7188526406259, -5.105046630829747, 100.87655408600838, 100.54099515889386, 97.6187244259594, 95.05532318133515, 289.88248896032644, 355.2814871632183, 236.35937275484682, 115.32716873869536, 85.3003599402736, 97.11653873025223, 250.2038957192383, 222.4028739400705, -3.7231635909687633, -5.5235564663424155, 84.1013973162955, 111.63337323821231, 105.58917857280149, -3.9323498590005324, 133.15005247020676, 184.9054688737402, 7.419612641440464, 217.03701812662246, 100.42128808559065, 3.4353272789666827, 1.8702505992827358, 89.51435167477081, -11.066547719425577, 126.07968024709135, 193.42796826363178, 371.5102497517118, 29.17071890761744, 320.30499507385025, -1.7414444996771712, 95.06666321438198, 197.77579283237446, 96.23398560999296, 333.7423172918338, 102.24441650605425, 92.1459650986556], "test_sigma_between_0_05": [24.991859518355458, 185.85733382432753, 201.0196393834675, 92.98451806011911, 204.22779568111144, 292.42253313718794, 195.47681746924096, 198.90950481702762, 86.4520336037, 92.37874275521655, 88.13776294158086, 89.80812193433144, 237.39351292689037, 84.00543909708887, 113.30877968162869, 12.584179205656946, 108.72772200200507, 216.3856396831951, 237.15845439771164, 212.55779700736704, 64.50230680469886, 263.2732924991746, 194.7007817017908, 89.81493080119601, 86.67458411071055, 91.0260518120752, 178.82623620338106, 204.10389269285508, 80.22669216203904, 196.7512836390454, 115.61354739347924, 22.602880895232452, -3.8056316654852713, 91.65522280830821, -1.164976317645053, 140.51484958180336, 99.88298691770888, 96.15413722413238, 15.467780472195606, 198.91614413297816, 89.0097205778663, 29.376170035702124, 2.1436522416479464, -8.977573358852531, 112.4500109029551, 200.64929098267902, 102.5754056531582, 171.68688778162786, 86.18243091162229, 93.80757942097586, 3.404112455989525, 32.607641025414296, 134.33842611230438, 185.40797136152045, 99.50092864965706, 173.11573713124682, 168.1912379864942, 94.74000381174734, 169.80767259883322, 174.5156490420341, 217.55385592406535, 233.19562781925598, 89.60180643541885, 9.47589509846873, 95.45547194975981, 263.002516898317, 92.12404778572285, 197.5554781606961, 189.788154028233, 90.07752990628272, 169.196179181517, 183.19207469722, 89.03138869365421, 11.753038650120983, 198.32815549868994, 207.35644785049692, 92.62575986904457, 205.55724118137718, 264.2641120765892, 86.42922228888862, -6.580333246309603, 6.885496792550827, 205.50847168605816, 87.42028142639245, 95.28972857014186, 94.09456719534246, 297.45233812772176, 97.51444056834065, 190.38671936113013, 106.68691504875882, 109.1795644095379, 91.15508255631919, 134.41373128144443, 88.4177538760086, 94.65705052125011, 69.15746451609627, 127.99266031924616, 79.44266016992015, 203.68336230552652, 185.35731454974248], "test_sigma_between_0_01": [107.35958909274002, 145.24809281711595, 126.64272147566305, 145.8790557797336, 96.18423109839065, 92.27112614916155, 85.1648025385098, 137.5772579702774, 179.35610494847631, 127.72670495091155, 144.70796174113718, 130.38470148604594, 95.0496498751062, 178.94411074444926, 174.68805639069913, 121.83620177481194, 127.85685694382201, 186.21673714880103, 170.0487627107304, 118.9927838310063, 99.08433043886461, 157.28418761165628, 126.55481883850321, 140.1827038785064, 102.3652069006636, 136.17312554699055, 175.39265620257646, 125.49357450938898, 134.5125510907555, 132.62660159753113, 191.48362298646302, 123.89769619314241, 181.2425482874151, 157.4803888261416, 91.98219096212166, 89.91334919739073, 133.4592308417408, 139.8709299052282, 134.2793434373498, 173.71913916496715, 168.02438512950073, 133.08273214210033, 156.75927080471556, 142.0621344582311, 134.8849522872857, 157.7329409313864, 96.84524963862847, 185.01943354510405, 165.57294753452794, 150.47505357208627, 122.05032564349122, 183.87743164082852, 125.57196444543236, 152.51479145191757, 147.0687378286278, 141.60749105101917, 144.176995125613, 152.62736921989838, 155.6246330860939, 136.539126546297, 113.91032724043073, 162.4307019733773, 154.50863448530265, 132.9574467860291, 189.75407770159435, 177.28873404572215, 129.86644020359896, 170.61683280429602, 153.9451049500067, 184.58922018529503, 123.59085042210341, 192.11156692014535, 140.21393393624618, 128.17327487872635, 152.3534369738703, 121.242437095924, 102.363206485845, 148.46200584389393, 159.18328357658854, 85.29418444467247, 157.43473658794645, 98.06192904749756, 123.23800446950904, 109.27739227734493, 141.545852124987, 136.9491821136358, 127.91487743180235, 148.5241725030399, 187.87658237058739, 179.66464977687113, 152.87597214096962, 180.03110131291007, 92.66008958377239, 118.89739479889548, 110.8570695192369, 178.41081751103184, 181.87386104531726, 132.23276520116002, 177.51362906891728, 97.69333515562317]}}}