{"ant_attention_no_encoding_sigma_01_seed_4": {"results": {"test_sigma_between_0_03": [885.8078212433096, 338.89966826281176, 1851.4535938996426, 1076.409677322779, 1207.2633622611063, 2065.743085002719, 1146.582763929245, 882.3798343224303, 1061.2939051192407, 1363.8011791980198, 531.5628753384057, 931.8392150026451, 1207.327317381586, 584.8938539542212, 681.9657817988293, 1049.801067366647, 1647.479955431711, 686.7413132633171, 1581.2973467716151, 1683.6961323823305, 1827.9646987932383, 1680.0870010753613, 848.5100643554013, 936.28264212353, 1732.5524371376662, 1135.7356095467674, 1780.2032667686562, 1030.9061827775656, 1676.784329092682, 477.17684174156153, 1202.1106784077847, 1286.7799652773276, 1435.6288466009985, 1970.272493458847, 1763.3834705273455, 693.2637161725368, 729.1185680830271, 1076.0840554158767, 920.7953205913459, 1390.8769742170691, 1510.1109405563611, 1724.7085793230333, 1346.0639262506368, 528.3878852671738, 708.8905662500158, 908.3546859642349, 1734.840630462128, 2007.0456919165695, 1668.731670883825, 947.583392119625, 660.823632285423, 960.7926859958204, 2106.5392244769555, 1214.5625187824276, 1214.5817960470995, 1855.9036359170832, 1823.4698771441674, 1063.0336421298855, 2213.5490118635757, 706.6717544719123, 505.28127029436615, 357.6813725694072, 2233.560265974473, 726.362353460083, 1593.1726563628172, 372.2477196218085, 492.8880870236728, 288.92114204919454, 882.2960710123663, 1077.6111486620377, 550.7931112688356, 1788.0690796453648, 1655.84364277087, 2115.691881659449, 1216.0876955139674, 672.2676241053143, 1312.902048204747, 535.8008156423645, 643.464855147846, 2171.120726886272, 723.5690083448902, 674.0855453919917, 516.6423361205116, 588.7566671876166, 763.554642715514, 1402.7209331563838, 691.5101698178106, 565.9320808634683, 638.6932120883587, 788.2660490942984, 1593.1013683855517, 1631.388854709789, 1287.574360826974, 842.4458198201283, 876.5937924873155, 743.3127052405458, 559.3958072036444, 1884.538440676311, 1188.1638346088696, 652.4981641747337], "test_sigma_between_0_07": [354.7698584639922, 750.5313295496318, -1186.3497498654162, 430.97122471947984, -17.577439322923755, 422.1606308185849, -995.3952329165588, 1308.1879640269485, 50.27163620057945, 736.4813559541157, 183.33704050602682, 613.6425384888752, 593.3209855896351, 613.2897903356416, -436.60627110042157, 64.44203700150334, -1320.7295174516769, 206.88715663850908, -132.11736850128173, 335.2193670900383, -185.47548699008868, -258.610112270885, 607.2558080271758, 25.773508233318267, 346.4843599412735, 378.2522141295338, 32.60065516747291, 76.98611452778576, -5.359112065594658, -65.2603591438518, 248.31034732999046, 459.77141092489865, 273.3179654503784, 36.80842222354012, -57.37468532778223, 316.67302796171515, 447.95077992784246, 456.427391402465, -298.54143956823026, 100.3832354594608, -69.6295743017274, -40.31965554113504, 470.1657608266953, 779.449787701275, -36.677806080070965, 762.1266990612672, 34.20670722665687, -737.7038309857938, 489.0438248145299, 102.72324766998602, 880.1842929512368, 569.7650401999956, 687.762872985225, 1337.456500151145, 664.2648217593805, 367.3961377936593, 522.5972256258331, -698.8106758055369, 36.848006023004885, 391.88410395349973, 345.0164929969309, -284.68924052090705, 1081.2278623766292, 222.62416508298375, 47.34337263026258, 474.8133346823819, 524.2421681536762, 419.5642866413759, 44.3282753568993, 31.451103818345658, 342.49063992307794, 335.25334470419165, 1245.7169298967297, 41.07113866848425, -15.39513235882012, 296.6494592325524, 819.3605398033164, -1175.5086727427663, 139.41682479217528, 31.688685766767286, 689.6935113378448, -27.91638817424424, 748.4997703131673, 61.97518614738661, -40.87034057548634, -91.18869620926253, 604.7713932169576, -71.16327136290137, -87.79233544242283, -18.179603076170007, 839.3225248006685, 92.42905595051828, 547.6609025910257, -1578.592492475211, -975.6092730355438, 496.02598980585225, -1734.3154115801706, 610.4389925118497, -0.6173524728167146, 164.57957540745363], "test_sigma_between_0_05": [123.61738065422661, 359.89284679012997, 326.2540505434914, 449.9039831745108, 329.64632874093815, 518.4177078032786, 323.7106929454957, 442.78911304246395, 823.0166199176174, 607.5159982935268, 1277.9489177329065, 299.4497187212965, 435.8024176512024, 133.38204563367356, 386.9468502123505, 109.07269343112729, 357.4843011107221, 2262.757915655349, 899.5451250546778, 1113.2650174472753, 1230.5732085835436, 468.7561592390775, 479.54439538206583, 40.15876230434522, 277.9931615499965, 302.87170660487226, 676.1943884124704, 239.51773124627562, 303.1605802238145, 1217.9975136943992, 816.4492858475496, 432.4926634388226, 1.368116701280707, 166.83194134566875, 47.574614137245774, 1527.4048370498501, 189.63957270431453, 179.87569646363528, 971.430743360897, 739.0321201833249, 789.5027890087857, 242.26717333909147, 250.657891342653, 421.4269745710787, 32.57243100579497, 345.1723082016636, 1514.7667842790875, 686.6901655620661, -24.730432186504192, 635.2118849267092, -135.34705253249163, 409.2949360082627, -22.141244406405598, 235.4687211878673, 564.2277536747529, 21.434407044378773, 558.1493697341426, 468.58178881131556, 524.6551132907318, 724.7429757403977, 624.1670893623645, 241.36070916567974, 312.19534439907386, -20.903090715328453, 258.4977543653397, 675.9635159281496, 100.29578403470182, -20.903384825582336, 823.5063798058355, 366.38207319167526, 559.4393596019667, 644.0039885781022, 412.36256672483756, 1205.5727532361443, -1.3476115446645853, 962.9729201701132, 432.9957816750507, 700.5936162026088, 2023.4322521399556, 460.39669032125005, 90.94733635284972, 331.01196631859835, 763.0728474776123, 8.346874861407139, 576.246364922016, 805.8858243169482, 1633.014234265593, 729.4112056159005, 887.5597897284973, 623.2170828073484, 610.4129275523032, 498.59521278182075, 593.0170998292185, 439.2879173669129, 451.1725488153435, 2.562838333176846, 416.8068168174602, 561.3228643034739, 740.5197040063673, 169.26218120709288], "test_sigma_between_0_01": [2393.512141441921, 1803.5285566986072, 2427.7013427506336, 2532.7887191629716, 2111.2437895898815, 1978.6329448189313, 2272.2680779184284, 2307.8800536713884, 1791.4970861443896, 2279.652478573425, 2188.9305628621146, 1698.5133240778182, 2324.0895652410113, 2256.9739500162914, 2253.333110943133, 1897.1843256333661, 2112.012993586088, 2234.2049733892927, 2236.3692920737017, 2404.296797946088, 2324.406521530489, 2145.3047742548065, 2244.5789879469935, 2311.7989079674844, 2513.830248315636, 2178.596568436309, 2135.770593813588, 2039.6230254639459, 2173.2756667291374, 2110.7997488770957, 2349.242376711896, 2216.1428216452873, 2012.5079758323463, 2412.6835664719256, 2195.7584043091124, 2170.8111382397483, 2086.3485766204644, 2130.9026935804254, 2192.462334264377, 2188.6781822301527, 2125.347790762366, 2072.4726001745044, 2315.906431059682, 2365.381843816083, 1981.3241019753027, 2280.420315804784, 2182.6451760454343, 2221.421703344596, 2400.03298742321, 2319.9437230863277, 2155.4996761417456, 2159.566477252774, 2002.7702751929335, 2165.850087042488, 2323.335023210681, 2217.3016073945396, 2282.6054776083943, 915.1253833413456, 2173.6652797938495, 2287.7455075170246, 2177.751440816049, 2041.0309061124724, 2245.3264630720096, 2457.2650203667285, 2186.967409012281, 2350.4305249090394, 2147.870143028103, 2105.476739649105, 2264.3799826289455, 2203.416528442591, 2523.5698205756808, 1831.6175857543735, 1964.1837429846735, 2350.725116264921, 2131.635047259641, 2037.4271673885962, 2436.7978243067873, 2273.9333372250085, 2116.7373858307074, 2166.0538428050554, 2506.602539459742, 2479.3977593123354, 2120.0950209091916, 2348.8814195195487, 2138.922314133579, 2279.83871156054, 1875.4088100119714, 1853.1699246259416, 2257.8998314489336, 2126.147745992999, 2066.1335113059167, 2117.384139358542, 2018.2884428277218, 2426.9338225574097, 2492.7694789119723, 2049.5929114557953, 2316.4931600757495, 2280.5521260855, 2392.065795986947, 2243.574077517756]}}}