{"ant_convnet_sigma_05_seed_3": {"results": {"test_sigma_between_0_03": [923.2359700055296, 863.698767036219, 958.2029254506376, 1192.9639173653447, 1178.7076952044738, 1324.5086201685276, 1295.1225804656626, 1404.3076711205015, 971.909997175864, 1319.4318332110138, 905.0673632070007, 1342.6449788855464, 1241.5058531569, 1098.5102982132487, 940.3463399219355, 1116.0432377255493, 1357.0475475443766, 1293.6836268906027, 1517.0162758919214, 1345.8722989742298, 1321.8361091066224, 1361.773203296009, 1017.0514074545, 1047.4505332466908, 1262.5613196800716, 1190.2634412749062, 1243.134444039958, 1220.0279082018972, 1089.9241585957825, 938.2265385382319, 1195.8651338022557, 1193.8075106530657, 1063.4159568870584, 1418.6507744235066, 1223.9494299742216, 1284.8996284781576, 953.6048503608432, 1508.4855579778311, 1148.6562177555734, 1316.2054325786032, 1207.4511927465733, 1342.0592101637023, 1381.2436825870363, 997.4565341212408, 895.7159782811509, 1353.5546857442237, 1215.5899686241344, 1357.5999018424461, 1096.1858497548608, 1245.8578724180416, 1168.2958918037893, 1141.0192739441702, 1374.9526278610751, 1340.730529766435, 1023.7619271104674, 1372.572621230699, 1012.2686641526896, 1354.6607089489644, 1299.9368294101089, 942.9631369990817, 1046.1482876247626, 1353.889837144608, 1327.403254673813, 1201.4776250533432, 1272.2639671414886, 958.8680506169103, 1052.6272952205218, 896.6354600914186, 1095.0118540616359, 1298.5919504062138, 989.7862251394614, 1249.551412438537, 1169.0562335596017, 1218.4486473526615, 1349.814873515892, 1386.6246800841584, 1192.9252272589706, 956.0197817594977, 979.687997499336, 1416.970798697527, 1292.9737231598906, 916.2026802167077, 1014.2886820880732, 1146.4156654861022, 1309.9685542927516, 1253.205504307083, 1099.9601622447806, 1007.3913967443062, 1199.849601190257, 959.3744040555473, 1197.4745481493687, 1227.8897942275041, 1008.463665135353, 936.850173817206, 1075.1231750629277, 1102.8457238548713, 1340.2363726857093, 1101.476939904268, 1318.3507874181053, 1232.1733357431685], "test_sigma_between_0_07": [850.1558464199207, 857.3200060397094, -198.3034724049848, 225.10438864760786, 474.1105301357817, 716.2092090556257, -249.5255201491949, 1108.417964689356, -1704.3419586318887, 855.6853104263606, 817.4402529955755, 847.9078730150981, 679.738787460214, 835.9487907400314, -148.99593760942798, 890.7177167880567, -108.94313320747742, 506.72973456541956, -46.890513502180674, 802.2466291494892, -222.1766369964242, -983.2293760345833, 779.1599203270204, 79.45377740562837, 890.157457394035, 447.2846594699747, 618.4458799039193, 71.72974373280744, 812.4032116403671, -65.50634064851329, 346.0495697334614, 1330.9938425746352, 932.7450562789957, 1017.3300022916258, 284.1553235870282, 876.7448810231682, 880.9674672218976, 467.3628191490124, -182.717084507724, 733.9554972878075, 384.0272492106058, 50.82140291198013, 775.8098606758051, 756.2660862050933, 499.5487106023946, 636.3863525522428, 33.10506631129541, -134.9289285905478, 879.6415287820126, 625.785550101975, 1286.0203023738065, 801.8733559248869, 997.2028422025616, 1443.6656718066008, 695.2342064576962, 596.1564794383445, 675.0038611776429, -17.196613051065572, 416.70865725424324, 798.826939715758, 885.0769782279945, 139.6272694584433, 1179.5610727220744, 696.7441551194398, -122.9393452860838, 631.6112401272236, 630.1988920381356, 748.240080818703, 144.81880525084003, 47.22063357411678, 879.5231016864477, 710.6601135030852, 860.8504517460843, 727.1289478428631, 296.02026853398553, 254.49435561707642, 950.3753683120677, -97.28372286932023, 402.7821318568341, 719.9035898226443, 846.267506434933, 16.662747608612726, 940.2104982854718, 624.8322991912535, -12.62182904669023, -103.92876231437695, 1118.481406280745, -12.148801122176526, 421.9688341910079, 455.236986214568, 833.8834742111924, 872.538218402393, 821.7090383926042, -93.03571021102542, -27.58585944142113, 694.161120728065, -417.16769862508727, 1049.1041944615, 742.1306940955726, 676.0972453938138], "test_sigma_between_0_05": [769.6593278793327, 965.3189385659472, 932.452222098959, 931.5219451036957, 656.1432854753406, 739.9144879485466, 736.4155729458289, 866.3187543532711, 1101.6025926961206, 966.3776586351621, 1120.5204003940983, 786.5855393850464, 754.8281037904388, 1195.1775478091947, 650.9424272173679, 991.9909863643222, 532.8378266208493, 1455.3106328076476, 1153.9312535391607, 958.8975619447488, 1201.611334615253, 1078.0055084587786, 983.5238291095646, 612.4159256191973, 895.0959909533422, 917.1707903203807, 718.7996731837359, 919.8477316442379, 877.3446016325862, 1132.9522161661394, 1413.216724647312, 733.0878430580563, 354.4338261782192, 641.435799985964, 851.4529556410932, 1388.422301676738, 1187.2902805908827, 729.3566697662403, 950.1573786445554, 876.7047423399172, 959.1897366362894, 861.3689860039649, 464.2344834402656, 728.768198112319, 785.5155038468167, 839.5235668083362, 1211.0610794027016, 979.6896495470296, 1278.655349866288, 987.5487741476372, 495.3559337547576, 800.8985750929401, 1003.707064912697, 956.1451128953056, 1198.1341353919784, 598.0045159170319, 878.1237486395589, 841.1310180510651, 905.9007809911762, 979.4918250499214, 876.199352163389, 699.5106275435434, 1105.5127841236535, 509.35691247506634, 978.8155911213091, 713.0354988154921, 829.1079214906948, 317.065861980617, 1005.9805477985755, 352.45231443692046, 786.8832926297066, 937.961408860702, 953.9179046348061, 1092.2746333913826, 1074.355243169573, 1047.166039198605, 753.8864219097677, 934.2977733096898, 1004.9006226353782, 874.494345691571, 746.8480308454662, 1005.2054705792872, 753.6632387974754, 1007.2051639986531, 879.0841661277577, 752.0567148605481, 1185.3643787535632, 1234.3923163679362, 897.5159165257292, 1164.15025534148, 900.5721158522449, 921.4996535341312, 732.3000992208935, 776.4718530559884, 983.5720961068242, 82.23461295479356, 1199.0247561816552, 823.541920188953, 1101.8144903665482, 807.8385669113372], "test_sigma_between_0_01": [1338.1379472072113, 1305.4712855343405, 1372.6525391982493, 1316.77461312207, 1367.4394160813565, 1321.267261489398, 1379.387396728622, 1372.0567757600115, 1089.076100919104, 1384.9910301812572, 1288.5024041475956, 1255.2805327471112, 1268.8669933222122, 1379.0680896317353, 1378.1493397282945, 1241.1397039756314, 1348.6043695181547, 1364.1779724718199, 1346.0622922486161, 1348.7381387818207, 1396.5841045304564, 1287.2594039163268, 1293.5555683340897, 1346.8539846302992, 1400.738861982078, 1352.2434636856935, 1345.9716891456296, 1322.6533463664966, 1379.6846950390943, 1355.064375546048, 1326.638434361504, 1389.2779714967858, 1070.889993606752, 1233.4147216240735, 1241.689914137496, 1343.0795415185344, 1334.3547798573547, 1351.1854150820484, 1319.5182990196918, 1389.940376435327, 1288.5177725874364, 1367.6028442199422, 1372.7562533186033, 1369.7524363152575, 1328.9773901229057, 1410.1318313636089, 1293.4084581608909, 1141.0302577890961, 1314.3234131184774, 1358.8912304564628, 1406.1395295095833, 1309.9785650402214, 1343.5070171639604, 1348.4803653122028, 1403.9463392393207, 1359.2373328750825, 1421.359509434526, 1252.4745387825, 1370.139867518425, 1345.0669562181067, 1323.4667047966577, 1348.9646073938638, 1374.5566439624536, 1387.3017877457262, 1384.9558146378774, 988.8616687587936, 1379.8180526688452, 1060.7882284915252, 1130.3226397311769, 1370.1052476292766, 1340.0791671661948, 1292.5050930109924, 1283.583173877569, 1399.9561853879688, 1363.8003134771757, 1293.0456679239242, 1397.7996833814138, 1358.412083344518, 1234.0370694207736, 1357.929626621461, 1379.2939151902, 1383.3053565209725, 1279.7580498802524, 1327.6382299051083, 1341.7032475505769, 1126.7446622982193, 1320.052448640466, 1348.0306963428584, 1338.6929658202534, 1357.162597153141, 1121.5397606796332, 1365.4273180498888, 1376.0698230549524, 1316.3639479260328, 1307.79628372656, 1316.0174314962208, 1402.2828516836341, 1335.7462884001857, 1385.2387998561844, 1323.9453705329545]}}}