{"ant_convnet_sigma_01_seed_0": {"results": {"test_sigma_between_0_03": [83.44684819496403, 97.00919238043453, 100.87949201929165, 14.619706670910785, 0.9417293864957166, 98.94871059977591, 15.598750579341134, 13.20762446446605, 175.20874868493954, 94.96197671666759, 103.4832067325097, 91.84746544268769, 88.74659921579799, 97.64924713221137, 108.15554359053746, 99.83025666738396, 95.06569138473164, 89.53599293191138, 81.46675690324015, 79.3906102627964, 9.587881508337109, 95.55321209806019, 79.51909635666505, 87.50480379650473, 97.3789762756206, 103.15032592291956, 35.01946321858311, 131.86737471579423, 94.5155816329342, 98.92085137668933, 94.30998268663417, 92.43901685392512, 84.84819440494572, 32.06679483665072, 145.27320575073202, 121.32682187744649, 81.0346668172929, 85.96013170034352, 23.476084236492287, 88.15291910576703, 103.71311124539919, 91.28340126506858, 6.598052422382155, 105.71976415513616, 105.74941589592903, 86.12437702602978, 96.97824901504212, 83.60987359002401, 99.78783614007843, 9.854180172817708, 69.41360847875795, 107.17910395755281, 9.841110752364319, 94.80879899747998, 103.94316827962304, 180.5523309188103, 93.95504740905174, 38.3192037541176, 16.09463046568566, 12.074382884423521, 94.10365052055018, 93.70323426821156, 76.86337356188454, 90.1336495792586, 95.96589796428037, 113.47408968094321, 103.37739363338174, 72.87625799668336, 89.84479782712208, 87.76127293209933, 90.50932056601222, 176.48848019965203, 96.66381229627169, 54.715877376573104, 31.359108146537864, 96.41008024146015, 97.10656136454946, 12.767893249529864, 9.096030399730068, 98.36480950931563, 118.94970830288376, 4.872256934594768, 16.283275699861395, 19.965483475432926, 4.420159574896375, 97.02547460794314, 94.72893619993583, 101.43650541085817, 15.227061903120171, 89.969098374589, 180.5372444587252, 11.113182331561976, 25.1297175755115, 98.0110912032325, 94.96693316349607, 107.10266032752779, 97.58883677289592, 13.337973720546838, 87.38145080080217, 125.214597140745], "test_sigma_between_0_07": [87.84446546169123, 199.38448472944302, 98.67945350493227, 101.21594118065396, 164.87029498911963, 104.61345089170916, 159.8094775637361, 79.36635485436821, 92.60044224967753, 127.48512784026354, 194.329234642255, 270.8148784583078, 99.47276344171262, 105.28428118934801, -10.314918635590594, 105.25821210195257, 113.17934639275985, 183.2951391666991, -3.021128402698383, 123.16975622464648, 17.914627588432694, 108.46269268304411, 185.17315385817597, 100.46361212244372, 157.893914454973, 152.1401495560675, 52.325039890079665, 10.18878322096131, 16.94723362011718, 15.5166050193977, 90.25035740038913, 83.1465294907243, 99.79510019513822, 18.81440932395048, 188.66274714483654, 189.94162593376285, 117.32569753937757, 123.43137694549526, 199.4023943510335, 95.55993703255537, 3.4792075149234734, 207.41908047921297, 95.6802584324223, 120.63924213173317, 186.4534822779279, 175.46435514278903, -0.74495019984461, 94.00423028029658, 93.95908090818102, 104.62036001853248, 102.90122130755181, 174.9210261109517, 188.2872363558817, 92.33086751410056, 114.50832009023922, 101.93113165847552, 110.97056539753044, 2.1303265134687517, 89.03916032943292, -8.021858091675675, 106.6798246071103, 15.219573099444085, 18.230450528074304, 103.68865211202464, 125.74871192701929, 104.65782253542812, 411.78987238909355, 198.92481739570664, 102.98065739714357, 87.9489430437394, 92.2066656123269, 103.99542558217242, 84.25363624462, 112.90541432898245, 101.83881891251507, 98.32511109978819, 96.80857132888073, 106.74483304916038, -0.9793103411488164, 83.34110823638719, 99.70406971314162, 93.18859106007326, 211.63483703848874, 26.28421023348803, -0.3219102255141548, 87.93368407055168, 95.35228029656308, -0.7805322672298673, 7.65288293273624, 108.71891734284678, 289.7897998980982, 98.25783115476958, 92.81673524536063, 10.185701560287256, 105.41631495537011, 68.00142799597386, 107.35643323215089, 88.84797255612145, 80.99346133490616, 114.35909052925152], "test_sigma_between_0_05": [90.27951531102788, 91.20097246324619, 106.26817090137315, 4.055558373504009, 92.84792429077844, 101.88639931482022, -4.725905436558243, 131.4598495337442, -6.441431541260684, 102.45872170015652, 184.49581633677965, 9.086729046341476, 98.4790258594324, 14.155289401680056, 6.333221411195689, 13.322868374582306, 81.45095430931352, 81.97669083859907, 95.07774409985302, 80.82867760649216, 43.24621287763736, 91.54570897651328, 87.63527456699441, 111.03829229500789, 182.6314488433642, 135.2687336235392, -2.060489414438784, 98.1514152360891, 98.47503938884047, 184.33320693764344, 36.20913742219421, 5.472185018502929, 184.69130024878052, 121.5601180877923, 88.72570836527645, 98.1219130005936, 10.07386706268878, 103.50865259091141, 113.42342134438718, 90.51916315244354, 91.41550075057626, 170.03762392588314, 31.744410156042704, 192.5228720940829, 96.44697397009455, 83.42092986639251, 121.97007728966423, 130.90971297301738, 1.4554330225582774, 87.94332860602084, 7.265100819680077, -3.8799573850177698, 11.721348440328429, 82.4851244920174, 79.97457497150286, 4.298689493924029, 196.5716639573816, 162.3001596151614, 122.78086630181491, 189.39138023372442, 107.4277666098697, 100.10479590428758, 95.39411460237797, 97.7963193023811, 187.36671182744968, 196.36658351266843, 93.11640802889774, 11.535720987882804, 107.73921688112274, -0.0024359842689583022, 186.9649569095176, 135.121335896861, 179.0589007458802, 86.42233980285162, 72.01454583194156, 89.31514533622162, 123.49344346715812, 153.49399724270862, 99.5163231534899, 72.70461036748763, 113.54233798694848, 1.5093408314991263, 84.4296503517026, 13.081152866099675, 97.58784382462343, 186.98188807882798, 136.9252635567867, 49.81123714270852, 192.6014677083576, 99.98483690044397, 111.62214236621742, 15.729271462604812, 199.67865497352042, 99.81501828937178, 82.26471797433298, 18.210226243746053, 71.90736410678969, 166.52880067732517, 90.75363236833986, 97.43864520062213], "test_sigma_between_0_01": [81.55065349879538, 96.99200130135304, 32.21922377126933, 98.24619004408463, 81.3149172596571, 91.44134532318172, 30.63961655633058, 37.8044259378076, 89.67792363088131, 81.28585834774084, 34.42522954108022, 101.30646454577506, 95.03351400460689, 100.201436761125, 86.6415362931011, 98.660551511038, 94.67875989424242, 158.3198668296618, 87.06340449850028, 91.4766072811113, 53.36638445856584, 92.87267874836274, 91.65817180320644, 92.54275797113556, 89.94640070527885, 93.87977077751749, 94.17291062437909, 93.61373059489165, 95.38982055417178, 95.82396122280653, 169.30986069083244, 30.357080975869295, 92.19608423769442, 88.14056421649957, 42.5579555666341, 96.04612091099581, 33.807947075488094, 39.61918638660465, 44.09469140644128, 36.415688341191384, 34.8172304118882, 97.13286845242132, 89.77731476329998, 105.9158083831874, 47.6782322831501, 92.81644644678774, 56.04001052139275, 95.2833813508959, 95.15201504261529, 10.101189052984399, 17.929618555431144, 168.61608686964556, 93.20575072557017, 24.540712714671272, 21.04563090702294, 87.60069260525432, 92.67683569541443, 13.027734142592852, 90.53213113551823, 98.8487994775905, 84.40393219970063, 99.62194496580774, 60.38954165917314, 22.040347461983153, 89.09469764778835, 48.324059261021354, 77.97987407857133, 13.222004516543509, 92.95003948948184, 105.8727505254309, 39.3683343527155, 88.17866567570812, 92.32636001217664, 88.281906563699, 85.71606034427755, 85.07009529521542, 70.15763920318732, 91.01378991000877, 89.55564439266925, 87.52211505914369, 53.830317410205986, 100.76428344919556, 41.32790302473157, 162.40996290699204, 88.58304196945024, 96.80272706726282, 32.52967206181813, 38.122097076647385, 91.49284001745308, 96.91199811880531, 84.49496361110016, 99.01468955619069, 91.70306756221588, 92.48243207753887, 97.00988427309963, 127.67832822203891, 49.26546628707352, 89.39187902760223, 36.49566837484636, 100.97774478386275]}}}