{"ant_convnet_sigma_05_seed_0": {"results": {"test_sigma_between_0_03": [2.0774396685286765, 100.0666560468468, 93.98621304704461, -4.23924170883693, 3.4341609499402677, 11.824818649758514, 1.3331531906209402, 10.267124888024403, 82.10318534731591, 95.73160048930319, 97.42182710750659, 103.68207149427165, 0.21774671046004923, 10.367829708120547, 5.876564287974897, 99.55219023489775, -0.5824318981642151, 7.918440440570679, 9.488827961984466, -0.5983984981197873, 0.913822917807551, 102.98297452897373, 9.657422415386822, 93.04294684187374, 2.5788351915776677, 91.97644217324171, 19.692528859945078, 97.08717913150775, 9.110522933627347, 105.24770774120816, 9.889517355717535, 4.421088443076583, 88.59393596696816, 7.860186051062186, 97.0652785456712, 5.437379659281573, 99.90466704069115, 2.0769611653071482, 0.9222221446296293, -3.142566959428951, 101.1888390311956, 4.280462670336414, 2.977551108933399, 96.90621300033257, 87.27161380354885, 103.65351095181087, 95.84155738033321, 7.380400421145874, 100.37018192508111, 4.631888833688567, 16.564472922025033, 96.59843782887638, 6.754869730163765, 12.663941800354207, 9.503685064773887, 98.36031895651989, 92.32459620605994, 12.067023365393084, -0.03682000086119119, 6.3981475033608115, 99.59945875027339, 106.2358623343968, -1.0732048303980304, 98.84820751117812, 3.3553232552425434, -0.9079288160661259, 98.4821425920921, 7.528536910454564, 108.1976474912411, 4.538966821889328, 92.16119203588507, 92.09684012641709, 1.8066327831664197, 11.90262148417386, 0.9563323467809821, 99.2656698903026, 95.09979768365035, 0.7902775324095244, -4.028498978381688, 98.54594298170713, 160.37788716759337, -2.9000418705007194, 0.95163349506474, -1.5110857553925638, 0.24806972544028838, 98.07967822488291, 10.081394241398066, 102.46945881697755, 2.9701229493817647, 93.99768159089322, 93.65878419579563, -0.6018027837053568, 4.301085830647205, 5.243318672415621, 95.31684128236549, 99.28712219306625, 106.31870337982808, 0.6396366783897929, -4.76964409932698, 108.56400284621145], "test_sigma_between_0_07": [9.976365361176418, 201.08450165717224, 93.82231076338105, 7.176414086783187, 84.14560498271544, 192.73419267848416, 169.12151944461039, -0.8163552859652581, 93.09250390738495, 108.80279805092974, 193.52695824526504, 196.06925075895154, 89.73746188600114, 195.5674803370439, -14.20695066343324, 96.70296881895939, 108.55138542901797, 5.9549906828164225, -7.784368686488601, 0.33228348954871745, -0.9548657326435228, -2.40472668717121, 199.2164532276585, 14.476296921774322, 6.303857408511971, 194.69959420203998, 104.83263852253096, -3.431000646595204, 1.3659118950527, -5.701793104108948, 80.97466079008987, 5.294282548152827, 2.099491395070798, -9.153501780885565, -7.038604812815905, 81.65494329899187, 105.25591393530465, 69.87652379086698, 84.30323504451555, 107.82881091345972, 3.425880703804429, 19.05314412116568, 99.72287802666112, 88.25032496453707, -3.5085692431675866, 77.2570743778137, -8.759198959247446, 84.43226247419872, 161.64399795674493, 86.67504749442234, 101.83349043244081, 189.12513306536047, 88.66096313733352, 9.512911817435798, 89.93116761680051, -2.537191285577136, 188.13384029519, 89.89155142975979, -0.6624677539381107, -14.07571501656494, 84.58671496075925, 7.637636749964425, 3.4090986803683303, 91.74055761764515, 90.41390022812173, 293.5529760953806, 303.14934878363704, 8.848819399866624, 94.98364204191778, 96.20766107381084, 191.89758583415573, 110.4559393803925, 102.7956540322192, 8.734192085126416, 86.03939953303853, 106.26045475054944, 91.7322174585611, 91.23390333177866, -0.9299249595293104, 13.742235605270212, -12.126257386893851, -3.89258474740491, 97.26657281870006, -3.6540172321620066, -9.955211109144148, -4.304325365339175, 78.14377977101957, -3.3468052554424474, -13.219054617700746, 2.9534831610086236, 2.403578530676895, 0.8514948942916798, 103.5928891920235, -9.651575177079943, 90.2365890091458, 167.9725301284486, 98.45497488254944, 196.6554911873117, 1.2113128737881185, 100.19881829622844], "test_sigma_between_0_05": [2.171908412459014, 93.1120470248676, 99.8470888024227, -2.21699537980749, 94.45198673943558, 197.83006589158927, -7.407721975220193, 104.48369733392441, -5.982543141924543, 153.23347219598813, 97.66552370243178, 1.0718072470524915, 196.81378261184318, 7.737687965265641, 4.788087288821405, 11.005070201412304, 18.204494486800122, 5.909516511700334, -1.0361762131084116, 15.87950045051839, 0.16352849005342995, -5.30037175237085, 96.47190613845625, 96.16222807081375, 109.78374178499728, 105.02941467022588, -2.6744924648621256, 105.38669621567504, 183.0069852395255, 92.10754527959261, 20.20370831527549, 4.823192166544319, 3.075015301926759, 98.22335781325678, -3.5620450285030554, 6.028757885974474, -7.876713841431777, 157.89808898058345, 15.50362312183133, 104.5683732528208, 93.23932735330204, 4.034073810765401, -3.987620974588207, 1.6729241768087366, 1.6976316134459892, 91.31746635679346, 100.38314132913524, 4.993849242459678, -3.018077275772522, 95.86188096211573, -1.3342689526383793, 13.9370588615624, 0.5639506244013268, 83.3166268151161, 6.76761634369613, -9.251399342299559, -1.9076373313277153, 95.60535251339928, 195.81832949440022, 96.6477009479919, 178.45377633418957, 124.3669505461767, 78.9250948674989, -4.348130700508772, 92.3257665960634, 194.82975190996842, 1.572648739915165, -1.70991455899639, 58.35908209479885, 86.18901488653579, 84.58294309498253, -9.897675893752602, 152.93417094854195, 0.3458781974157248, 1.456492635689207, 9.426505832896481, 87.70333423253246, 94.57995781102413, 2.804815055627841, 148.43118239840013, 3.7668381207025927, 7.332483869194398, 102.13125335722725, -2.0277614329708786, 95.60551463847102, 100.9577837873542, 8.606519990095666, -2.7049067339510655, -0.059574878578133816, 162.50712356957916, -1.7999961096968038, 3.372654250827325, 1.5920774754107692, 181.8832848625485, 0.6389548270381051, -5.856159628613389, -2.5102178658329666, 88.08306054619237, 99.37789964456323, 91.88467113500859], "test_sigma_between_0_01": [12.203636822520608, 11.077471926248096, 7.012336296790444, 101.72307892555389, 9.998336023568088, 6.784215875966762, 6.819472794474855, 14.38810726715017, 11.395262640244601, 12.628549194369379, 16.738060796285577, 13.01350046620935, 100.3735470295287, 7.014686344435902, 17.506491689977732, 5.631098341062895, 98.86365511201299, 100.94774437464362, 90.60341664487261, 5.4462772440310765, 7.927153599302972, 2.790746491042952, 100.32644375757515, 7.874207433917022, 17.143053123346192, 20.936034618613554, 100.9898238348614, 17.76648265491534, 101.72598001204159, 9.76724340334476, 102.19405257645832, 5.538781835626283, 98.2604342953143, 13.147600810452397, 10.064313514747454, 9.306290439398413, 8.547673509160811, 7.932376568704772, 22.88914502168784, 6.62451204275421, 16.20628848624765, 6.151017352810591, 8.845258503103093, 103.22510150351138, 11.20696143345847, 8.307695000426602, 9.426509733419513, 5.711819553359232, 2.2366951651172684, 7.843561451745332, 14.584413176556678, 98.05091940616559, 11.925920505270177, 5.558144824621557, 5.047418940228814, 17.38375863936529, 7.982788348862957, 2.317072532347808, 18.102617431855503, 4.659135856904319, 9.444699359608036, 4.651654945311016, 6.8970721048812225, 6.259443350564103, 8.942270886346513, 5.376444241084389, 11.659879067489214, 4.1413709061875075, 7.991013440674564, 99.22666340770813, 29.958955649796046, -0.0519063847532395, 13.90924558773254, 17.855060961781472, 21.03951441407269, 105.18132602037485, 7.836930257073252, 51.0611060986315, 45.775911772001315, 9.82851906346913, 7.148288400788438, 98.67118457908371, 105.00567875975663, 103.16761217227305, 10.503007022295764, 106.04384991915255, 8.156912934962016, 11.229227032359601, 23.70374339164276, 55.35173238939806, 105.35392045808811, 98.57703296296683, 103.2036922295635, 99.51235329818739, 101.36866006668706, 94.34704585512115, 4.816341719811314, 17.913552541965366, 7.805108937295152, 100.73707479310681]}}}