{"ant_attention_no_encoding_sigma_01_seed_0": {"results": {"test_sigma_between_0_03": [681.6034134993184, 312.995744974224, 2232.1139022667167, 1613.4142672434928, 909.4357502943915, 1985.6221185189027, 1742.2458110858238, 1043.165390778582, 643.3251533459452, 1378.417924953498, 633.4955110152389, 765.1605832846418, 781.8953024756836, 241.0011776490412, 629.9466533451038, 1609.1671388155517, 1055.9434941426678, 893.608115077992, 1674.874530761221, 958.3309789025668, 627.5525824306497, 1721.2882057928266, 1327.2837407192912, 1385.7226890197894, 1120.5911189153492, 690.3986141224117, 1010.2167290239096, 1079.6373345591192, 501.2904189711842, 698.1473477270276, 853.127402810055, 1373.8113096590594, 1082.9779076704633, 1340.0918250137881, 669.4821990083447, 2132.0112432822802, 441.98216747995264, 371.3008689612892, 407.8579407035788, 1109.0007663531753, 863.9850052515853, 1430.422207536522, 1258.9785438623278, 175.74401612368717, 395.3947878379609, 1119.005404677551, 1914.7102811107725, 682.1452526353813, 2051.0765460138923, 265.0346322913431, 825.0843328417538, 440.82222991613514, 1317.5080791383484, 732.7885580921691, 755.2933376767032, 923.6304716582848, 1469.1228479221004, 1203.8347087339043, 1765.0113504121841, 1463.4317857679796, 472.34037804676365, 742.3999135653924, 871.8887374040174, 865.2831186273368, 792.2381216856487, 419.5761725428295, 720.2399897920557, 917.0618058545045, 704.4133881839549, 1179.6881202422967, 684.6429157348855, 596.3977112108482, 1572.2526764623447, 581.7870109287692, 1425.3239815497661, 795.0574526800017, 949.9275031306238, 584.6862876282751, 299.1098199702279, 2668.6120423767707, 857.750109219482, 910.7904217832232, 517.6337281453806, 383.81622598380716, 1063.6695715229816, 1854.6089721136873, 683.9817075286481, 398.27659442031336, 501.05655638211834, 625.0603016378358, 1406.0708761665262, 440.70799677312544, 1609.4595274535914, -7.99722486677002, 457.62421240812796, 383.9647617284407, 228.85402492760443, 1070.601865967398, 446.23111622279845, 820.6663209322586], "test_sigma_between_0_07": [546.8893239595462, 586.5752226778234, -1058.8765539713188, 395.4936198288673, -175.69079823725772, 406.3985051662922, -757.0664487215317, 479.28187171544863, -2382.1625712575596, 108.23291608657577, 617.8829502615904, 578.6043878385909, 595.0201026877872, 358.0851776969928, -822.7019185855578, 98.98928217884432, -59.41740630170199, 339.03581298721, -190.12299929534606, 657.5256127368602, -236.9480292887824, -1495.405344005886, 544.8930012441301, 160.33220016585574, 493.25433469068355, -213.46840768249058, 181.57453977344545, 494.8336017409646, -34.21405499560199, -670.0644213393356, 399.54243453182045, 388.58587809354805, 566.3293119751995, 242.33127505292725, -33.457150219277175, 361.2311838672409, 547.4025799543805, 318.3576583655129, -533.6261917360208, 82.14341781174824, -6.131024645341325, 76.06964035509532, 253.0696962172942, 309.3971651017318, -35.19187276397141, 475.44908889431974, -59.31612108287078, -2188.7014277223366, 477.39026582416074, -364.0533650968237, 1113.578395132477, 193.82002961126167, 665.6887009536157, 1233.2450957506676, 461.3662562342151, 116.96444282497947, 592.0828443416444, -40.41281338162516, -128.15958895957976, 392.0142449799974, 246.93046273865542, -188.61884728073096, 459.96286769880373, -200.2896856643307, -616.2050464817394, 224.8880752805578, 480.79079476313916, 566.9409694412228, -2.325764861177059, -13.628266852783394, 401.151633147945, 427.3392470748065, 793.8584233741951, 126.1457151863756, 34.215061875714305, 149.44295634485107, 700.685923692977, -2553.954311173069, 33.10484642367468, 348.1854219032292, 686.6433222953594, 155.2383504625382, 393.2942190409637, 626.169710111663, -404.1228681948548, -491.6938848857478, 511.22074533253544, -196.12088013073412, 259.4427380868, 138.0448428409302, -27.04067243178317, 220.8787596998636, 736.1809550010452, -1496.1951460855776, -1067.088460247436, 604.1018869676752, -1545.6436786641168, 801.2912622230267, -12.469936999188809, 116.49171410627048], "test_sigma_between_0_05": [222.97384340718722, 153.98693574417862, 528.695364495605, 340.9626635726527, 473.1412769641128, 581.9261941434139, 481.2989650358257, 679.5221295520392, 476.64536248358445, 512.3838431311245, 926.0909223494597, 232.74868993066565, 508.1618075553414, 229.55421445789713, 226.7349926778768, 665.5668685478522, 1.2473470368624024, 2362.4137534017686, 546.4826482511272, 633.4238472602038, 873.1971613995015, 211.57130448996793, 672.9655014772095, 16.91971619447805, -205.59840932747395, 779.3599720735574, 1069.673218847007, 572.1237122006587, 101.10447071578088, 1008.1876845013513, 568.934440593622, 303.490224431934, 143.2686157004483, 334.7719001862774, 223.2052217022236, 1297.3498956014105, 714.3978153077713, 64.50605591137973, 624.0817105825118, 906.9866643790917, 473.44256071700454, 226.074217715388, 303.6042052856204, 118.93114732491321, 377.2647652469725, 837.362218279273, 1674.5248598417463, 664.4301554466324, 249.46004761502456, 600.1703309843898, 201.25166859062625, 181.33618376445145, 529.146043957658, 429.3597839585456, 104.19014006624636, 478.82113043203594, 643.9669241084698, 257.8342012655742, 533.7723498254605, 767.4923851382993, 569.4125938170585, 545.1688039830588, 1329.2439097071315, 379.22953535439706, 42.33374010043972, 248.4250320608248, 474.680536363621, -56.552353246564344, 361.198472602452, 379.120790729353, 462.4695954336331, 545.0170927013309, 93.79720955673243, 311.6955442635736, 627.7253616556008, 549.5736760755192, 12.995015284860777, 808.1686811790596, 716.5662491844837, 471.7101311568695, 209.9530131956566, 309.7181251094346, 586.7036813178515, 930.6145778247179, 322.784098007668, 325.0375388920649, 598.0195235670672, 623.9049286034666, 640.4962688589225, 687.9032308341435, 541.4052859486582, 424.77273214039684, 518.2938133067127, 93.88735672184436, 380.4947182089042, 217.58888549479653, 1033.886775197374, 565.8698134966509, 766.2624475045662, 144.6244340368296], "test_sigma_between_0_01": [406.26267415007567, 1937.7988954026148, 2126.2483137603294, 2380.6253887896287, 2067.529178078366, 1986.7696466464758, 1810.4888176961074, 2292.054523190529, 2060.4849689921257, 2430.5936171827957, 2384.0170380536224, 2587.438187885764, 2287.107526953628, 2099.4962903174287, 2439.458667534059, 905.8814739489161, 2341.372494307293, 2508.982314942884, 2018.8986811050706, 2404.089365786319, 2600.030289584885, 2417.194072569233, 2441.4673686950546, 2538.174903461027, 2622.6241541190993, 2436.83916389397, 2512.720962529484, 1353.5215706126312, 2400.061777519027, 2315.158946014653, 2464.6087147754292, 2484.874456312391, 1432.9521853888152, 2407.8267064716697, 2575.584422258867, 2032.148821174162, 1512.2950660597044, 2012.4627362550389, 1932.412858795507, 1862.3273184128002, 2325.60014014537, 2542.4399263808277, 2438.9378887000685, 1853.1376436655585, 2372.66797721246, 2571.5798127342455, 2261.470645511951, 1740.809139221779, 2370.636540637753, 2466.6025438751776, 2495.0346362237283, 2473.708205742219, 1255.4333068078013, 1129.5088451687384, 2474.0816074947697, 2326.3304994930213, 2550.229253355161, 852.9789960767756, 2540.71744085222, 2571.9991638968095, 2432.1349586502192, 1048.9030689209817, 2538.723329852294, 1110.1308401884246, 2377.185818117992, 2244.4462131589344, 1327.349486389955, 1831.006832419666, 2395.558406198434, 2385.3938030164154, 2223.000125645406, 2302.8977856867705, 2311.2907992003447, 2291.629203168812, 2589.086198318117, 1712.7890023424402, 2634.3211241754493, 2634.0295832475167, 2171.7413407369545, 2132.5247857421255, 2677.501390777156, 2530.433870888881, 2496.5150208075456, 2484.042050926277, 2023.507696023391, 2056.8126162800313, 2110.4755032860644, 1246.2604415344892, 2534.504398647654, 2395.448297998427, 2207.5114118987008, 2123.741809063127, 1954.7607614754966, 2423.484108192953, 2196.3490717096397, 669.6701652114288, 2641.465127101639, 2401.330034381768, 2592.4967435288722, 2253.3541124593116]}}}