{"ant_convnet_sigma_01_seed_4": {"results": {"test_sigma_between_0_03": [68.3196084027645, 73.81544713088964, 81.67607487869496, -39.23753432967055, 121.96508587495921, 171.81940771345563, 105.08908535789175, 65.7717927581151, 78.05165831246545, 189.58734616680374, 105.13204894484022, 273.0420659309794, 161.27555751975822, 142.1750634166957, 114.5491595740233, 52.17361995707216, 172.5163465437904, 128.2269303252217, 279.95596839856637, 284.2357334890235, 143.86657965363017, 34.84574629457275, 86.16440519398392, 201.98963563969602, 78.44424344950365, 283.4561507818179, 84.47427628203828, 161.524726547111, 164.8213381898318, 174.38189319390816, 68.39457390911456, 127.54163621363791, 143.8778953165228, 94.6145070984372, 88.54816269350486, -48.11626704509103, 281.9518098678562, -32.655682235212595, 201.07886056156715, 190.61734319329616, 86.81343085890768, 76.8517809081778, 113.0793049748266, 20.1995211392183, 134.89248879826758, 120.60300496204769, 76.92356923607281, -45.31899943392927, 195.1520630938892, 86.92992835976699, -41.5397731378383, 282.55108720159683, 146.7484699909084, 192.74794671282092, 83.71783870911408, 23.20350127183987, 183.0777063815472, 192.85530388012054, 186.5979034958736, 139.66372210525512, 38.09441138294566, 164.63421298294196, 188.86662105372017, 179.30875753826226, 100.57366092812475, 187.66524821203137, 88.78416341262562, -35.73551320584955, 278.1377365251455, 160.7243440409129, 191.37072723316146, 186.55830018904757, 101.47336996977297, 98.6508595038741, 78.2200684918453, 183.98725020602816, 192.17299299534426, 104.22878935491872, 175.35480623311886, 117.6166864931365, 105.44749889572206, 166.84975920630723, 75.1186437585901, -46.487591161334414, 111.35925323728814, 76.43407591835414, -39.90991678878202, 8.653029666729578, 70.2843329469691, 80.65120500801969, 156.6511189306049, 122.00411588111024, 80.8366315833581, -38.969486076594336, 193.61342547720463, 98.27564109696465, 121.2436951009762, 73.24432093696386, 188.1822460478645, 219.89253071253012], "test_sigma_between_0_07": [282.6358111302361, 201.9779316270754, 90.8964799323076, 103.66081350599694, 99.69921469665117, 101.67135382380069, 27.686762788506698, 187.92156592906179, 74.59290817205182, 286.9529294984045, 165.14969350843222, 87.18458277877873, 75.5329914792849, 285.8048716185462, 187.6735620324871, 297.57268975339656, 35.96815567283991, -13.95209412644181, 75.97876078977416, 91.17327409212645, -21.01606578266657, 101.78568817326139, 75.85780235817404, 89.98315365147337, 177.33101034040877, 80.22440804220625, 169.34463880968283, 13.519538118122709, -34.026409280736694, 87.27947388997346, 86.37283561407318, 140.12133869906035, 179.0273610325179, -29.4006596905616, 73.10458107163002, 79.10631269540582, 7.868849287347915, 187.1819184670246, 96.03363526844493, 260.39097144428183, 274.86695393760056, -10.014550140933736, 188.3089964361796, 93.87059530003063, 187.93173768919593, 74.87545374890334, 95.42892916274168, 101.71079491656235, 20.904538249559746, 57.97767925484661, 12.715452490468229, 211.44775924068006, 125.76498018143471, 168.2823055887919, 88.06801702497391, 93.98191097040136, 231.88961497656763, 73.62899783525206, 61.52437223303282, 177.26749662136857, 79.5019677356523, 60.18986368775086, 25.87785440018344, 80.05482580489004, 67.76252877526913, 120.99635987819798, 277.82414442222034, 381.93925231616856, 267.34914972664706, 32.779807921293184, 280.3633282993111, 129.36504363788177, 281.8851267937271, 24.045255694483085, 103.5182661380003, 101.06568022824943, 117.37679421228962, 79.7750961187307, 106.73036488858888, -44.25572292565921, 209.90441029258167, 11.32154302595735, 105.4602153754206, 203.7028946894496, 88.39679325303065, 30.1544938876906, 131.609534206471, -17.342462103840116, 213.59047661514583, 368.5127424196375, 171.86164053207196, 109.33319563284024, 13.108220615587204, -33.68793019977888, 124.86339551312645, 144.4544392721213, 109.79123830044927, 207.41554563316575, 381.0756614120879, 192.48361364990902], "test_sigma_between_0_05": [-37.087279620004104, 175.80692170267574, 188.61651844856462, 111.15119550909274, 99.58007229524955, 186.80689028368727, 73.13295185510565, 191.77163327953804, 140.2734790734879, 84.85314667882399, 89.58100716320224, -53.44138326261743, 133.47189064951067, 90.65412483945576, 114.15427627459374, 187.6112476331117, 86.28579171917367, -37.80972307318302, 184.17151639856579, -7.20255383620826, 157.70714000741557, 201.86419498553198, 241.07753751572506, 61.829471816594726, 123.15195930920402, 194.37477507080212, 194.81924870042454, 154.70050971314427, 93.49721543490486, 188.04435639994122, 282.031231054554, 190.1473602798541, -15.16863998984772, 67.97539758161908, 99.98903673862806, -37.426837241386266, 147.89750121501726, 99.57259135825649, 273.78499121046497, 241.7949050463607, 77.0251254521178, 171.7423258510435, 277.78186207096195, 103.56528185548949, 75.4078936312251, 189.9624303491501, 79.3995172132314, 197.37716730776614, -42.82962252414286, 95.18558569789093, -44.787400348525246, 180.33794584169058, 71.54606966470044, 154.33337007576182, 76.8757648383151, -43.40772338345119, -54.728241592616506, 305.6580173129015, 94.52260932889658, 71.82977599864256, 188.40295017215905, 205.540029907206, 81.40464741529539, 58.12307113095492, 192.42853688761005, 86.20355457032208, 176.288088398012, 62.31075768555225, 218.3721791390437, 159.56110765430452, 101.28186408780562, 175.65964181360616, 68.85338003666664, 109.83933900220916, 68.17979445498685, -40.32990332102778, 205.33474204648087, 229.31523681643233, 184.96950133022276, -39.85120278747928, 194.8476455588334, 186.23769047585463, 287.9704250109129, 79.96859252684197, 288.35669456910773, 192.20425005368799, -57.53944499922213, 150.54754463699382, 167.83672500819566, 89.12271126689222, -5.738857329696483, 180.76767506957233, 305.674950927819, 75.85033537998547, 278.73621006765944, 76.80432574077696, -46.015070597743005, 89.05221267339273, 282.4632176663485, 38.91036294388976], "test_sigma_between_0_01": [183.9331531272658, 192.04532461786204, 77.57261830885237, 190.12902030646723, 190.0859472185671, 109.76762095554868, 189.85230616568947, 187.04591240513048, 181.22763851814497, 187.79717971170402, 158.24228728132775, 187.00104976174708, 190.28988413589752, 148.02183605699997, 184.0062065886562, 186.31584809046413, 153.37636383948131, 185.53122456764052, 190.4246654005713, 175.88121924088048, 182.77091666019658, 186.51093580435494, 188.517139443315, 154.89756069038393, 104.82611758734517, 180.42598953471293, 100.66603262303833, 184.82380434589237, 97.34723616305241, 180.80286428903614, 133.31590234838342, -46.85304520837512, 192.62681856495234, -44.10393058363698, 99.15247136798575, 145.46637123537835, 102.26623392067529, 185.91319316794488, 86.99857714584293, 105.47640563632427, -47.424935934382674, 130.14021279967562, 190.6252269703057, 73.27879939895361, 185.82319372411968, 75.37527678440821, 135.08614699571888, 179.59427457275285, 187.95997401287246, 183.12452584931992, 89.82362430958193, 187.83433630341978, 175.43247768423902, 154.147977609062, 83.93875940238075, 188.57975177744885, 122.92377236506704, 191.4299959364426, 189.82608507670008, 82.29307510062756, 81.79554732992356, 88.9440408266174, 185.67499370570096, 77.1907595159165, 184.74937287620946, 126.1882101552546, 183.13684180730158, 190.003168466132, 186.48041831766693, 30.88783348977658, 191.26967641305734, 186.16333827597495, 185.8027834715651, 89.37921434798841, 187.671718935061, 187.9796014759974, 83.03891404288254, 184.41934579721956, 185.21538267611416, 102.9466566440239, 183.26411049953126, 27.142795814657372, 168.52368494263771, 184.94089378557933, 96.67542495290162, 192.01818389320306, -35.0359743608016, 152.66487116902755, 207.52020678847666, 181.25932980881015, 187.76674347211892, 144.1983843261642, 188.06308019840293, 149.1336857380972, 136.79449677241897, 190.31018290342973, 186.80217749444503, 188.01921927819427, 181.99713436346465, 189.61766859246197]}}}