{"ant_attention_no_encoding_sigma_03_seed_0": {"results": {"test_sigma_between_0_03": [1657.490665947308, 1618.4961246175365, 1816.0668498583584, 1365.242948721276, 1203.6303282758336, 1905.584332175394, 1523.0183381102584, 1293.8706581447534, 1477.4172470486176, 989.2464189279922, 493.93975283612804, 1240.5050310828594, 1638.3547072881138, 1756.52709824167, 587.4266518218298, 1771.65980303378, 1686.337436253479, 1433.837808126706, 1928.6467048015256, 1110.377969966946, 1663.9923665610706, 1674.3617614789785, 1685.4626453787337, 1774.2351390739161, 1960.9080527171284, 1618.583579687971, 1669.5412325322204, 1504.9186044848498, 1567.2866583321584, 969.4801569225856, 1470.0774876255036, 1586.7940233820386, 1552.7281212654668, 2167.9284944954825, 1615.3311701077716, 1700.730686581649, 991.2425269406675, 1510.1836790117757, 594.3123549513448, 1889.0147114177275, 1792.4224348124337, 2013.4828734646687, 1707.8236128909716, 779.4068761248582, 813.9969256651713, 1572.7822522419094, 1775.8071892568607, 1805.4001635045306, 1916.1298550804459, 1856.9426469774455, 1532.0957394582622, 1344.146086917484, 2073.7751071267976, 1719.5059631820427, 1098.566457676301, 1642.739635929765, 1915.5384330228867, 1707.5700602937723, 1786.4258927154613, 1498.271834782646, 1118.1497968420542, 1555.8679071084043, 2010.8960169561738, 1031.332864230412, 1725.2166722613395, 521.0649265189455, 1102.053273055525, 1434.347904222058, 1175.8375182830707, 1860.1786053986732, 953.592680272652, 1740.6569270218922, 1751.113304510927, 1796.6639662027808, 1686.3871091447752, 1454.190070781607, 1579.6659693196489, 673.8903329031554, 1103.4186560559913, 1976.9232433031675, 1318.9257579533057, 1174.7291462913333, 1106.1913730194797, 1424.3230703861805, 1354.4583663754102, 1676.57684842113, 1181.1665183051864, 1651.1582479826507, 1468.0515354820484, 886.7677046882333, 1615.7610345168357, 1587.9440490018633, 1456.4594377832655, 1317.3011136418795, 1211.7916197326936, 689.2861952813669, 1295.0999809043306, 1394.820374704395, 1421.632336868415, 1402.8118522791974], "test_sigma_between_0_07": [954.4892970630963, 736.367809972335, -1285.6430476435876, 342.6411231992604, 411.8201037149955, 475.7220665566375, -240.14647935623128, 1549.8679260458114, -1907.0535838352912, 1021.1633624674113, 760.2473481703388, 522.6061368032399, 247.44356643834138, 582.0814033032814, -636.9585329457137, 158.49788549943514, -150.85269596491727, 451.0886634774317, -634.06520778621, 704.6973880827667, -478.79779934178623, -1639.0466778694436, 624.880647248508, 16.321379099873212, 746.301336005618, 390.27408059729004, 62.02067913587505, -65.61484665631318, 481.83921961575015, 35.302921339961905, 411.1258774578859, 1150.8936942291841, 1000.0810226087037, 442.2668931958327, 0.11359075589934098, 86.48249606545227, 706.0800718322649, 106.90195861285133, 134.34525980584732, 105.4224387081554, -75.01564224623583, -455.4864716095792, 635.4111675880175, 666.2676834110212, 284.2900017138087, 1010.1564631787984, -395.7885958426056, -185.1975443354606, 706.1650277083712, 9.014243581724973, 1380.0518357712876, 377.02963838933164, 949.821101043829, 1808.7565669124424, 709.6436850203098, 465.4170376449043, 375.34501189094516, -421.3174012789818, 148.63504380277027, 190.7129740103775, 290.316407571079, -287.0407990197697, 1080.1261265564938, -5.01422380086469, -570.223505898001, 291.28479467672315, 607.3477451670682, 478.7529891725571, 122.1463626565314, 96.54917878862143, 196.2906066717528, 453.0167936814707, 1081.1954071701784, 289.2418600940582, 55.04867246638153, 110.13810410789809, 1138.7983259027492, 99.86889684901337, -4.905130911585441, 11.483482388264495, 713.4958802947623, -30.890154922367515, 906.5027478156197, 204.56352546139235, 70.91597198631507, -164.37663515154287, 865.277056166792, -19.37030639594375, -226.95907604275175, 196.1240034754088, 959.4145206941396, 377.48076633730955, 779.7874389877978, -386.5188808039791, -1176.0853420071792, 745.2131312128321, -1470.4766876147944, 723.200818496545, 250.5476743005556, 484.0311186645021], "test_sigma_between_0_05": [474.0450947065322, 984.8910372358072, 796.4579555143407, 1215.5220791256434, 98.06970058078531, 517.3022244277469, 278.2380056099974, 638.7998168210911, 887.8385947619552, 858.7103331706073, 1495.5130557732552, 882.0501328096516, 582.7622329235425, 1273.0093726283164, 365.2949642634368, 496.07508351250897, 381.95083886881173, 1968.344929938059, 930.8468376104827, 829.8126882815613, 846.5275300906683, 544.9540499936609, 892.9497603932338, 425.09756834469704, 496.65858847829986, 925.0451761990907, 1094.316952638871, 593.5407381769244, 199.15470930717902, 787.132829679345, 1262.7396412976843, 480.4118503490616, 349.91715438090586, 151.71661110911685, 659.7453073220115, 1852.7164201240234, 1264.092406470449, 243.9341588195959, 689.0263055366516, 883.1394647173869, 1061.9172819708676, 382.2757043160061, 379.83864403873923, 415.88295380111146, 884.8857395251113, 424.7936722309742, 1746.3550962067043, 683.1381801024114, 380.8043525526806, 939.3366266073809, 432.8526871842747, 536.6140997140565, 885.105383817481, 711.6203081480211, 936.499031941457, -3.7828376294698574, 845.5261039197558, 292.2551837914311, 871.6758053926835, 874.5204030501355, 931.9501844672212, 377.642036686618, 1039.2476102742808, 1284.8538740745284, 527.7639661803489, 611.2332412929969, 499.4982849100137, 196.0486439326257, 1547.4711160936383, 244.88586284889013, 777.517823451187, 627.3860896349454, 1317.219007242729, 1209.3806892919838, 1048.9966335127585, 846.9420318451849, 435.11055592303137, 836.1939099811842, 1832.3998500211317, 745.5555840848916, 106.79561638050816, 160.708701066579, 720.3945603633816, 1444.8738922250006, 829.9334713089211, 822.029526115365, 1570.308046753474, 1335.8897801425112, 821.0664610883694, 1580.7599709680073, 1286.7716164005174, 608.3908770311715, 537.9664080388449, 452.7107415474279, 837.8276765092162, 166.72562387669188, 1728.4542635320938, 772.6520325503187, 866.7530016917553, 447.60616311089603], "test_sigma_between_0_01": [2028.5001968521872, 1989.2784642866495, 2079.7596752219556, 2019.0991795377993, 1931.9891159902163, 1971.9400322918173, 1962.3527147119394, 2229.241995062073, 1995.4734766539557, 1952.5933999395272, 2036.8336413350744, 1958.4264324602384, 1911.9371055375104, 2077.9084722105827, 1989.7253540752533, 1871.9951773534372, 1984.5944406494593, 1909.5130546842522, 1861.1731864947055, 1991.6489899243468, 2064.64262436071, 1933.726346512166, 1948.9315238296906, 1980.319536302618, 2076.446101342266, 1912.551467375183, 1902.0813366639488, 1928.5519390200623, 2011.8960253831683, 1930.762210886776, 1900.7194265735945, 2157.3991215193932, 1899.8717509033477, 2103.445788761943, 1892.0808227066996, 1902.6576491445562, 2204.2666079408987, 1914.3805599675402, 1738.5669113369931, 2080.3524677649457, 2015.2047771454554, 2103.7713915711597, 1973.87920338644, 1977.039315404372, 1869.9541491258813, 2146.116755452139, 1934.1296622374975, 1983.432852226625, 1969.95026229758, 2077.4129580611298, 2084.684798595638, 2018.335062294926, 1877.0475803414984, 2164.378711747202, 2175.6724777686695, 1942.596180701658, 2063.676661628274, 1908.8785906052744, 2043.9436594001322, 2071.446552370707, 2046.8673436812417, 2058.605768414346, 2028.12137455829, 2202.0734585084715, 2182.977612008798, 2065.8327169682766, 2016.0083184093598, 1989.9479886691638, 2057.729275983386, 1975.0119362447458, 1976.6627062906064, 2036.603679908116, 1821.9896607913406, 1960.8922907120102, 1961.5277068272235, 1858.8965660791991, 2037.2841271135271, 2026.1290387803608, 2021.0840802209643, 2165.8400904056393, 2118.195594776844, 2072.0855174909047, 1941.760959809209, 1953.8944558931826, 1887.7248077389725, 1931.97730921076, 1887.649559622912, 2046.3842161148514, 1917.1805063283866, 2124.762607816684, 2011.992543542353, 2020.5564440518615, 1903.052952596779, 2002.6436310915406, 2011.901614917213, 1858.0712187612512, 2050.679137429366, 1923.1127559207405, 2035.2950185101968, 1944.268857340673]}}}