{"ant_convnet_sigma_03_seed_1": {"results": {"test_sigma_between_0_03": [186.6817494433396, 118.45988405470996, 88.83816318234378, 84.9139998043634, 168.61435402031688, 90.32690462121448, 89.0108442330113, 95.3969754911991, 84.15162800217456, 180.28008155823147, 145.70328561799778, 99.10122974218545, 173.62462582396554, 83.1782034469778, 91.15530999734229, 127.60512993372107, 116.51679904667246, 98.50375649448094, 100.07784153382231, 93.43264510599583, 87.22183689363517, 89.40860498302558, 81.32221105530444, 201.36000941244288, 86.04704759035315, 188.9765705722537, 87.88505358748006, 83.74735467463131, 182.46359879563198, 94.33431526552921, 88.90386609948685, 85.92379548002732, 119.0928356682823, 88.32021456384756, 86.34379548149087, 93.1411756019246, 197.50718381036592, 89.75869597372845, 83.25247093293683, 84.68800288700533, 89.12457770084504, 90.39074578724015, 92.72898632548934, 122.60156820843706, 229.89270542496405, 95.04662808128512, 92.28443671718607, 91.24095362976855, 193.09765152431692, 82.32779625562645, 90.34011788022681, 193.07817097476118, 86.60841857241395, 85.75479306521821, 180.21768826826093, 201.50209453744324, 97.85370495048137, 89.82317102078873, 169.67101973342105, 84.97095263481398, 166.21868024023473, 90.37123735616237, 87.372220431739, 101.80144545985215, 84.8733656510894, 153.12958736636747, 121.43448641995207, 86.09654111683561, 301.17815395352306, 185.19125761236887, 191.39095301189434, 193.4310733582378, 87.25051655512435, 111.82923936655511, 86.27315868238006, 96.7491851600828, 93.92777537886174, 142.09841497664527, 181.26741126964313, 92.01006515684468, 92.06987865128657, 190.28015438316135, 130.5222349937588, 84.11305621982552, 90.57184915614675, 91.32801253498383, 143.6452378515724, 92.11122845755789, 84.51928809529143, 273.66605337865354, 91.71362970321535, 143.38471948925832, 85.0018287200111, 87.43005299251165, 189.49224830722153, 199.9865696019767, 95.09588445540899, 87.39196302139536, 187.14489850347098, 88.76952198750575], "test_sigma_between_0_07": [191.00130004803128, 221.40434592870747, 91.20531711899996, 198.61617809774123, 90.81653629970589, 293.4005008206728, 94.53385547951356, 166.4679250101072, 224.44387245596897, 307.88097642339477, 310.3517412646195, 195.49792479312916, 231.21350982483452, 297.6489289593531, 17.70884938450611, 177.64042395206639, 256.8480480082926, 203.66816011375687, 17.384494179725888, 187.80934766117937, 196.42514954422242, 228.83907636627742, 200.36447717981937, -2.6803558023355647, 284.1342753508368, 185.94505047256615, -27.04103617402142, 155.4998148512181, 73.52633696018592, 64.56114553084264, 88.58791799259627, 108.97207685317818, 252.95791485549753, 106.37515395647141, 45.44964918946077, 92.77841107965405, 195.78173259480423, 161.66167826799452, 91.34201006718213, 147.78651725514982, 189.48672068969384, 287.9226517367753, 184.89545733107025, 263.9996512827323, 178.5580687606327, 78.03434516965189, 79.1367442202324, 253.86508196079959, 287.98685290392837, 88.99102647137684, 197.29639883130608, 374.8342577885839, 197.51821855793992, 91.56457641480718, 190.84389461574668, 243.81619096099038, 290.4654455345075, -1.0944961452303459, 173.1761849814969, 62.966459653211146, 105.39111930397016, 164.73198088789263, 164.65386988012403, 177.05767937151373, 194.6293493022113, 186.24334587898264, 475.05823512184713, 280.10893501720193, 192.0497181888156, 172.31374466329305, 280.4334593688682, 95.82938537368574, 91.78602200584038, 180.95750161645668, 79.21674335029357, 83.64030703239207, 117.01782016247472, 166.49947928320378, 33.98460061205574, 162.0895207047164, 186.44903266568667, 284.5541967230609, 348.1386407021192, 84.82657508538479, 89.06692949256895, 147.51416114466576, 219.54466215606024, 139.7787766873289, 171.91726752948472, 176.70286193950005, 293.83247926554, 184.19873078017943, 185.59778734791118, 77.58029513305932, 101.24131294974791, 210.6859986549832, 137.66309710605685, 178.0189495470723, 84.54890258215836, 85.87419376920687], "test_sigma_between_0_05": [140.11961325673613, 82.8393275353689, 111.84997400315675, 89.55800810170533, 84.25347659640617, 284.49372372507344, 124.43970579428697, 89.04810684275792, 99.83108064312171, 206.26469537490482, 95.22454089787236, 156.27703731732436, 191.55925114069015, 76.63207878295353, 102.65123581541445, 85.0596987804842, 113.57665700456711, 189.362032036337, 182.44460009765862, 195.4927858829516, 86.81982139654347, 181.53236025392647, 95.84750389151476, 186.4262811718459, 88.64626960282982, 90.59802453021167, 81.38850670641655, 87.62807032718916, 321.10591125995796, 193.4136662767346, 86.50378224077075, 288.820186965912, 179.49224912253396, 86.61903661136394, 188.18965378397021, 88.20578651442115, 86.97276940122319, 106.81543781094481, 195.70763278957918, 268.32234156066755, 192.85487051169375, 175.5201234597465, 79.79966899079126, 231.0724978133926, 180.22476794385548, 96.32034617143634, 91.00325035415788, 124.57662352951037, 15.919912889847136, 85.08501499307543, 111.24409585828931, 290.6197600105627, 114.77920682219697, 273.8275363675423, 79.08507932854693, 129.81402052487806, 297.6234982173262, 193.20471373134401, 252.2583836909851, 195.72322129664278, 286.49980816055984, 91.4328037264078, 84.87489026380591, 91.09160510388084, 185.07055885117833, 268.98396950019526, 93.10575783094788, 125.1642047152885, 188.36023169477053, 10.900830760638907, 127.46461897575183, 197.6911516937474, 99.11624488633832, 85.8853083454386, 124.97066745684583, 95.1229816024574, 108.44304155393712, 294.598009223022, 193.5694930254137, 89.6876577392634, 176.93035924882122, 87.03698445250845, 174.42930041459564, 86.46278047604652, 287.9772701448523, 294.7862668917569, 84.31630029830211, 134.47319623423667, 222.67183164911958, 138.23911203812835, 184.21629367034282, 178.76502244668643, 284.9390998660914, 290.07664354585825, 186.84436370035186, 80.69088760523269, 188.43294165787964, 172.47663812837, 158.4378806448446, 192.08299914996078], "test_sigma_between_0_01": [85.96737954141074, 88.5513595556978, 168.82422204930225, 91.73357310511979, 88.55052494424524, 88.36395884543522, 92.96528079021283, 128.6559393417163, 92.33691431504462, 88.9757339337658, 87.63879649921947, 88.66715238225362, 88.91831935665897, 89.9618066161455, 87.97376638360221, 88.24365794170664, 97.46150588114115, 91.11278632243396, 189.34087273555124, 87.89246576658111, 89.67012537016622, 88.06125299940832, 92.38528469057827, 90.55281506654337, 91.31405832631623, 87.62052414324496, 91.40582831954138, 86.56300453468508, 92.95636133526756, 90.15750035031293, 90.85064572743194, 88.18920222730301, 131.8161106212477, 87.25267076034581, 89.27584097610732, 89.23719177463859, 87.62584691913725, 87.85816376403304, 102.82967069860736, 89.59171463610019, 106.09147955428533, 89.9012970700575, 113.40797078649518, 87.94006632452582, 86.6423311118452, 93.3635315203476, 90.4138513494245, 90.40999933424376, 166.90027395665285, 89.86455688768096, 92.46476835788243, 91.76142327107131, 90.2975890048145, 92.3172561792225, 90.37654186195489, 88.03428389937693, 90.87929592739582, 188.579356859046, 85.99288403488839, 86.84856468724836, 93.48169264783247, 90.43732312953274, 91.99669844915528, 91.43708334475718, 87.72696988987227, 91.90530283533056, 152.3287402422604, 94.78681188958755, 92.42400022705453, 92.01282244874793, 87.30816435724778, 97.34207514868048, 91.51868570335985, 89.92701836345576, 87.21248452395886, 92.51774476900074, 92.24340780880205, 92.37304669877386, 89.05086006948761, 91.95948060598506, 93.25772619001985, 108.1448805334214, 86.0710313871584, 89.8726629016141, 90.66863624150918, 91.71932608681868, 88.10094466927907, 92.8333504362807, 89.03732513626812, 87.17182487534379, 94.49387524567754, 93.36256670692856, 91.25995607792917, 88.25271231854198, 93.63325669844673, 188.2035386852098, 93.83812074354245, 88.3289049025588, 92.1835350362705, 87.37618150166603]}}}