{"ant_attention_no_encoding_sigma_05_seed_0": {"results": {"test_sigma_between_0_03": [957.8018001262726, 939.0679651965016, 871.7629806729291, 1210.7794578258088, 827.7654624665614, 1187.6248836093705, 1034.1583768719327, 1004.4682608878734, 1105.1407233426044, 1067.0455912146517, 737.6329190375691, 981.0384470543523, 1366.1650228807557, 1155.4223909892335, 937.369085474653, 1236.3696111088739, 870.3095827118202, 749.1128945934854, 908.7304443420388, 887.2750777936553, 860.762381598155, 1519.3381104594264, 1393.529613552424, 947.5697591637867, 931.4702211519301, 1044.0318055161026, 975.2262364137581, 733.7455585570418, 1145.488519629383, 801.9862927685996, 1089.2382904755714, 1251.9078326785063, 1126.1487513805562, 1136.651783070001, 1081.2072989047556, 1478.6080477812927, 1073.9306627444075, 1414.7607129832347, 1250.4758617692046, 1137.5760414024833, 1099.4368440311032, 1206.015201891239, 1345.604819266294, 948.5918691261537, 863.2895907230138, 636.7410477143641, 1318.8597942686865, 1241.7521225770217, 1265.448487737802, 1361.5469313276617, 1064.8906214260212, 1316.896310428784, 843.0918173302598, 703.0190457249199, 987.5406596630054, 1250.7149135417255, 894.5507201195375, 981.3622668923286, 1142.012656457384, 941.5088682536948, 1299.8710484268393, 653.9379183369331, 1143.4862573417522, 803.3456322521142, 875.7291925621446, 899.6447015568224, 989.504906253157, 1038.677953383085, 855.5063916851205, 1066.9219789228707, 1007.7558364479811, 1466.7842687995214, 1374.7969803437495, 1081.317828429162, 757.2230949461614, 993.6080802783872, 861.7372901346328, 522.4262700779007, 1002.7102710325153, 1490.3781193898149, 735.4671134545797, 1180.209982065487, 865.7446092531156, 1374.9744980753317, 1080.6544302205405, 1359.1096051937682, 1423.026646548275, 1346.8512653974176, 1362.967472717337, 840.1896535116618, 1002.5404079360901, 625.1368713560453, 1288.3194240732637, 1196.847284143545, 1081.8058949915326, 904.4046214659919, 738.2308562886701, 258.74894645202727, 1188.7830835533205, 719.5330028269951], "test_sigma_between_0_07": [814.6942295093552, 940.2699981443583, 184.73873075403705, 457.09829128294837, 530.1984860289851, 709.6447733741924, -739.5435071312401, 768.1194849108181, -2433.072791984963, 930.2518154248772, 576.1479136843645, 768.1511721837372, 579.3141155213983, 731.9374767184473, -794.8229032352024, 890.6108442340776, -1177.9216590930782, 913.7954557614565, -619.2740464688809, 521.3794573035732, 289.82765365938025, -267.98030304349135, 874.9629743379713, 370.5146630908223, 868.9644261123649, 646.9413765506049, 101.3278383992628, 344.95445806709523, 556.1310650457442, -592.358016065976, 311.5848637027724, 1377.4458847790297, 711.2435753946236, 1166.4381624812559, -37.591636169729895, 718.5757950817687, 775.3437415464338, 601.653214792607, -482.99061545487757, 639.1274632381137, -315.57029358380316, -484.68798901906086, 616.8974597831937, 427.17799455806016, 655.4740326287131, 194.92814954036317, -144.5157437995188, -2476.1156772743852, 1024.6294762938123, 891.7951989317957, 823.9857995643187, 725.3727153783641, 789.3786131875419, 990.4386730616455, 515.1915723175143, 563.6447923967197, 820.0756975879342, -621.0417987597472, 714.9297107047391, 564.3731527011809, 560.8817210994827, -14.59440077530504, 1244.2948011121425, 422.2582476682483, 174.02803786385786, 605.6651926734155, 468.63039942418396, 725.2062617322958, 833.1668152476774, 258.78072145975256, 629.7142496890681, 808.1169786768683, 944.1925869886385, 101.39566600455147, 318.867538853019, 727.7753050625483, 899.1460999317615, -2351.604198370758, 480.0719721685488, 561.969221366472, 778.9632312181187, 326.45611905027715, 912.2771554342947, 578.5182263659673, -386.2504297159061, -151.20377570089255, 669.9140012063808, -93.96431986592742, 223.74470399783178, 694.504765440167, 892.7935317562487, 694.9343055330191, 814.5272241343711, -2550.0214530307744, -961.1088958283678, 596.849497642861, -1490.0653396020796, 782.2195475255539, 913.7066731333558, 503.7287342920748], "test_sigma_between_0_05": [789.6290198144876, 986.2102754061787, 831.1356424807727, 1142.1088995695995, 906.6650078984269, 755.4634424277438, 622.277767264897, 700.2033261565325, 505.4916623024055, 747.9932050771367, 944.2766133610177, 971.0789932662425, 756.2128366840914, 555.3050216878369, 874.8250358902238, 807.4148756054344, 677.6403190714424, 1471.118313022792, 993.3344526291886, 719.7226718975038, 743.3612841877617, 883.5626136168949, 754.0125853755958, 795.9652313671155, 911.0544680707868, 801.1972585594018, 904.3311450991752, 930.4085511119904, 578.9164340895189, 1306.387755794937, 766.8709079447196, 725.3673450290931, 288.6169787660639, 880.3010765075633, 510.530462502735, 1622.563500470745, 722.2995027547261, 676.7574832445008, 621.5189285422454, 850.7357920543859, 1167.385413235569, 742.5398089265797, 614.4830945883479, 747.0640523028597, 433.67313912165343, 380.80454876689777, 740.1132720253186, 944.7321185284698, 1472.413406249593, 923.7811891182536, 573.4935686247135, 501.58589529699196, 644.9036288498145, 435.0718794001154, 531.7632065025655, 475.3482893285386, 820.3310532090593, 630.4218234281121, 852.8639705601694, 904.199987265954, 985.4450550440702, 801.0420763112752, 946.7387607012719, 404.2896839151862, 807.6224638864821, 967.8182035695131, 693.2676292325459, 384.26227459393345, 1168.8838334602594, 558.0571455308501, 784.2384676400708, 820.8976947532041, 968.1717486678838, 419.4670183173487, 707.1814554446332, 687.6672903236341, 870.4694171824631, 914.7144303226678, 1097.7866506433738, 771.4419216048071, 609.8633180478889, 842.569499260562, 749.1192212368824, 813.3777266921596, 702.6596944105775, 1064.6001547807139, 1079.766954281869, 713.3802373070367, 974.9023550451228, 1022.450774773974, 898.7715603812843, 948.827325424694, 766.884367408548, 436.7876248589658, 685.30116056526, 132.19788720243147, 1097.1424859080757, 764.9842314201621, 816.9874938168481, 849.6273714596675], "test_sigma_between_0_01": [1143.677944666084, 1187.1376425680942, 1131.0232525112876, 1199.284536043872, 1248.5369987850704, 1139.2046120657533, 1287.9962324389087, 1138.222693725556, 1210.8322122225902, 1189.9672940759858, 1237.3120556407553, 1321.7444229176633, 1205.7205300699713, 1384.8906937753843, 1178.9169145001092, 1025.9085590240365, 1355.2198986201042, 1260.5140412371102, 1168.3813817687499, 1197.5989020038712, 1212.9592482529233, 1254.4308080358342, 1250.0480379500334, 1269.3705754831312, 1214.7813844098257, 1289.9198579089339, 1273.517459140935, 897.3580626659274, 1358.0467869174468, 1310.010965896843, 1263.7455804963179, 1232.4363434157735, 1262.454505096542, 1192.3414595886663, 1322.2522668855165, 1325.7900020169436, 1168.6878215480672, 1272.9111340303984, 1256.942085748998, 1351.286730557489, 1331.375205915509, 1219.3891461140406, 1263.722084559417, 1230.9164804682555, 1327.6122780784265, 1251.670591729399, 1197.7436217551542, 1199.7904802741814, 1209.4258720444407, 1332.9947047508388, 1208.5283435938186, 1338.4684026229263, 1179.339007198034, 1148.239875073643, 1213.7406146950018, 1259.7235274671632, 1248.847019544386, 1082.153453756031, 1293.4039676480845, 1320.146313340531, 1142.4145801770337, 1066.0292621508283, 1314.1934838140812, 1262.4168650966167, 1126.0518541795632, 1266.372089646545, 1255.4179793190408, 1285.6587953971407, 1222.2808053080876, 1239.946226110162, 1180.5513769961046, 1251.6348727899633, 1246.5383803381364, 1201.4103791977593, 900.6049006015977, 1164.9358521804572, 1257.5133647494883, 1258.804428827415, 1188.0472988792185, 846.6061438668057, 1204.8351394051438, 1186.7185826779341, 1290.4408503118939, 1270.0965418069418, 1144.2102236242627, 1174.2114918732905, 1174.6330875626418, 1318.9733321097256, 1346.9103828629866, 1159.978644106002, 1244.6366062651036, 1335.5316457582492, 1041.1710364934743, 1175.0785497587894, 1131.9133472956355, 1305.3458692581346, 1275.603455344231, 1284.156545331761, 1320.2753037979721, 1201.5657199218174]}}}