{"attention_ant_sigma_03_2022-03-11_16-28-32": {"results": {"test_sigma_between_0_01": [2160.5831106761607, 1754.9345793532261, 2177.0844164560785, 2019.4126507028802, 1920.450883927194, 2128.1391373400193, 2105.33133062984, 2176.2010842984855, 1880.540314143915, 2064.823544447484, 2113.348393473337, 1946.870356888887, 1906.8212117758899, 2181.117299824416, 2054.9322657691782, 1893.4671691405451, 1869.8017748800476, 1921.2822917171127, 1945.0396115833935, 2156.790529387244, 2118.535646701118, 1996.282929223804, 365.48494913561456, 1870.2709615224194, 2175.341114439145, 1982.5798818981389, 1948.23912459996, 1967.2651062634748, 2125.041775414902, 1946.4388036007638, 1957.4839398527718, 2125.151676494047, 2011.5393075094366, 2132.969389633088, 2030.7452957424666, 1884.0775900710184, 2150.701212278606, 1938.5785389775872, 1800.0541896131929, 2202.9754156663835, 2068.707006496924, 2216.5652170489843, 2073.6058804907616, 2068.869971903511, 1939.1684515334948, 2222.476403822261, 1994.5090438184855, 1958.2690530982038, 2054.5441039237876, 2002.584118432555, 2010.816932205004, 2053.515964015655, 1957.8549654292597, 2243.4953865780876, 2180.7835140596753, 1934.4849704810051, 2187.3455893530804, 1924.8422750011644, 2034.3851996159822, 2098.0005321268172, 1950.4672547106418, 2152.236526672819, 2077.5032805058804, 2249.844114225015, 2256.494374977458, 2174.90896636194, 2064.7565421494774, 1882.646473444194, 2015.8735690607923, 1870.2989859075017, 2105.196601502305, 1878.4623251623811, 1864.1825970102523, 2047.8669984561755, 2044.0021657601121, 1877.4313048780664, 2052.556020826572, 2092.4642623649693, 2002.0593053971518, 2136.7183264677033, 2173.832796197205, 2132.1913059916506, 1996.4019775059812, 1983.7160663228337, 2068.1841378161557, 2033.002035477144, 1915.0731268773218, 2043.2816141451858, 2000.1827951773487, 2071.195244857353, 1944.8348310154518, 2123.9843683379254, 1935.4926588977412, 2050.068458624551, 2111.7642372606197, 1965.4015971655188, 2111.1508460275263, 1955.2396376559539, 1984.9384926789915, 2020.1459959406025], "test_sigma_between_0_03": [597.459698570895, 1186.766468689901, 2027.699616141256, 1855.5628468162051, 827.5688112060935, 1833.145560876856, 1729.0742895976618, 1648.7521834732297, 1608.6710969424175, 1470.858868252173, 335.382477114702, 1326.1352991668061, 1708.4390497903287, 1775.1767831241434, 463.1264619213107, 1817.1817730979178, 1657.142559544352, 1685.3794283835928, 1963.6214958140372, 1505.52865638816, 1671.2372601413565, 1697.2242775894754, 1865.8489991479987, 1728.8006320518018, 2158.7226196353377, 1755.331730134639, 1943.646439194404, 1370.7627144511707, 1465.392809756369, 1013.2018509350282, 1640.906609067949, 1735.9495621242959, 1625.8775871229518, 2314.609347269927, 1672.3413239850381, 1706.271883459461, 931.2893413136848, 1678.1870641712173, 552.6578944552681, 2001.6215390907466, 1885.6170536228226, 2102.736859725896, 1906.086303365727, 365.0138097818762, 730.2202511731848, 1629.579514076512, 1706.8605807247013, 1916.1790565956378, 1834.6293776140149, 2284.327620170041, 1628.3860442827515, 1639.967576547032, 2083.669425899, 1859.095453319932, 1204.62644755359, 1557.1104680783385, 2006.5537464045929, 1764.2155605215175, 1795.003930558455, 1748.7424372782552, 833.2831857514768, 1001.3286628459728, 2091.7255653628217, 1356.8420789355719, 1825.3160726531125, 361.9476771090267, 1372.5507248810252, 1744.740409375751, 928.7754050753911, 2027.676617340147, 1027.198951698185, 1893.14841250786, 1836.7466512815406, 1783.0450979155246, 1768.830162509313, 1591.5590664261244, 1440.7533141668443, 302.1602566210361, 741.2916406651522, 2022.4206211243413, 1522.9452813216863, 1320.0540666287764, 990.742926371223, 1740.6780791037809, 1136.404305150106, 1835.5665544076173, 528.0466541888977, 428.5277193663658, 1797.6819734387564, 627.8636527135886, 1589.6284675768438, 1729.0743239034784, 1620.45887289649, 1748.0023808087776, 1619.0477734658118, 714.0360046461971, 1122.7032522206687, 1688.6180650228312, 1657.6780211069301, 1502.2025779935773], "test_sigma_between_0_05": [324.0732754984723, -32.77799553951337, 504.4620861365334, 1394.582503506883, 68.14207170607837, 508.6444347376119, 187.34868898745464, 648.901904862139, 1049.4087712913004, 637.4784131155831, 1490.5271478372688, 413.37081360419756, 316.77477170046194, 438.72236940613834, 256.5380978794042, 147.58142918410013, 263.0366737989337, 2132.8662061840823, 1182.2440447724523, 1291.4966412836454, 1597.4749942023648, 378.66523642317196, 887.7387639084744, 223.6242590342009, 661.9322192219811, 926.4079977754251, 1065.594263973219, 542.2116655884847, 72.24089802259122, 1203.8829402258139, 1408.4744252965381, 559.2262790588268, -19.68219834744959, -151.68743089410415, 619.5191993634377, 1622.2039970269648, 1324.11808140604, 513.1031300093427, 1176.5146744525666, 1130.4666527567895, 1010.0286382598447, 181.5606238049527, 307.5399556809202, 152.4871956185655, 582.3397531525538, 568.6253491916317, 1788.2753540866947, 328.46597458157515, 632.4295774452695, 1142.7190787643588, 395.8657808531716, 115.78526330283641, 1174.191534507298, 1131.077708603154, 855.2467981716297, 263.71770359261876, 622.0265234077697, 346.47427395971226, 680.2856247650144, 772.7461579659599, 847.5358129707889, 377.04929542407484, 1389.9654374031613, 1403.750594415674, 298.14279180548766, 527.2340772920973, 445.95449983230543, 86.79002974953181, 602.6138219519701, 423.40785400142784, 681.4107833307773, 454.9695002826398, 1484.8895829572893, 1424.9557260402778, 1271.6544158738031, 1348.5656556746292, 384.14500081290896, 679.6770075459873, 1768.6116968862095, 510.21181367292974, 97.44239659305741, 70.10079448241741, 742.873150695104, 1654.8236980327988, 373.2957965655159, 650.0075599027892, 1811.2509920014259, 1612.400496635022, 809.764323661681, 1460.0011071414433, 1329.3795843338803, 1232.2753860853416, 472.2790100185112, 248.68842906262122, 625.9152699575923, -26.259262338168636, 1981.5915096863325, 562.3512049050041, 1100.6770471869079, 374.32082584896114], "test_sigma_between_0_07": [260.92720842593985, 667.0015985448288, -1065.2945444055713, 308.0644043216016, 265.7918396363473, 461.25369485025897, -115.50260320840951, 1798.9573893555096, -111.8085101280132, 1142.7169484776364, 789.0096991777674, 504.483949043997, 400.0059987454474, 475.02109204471105, -620.5754524600078, 138.7748254271296, -1198.210202762528, 455.35368554577536, -666.7615722585973, 587.6027862201873, -516.8376451860967, -630.6838535559534, 659.412722924079, 151.17740118702054, 622.0283525196747, 235.69187309396216, 164.5897855988732, 245.15728748576072, 123.9100910939436, -588.8368569374338, 378.17356946538695, 743.5439800336306, 128.05681995399647, 420.3768699840106, -10.952321203114114, 207.24641989816104, 436.6356253460294, 105.09067580391269, -1.3314220684276308, 101.62267106360231, -18.447368121815106, -613.7881741496116, 390.2511468923977, 202.09408883218563, 48.16592769924898, 603.0469448323163, -413.51128693644284, -2208.3999165260966, 994.9808087736591, 111.3120637494503, 1417.1431560768594, 195.10856077334773, 998.5384316926921, 1574.497875934138, 600.1595136955696, 431.19766437382617, 462.22341980018376, -158.68358022211038, 69.96922518500939, 126.25131241282232, 322.6841002629855, 102.23640662970877, 1452.5466357905675, 46.36307511355407, -509.36239851202384, 361.1248525612192, 634.9217955030067, 454.75970443325474, 112.15439918443899, -358.95635171903274, 289.6344217564922, 542.9560413099128, 987.0945786362197, 237.5182243627772, 61.31851547770203, 138.68180238068734, 1255.8463540082869, -1058.4715442530176, 34.99933321499269, -30.999745039557453, 746.116222021099, 167.47396975439617, 900.3456860653555, 254.00339711160487, -173.53606970200644, -318.024647119871, 1079.2777697927113, -516.7003948649748, -229.7485847991617, -9.063655720459067, 683.2353335918772, 99.89369488822271, 857.3828249823891, -2508.6134073846197, -1175.4252292700253, 448.5501456442251, -1604.7063396509361, 615.9945677750541, 87.05068646674039, 330.234980538307]}}}