{"attention_ant_sigma_05_seed_3_2022-03-15_10-26-01": {"results": {"test_sigma_between_0_01": [1678.4353215038923, 1384.6283481261853, 1570.4255490606959, 1693.8235576919037, 1699.8531001439935, 1661.6266189795535, 1490.1203149180271, 1495.2872798424976, 1385.299412710444, 1703.9770149096134, 1507.164911185602, 1658.8124730626441, 1569.0945465316686, 1619.5115218567876, 1494.1670753323049, 1568.548399151363, 1627.0181141309, 1558.8010940652691, 1558.563348508527, 1719.5305720688257, 1679.4675707293895, 1479.8368430824582, 1550.852248618139, 1640.1914631508369, 1617.512718922068, 1614.0776375230448, 1611.719229246157, 1548.5104336699858, 1660.1846514050308, 1664.4953914824134, 1510.2590519809169, 1752.0368984822542, 1565.1608159926793, 1604.2191690878044, 1692.8383925237738, 1448.6820340409706, 1561.0942874852674, 1660.4063044494314, 1512.4224596208462, 1429.0174589946791, 1580.9323862965762, 1608.7944841012065, 1702.5057088452534, 1590.2016860170538, 1628.4831019933322, 1674.2785345292762, 1755.5480014620614, 1446.0251784268164, 1495.1431187060664, 1626.1532483580736, 1528.9644292137182, 1566.5334033511215, 1693.1791059028685, 1655.859080266352, 1520.9065575404165, 1695.7900909126831, 1463.1633359703417, 1603.0488245303452, 1398.6065497054242, 1633.804024183064, 1642.8381271245332, 1640.0211092188522, 1686.11655864932, 1675.4610109443677, 1287.8142665901644, 1302.6338718565748, 1679.365395221717, 1564.4284206173859, 1564.3909181568029, 1418.1632264575844, 1612.4194649803771, 1404.4329355792215, 1627.722465476411, 1619.2764072026935, 1384.5539543569935, 1633.2078138851239, 1584.8716863188006, 1693.356418908752, 1637.7033212080926, 1686.5529037290505, 1654.975261133975, 1633.6219210581032, 1530.0015942298064, 1664.2159650005867, 1510.3753019995154, 1609.8331221792407, 1651.2655549038411, 1374.9258891939292, 1443.6601185794036, 1440.9186803738844, 1572.301874742538, 1425.7508305043593, 1630.8554220364924, 1501.0739197527892, 1595.9063550964865, 1370.101314297571, 1663.1051808500067, 1629.3563996732148, 1628.0555673328358, 1621.5875056589655], "test_sigma_between_0_03": [964.3541069404367, 958.8257971222996, 944.5988659568469, 1413.9555482286887, 602.1791717506575, 1601.803951907557, 1547.9298502095062, 901.492215097794, 1414.7696665594287, 947.3109553285936, 873.4012073654263, 1259.9780390222993, 1562.3013144281308, 1758.544812818704, 1249.0765390693057, 1548.4793029504588, 1390.725746102214, 1360.6912013543517, 1185.9519269177779, 1193.5043482549906, 1643.384075279248, 1398.529006997839, 1641.2779781501877, 1650.6990737071756, 1389.7321491428831, 1261.4461612457085, 1699.8390563744313, 947.1471808291936, 1611.2621416973013, 1079.944235312385, 1525.7363405402868, 1664.8701783272813, 1610.5610312293657, 1736.5848589662573, 1670.6535962723378, 1500.71008145578, 1309.246240797579, 1208.464981687154, 1361.2205274700027, 1116.4130086875564, 1602.776193049369, 1669.2284982697518, 1154.8241703149474, 1340.3465976375553, 874.8586862194855, 912.3965341088308, 1495.3356969738109, 1486.1879775703335, 1512.1048903210415, 1530.734796115814, 1695.9688812606646, 1340.7839829778122, 1732.3783931535006, 1693.3009567904026, 1612.7295223377675, 1379.3014305293593, 1117.8346599909307, 1002.3447136234937, 1586.7559664138705, 1602.4965882429717, 979.596560176784, 936.5719864604469, 1719.4823264593049, 1000.8694549230212, 1439.4924579680126, 1436.7610406610506, 1507.1022688758376, 1547.3144905882546, 1277.819440710333, 1619.100276294792, 1554.577340256733, 1282.154246823851, 1546.5403854839549, 1725.3635510468505, 1355.8509461544054, 956.7236935301358, 1604.1755733148177, 579.3648483453893, 1515.727937633774, 1684.3629093348231, 912.1398451395077, 1362.5619074777935, 1230.1758537118253, 1483.8634404055645, 944.7612617980274, 1497.8129323404528, 1441.961631459851, 1484.7347436408932, 1555.609290437884, 939.6245908420673, 1228.4790199812344, 1360.4707426886587, 1586.8795471540077, 1550.2975554512711, 1302.1959456421534, 843.5775775289084, 966.1253371591498, 864.3777743260014, 981.4924335124533, 918.879272446692], "test_sigma_between_0_05": [1261.4688287942004, 900.3654515630519, 537.0364341282208, 1032.1503187137423, 210.93104855685795, 804.0262108008753, 701.5842530102224, 854.1251994235325, 1212.8970637588345, 1099.517674405628, 1392.8448480849731, 1338.4471748018643, 885.9169233652743, 1330.1899776495445, 358.165413083829, 1537.8208282695846, 914.5461806687698, 1588.512430405482, 859.5327340501526, 1429.11229740702, 416.44063701093773, 715.631809495382, 914.1837689880119, 236.07849776388173, 1155.2473711384298, 1525.8775969340572, 1014.8668630134747, 925.4592935022648, 964.2265092706504, 957.2541545579573, 837.6103134002155, 855.8415970787016, 407.1872892392464, 886.8437661901846, 576.7193931833258, 1392.5986073252243, 836.9319758395511, 1207.256537572789, 762.1036423787308, 1304.4041489170954, 1420.7621530040865, 1084.8769535008578, 731.7258039997606, 833.956085003509, 169.1032796983288, 897.0330808991953, 1219.8017315279576, 939.3818698532557, 1302.8600671451131, 1462.6600506831708, 1075.1076876719271, 712.2791514480733, 1187.2648790403434, 914.4795519540332, 924.9941585720492, 1103.255553214033, 874.9827455423084, 1332.4790566634824, 1433.3738802162259, 862.4725839633919, 848.3637545479658, 862.6614649541854, 1318.999029231984, -1.6981326241322714, 1321.6724069526927, 924.9622400586367, 880.5168914822956, 84.58223716027861, 1448.2320167850346, 950.8783561416545, 984.3603177414313, 867.4045591520569, 1367.5449373511362, 1086.9411668366338, 333.42110851440674, 1317.301777814734, 1223.1680658587209, 1056.2754398401976, 1424.714377791063, 1515.1683890060208, 1195.3448521413065, 1448.9638982156323, 962.175847096306, 1088.864131669764, 947.0750261361036, 1513.0749688391593, 1485.3301877025885, 791.2230093850368, 999.3575848109114, 878.5965599968273, 1279.876344725251, 1392.469639901388, 806.9219382065055, 857.9262551771816, 1044.8825185138187, 453.5738833617848, 1599.6449305421352, 1095.8015671854082, 1153.174318536795, 1158.3648332372727], "test_sigma_between_0_07": [695.588335310521, 927.6592214821712, -466.21562649459463, 532.5766323184064, 541.4998635333129, 809.0071374166104, 223.53416986399674, 1002.6645585848836, 87.36791247974843, 1092.4531234568005, 872.8302793698227, 779.7676291800284, 625.2104489393004, 750.7966707066794, -268.45414352982164, 905.8681847793541, -402.596156763911, 455.51853821541584, -53.43242913547871, 670.6644327894254, 38.692564344284015, 25.402294999657865, 651.3159609865703, 35.19022469865885, 821.8516963263961, 598.1151248842832, 235.51251177563807, 280.26854179729816, -34.931522029926384, 12.138958949346756, 536.9559815705858, 1590.057125086879, 1028.0719713186108, 1288.555719909977, -55.8553653089446, 742.3031044150283, 709.9470628977533, 654.2501740132413, -409.9360180669186, 623.0394265218805, 137.28206630778726, -1.579062517714995, 788.699757243702, 820.0102757916444, -17.63972622989531, 918.2799179674404, 23.832263378093206, -967.5091943774632, 707.032467954596, 933.3618411444334, 1347.5331405179058, 667.1467992122444, 984.2788867587641, 937.8522748123396, 635.8545133362105, 560.4999816912915, 625.5107551588117, -163.18037905804252, 515.4796414340259, 902.6369687819208, 1030.5607767243484, 4.213417660113192, 971.2648661710507, 477.2442793617487, 243.78538932838725, 497.1825923691231, 405.48356695719707, 650.2110045179693, 725.0129646808496, 217.99841876734018, 783.8238649655761, 725.7817204883552, 920.7100441616303, 469.7140962921168, 1141.6367997781692, 626.0577107324311, 853.07943633211, 106.50840281629056, 889.286104770021, 343.2138359370496, 805.138239952223, 252.64621351304243, 911.0322969293421, 678.4648725651069, -116.33571666688076, -27.064008937234718, 1357.9280062858736, -25.61101483054953, 413.1010215825558, 559.1636993668922, 860.3712434742214, 506.1994451181919, 948.8108775099892, -23.733759995756554, 68.5196421651875, 853.0658703038881, 110.1626766106199, 622.193290656153, 1184.0093672614848, 604.3286731636127]}}}