{"attention_ant_sigma_05_seed_1_2022-03-14_11-55-40": {"results": {"test_sigma_between_0_01": [1491.5620187473844, 1556.5603510953124, 1591.2599249145642, 1516.5839988667256, 1471.9543658029843, 1482.275676557975, 1618.6111322023069, 1550.3676977921236, 1405.2439069337054, 1506.3764749606771, 1436.7762348120084, 1516.139195346645, 1495.7962401946681, 1525.8023642013527, 1513.0420181042123, 1507.1905483163907, 1531.5028669492945, 1463.5193356666148, 1389.6771808180918, 1523.7798913574095, 1470.4089459152215, 1470.0311959370185, 1479.336230763598, 1541.541722535305, 1535.7727633929212, 1479.7782991254835, 1429.6601394548632, 1526.366926048184, 1515.6829450927562, 1465.8600281041863, 1454.78974459804, 1502.1765229777504, 1369.7987304299886, 1412.143303735219, 1557.1475535145107, 1511.645877199189, 1611.21675523972, 1486.4197967242715, 1508.9980220720229, 1652.94342159496, 1448.7200200201223, 1584.6882126914447, 1491.0782670857363, 1495.852090242492, 1551.129867867613, 1512.6919254560107, 1564.6118172371885, 1348.652744459592, 1433.8004265102197, 1498.4320585134462, 1661.4569580007026, 1421.6578641208291, 1538.2558820385611, 1637.5802928238052, 1545.1162944563982, 1507.6192951380033, 1540.3933181451919, 1395.230435385236, 1586.370640526903, 1545.438649866395, 1574.5402797171196, 1530.1412948335521, 1488.7418476131304, 1645.5454161762166, 1507.5767435691569, 1392.9610349106918, 1478.733844991783, 1384.7748351036648, 1529.917851063999, 1371.939026322106, 1559.3689725202867, 1465.1614173582384, 1457.1670109859942, 1463.5063739629913, 1537.5161393380683, 1510.3836054421802, 1583.9774599636387, 1554.1397432330352, 1371.5644520228511, 1664.5512811952315, 1524.214307986001, 1485.1658212376951, 1507.764546080902, 1507.7748333025072, 1623.6853090794054, 1538.0544821270441, 1506.6607144109535, 1560.377372702889, 1501.251998857083, 1558.9322811329052, 1479.4095907930057, 1491.640300512659, 1520.151961859355, 1498.9980754537112, 1572.4269535621427, 1450.992583340535, 1467.0987801979738, 1519.8626973936105, 1474.1317332600631, 1480.964481179068], "test_sigma_between_0_03": [902.8589566070114, 1239.7672705604832, 1192.4437586570234, 1658.9351004147156, 1656.7983096451956, 1469.4290902599103, 1710.8050948575956, 951.9123829264354, 1152.9520701378985, 1648.3641069107487, 863.7000870417547, 1375.646017831762, 1527.862376902171, 1497.1876177330732, 1108.398014176608, 1368.5648423165662, 1668.7935872415358, 1095.7338399490075, 1606.932661601382, 1559.1077575178174, 1529.9742107702157, 1440.6195861343272, 1642.4017575051978, 1496.5537555459337, 1382.6128557224574, 1464.7400027189535, 1679.3219470902513, 1412.9538957529585, 1552.9021463797096, 1196.348671805494, 1294.1552656277029, 1348.81502323473, 1545.8868715777137, 1601.7877761543434, 1484.3614642879352, 1439.0168584402104, 1314.2241211373334, 1126.471504794105, 1224.7209209398954, 1608.154010288669, 1427.3014110073912, 1537.7300120484974, 788.7822783727137, 1046.8744049746392, 780.0938251918336, 1049.5972032796049, 1248.9079327007735, 1250.9909166693776, 1510.847840457798, 1768.7953289531943, 1453.968870833293, 1266.9806815315262, 1658.1488316203183, 1660.0183081680284, 1472.6222394570066, 1404.2776495806693, 1223.8944729492096, 1290.4429361739165, 1433.5784977441467, 1614.4324871607862, 962.7525101922404, 976.8034027111888, 1614.3539221866993, 1348.863958656942, 1504.6502037111873, 1217.1951015883255, 1385.9468870485982, 1604.8590238072675, 1107.5234593312261, 1283.97262049008, 1405.6708556719145, 1286.828070755363, 1457.09437803399, 1414.2261942583652, 1171.304269635085, 1134.0810254596618, 1476.3555068959067, 590.4408004874103, 1222.6093524569756, 1454.3979266801832, 967.6183359929958, 841.7432674750785, 1061.5339395960166, 1480.316220187989, 989.3256383448668, 1437.9184206907275, 1354.024051423486, 1323.5930340869752, 1722.6772080980302, 930.2515244846237, 1336.0832432492698, 1435.4074274480804, 1485.6261977875845, 1426.90266132317, 1422.3612538646087, 896.1522619763563, 1369.0714257383245, 1092.6490118535562, 882.7299615848646, 1197.8699424445292], "test_sigma_between_0_05": [1202.811171087527, 1044.1857420218741, 921.414494773072, 1198.0331257995128, 909.6217144194391, 737.9162463643551, 687.6908534886601, 868.5812121437041, 1435.1706496032366, 1080.147692730343, 1230.2362670533716, 1094.5218380273589, 811.1774576854646, 1104.4754801156519, 835.9531765613331, 1544.187506970076, 1232.2722115191036, 1564.117815381457, 941.9264427263794, 1333.3304630527073, 1322.4435669745192, 944.9371502190909, 947.8653245169266, 435.79443722821895, 906.1099860648234, 1340.7703822005988, 913.1511390002651, 754.3974887856984, 806.4269840313782, 1000.7603702249704, 1306.6858557007538, 858.7825254653084, 423.19534126161705, 704.7207737254793, 1220.6271435101028, 1470.6202208324753, 1268.5816369042384, 771.7845405686197, 924.4292157523436, 1293.5760948713432, 1008.5240359023772, 885.0955472897211, 1080.4977915464617, 835.1031228302891, 535.8277778120519, 662.2636234596973, 1303.8220406930734, 943.2023560457644, 1328.521841646546, 1486.1609809189551, 1057.340913778836, 792.2692349811945, 1177.7364583788433, 1245.493223558459, 809.9463150897342, 1408.1486218078699, 874.7755477125538, 878.867885552003, 770.634309971867, 1093.6140414202061, 731.4287632399303, 969.6454751859221, 1333.0615486850418, 711.7739620010233, 1230.4137560308309, 847.8573097945846, 907.7037847813102, 402.9296494350572, 1276.9692373111586, 929.0522932655956, 856.1725459642098, 786.6624595088542, 1400.4923247825045, 833.3439006224481, 1016.9103510751822, 1308.3626992790066, 1005.7242092133189, 1043.3004540108552, 1406.5437241363466, 1330.2846947537817, 1092.070801723177, 1386.8469711156056, 771.0643913173589, 1211.5943194602976, 1113.1440992141713, 1190.3839329096131, 1009.2922012720661, 1257.8055381457746, 877.3623690127025, 1284.907369663573, 1274.8184588225688, 1162.3947250192698, 801.7157392914473, 789.9122612292255, 1414.9921348635528, 398.7788764903848, 1454.7277534683697, 902.1359666500017, 1236.2859007779368, 627.5094619769771], "test_sigma_between_0_07": [1105.81401078951, 829.7639381609932, -155.58793344483252, 700.2907439653404, 744.5410758823419, 808.0115546907089, -243.27500689704198, 1016.119803799823, -382.42554694064614, 952.0259519910704, 760.066079067878, 835.5214766373374, 704.7863260166378, 754.1981493887397, 52.232559385143375, 894.4671886775692, -567.8896264693926, 877.9743523509397, 3.550308434519684, 747.4060270672189, 75.27896066094105, -167.40013184471033, 747.8804740007093, 350.192038563738, 953.0134496666013, 729.1265042724651, 75.23213989738149, 491.6272614863932, 88.1798996067155, 127.83236719557495, 569.891673681148, 1505.4866579913469, 860.3659336286215, 1000.6823023340239, -19.858778082361095, 696.7592372389045, 715.5751051654917, 691.6087938093245, -186.25865760334725, 356.55494698970045, 55.26257851072004, 48.58156269952306, 832.3653609985486, 663.0909816655685, 623.9617495881729, 894.6031888734215, 247.88689710399916, -521.6268295241755, 655.9963637344525, 923.6471180165438, 1459.6508818316738, 860.7323706450885, 962.2294093653584, 1079.5755703346504, 593.4519977872956, 681.047663224498, 718.5453965927236, -219.2777449865594, 605.4496759411792, 848.8552976566092, 828.6961179528769, 150.97797766482563, 1267.5940521927985, 169.63093243980984, 164.66636744617733, 780.8672518822414, 481.8585652356489, 643.0331949619293, 289.5495806743261, 260.79171011459107, 847.0115161413372, 850.799685391939, 1462.6440551524727, 116.34609506483548, 523.1144320805042, 194.0996756619774, 1088.2156545100702, -18.796374628257716, 704.6718190624767, 743.9188490195023, 579.8936359116732, -10.39942304769211, 808.0017349336185, 664.560954672942, -35.09460616477156, 56.995408346135726, 1359.8017179869921, 76.27719019193462, 264.2834048351211, 907.9062660151008, 843.9237879232452, 933.4034060195781, 984.1521829322467, -70.74399884981683, -840.1293168895505, 824.5394986111646, -794.584686935563, 930.309871839172, 1050.6435459523052, 768.8592731616354]}}}