{"attention_ant_sigma_03_seed_1_2022-03-14_23-19-58": {"results": {"test_sigma_between_0_01": [2197.804150646128, 1882.359403224003, 2246.2373964369895, 2203.605874674347, 2015.1093788935223, 2036.237655894108, 2172.488156455932, 2054.8844112895054, 1928.184528291006, 2055.6132748990417, 2155.8655050448815, 2187.632230701576, 2051.7350450384147, 1852.819607310826, 2039.08407268264, 2030.7942041182273, 1963.3565838558893, 1922.6568056017472, 1947.3232158584647, 2239.6845878292243, 2260.3798911132326, 1996.697939352597, 2055.9252018479797, 2161.2039337909237, 2367.61812736891, 2264.192450759096, 1928.0914962651557, 2189.0399679796283, 1820.9358034411562, 2142.85485181021, 2051.527403205486, 2258.4016527427993, 1956.4022051652248, 2080.4879992470337, 2243.2641444490446, 2283.5303223918695, 2106.136977359527, 1995.372092217062, 1997.171374821681, 2208.1904678660417, 2064.7661707464454, 2337.3187355892987, 2267.461281679015, 2142.6685307791636, 2036.266496839769, 2330.2372343800057, 2121.2680924301258, 1791.9181072028277, 2143.628581505419, 2206.5614703763827, 2341.372088060839, 2113.811329320741, 1963.5169507694247, 2059.3447228475607, 2096.168651786883, 2152.1624442135085, 2146.994888522603, 1979.517161187584, 2248.4434628254417, 2380.4148278481134, 2020.4038622340381, 2021.9458901220064, 2146.1405396388327, 2350.965715298724, 2202.8051964764873, 2113.197244310582, 2101.3705348104377, 1787.9673760838023, 1997.9330695645472, 2067.3734832970495, 2203.5628747074866, 1959.9659197773929, 1998.1723314225883, 1972.938603009927, 2129.117644972768, 2004.6679946154732, 2261.8094536871017, 2245.542312977458, 1948.5252190672647, 2274.995107654763, 2378.457679839446, 2167.863943702031, 2207.224560817481, 2152.242921610011, 2201.1529013933114, 1978.6977009884972, 2059.701428026149, 1973.6543388732348, 2042.2026121255524, 2095.8184428806303, 1914.727960843544, 1984.884200750566, 2007.191558065335, 2134.7085732898613, 2158.738192491294, 2030.3090575767642, 2146.949190313308, 2137.641312646861, 2212.4390431190045, 1857.2646635924139], "test_sigma_between_0_03": [1437.492446449153, 1556.8978933894568, 2095.913128678926, 2083.5427451183573, 1110.6787719442823, 1857.8555570334458, 1892.9456400073234, 1878.6504881937476, 923.6109569083087, 1395.0334405402857, 1416.7300687275754, 1572.7633123880928, 2005.8826290827703, 1479.2900648220168, 1520.9117310899749, 1824.843500992919, 2131.3089502689095, 1709.827551781711, 2026.4813403051585, 978.2605645617717, 1898.0393610744482, 1859.705528414532, 1947.4270559516815, 1790.0002354887638, 1773.8146745357722, 1542.779414021853, 2085.649533327235, 899.0137220571175, 1673.34722699996, 1575.0518222308579, 1571.8296513275427, 1954.146722616443, 1693.1058804298996, 2230.2992508021, 1728.6443578548312, 2019.092800152054, 1416.3424236886683, 1656.2826575240047, 1691.0429697955879, 1477.4022088796444, 1753.8765679843216, 2046.1465805347254, 1963.8882316729594, 1281.6090722011343, 1010.0104066530492, 1758.2237141838448, 1686.318738352259, 1625.8208947680532, 1803.3082827657242, 2419.6454831676156, 1952.7913095482886, 1658.5781682121833, 2266.1018704139924, 1792.5112689078464, 868.314940571968, 1555.9802332329443, 2069.59425341851, 1771.3459974748362, 1854.748086697114, 1712.0069730425632, 1686.6989093894485, 1798.9081630652809, 2175.7321636469233, 974.8752833463469, 1925.0493008070005, 1264.8620656062246, 1390.9487338057006, 1971.6329647877747, 1215.9672942774919, 1830.720267305659, 1585.3762111045653, 1896.4503391925277, 1523.6267613933135, 1983.226879192981, 1769.129588987216, 1513.8365732853695, 1200.9064342587824, 994.8585276194873, 1311.356958164475, 2178.450908653536, 1701.5966295826213, 1629.0250939022178, 1359.7524662579062, 2015.5638495644112, 1864.615704938118, 1895.984160416527, 1860.8237994787, 1530.799959770322, 2077.1077926942075, 1254.7348267555058, 1880.946128661478, 1794.200506322137, 1633.9760811597978, 1979.5410930716141, 1661.7531556477088, 1036.5635133823528, 2106.1829504151474, 1699.4552017021329, 1901.1584488430788, 1605.147921943713], "test_sigma_between_0_05": [1048.1326695012822, 970.667520104069, 629.5948515106834, 1555.0170063214834, 708.2525290060922, 747.1708169810697, 788.7395163814556, 697.2912785399456, 701.7020964287308, 701.7288932821914, 1432.3071970262295, 1116.5534705066484, 728.0632272996705, 2048.63426267888, 952.5140095084441, 1146.407442035351, 313.2139790829484, 2218.159276006571, 1106.3439215919077, 616.6775340824933, 1301.608763214084, 684.249425882204, 960.0180082080825, 550.4689353859621, 406.2335715632037, 881.4969289801039, 1313.0823600063804, 493.66989884774176, 430.6442676902311, 1061.4033332123856, 1351.3087611720566, 619.5159412825333, 88.32864326810962, 237.8814454106105, 1002.6607716366202, 1887.1815461378878, 1510.4268811831932, 656.0779820370718, 1177.3979098975542, 805.6953477158862, 1261.8357181511972, 447.711697467802, 342.78592236752866, 689.2077293172147, 996.7953441898067, 584.5520799471742, 1793.6862314802415, 1389.913306577352, 1674.7755937183, 789.7051196345453, 1081.5719284641361, 444.25467176021954, 1107.5555184799027, 1139.8236218653929, 483.5567555375541, 1283.9676442562654, 667.171245658008, 634.316348028832, 694.4534337669893, 1230.2425043914955, 825.8125325373022, 976.6223452727068, 1057.9597983439376, 1182.9403575076797, 709.8610618395965, 753.8096067352608, 1342.0063836061472, 489.829923317711, 1433.5401850078356, 672.9523226157867, 1266.2914188885766, 797.8937428368265, 1328.3358464100304, 413.3118866027534, 498.0647888679867, 1647.7981081069108, 825.1956761160905, 665.8793747279624, 1748.1999849012554, 1470.4684637001692, 106.85619609558059, 632.6823008498859, 639.7427869138586, 1605.3579195370173, 649.007554657756, 933.4198289686246, 1460.0012272951399, 1307.5862437315266, 689.0063370910485, 693.1336794146484, 1575.1171029261639, 1577.4927404610357, 609.6177287987349, 238.93303980126066, 687.7555117543579, 342.22700435801653, 1675.4805080819806, 627.5037577223998, 1013.1427379359385, 736.8815892751308], "test_sigma_between_0_07": [906.2170375289669, 598.1561697682689, -1497.332600092836, 67.84263889395368, 294.84792435811397, 542.723811342557, -842.7703571776852, 1477.5140052518918, -1054.6580625496906, 982.4201629077195, 867.024475385835, 592.32272090546, 479.2445332178698, 523.2622597912696, -513.8959733223326, 476.15809437308894, -1255.1777065165422, 248.2703007569872, -500.2004578393483, 1014.1692816447899, 28.743231759931874, -694.4792038879613, 554.5122828711876, -83.2407538184679, 743.2020825881756, 388.2299520516829, 38.09140869969271, 345.70794020045446, 1123.9339007000779, -375.2564298972982, 740.7332018930643, 1808.7511650448757, 1121.5026672513807, 62.289376217876274, 287.5674917677303, 790.0325143897711, 421.32312914641193, 502.5873062714958, -539.9783811665685, 68.18907045370581, -487.8467551393796, -98.81579955620855, 416.7098270397921, 551.0642238711731, 1.5881266170035788, 939.2594067849077, -277.7881844716655, -1202.7909692294136, 602.9703159364229, 857.6649744078805, 1217.9557713766858, 543.7582605479474, 570.0478293155137, 1732.8306708595478, 641.4252496574632, 482.7947563818767, 646.3733123771765, -1383.6824710523008, 379.85461692037916, 1321.5771260655815, 714.7273743992624, -81.4209159876598, 1552.8264690428132, 195.38863014592656, -469.8496630124005, 557.6955274459118, 500.6338200159433, 482.25270436396585, 148.55763992991405, -50.35794914797007, 572.2777666058524, 432.10056314197965, 1642.6980262663888, 67.05970083563298, 16.880083153430324, 765.0740620153244, 1459.3148171000453, -2676.0021851986057, 547.3435136674135, 567.3055690942913, 528.2708383979831, 172.99371827199073, 683.086600769964, 480.8288606402511, -465.70655997322416, -333.55378619361176, 672.0065213920191, -224.0143136983971, 32.84260313899719, 418.9095773865381, 875.2156473630885, 474.3434956029595, 571.5870470399243, -2625.878869950409, -1027.3020563331036, 624.1786508797111, -1575.519209628512, 582.4136327068082, 849.7371060875139, 323.33202296358513]}}}