{"attention_ant_sigma_05_2022-03-09_10-17-50": {"results": {"test_sigma_between_0_01": [1451.1720556731395, 1229.127424150574, 1308.127911821626, 1391.790951260872, 1445.4452124239085, 1357.0754787233996, 1444.4682590963764, 1260.2782413146738, 1199.759011252501, 1371.3330944232316, 1495.6280900548377, 1419.4948425557513, 1368.6583932628796, 1284.7538160580466, 1285.4788353913118, 1429.8030277846126, 1348.5097092488554, 1396.2392101670462, 1373.0588013050644, 1410.2530487554823, 1467.6817802865728, 1410.5059259395562, 1440.8096981592385, 1414.845819936709, 1395.2710588639072, 1411.8077485727274, 1387.2755142598244, 1446.679707687248, 1292.7770777567227, 1374.7556221836985, 1368.8980196748878, 1396.45943975247, 1445.9329690659529, 1399.1272084508535, 1472.0952324702648, 1473.4238735695978, 1259.1632279517512, 1418.1290879636074, 1357.7452878414538, 1252.917753573965, 1441.2874782696026, 1307.1476073597391, 1457.2328146312523, 1499.8233867329125, 1400.4801176813928, 1224.6226646902712, 1367.6408610903466, 1226.3335118413534, 1497.747851052635, 1424.2599012292924, 1353.1260790146598, 1362.4823644570029, 1327.1153883970796, 1132.8189675697263, 1270.4760112720205, 1436.561360581237, 1312.9654810138557, 1381.4180276706122, 1485.8829130138638, 1358.748136676081, 1240.5201492765195, 1119.5436137429579, 1449.1754506971472, 1268.9137348651564, 1236.1232413089929, 1226.305160237838, 1350.228257270254, 1362.9290135649253, 1270.2596780679355, 1527.8173475809099, 1424.3522055530373, 1345.2170627140092, 1430.7442153529787, 1394.0269768624132, 1398.4676886355421, 1390.2411362342884, 1312.8213148818265, 1367.627290332582, 1313.039633142921, 1264.4256674931419, 1364.372936586806, 1406.4764001924677, 1474.413513056469, 1448.8349910206673, 1397.4590963391443, 1293.8043394709682, 1393.2109621763923, 1178.7251394708612, 1376.3748060054986, 1247.1545358970905, 1301.8633515957488, 1249.2240112143345, 1392.5447180295387, 1442.5543083057178, 1411.9009658846055, 1490.2482382818646, 1392.357229826677, 1365.8885234233321, 1442.2513747901446, 1277.0629277663215], "test_sigma_between_0_03": [964.784292339464, 904.0997346538371, 1164.125106911138, 1512.2871921624035, 972.039790860643, 1302.3213832171225, 1340.8839041546507, 1003.9487294170884, 1105.8681304008721, 1143.675150560733, 816.9355810456253, 1153.113235455043, 1274.5721109293572, 1354.9570343972796, 780.8914062779527, 1315.8206662699438, 1391.9616602821106, 872.1884418693822, 1269.2641228569585, 902.7792051434863, 1320.108862829462, 1504.712972508544, 1341.857115008658, 1250.126070601423, 1011.3265151406331, 1278.7459819845112, 1376.3787456758712, 844.1444240596926, 993.5764188467286, 862.2204660667496, 1218.1973718540946, 1184.7545171142976, 1371.4216773378403, 1103.3394580939482, 873.0596499359433, 1389.6096411683798, 1222.202033581634, 1401.7280412764285, 1387.775320354768, 1514.2753199117174, 1261.081406355797, 1644.1376964079896, 1232.3219607911035, 1253.1168510329446, 894.1478027049586, 824.9510431739341, 1210.5234735453132, 1263.8697510541413, 1251.7394026923541, 1504.2089914451897, 1433.049702230627, 1378.7170193903985, 1359.2787107541194, 1337.405098721698, 1236.8748082767213, 1332.4928090114406, 1133.2581356286998, 954.6731123256205, 1324.0530407887081, 1251.8677555994684, 1297.466098846509, 844.4075889370644, 1201.8919283403063, 994.6932917367859, 997.9519354009177, 1009.3448644145154, 1050.6035401597258, 787.5620256253438, 1248.4644761439529, 1030.952365685053, 1036.727479944464, 1296.0327228381739, 1394.6437826724068, 1190.971957603394, 1080.794048268819, 1309.8647076702418, 1246.5448559902668, 805.99909023017, 988.1525547117996, 1439.3014376543545, 740.2977250272028, 1070.177858706146, 902.2316857593552, 1373.7742955863364, 1194.3098705397347, 1218.34238634279, 1363.0058248422245, 1280.1944155895642, 1407.838020192101, 840.9641728952972, 1430.0773407988568, 748.2511367292082, 1248.2331590669903, 1141.4636513452124, 1293.9430276889238, 904.0287950269291, 851.1512021025598, 916.7922389411908, 1293.47713047154, 931.897053428662], "test_sigma_between_0_05": [897.1839430804637, 1238.326270637493, 1025.5649395330918, 1206.5692223366157, 671.6316935863595, 800.8074055728944, 782.3604811784622, 710.4087587152943, 723.9311238554495, 617.1901090767068, 1259.2428926253488, 819.9836554260875, 1172.8292811291567, 883.3060713670022, 870.4406537084027, 674.9293876351646, 749.317608225699, 1581.451068698975, 1248.1133343687177, 926.1529394006657, 958.6617299905737, 828.4589977667038, 928.6267694333626, 761.2390315467799, 917.9498766486748, 1044.8974333463273, 1010.4294652546106, 1006.995410567007, 732.1353390096883, 1334.670833282979, 810.7070968855932, 729.4694282496451, 435.76822477810356, 690.3143948129903, 527.1126524666141, 1558.7012685771854, 1223.4540190058092, 256.4431214165001, 704.0878392314407, 666.1406371598802, 1131.1123924188514, 746.9497797386149, 704.305883839185, 515.9773919860295, 786.1012096015902, 726.5761204490072, 1222.7159056188027, 932.2401254646886, 1347.579959348975, 995.3399580469652, 556.4633509025739, 594.0178348368338, 856.2127747691965, 545.8423243208389, 939.5918460126637, -8.356273589297787, 803.7616029956615, 749.4390626121009, 1141.6266418594796, 1103.9583152153912, 1186.6663931619369, 773.6388503159159, 1106.9056157510402, 543.7352618021349, 1036.7424754712024, 1025.056673512035, 783.5177842666076, 264.7698629511866, 1322.537488975829, 856.4314256373925, 864.0047473391385, 819.7007739030256, 1141.0484053798948, 829.1677850951673, 864.9031157028868, 1401.0662878725875, 867.0276508150815, 839.0814851233722, 1211.4695118178333, 794.4519057905671, 760.1953370055784, 878.5767876583917, 633.5337283455659, 773.2248532420844, 884.1843716747204, 1122.0425751718112, 1424.8119362489344, 868.984050366059, 1009.9842145634366, 991.7985216378382, 1176.4813073045405, 1072.1436958775416, 813.4770576648691, 664.37823768091, 909.3629858015212, 317.1107154974577, 629.8980319638747, 797.5836142145948, 869.0801688718407, 896.7188524722386], "test_sigma_between_0_07": [646.4966232644704, 838.6489153623543, 246.05705571577886, 104.90630531621719, 382.4500980730778, 599.0632332061848, -484.1791387776394, 1035.946344323809, 468.29487339340545, 1003.2541511425237, 615.9103004749113, 807.2120012509315, 591.7063824490638, 762.5261762668017, 121.86021580229865, 872.7940247829791, -584.2348318994885, 639.821732566455, -77.67933862627254, 459.76256955599547, 298.30348984796024, 289.4097049424293, 923.0118631379735, 1.6356137264097876, 835.9153905354045, 52.30220614384836, 64.42135179252506, 407.0258727926605, 556.8129231845016, 404.3286331790905, 353.10542174277623, 1550.3907495503245, 769.7458318916063, 1016.7959815351849, -34.2895673768202, 56.73655310798507, 922.6956119806176, 168.42917536988344, -177.74667803159855, 346.45491716385123, 46.723877409951776, 73.93604647039464, 947.4546074431804, 521.5776163725141, 617.6702664479149, 1001.228564606377, 253.35429048686328, 396.6590618527466, 923.1093529524196, 467.185493452249, 992.3303524172527, 824.8797555004393, 1014.6451505926772, 1166.8091122304331, 602.3496759122572, 457.04959016258033, 707.4506655410386, -30.11412479399278, 629.3683164358736, 951.0287634755675, 567.1855560913774, 184.24957202774826, 1265.7044532115372, 403.97490751704584, 210.79233419591918, 584.6763401648385, 513.2409680741009, 718.4464941652108, 661.6587265219355, 120.32983365078815, 576.6239699330023, 857.0396790539655, 863.7147828339383, 104.67725012477456, 253.17418472805744, 177.12033258770967, 429.99615894800354, 254.65690485991303, 378.69013021208235, 768.1989589948558, 697.0774811101978, 288.9661941930001, 874.0834144829363, 352.53836346739683, 401.81340324698544, 73.56997939792343, 912.1590270821557, 400.401080279052, 184.7280020688354, 803.0357009448779, 1143.0390679044524, 652.3644531103901, 890.3609506170378, -483.27408174591704, -115.51570504694394, 858.8917960405236, -661.4377626124534, 980.8591485944366, 51.33321360001435, 524.5916789478663]}}}