{"attention_ant_sigma_03_seed_3_2022-03-15_10-25-56": {"results": {"test_sigma_between_0_01": [2136.374497418123, 1906.8370249400025, 2275.214383669785, 2241.4349008112854, 2122.799793506037, 2158.1649756055795, 2320.970677025082, 2099.3935002354447, 1946.7219253762648, 2112.7796450249484, 2153.78230070648, 2246.9921078356138, 2186.680907732547, 2093.582778250078, 2034.2954037061293, 2070.5264560309856, 2090.6291244719732, 2000.2927028358438, 2069.399220295353, 2260.5044774221465, 2255.96202755112, 2148.514608223957, 2133.917878384939, 2177.898601821323, 2195.0664441812805, 2122.053388970222, 2024.6001914128096, 2179.359509919254, 2110.9999910416163, 2315.710199609203, 2051.282999272378, 2212.2928952145653, 2029.1100357125565, 2096.4621436843245, 2363.7545102985487, 2258.291374147768, 2197.8063745737168, 2099.2855730177353, 2106.059149900482, 2141.6540763094763, 2084.325465560045, 2164.8465417176762, 2176.971715690112, 2173.2152238736408, 2173.4556661326615, 2133.047892494098, 2261.9361966488536, 1958.8948407144997, 2150.198661834583, 2117.183579795238, 2267.2570181104898, 2081.3666709675317, 2020.8794641226996, 2086.312124191459, 2121.6206171692606, 2159.748112647878, 2119.6276714231367, 1914.674410438521, 1365.0132328760867, 2204.733110161135, 2122.834076781138, 1993.5131793443866, 2174.4469143541082, 2214.9327321262713, 2084.577457883667, 2056.301486489033, 2109.4266199056246, 2022.129554275029, 2000.716156868059, 2072.463554675039, 2269.2708503751214, 2020.6069132244345, 2206.639515301702, 2137.1128462306565, 2183.167509756853, 2210.9607691262045, 2257.788073978908, 2202.764163025108, 1980.8365499410543, 2157.5316461962716, 2259.400701186571, 2212.38535828882, 2168.53307382201, 2149.699484876192, 2154.7039842207173, 2071.4470642936094, 2246.9108916663604, 1876.271603128439, 2094.0284250091695, 2010.1785722361253, 2002.1005321259554, 2074.985545494396, 2053.4704256355853, 2251.5490819130837, 2270.8127066857487, 1873.7485043845254, 2080.3571839679903, 2153.2031174539907, 2105.088945935002, 2087.4393740905107], "test_sigma_between_0_03": [1486.4766947210308, 1571.6556028783589, 1990.9268007560486, 2123.158456542838, 1569.7424378172989, 1992.254166944315, 1991.637516517795, 466.96134316695566, 1674.9519574069825, 2053.8875562630933, 431.5596403387722, 1638.4512360372546, 1843.3243542616037, 1980.497344577114, 674.3449383941002, 1803.5235062416232, 1967.0799427154452, 1739.7673971302381, 1966.7753076185707, 1275.0514693558002, 1985.45660239457, 1805.0605814168007, 2512.1323938647224, 1822.889763821847, 1954.7327871072237, 1855.6429003918352, 2265.300320889179, 1747.5424710702562, 1871.621453851891, 1736.2644871267864, 1967.9801033779754, 1989.2181501112454, 2053.4526145823643, 2176.311405604114, 1422.1393747061209, 1800.2971007381818, 1205.2196364542067, 1506.5514406818825, 1772.8068546538886, 2199.2991923266322, 2051.766316362751, 2208.6894772111486, 1860.3724896167075, 1488.1157075479691, 786.0891948607436, 1722.1298243163158, 1788.1827406301027, 1577.810762455439, 1984.402042975963, 2356.8712029474823, 2032.6514082210656, 1679.10795073074, 2367.5675886785325, 1813.4626440552292, 1932.4680378828698, 1813.5412192240638, 2010.4878455416645, 1876.74119958501, 1870.4280264547604, 2077.959561225019, 1168.014790187187, 1532.79139540475, 2296.736442220265, 1620.1296244852888, 1836.3593809023223, 1605.536471465203, 1598.6978985988123, 1592.2940844493771, 826.8581470148342, 1776.019265317504, 1678.588813452111, 1799.8209585654424, 1957.1332284577784, 1902.9008731307745, 1505.1657552288868, 1435.212882175556, 1901.1095365639337, 384.4939786068223, 1572.9299966207739, 2131.6571857048557, 1414.8394078624574, 1687.856813117786, 1120.9847239715436, 1591.7368381118479, 1747.8401661181788, 1836.6734111041537, 1688.7980114291179, 1615.6497144444477, 2107.0264389770787, 931.9732008580037, 1724.0691135774457, 1896.789967757511, 2091.6606783668426, 1878.5871716168838, 1683.2751566528107, 909.6666254064424, 252.91262982412437, 1700.0646575439853, 1249.9423889884624, 1424.6507939214955], "test_sigma_between_0_05": [939.042463952816, 897.2165682206414, 629.9404293852962, 1434.2070436827416, 263.24803254745194, 534.9813830204794, 543.0381199134202, 684.522185988247, 736.7184879840794, 771.1583758108961, 1446.9365663767283, 832.0173657551179, 505.09286349142195, 682.085251873767, 329.98010803113897, 1807.5323130309873, 490.0475668016917, 2042.499861283268, 708.1276796078727, 925.4149823451964, 1311.1666940194668, 442.7343516680803, 630.973947406741, 357.0208538494706, 1004.9516197800411, 1710.0014361241135, 1291.632712806581, 734.0571633131179, 634.3269950414758, 1434.4562117772155, 860.8532862410308, 552.8666787944845, 122.12519371088567, 408.71134414998073, 292.4331327376432, 1722.473875273954, 1546.2428286128327, 574.7062562575941, 581.2639823989462, 1334.6183755338552, 873.4413201815354, 485.793220184704, 536.6544543535488, 170.63402714139073, 332.645662496047, 603.9645422354679, 1864.355350380024, 1193.5047310250102, 1561.596616055982, 1163.7463602376263, 565.7960346856995, 447.49344709244946, 1416.5108076557162, 991.1418182477634, 563.3984268393585, 847.897789461791, 783.0437975624754, 392.4642579143368, 651.4663424946267, 1327.679475280301, 643.0708340492192, 506.951306488758, 1571.7252445202519, 437.2953385467974, 663.0389770247951, 602.7807707470141, 411.54363812161006, 264.0833883795639, 903.5563234556316, 677.8434217957702, 793.4384371058406, 657.7039086781002, 1414.235806303707, 510.16819675401825, 1166.5742155643977, 1494.9657877456398, 592.9539389792188, 791.4612788713737, 1826.9992969333364, 1092.3477932225205, 453.04066173434586, 778.3491826442482, 621.3344725963012, 1737.7876366137841, 750.2765022660636, 1398.4972229782925, 1626.5927459178356, 1670.8298423414658, 737.2169152352235, 733.4285408279984, 1795.7926573880236, 1287.6009980129568, 437.9417545557054, 580.3587364134075, 728.2702310197393, 375.5169328095302, 1266.285055506729, 1061.3958645608923, 686.3879350431888, 515.4139500273014], "test_sigma_between_0_07": [1035.7974440844696, 664.98436289855, -1502.1408904479733, 125.14882862383081, 271.06832117540336, 586.2598768966459, -770.7840235382954, 1673.8292671124468, -1631.2708368082033, 838.4818485794794, 637.8821617498483, 600.0075591755653, 378.38297382566407, 624.9380547664723, -981.0529368770777, 629.7589966440031, -1686.6500681516286, 432.5494376059028, -55.35363576971286, 554.9827325462533, -220.11760072886105, -183.14338744637348, 785.7556339677476, -2.756635254199505, 520.0763466800024, 642.7636380592812, 100.36101040879144, 244.5485292418422, 1286.8030830373382, -618.8539886317164, 298.32377223978295, 1751.7391577879605, 694.4493944984781, 554.0875093703683, -51.231329885621385, 585.1130768191866, 670.1739702031476, 453.50910252914514, -333.5248664610334, 377.9089357300372, 0.5107522506805433, -3.1358922736791923, 639.6959133058925, 482.86611047544574, 35.14610638911398, 1241.2214643624454, 124.29469058473185, -1007.7391248907662, 709.8625794178595, 445.68650061454883, 1650.7632783356437, 532.4511318242427, 830.2905832524115, 1709.4768604923238, 436.2602956112982, 388.93241591542767, 566.9205116568064, -1558.1088553973955, 470.26296558687017, 665.3397171694318, 930.0018166757503, -151.3959988127581, 1590.707887430208, 102.35730774189857, -666.4044267007537, 167.10866594145912, 577.2317597111281, 611.6873308856829, 525.8163365284366, -98.35751589226719, 595.2756823147215, 790.7783240320608, 1728.3850958780756, 101.07003110256625, 99.5993858853908, 224.38151087923487, 1338.2425298340745, -603.6359465668619, 631.1546514874673, 529.4417694281597, 461.153904862481, 79.4849798433191, 763.0671218971572, 691.8026571018237, -305.6291127737525, -505.7111347460279, 635.070524186471, 38.924188319081466, 287.49365705735516, 532.6882738926774, 619.8780877780606, 194.16008505830982, 675.1664946841406, -614.3370437260938, -901.1150830971404, 659.456824898269, -1263.4442808719675, 695.3477851740977, 297.85325825495664, 538.9640168460725]}}}