{"attention_ant_sigma_05_seed_4_2022-03-15_10-26-08": {"results": {"test_sigma_between_0_01": [1451.063290159826, 1510.3140180649327, 1598.6145021028444, 1459.5277340673001, 1528.4050086073707, 1487.069168784008, 1685.6110165565362, 1477.8924345396845, 1519.8590260421572, 1500.2969235667122, 1485.217490782868, 1572.215641794864, 1494.3669448192272, 1583.285956580973, 1541.9266216834537, 1480.0376043165481, 1497.920670189201, 1486.729072131179, 1441.3403345460408, 1436.1377025485624, 1549.08088983869, 1459.9937619863006, 1454.6784471255523, 1594.1226111173908, 1567.314770430563, 1503.8206029496748, 1497.265188297606, 1480.9764932328962, 1511.6465489777481, 1437.7438701487467, 1452.816899592018, 1535.9063418009562, 1459.5288287597211, 1418.0275197141143, 1508.5189445527742, 1536.3658943205155, 1518.379522781138, 1503.2324906207702, 1493.4142431290047, 1652.6560874305517, 1480.7227042175514, 1549.266635489731, 1511.1394399443116, 1415.5048779068122, 1542.3367344853964, 1590.4938267924545, 1267.320895100469, 1517.1572905219361, 1457.65742974801, 1603.7732433056308, 1545.0878953703168, 1512.4294043706893, 1340.3133826509593, 1476.1254567138867, 1514.9856621558774, 1437.7221074815511, 1493.2984928207816, 1324.4382723034973, 1613.4833617192148, 1578.547077406581, 1499.0044836911302, 1607.2145529223649, 1547.4152818348646, 1606.897153183896, 1568.1183394041984, 1558.040367386006, 1567.3898381290915, 1479.1395606382903, 1468.692335907574, 1465.1664374750567, 1406.5348640940856, 1488.4651151675785, 1425.9093263001712, 1414.564323619108, 1568.0295580606107, 1218.8715295886666, 1558.1431722400073, 1632.17021867583, 1513.5600800173795, 1474.981535517578, 1623.2278970262464, 1454.1259226270056, 1562.7370927918462, 1423.5849803031513, 1627.9480687735784, 1453.2158953799624, 1361.8047572323335, 1561.249770600588, 1549.8689837356494, 1517.3874941009026, 1498.6840711473706, 1537.429802862237, 1346.3904078956366, 1505.7249284010197, 1447.850483408665, 1434.4965880044285, 1526.7778489995799, 1485.0167197869955, 1582.9530762427398, 1467.4663850860773], "test_sigma_between_0_03": [1421.8680882690328, 1459.4027850977934, 1527.483029201345, 1448.2297799031132, 1150.842141399827, 1454.7267545999969, 1211.7099786590704, 1399.3360973473984, 1399.7745244551, 1492.09813226418, 1401.5001462285327, 1633.997493604733, 1350.6138934528594, 563.2980590058935, 1512.75867273887, 1355.121251997334, 1448.5491080776073, 1682.3225711121863, 1665.5767549215127, 1127.2270091989735, 1195.0026582463727, 1531.1458866808903, 1380.5621609058503, 1130.5640678758073, 1582.758992658077, 1133.6311429598009, 1545.6027667923322, 1450.1444663227082, 1410.6500555872599, 1523.7847434157136, 1442.2947941367936, 1512.0574459105978, 938.9974942642358, 1610.4880889274389, 1198.7150217254054, 1524.8228049854733, 974.6533301387332, 1199.2833879076709, 1345.560528104786, 1429.8651763094872, 1277.8097449184083, 1506.6320587976838, 1500.9372181591611, 1255.1585655104166, 773.7036297229776, 1670.991535304165, 1397.594178668507, 1406.339809463436, 1375.08301030693, 1514.4711970035594, 1565.7551350722078, 1392.4977412471733, 1440.593169700283, 1878.0655157778374, 1343.6405858553017, 1438.1956591261655, 1393.65832840087, 1763.4121919857607, 1127.4615368261598, 1385.1192255846702, 1173.6161919005392, 1538.0075658759904, 1298.0205723575243, 1382.5935137478098, 1348.0777121507153, 1005.8186547664886, 986.3014837090236, 1161.8353700974433, 1190.571060106562, 1467.1258179763636, 974.9424038290185, 1473.498929179988, 1392.3462439548475, 1365.7671789290223, 1307.833955190876, 1448.551984111002, 1073.1322956302417, 1366.8412861093468, 977.6174479446275, 1628.7136719709931, 1558.2430871047477, 1474.1387069140703, 1174.6810242618897, 1483.8456283570413, 1467.9214430428751, 1419.9612991483261, 1404.5022580938985, 1384.4162706026036, 1458.1985971649674, 1415.144512205435, 1505.4779043028443, 1588.7956027092303, 927.1773670751028, 1361.0290875751484, 1303.2769601044497, 1396.96384232669, 1516.2804758564764, 1530.2857327480444, 1532.773335457054, 1464.135190993896], "test_sigma_between_0_05": [99.85123255329235, 289.25086995913676, 1296.451612671298, 1121.3707824131347, 731.7077391683817, 760.962085507134, 641.8563814033148, 632.7800522890313, 1231.852425227634, 748.9881361797286, 1272.1215186246607, 961.8149820355009, 823.7051134626159, 1461.7861886146075, 1330.258872904892, 943.9293121058462, 468.9269224162863, 1760.0892101772085, 1040.2557604691228, 844.7914547828886, 1291.0224341200562, 757.8452432534873, 1191.7127260680518, 406.34217014837714, 911.8532452269708, 1083.9510723080969, 1071.7983610468207, 1344.1241551771777, 839.4028829453961, 1272.6620474449246, 1142.8444155047519, 813.1516391893476, 187.36167635751193, 497.7233048657399, 966.1274617230649, 1651.5646479723812, 1562.6923821309356, 787.1088588436551, 1300.5415462907729, 937.9246166467548, 980.6876776785266, 810.2824715497466, 668.4036512880513, 796.3368715278367, 1096.1966479120274, 794.160010835819, 1365.361285358296, 980.8762690137552, 1570.7802128062156, 989.2607291491341, 751.8815881295075, 655.5196885432795, 1071.5095329377011, 1277.2847019703902, 1554.1057636601806, 650.7418033924199, 811.7479804518186, 762.6724701556541, 778.1046148480873, 1307.0976553384621, 857.1705937509687, 862.4639141854799, 958.6773781354383, 1092.0257025933806, 939.6205853559103, 925.2619998888151, 1432.1563741438686, 578.6923286905418, 1120.0455068875099, 927.0119162495989, 852.629822269819, 823.8954109148287, 977.0933946763537, 1320.374751294872, 1440.4742810059265, 576.996787427483, 946.3708902053546, 804.9606557005472, 1486.853356729029, 990.5278265623424, 845.7940377278252, 878.6800753174675, 641.3393182729569, 1360.9030162644456, 872.1472525580311, 778.5501124057691, 1434.1613118535165, 1167.39858534576, 800.9804935881664, 1043.4554990421784, 1249.033272775766, 676.4601860687181, 854.9874153107951, 820.674018205041, 995.2929327765612, 66.65447910979567, 1503.0996635597182, 913.2993382994578, 1065.9733651008116, 931.7682102975609], "test_sigma_between_0_07": [863.4931525023227, 918.9227038103337, -573.8062294422089, 520.3575862571714, 679.4864550013722, 705.9477413536699, -308.181969468493, 1474.36282871457, -999.8056232333024, 972.9560081898004, 787.3275536516536, 863.1214917242472, 646.8989819999629, 708.0724238581846, -399.23797337864994, 1022.699078913916, 217.1336244738165, 721.3892321872906, 0.7879127210515424, 634.7943668866943, 249.8013070900183, 387.16407572525674, 696.0859659301777, 163.86623817542124, 805.9048583341324, 172.34888952661257, 81.13762900331345, 254.8835230338318, 556.0899065105725, -110.96221168272882, 502.82216234357037, 1601.9691356282733, 1274.7015976768087, 888.8684622774496, 340.174598500722, 234.2020972024303, 787.5104192985461, 712.3383303809798, 24.28403939709963, 117.33264389643008, 138.26656817525364, 33.948452404740955, 782.4211207142588, 794.9372571703326, 560.2387826530594, 1064.715479423911, -121.18864383522738, -14.35670424546853, 1341.5424821745808, 305.1251762007583, 1257.1364504594349, 863.6594292920183, 907.392124010434, 1581.793452190978, 610.1508777441775, 530.0519708323246, 661.7044867756288, -19.569211623071183, 785.9986562180218, 892.5914271398532, 890.9906994829706, 156.54543230032723, 1091.34188254617, 48.80427731222147, 197.6123430199468, 492.315586332053, 401.3083308024154, 730.4835032542, 799.0857956386642, 47.775373578711914, 655.201440167835, 953.5961650486331, 1527.532514400916, 321.9566698667621, 498.5944964348951, 229.51904775309382, 1339.3203899858331, 359.92209696184017, 878.7846021615446, 706.1674512754694, 723.6878044156579, 217.13039702935802, 862.0938757206882, 578.5685001950225, 22.28828416970936, 200.7264650940923, 923.0582942404061, 151.28517569294482, 458.54243456291897, 714.7579722426547, 907.6790393062256, 761.4401319521951, 807.7618777824364, -44.62246574415186, -667.9393617860659, 827.3686466942535, -575.717735589409, 940.8537445496021, 772.4994437216864, 578.1391631729666]}}}