{"attention_ant_sigma_03_seed_2_2022-03-14_23-19-58": {"results": {"test_sigma_between_0_01": [1993.009167552329, 1823.869309663359, 2129.708744476767, 1878.7417845137202, 1782.7546702744924, 2001.1487021231594, 2167.070902768378, 2064.9997399034423, 1761.8215219923675, 1885.11456629307, 1982.910766668127, 1994.676551706599, 1992.2504653465426, 1937.9554310138885, 1857.5993652245754, 1819.214893494782, 1796.4217714650501, 1828.4739710446106, 1795.343851393306, 1900.223653223424, 1923.6084011044516, 1908.362293493275, 1911.1080132511452, 2155.8465703924453, 2163.3747495080893, 1796.1857578742854, 1699.2112192154693, 2145.5788268967244, 2031.8761988795482, 1830.4806322900058, 1745.9273713304274, 1994.755378656698, 1964.8240048623747, 1989.0697230666974, 2194.6475393468218, 2064.641245264579, 2080.7735789158523, 1666.246014317202, 1943.504330180494, 2036.9595155316508, 1990.420888419596, 2037.15726252642, 1854.7347799493896, 2009.5593056141984, 2066.63055237672, 2155.010171991589, 2183.3224782164616, 1793.0530729691593, 1877.2200116270667, 2131.9601404567443, 1964.2510820353846, 1987.3731520322258, 1865.5759280182147, 1969.8826578606045, 2046.0436431563865, 1880.0731348405545, 1949.0399102553781, 1786.3874987458073, 1969.9378258382787, 2018.5746316000254, 1908.4987445750494, 1902.8200068223055, 1829.3786929550538, 2151.6203191263057, 2013.7140649591342, 2051.0821590322316, 1959.3279426543775, 1813.0709739753715, 1978.0890102613994, 1969.3470576407892, 1980.9253370555398, 1914.5743037729449, 1736.491909882969, 1934.5437710228305, 1970.5971379811513, 1817.3564051724218, 2067.3203674617107, 2042.2815444293574, 1865.3301824383382, 2026.455859095609, 2150.0758096880218, 1924.5166649383118, 2003.5117834243513, 1849.44707566404, 2131.908403288284, 1811.6038992214185, 1818.4729578442345, 1688.5629462680913, 1850.1593967295244, 2059.602831729112, 1991.4360051204021, 2019.2709462223766, 1812.4869530442973, 2173.060194794196, 2073.9673111807833, 1947.984859653355, 1840.5898751342058, 1776.8641404979442, 1998.1072158563925, 1870.5878455695904], "test_sigma_between_0_03": [1419.7758965282987, 1440.7260583994657, 2190.0019703035623, 2031.9504939492926, 1434.799774587125, 1730.7973802075942, 2006.6911255834084, 1350.6720912419835, 1503.3354707695537, 2060.5674505627317, 661.1641525622839, 1591.2230899925507, 1686.5575100686613, 1942.3800580978289, 1484.4425719513301, 1811.652989600111, 2085.8454621393776, 848.1752524253507, 1628.6093370185188, 1652.368205399223, 2033.27066368822, 1585.814323282461, 2031.3807119593262, 1676.1186229557966, 1939.6820763901217, 1659.2502780033074, 2067.306079220965, 1148.085802590979, 1610.1771173813436, 1448.06233372549, 1725.3713202478282, 1973.102434046818, 1799.9604768862926, 2271.2607559902112, 1661.5344783302057, 1832.814252054894, 1241.312183851571, 961.1469093915299, 1859.643314033466, 2104.9396651247866, 1851.6393955345914, 2057.1839022993045, 1955.1147927114337, 1017.727695172774, 677.7780019618675, 830.5505406676285, 1724.3761360857377, 1677.978805255437, 1950.81451900977, 2198.080714585905, 1829.3695373584546, 1423.265911889454, 2438.351838322105, 1868.9038475660136, 1553.1399967835046, 1196.3450039652037, 2019.2467043879992, 1293.5365714999787, 1703.0427171432866, 1790.260806914697, 752.1399370184146, 1292.997768905334, 2120.6395406760207, 812.3835760036634, 1742.1242594954306, 1067.293966036097, 1452.136462641588, 1756.3717985763712, 840.5368687704785, 1942.2305972099618, 1697.5873932607292, 1674.6112820365956, 2066.107190142431, 1735.9348283900588, 1837.1914103582355, 828.487349961963, 1417.3942130946148, 656.4776551612382, 1629.2462004734539, 1861.3232678719935, 891.9617105576606, 1639.3182002918848, 1385.2126315757637, 1737.0628429162314, 1469.457956823538, 1872.877161271441, 1627.353692606372, 1496.0428414038888, 1929.0860842936584, 1216.8098305413002, 1551.7137833693748, 1762.385129548474, 1673.9497226108435, 1878.2051697162722, 1513.1318241956853, 718.3524991044171, 1734.6026097897272, 1641.3427378800848, 1584.44392142625, 800.4669132879709], "test_sigma_between_0_05": [437.48238369107156, 1123.9356951401712, 734.5644715347302, 1470.699730514482, 336.9563902916311, 716.6825926833133, 470.74476920526655, 407.59374626139163, 736.2022383074834, 672.8383482197006, 1530.6334667726824, 978.6172458562517, 626.6557806573355, 1322.100602638816, 1380.415769685823, 1687.1047344589242, 339.1767540780953, 2123.749345166553, 801.2244108573851, 661.2251399436947, 1272.5058541658632, 533.9306002035123, 514.8525787308841, 443.0022833717143, 660.9388126703113, 1602.2608955467388, 1371.8382483758592, 550.9608828144054, 709.8555870856109, 926.2355927108082, 2196.754758526001, 628.8969384187318, 29.318783856197843, 405.4872272396221, 287.3034005426945, 1506.3171010073067, 220.1591179003066, 385.2046181165959, 731.6862321140432, 1012.0446196670173, 1357.908526156874, 421.7260168656371, 230.16309074634458, 634.0457387295846, 440.2501447595147, 398.81097820635915, 1853.7000949691571, 1323.9480922906903, 1235.9837919963031, 1037.836835563807, 756.2484188457381, 616.0636472857542, 1235.227271494228, 704.1703134749579, 1234.7390210197727, 562.4139520970715, 702.9513369548408, 263.4086297026282, 685.3443487927997, 733.477588053175, 641.1088650298598, 1142.526453839378, 1380.2754773797617, 460.1422212505347, 698.5806141375632, 536.1123662223331, 584.9689509888905, 324.20283925578525, 1543.2932711954506, 976.907844878538, 654.6161190514406, 760.158502335372, 1507.571948064599, 1307.0666246863495, 1341.4284788656364, 826.7402555502197, 670.1101867213786, 602.3315983194141, 1417.1601230258163, 1201.7697771282517, 578.8181354730835, 777.7682887345811, 683.8027764196161, 1190.1251672997141, 785.112672363241, 1044.1177099634137, 1640.713213195392, 1231.5809543473201, 661.9069987869922, 1484.297886903554, 1632.70720477322, 1400.3957127307713, 755.5723533039425, 624.7448526439548, 703.0309297703835, 297.8061635299116, 1746.0017391246272, 792.0508130158684, 774.3899005866738, 516.3792781583611], "test_sigma_between_0_07": [1379.0403335099813, 464.6841876899355, -871.2190577145601, 352.88943092221297, 56.296783259327675, 627.8455924327144, -725.7300354940166, 1362.2345529061129, -638.2998554671384, 633.0089284220833, 543.9891048760923, 880.8392187118009, 528.5317748598246, 753.530317188349, -1162.065934621267, 291.63724607321785, -1807.406090953872, 500.84866178580234, -357.81443074081, 636.1559312505703, -658.6505043490863, -1432.9232900082138, 666.0263286670121, 87.83266870075747, 603.8553814309837, 537.0688957881416, 163.46876657252722, -83.8527235702495, 141.4812530118884, -823.3998833389384, 193.5793125389711, 1268.4351098345571, 743.0743633455289, 995.5690021442402, 4.056809818209153, 766.52161345299, 642.7958284434312, 412.9689293088885, -401.07859518732755, 79.69605801062137, 59.16077418464119, -3.1417074129305527, 594.2453852049327, 410.8488912275572, 438.0623465363795, 881.9986137884313, -387.4188551977755, -1559.6791245362413, 342.8247888067117, 446.432233485977, 669.0195484331628, 747.5352034475413, 750.6453669976927, 1328.2365578886113, 602.6839048280108, 397.1845541649323, 696.7687054214824, -546.8663906342613, 285.6181162852255, 557.205543978605, 443.6908923584427, -241.69705241726766, 1289.0208430109, 68.10160016402662, -720.3772516066997, 122.74500949295911, 624.3004115150442, 611.1580416334473, 409.76024040609735, -52.10903250846026, 607.1504503403787, 527.0040834109947, 1399.1664025015912, 77.15886316584799, 4.680895801023889, 182.093100786772, 805.523668140645, -2895.9896180117735, 601.1038486126845, 412.4773092931985, 518.014700344376, -43.57339578015817, 709.7212269956423, 372.7555191592546, -659.0915654005041, -1253.8202780044846, 776.2586996349322, -826.0958903073436, 66.53099539470132, 576.7767825927748, 658.2294704379726, 474.4505922868912, 667.0687224744561, -238.22296966970669, -1375.112023370036, 610.73362005817, -1385.625298783848, 523.1090338074831, 525.9292927750938, 252.40423183543933]}}}