{"attention_ant_sigma_01_seed_2_2022-03-14_11-55-15": {"results": {"test_sigma_between_0_01": [2251.031590537767, 1879.3297942453485, 2366.945221389247, 2319.4036832942743, 2348.3445112764775, 2260.3534847299734, 2166.9188815115995, 2449.7741870620343, 2050.26030953874, 2385.014419298625, 2172.832993503763, 2234.91854128174, 2332.944610023303, 2190.902012368419, 2401.5523847489208, 1994.2573268333626, 2336.392313590826, 2199.816548828069, 2048.7549734489553, 2341.629233069044, 2330.148693891226, 2477.2913178048834, 2357.649192947721, 2309.3009805564516, 2308.905142956078, 2348.1177491094427, 2183.5821558706048, 2183.26538530034, 2280.8734632285687, 2094.29397223906, 2230.609235082559, 2421.8866042765303, 2064.012026795734, 2264.402183084839, 2360.9310763918875, 2230.8569811188604, 2247.8554187314053, 2222.114479456646, 2151.644135184633, 2003.0465206829563, 2238.0704393949113, 2343.0725641848594, 2322.8282752853925, 2293.973451777284, 2321.611672599168, 2389.067697451739, 2572.7935831318005, 2006.8147162052876, 2282.632774923937, 2293.5180710268987, 2340.52099024639, 2398.9730487822994, 2114.601821698672, 2317.3592833664043, 2245.7528081539185, 2155.3732338075024, 2137.067288721059, 1770.3764913889813, 2157.1951879083153, 2365.096205919306, 2441.182878247482, 2149.2486497862155, 2372.00518499366, 2399.607804917638, 2262.7867641517278, 2124.680904415717, 2370.991681095034, 2209.2516530784496, 2283.3300008542656, 2091.660820573154, 2371.185026278083, 2162.2718209511304, 2143.2733180341656, 2284.3082098348427, 2033.7324339853747, 2101.0867101080603, 2312.718951423042, 2375.4912930427395, 2167.619736718723, 2418.5062080400794, 2456.3234928294005, 2298.6756025103373, 2363.7475766292077, 2328.6480629228795, 2209.810682364999, 2293.770452143102, 2293.380283249957, 1998.1938634260957, 2234.4562008499106, 2270.786132463101, 2202.3995167839353, 2284.738326736302, 2269.6331151343516, 2456.922072284887, 2538.5042098582057, 2357.8796309478826, 2354.258411401501, 2164.978091094493, 2341.096563174817, 2383.1845770343457], "test_sigma_between_0_03": [960.2366496929485, 637.5157297522375, 1483.936550731452, 1670.6005070511262, 1502.1888985090197, 2110.789436111329, 1663.620525829437, 499.3144888493757, 631.7484201238794, 652.4451825918707, 198.60390625213788, 1058.4742666760606, 814.5851773573078, 876.0644843901094, 164.56674109313013, 1742.4674278540747, 697.8475057817473, 736.6296406572347, 1271.367105305998, 1382.4789055889507, 1962.6972026593078, 1579.059268465779, 1060.4417111379496, 1719.2569683324543, 2017.495003955762, 629.0751901560635, 2058.604568293747, 779.1449533380422, 820.182422729389, 691.9671397161553, 1136.8763107620666, 1495.1238342261943, 1545.2624109650387, 2310.559117698612, 1404.2413139779364, 1595.498825502962, 816.0624644300751, 721.062564267637, 1208.6793247911985, 1680.9263405905194, 1716.1695715430515, 2071.9807646499057, 1181.9258276102587, 769.2736112291635, 293.4067331620508, 612.7248656325138, 1849.4957046668756, 1981.7563818330873, 2009.8274999341015, 1901.090583297447, 1175.4116594430554, 1391.554717170487, 2400.1381939618273, 1680.9701055487214, 1574.5172612660883, 1594.1573280894736, 1449.829449485609, 880.3517594170132, 1700.0970518844317, 538.8491791983062, 571.4036134895972, 279.3257734392478, 2377.455409329485, 1248.1928682908842, 1204.923211528149, 187.798437007281, 1321.8018175564403, 659.5684145484898, 700.6917472950774, 1075.681893941413, 845.6603810930355, 1615.1556901429994, 1211.1387829987025, 2095.770518904712, 1523.2626683245335, 850.3612433131589, 1075.08033794182, 100.25476020931968, 1315.9545152956148, 2277.4349910043297, 376.29764923979656, 1309.9733961612928, 648.9245860030142, 1130.6522654961825, 593.7017867584998, 1515.8431879088869, 880.9087810545858, 723.273702634044, 1612.8279407596713, 601.4171455491681, 1881.8736220011324, 1045.9058386971121, 681.7592056120471, 1383.7449721420442, 844.0325986946604, 270.37095596902054, 296.3072194050036, 1162.2694325198445, 788.5790513119846, 730.0514250364928], "test_sigma_between_0_05": [280.8019207278892, 341.5276449256152, 131.69271697702064, 491.10903477775133, 88.84329519651376, 638.5217854211066, 263.0760086157884, 583.3931830884925, 1154.6254038338059, 1169.3132012121587, 1643.3481956781984, 194.50849464479708, 432.3748871480527, 159.8515455344605, 158.01417877983488, 117.46418854523793, 356.86300344469873, 2091.6262255607, 730.8228979300263, 647.712788323643, 771.8340172015141, 202.92440447240222, 674.8159224625678, 156.12325194496788, 413.25476905030945, 406.4439570201507, 554.2679315674483, 351.73388683245463, -69.64463713477136, 836.3535598164806, 1501.6175199046486, 328.5420696979811, 35.10766631116854, 341.8674575899728, 525.680105179574, 1305.6481880600875, 1098.9174431851484, -66.43005822049017, 765.3581855535671, 657.6927148949914, 821.3179372234541, 28.399854590493472, 422.2570037094513, 93.29064141222045, 96.37596027144897, 618.3584368418774, 1288.8169942714428, 497.01941122802646, 1209.1920765457262, 850.3738795218815, 50.35839750094165, 163.96696448077859, 556.3570450810674, 638.6838161989591, 68.8895023956473, 889.0895057085695, 651.2930084766489, 533.5772410804988, 658.0817253316984, 765.934387484672, 603.1127190561658, 307.383832554628, 1252.7479843542314, 81.81851944276272, 305.2173195390394, 482.23448300086255, 188.76240889543115, 317.57275405826965, 675.8439443237016, 258.6018545114799, 351.18997840685597, 616.4905114284103, 542.8376171200591, 26.415258916477715, 576.6289569318874, 859.9253202675573, 326.389672675986, 438.2927414380091, 1119.25648760332, 442.94684227122247, 23.25092373433435, 270.45657954625625, 625.6244233183296, 1023.837480926768, 592.2405268285862, 1381.7040437692856, 1468.2775821810521, 882.3917083519775, 824.109454752845, 1090.6878149179097, 690.1516887998786, 390.31377497418697, 250.07992391949085, 106.60154252063792, 586.1501432116526, -21.42721511881828, 1228.201533209657, 571.3397107249215, 639.2419101879132, 518.0133536734121], "test_sigma_between_0_07": [197.1877026636692, 490.51385373820614, -1087.727771165174, 76.32377999204466, -462.9949070706639, 515.9658055411917, -887.4054093853026, 1237.7671508142448, -826.1469407533333, 738.5045911113441, 689.7137621840913, 438.7820742073087, 441.7471305593964, 532.5691153097172, -1026.0719989928934, 34.983335940091635, -1746.396230959012, 415.6705418527582, -163.94802890827862, 707.6314631752332, -396.32814731368256, -953.8388295673228, 554.3016033402387, -34.864603939212955, 486.9123080393193, 129.12969394312103, -195.4816140997993, 93.71144739675937, 186.22050668404836, -667.1391683760273, 18.162232929053424, 726.6762209590361, 745.6391915280212, 159.48778986461969, 118.63053391238064, 567.7764042878184, 115.30153389562447, 395.40087690438975, -448.9247441185571, 453.2810837091633, 8.409022312900932, -308.0566339507338, 532.5352619927583, 806.1110572344022, 339.5576621302605, 218.67960583099497, -52.09117689693374, -949.0036714842831, 611.62682057894, -3.5263509600539367, 748.0766705020557, 175.68719212184482, 722.3955611657078, 752.3925358902823, 706.536521589771, 119.77049728899728, 578.4397945108205, -1403.7466132785412, 359.852931067714, 24.383446949851365, 265.93490643229427, -245.89208738484933, 851.1635408310652, 291.2295299016955, 244.72757836178351, 462.43432780979236, 648.8405267682828, 498.4852751555944, 507.674779344187, 25.670173758351243, 311.2058917298678, 239.36052730170647, 622.1733853529889, 412.48012845755426, -42.907495917278, -134.8469399873632, 863.5201420887237, -2105.215015971323, -383.6948769415739, 482.9536724929726, 398.79044592715957, -35.609972087322966, 664.5620319717849, 386.8969017944839, -151.352149960454, -207.28752530907505, 1136.3669254429506, -50.97623402088213, 8.680314684379844, 234.029846048629, 735.7475908171158, 166.77946443859395, 713.7679038692498, -2366.962187582451, -952.8984241359522, 411.7236495362459, -1710.3447378900557, 563.0913999151784, 511.29033477870564, -87.04348415292486]}}}