{"attention_ant_sigma_01_2022-03-14_11-21-11": {"results": {"test_sigma_between_0_01": [2534.66598509969, 2279.2606823419983, 2533.0733221499017, 2490.9177544654585, 2477.498708279894, 2291.538676818797, 2546.789815290919, 2437.4428614826234, 1832.4696283947032, 2481.8417704235403, 2366.530956863433, 2423.8059508789934, 2495.314528992238, 2406.860542958989, 2504.8962467575116, 2358.6867962112688, 2530.4019774919393, 2475.734199469219, 2250.548261356419, 2526.2023152385154, 2535.9312580631463, 2457.4956780995776, 2401.5109215497205, 2678.566397986236, 2708.504026026826, 2616.701359442862, 2442.3017557303997, 2445.126142843318, 2435.22782303454, 2351.7363866117685, 2502.1048753425785, 2625.539229082115, 2184.4604142988965, 2418.3059560546444, 2601.8401479414924, 2664.438815307897, 1633.255690697115, 2333.138215627741, 692.0294488603278, 1955.075464388435, 2429.8516330279404, 2630.82054177813, 2532.9735525748306, 2469.375264719842, 2432.188544132317, 2494.100307556455, 2590.5952574704515, 1844.9034642373244, 2507.9168546084147, 2269.6768037337815, 2638.9723621835587, 2427.5231906025815, 1916.4917085011903, 1199.232287055294, 2424.1507079159123, 2443.408238314616, 2597.0435551827736, 2108.580951572872, 2590.304139862226, 2691.890706650352, 2402.0760792769024, 1200.315898878723, 2408.9363024281356, 1005.4593319795845, 2459.744966037733, 2446.7038532581255, 2405.7005684908363, 2190.1333240023896, 2447.9813702004085, 2389.889797865601, 2471.493929373942, 2312.2733048014134, 2503.2706357076167, 2426.387541249469, 2690.336936866318, 2184.576096771149, 2649.375032801342, 2712.4811675031915, 2270.3802882997934, 2488.0748350852728, 2703.5088676824003, 2383.1539312194886, 2485.7282598428214, 2422.319197620745, 2426.1120852278036, 2363.616201474143, 2396.052720287932, 1275.951639312509, 2601.36154482256, 2451.3604976154493, 2361.191380401384, 2434.38000431393, 2255.6121262586944, 2652.8080410153566, 2568.1300859988196, 2263.973163450936, 2604.8082847871565, 2578.44014884429, 2503.0478116967042, 2396.167047105452], "test_sigma_between_0_03": [760.7466409705956, 410.25913326793744, 880.7572307204204, 20.888371101442317, 834.326670765153, 2156.986949241023, 1663.7228266145096, 461.07376721139417, 509.93185964779343, 132.3879530076359, 566.7716684005295, 812.9989368802271, 953.5927524860315, 102.41889598331197, 291.65592862352656, 1623.313669263601, 849.8663907212355, 997.3421785141084, 1833.2275847720819, 593.7671239448615, 1330.378701691288, 405.5479581064149, 1637.3318054600168, 1586.7742751306585, 1056.637016408783, 615.5858979875619, 965.8204957562446, 944.0877946582242, 458.64794595040473, 411.8961144584813, 541.717622213395, 1604.0023956090054, 1027.1163285458542, 918.1780705942502, 506.86316443832186, 2221.191984084657, 370.9945345890198, 742.1855473270067, 1027.6718711674919, 577.9374558402934, 878.5658445556461, 2257.3969977978445, 649.5769351517895, 34.07106592486821, 383.00425803064593, 933.8972118634844, 2056.826521113723, 678.7778253586064, 1996.0095604398512, 729.8159708278806, 538.8550755994785, 318.2131581072067, 1648.5106470466585, 1249.5304833305163, 692.1190980894027, 475.0435314293255, 2229.077368209215, 1175.3581650957713, 1695.8874925674406, 1186.272310132769, 310.83079137339234, 651.8348768698974, 564.5855725819447, 1213.6153476991365, 676.631176631842, 493.4247160032191, 700.7216223052417, 1041.1272588816428, 333.8159460151308, 1188.5024013927753, 531.3495193197941, 844.0503212387146, 1897.2886497345173, 782.650682979923, 638.2462178658475, 583.3582784638362, 1199.5920374835557, 488.3469347658713, 180.7208390507513, 2748.9994128429043, 641.6749478449066, 808.8754898452853, 445.26771673642804, 233.32141826753804, 1224.3951391151559, 2233.2555655858423, 755.8535847533411, 52.21899580084859, 1395.2576193071968, 651.272307697722, 1935.78380138397, 873.1948732856263, 1428.6038133169911, 354.8008516552466, 302.24335210360533, 416.5193948131192, 306.83559827902064, 289.9645601094902, 200.95925604499217, 829.8094270788062], "test_sigma_between_0_05": [95.25264249524025, 255.73642835296212, 496.52365496358146, 925.2891644870579, 258.54528566003444, 431.63725867401376, 547.3553192778261, 447.4096877350696, 581.1987550465993, 758.7041541213897, 1318.468100352562, 275.0805983378574, 635.1551589529726, 399.60766618660443, 673.5612119265567, 367.7911198594955, 151.21889892205064, 2581.7350195305885, 593.4883940109257, 696.6920615116384, 879.6690313586187, 729.7523691028134, 482.82284400115094, 13.138930222741305, 135.923557204388, 145.62115795271103, 361.4912451616212, 647.9127607720411, 280.71560965273807, 978.7102656876713, 447.638971481533, 287.17095460300203, 177.51528649354316, 371.0049844285619, 227.00161622099415, 1382.1357061837864, 1036.8671961066768, 201.1956815875667, 590.9144348152951, 488.4973146510553, 648.530066614718, 189.34015941864246, 396.7411607533936, 342.7092371325644, 452.0592471905296, 632.7433724938028, 2041.2527576123691, 1105.3560598875813, 256.1619584053663, 768.6883816579094, 552.8112796685264, 190.70072223250173, 521.887813519506, 558.457921138833, 326.7425298882343, 433.03298333888654, 654.274772764338, 428.9591751302814, 123.42246308916226, 88.46556233430108, 695.1301028961781, 669.1053180535506, 1401.882463622049, 578.8997884736905, 527.0086998724005, 66.88402097738725, 285.88444805889435, -29.949908690823936, 389.8453097681892, 153.81915054522383, 506.0112057558177, 255.22457740587274, 206.24448830972912, 310.28302299488143, 758.9915895392676, 437.99367979502375, -66.68257297467655, 798.2527432922955, 607.2128809833758, 529.8371195682959, 76.5197701245765, 346.53065419921654, 378.6689824075745, 72.1564196479128, 469.61992423447555, 401.6552400275204, 606.7602906494024, 696.8669397058378, 668.2396518324294, 446.2492556987534, 257.3774937107767, 94.8619261568979, 397.41320332023975, 121.37336772868595, 119.44834440518738, 520.6521758865073, 837.0860721698721, 355.63879228327465, 905.5977489718351, 233.214822851974], "test_sigma_between_0_07": [557.3842040342942, 388.53051811858705, -841.4964047172076, 77.9834180040634, 264.50553692350655, 177.01560271684014, -473.79579515117507, 536.8279863497781, -2404.2068116108267, 100.38186620761125, -31.62244284451882, 418.2996584567474, 416.1612366599571, 220.3151949604741, -1449.6878780494471, 102.67891486637382, -853.2131710657928, 350.0806354403946, -623.9169466416838, 49.85442180150712, -275.9307467878657, -1279.0540474998934, 562.636627826931, 115.1341402892562, 452.48406383095323, -48.99740953644942, 48.70917611687039, 151.57333918508658, 33.88046618449152, -649.1727439062178, 333.93703467391765, 420.09614581532657, 546.7304021312154, -32.83427202919266, -46.32447723921796, 595.6899799968426, 482.45636177969, 433.72290620846917, -210.9586234644538, 77.49421364497539, 3.2267017183068605, 20.640147907522664, 219.79314409818917, 478.91810259328827, -17.642480781093763, 368.28463821339056, 38.7202467670853, -2490.983368069231, 340.2738949175764, -278.46032239493337, 527.9301441867761, 195.25675891178375, 562.0775843594843, 1166.07613376243, 330.61199113681846, 352.1397865262346, 601.3161060875941, -384.80070749293094, 234.11720430835072, 636.1940986781354, 302.5683216254257, -64.53629607943147, 419.30800850695323, -139.71853479713326, -712.8492288542386, 238.82377867286866, 488.6714335675717, 578.9374399975658, 276.3778898132002, 246.97299939279927, 603.9322928400651, 450.8256530313389, 805.1686231157926, 66.00082869294275, 56.72856996490445, 119.54721368911288, 1027.874510076019, -3128.135243713273, 358.49280051932436, 319.07329223987756, 574.4784150960602, -66.4186702782521, 638.868429724315, 217.58832464751228, -178.12365860630965, -1689.8424659542914, 615.6837623546947, -253.24316471336493, -35.12947249562574, 144.25835723670616, 593.9622522932411, 125.42445447731134, 652.2199248773654, -2714.7215153140373, -1145.636041993231, 537.1118996293526, -1553.0356705363315, 596.2904336226242, -1.1724738150864074, 167.85156326429612]}}}