{"attention_ant_sigma_03_seed_4_2022-03-15_10-25-56": {"results": {"test_sigma_between_0_01": [2046.441165566349, 1880.5118449861084, 2171.9924237374807, 2034.3766698822521, 1935.9330964517164, 2082.29688953711, 2020.1387508977361, 2158.3750219461067, 1948.9059227341984, 2082.3844199544105, 2132.4489530184337, 1913.0398434735775, 2060.998018490186, 2207.753373160619, 2199.105699368057, 1880.3693988562243, 2084.6688239769464, 1998.530375757341, 1955.6058188812449, 2050.7458055511893, 2180.8417451334435, 2034.3402232025594, 2062.8718323141293, 1999.9878143474405, 2294.1588023785625, 2048.6587316750447, 1985.1570861356952, 2068.827257870212, 2108.0245786515457, 1967.1018142129228, 1992.9682298391117, 2193.600354672374, 2102.3368692784547, 2134.1469233409935, 1963.0591522310922, 2109.9742430754077, 2108.8750494001124, 1906.2782649633873, 1858.6382915013994, 2173.370879724421, 2090.7365470227537, 2295.1929095634005, 2047.0837070836997, 2105.431241941705, 1960.254845892717, 2241.4487394304797, 2006.5427964510927, 1862.8991072843614, 2060.698876752764, 2048.3726647192593, 2228.4283098619912, 2123.2183624916734, 1981.8781846862366, 1872.4148458999846, 2164.8135164765904, 1980.8059636573614, 2156.8924544814067, 1960.7436651065914, 2088.8152184558303, 2336.655057135459, 2105.543242042148, 1989.3405834716445, 2189.488156193894, 2162.255249862131, 2251.1643377901996, 2153.7281551652854, 2086.9562994615358, 1995.7922188465186, 2048.9912648175077, 2042.7477544732685, 2128.9854127346835, 2023.6978882962328, 1916.358666520158, 2076.7214469034843, 2111.6275095222563, 1897.3660458064085, 2216.001644252722, 2094.789519067008, 1963.449909623167, 2141.7229285898156, 2242.7841286982725, 2146.359039844271, 1971.8436393296245, 1912.7241238371548, 2002.14362957132, 2067.3952332461604, 1925.4605745477027, 1972.1024898374267, 2074.399281158586, 1962.9361917325346, 1889.8008367579016, 2213.692185316417, 1976.580006321235, 2181.855163954822, 2175.8462479376917, 1954.9447909502978, 2152.798696513578, 2036.275159311291, 2057.13691090913, 2080.997319277482], "test_sigma_between_0_03": [1614.5546871061888, 699.0850599630552, 2103.654754703245, 1976.423629282832, 415.1626682688609, 1940.0309309295046, 1670.1163084244934, 1698.7055419525027, 991.60535919514, 1838.307774771798, 924.7873625918196, 1442.0463487128898, 1756.5903116669758, 1621.0848855250931, 1385.618247477262, 1911.2415819477135, 1727.562217371769, 1920.1477551534228, 2023.7278193493646, 1600.6452248495038, 1800.4186356940406, 1814.1007157817637, 1965.1918746395029, 1912.0125684078919, 1860.0442363381005, 1682.4518405259673, 1851.7449437171956, 1323.7321843610814, 1675.584353016532, 912.2938917184852, 1587.209273791146, 1942.428745072846, 1648.9788294504376, 2094.861660391776, 1589.0964061965105, 1847.7477249010278, 1436.4276107540038, 1443.363041408418, 1723.151487582562, 2019.8233687931768, 1680.2272877475973, 2191.152135079517, 2168.8022094003454, 1398.1304183146913, 697.7300266811335, 1818.44370681891, 1728.387481796603, 2015.4223208327999, 1926.0669825149696, 2394.8429496511044, 1708.799151868986, 1634.3147197893682, 2224.807835084997, 1654.7099244803999, 865.2783887881467, 1865.5145978352723, 1905.3484252383075, 1698.6533619990516, 1859.774112154512, 1856.9043895288169, 793.6459365680746, 1476.2507906515896, 2020.445817387587, 1381.4825794768792, 1758.188624677739, 1389.1764441503713, 1703.141130221779, 1765.1658444580198, 1218.185054687368, 1968.840378569682, 1889.769883229133, 1827.9054413460074, 1891.9629386377653, 1843.0603906202432, 1887.0636992648929, 1292.7538712882795, 1454.4396860995316, 756.2121340881648, 1768.530773270598, 2030.0192511344242, 1572.8858039152954, 1829.2545593614552, 685.9802457688714, 2041.031175086056, 1685.6002074020273, 1953.962413342847, 1452.8717033986438, 1480.1233778024387, 1862.3110498128142, 804.6412737812096, 1748.3243835501146, 1821.6370963685008, 1629.3499125056335, 2050.8821037916146, 875.530565371428, 663.0424634713844, 1710.5381640115768, 2111.313951451603, 1699.1380801284658, 763.7017577838246], "test_sigma_between_0_05": [613.0615366378995, 784.5364329344354, 677.5960752168946, 1634.1168439700477, 381.88111228209124, 663.7014921271708, 323.2243168972011, 583.2295604771618, 427.9884412371441, 268.23338260967563, 928.7503349856755, 1055.2352217933765, 574.8272547813632, 2516.4119237648797, 1378.0199762392144, 403.64195683218475, 464.4996698797077, 1983.8621252438934, 919.7889335045023, 981.690804800623, 634.0824505251531, 626.4699026281911, 679.6043886563749, 326.9137379189951, 482.7148915430588, 1268.3511226619064, 976.7718110092956, 568.2553549500086, 586.3275666514894, 1455.6216324135432, 1528.7859729051354, 504.42267902935566, 146.16185012229553, 251.32393439868747, 560.8428390313557, 1913.9189485717086, 1625.2834754303087, 357.58690756106114, 858.8495957074717, 473.5629002509452, 670.225879331816, 359.9024187127724, 440.12571863570525, 609.7701322135803, 356.2680731756271, 536.5545858432846, 1807.3540516088417, 1301.005374738987, 1710.6615514622915, 471.3496360680968, 568.1264142736037, 495.4416554361188, 1268.6924593559722, 1176.2367255545662, 1494.6592987670786, 244.1708846142269, 688.4500612899247, 515.1611216849042, 803.8915049623766, 522.4752512645065, 672.125566043189, 702.3309598368209, 1279.8431062059028, 197.24649325215867, 469.5863778751914, 626.1065298570336, 758.300842486565, 302.8501763565033, 1543.3352329908273, 776.3772235767258, 771.906922841281, 963.9748898776023, 1487.2698895326587, 500.43916237860776, -11.71832729332965, 641.3573395769623, 508.01047715469474, 812.0281033395116, 1694.3197276724063, 435.1627663185451, 201.62816061161016, 275.75798915237385, 805.479556627333, 1212.1375067186464, 596.5024982598461, 895.6350514482211, 1827.2615064635047, 984.3952553652657, 607.8438646286426, 735.7885727211329, 1375.6401730305504, 1397.895229379715, 600.9381049606594, 370.8872211084012, 578.3348782196921, 179.18879137674364, 1814.9022162961048, 914.1924188051634, 1049.7351866974968, 583.3900954816612], "test_sigma_between_0_07": [505.16199099643103, 644.9617260266971, -940.9640759470284, 105.48182109278278, 128.97000241930206, 691.5654974939704, -629.1010262310391, 1743.3135927252345, -1234.4194765969119, 667.2697695551906, 512.0041648373651, 688.4057346829441, 530.8163486240957, 510.4754080855829, -1086.2800746465618, 83.18467690350658, -706.3246164332274, 671.0932333101064, -45.29103242843124, 549.3304274424082, -865.2186998068025, -1375.009568333979, 691.3221246813524, 93.95365218043447, 550.3793385249348, 680.2072360567228, -25.94670146878635, -182.65244015649355, 196.6506006397324, -572.8641689065823, 112.67302418954492, 1697.2486950777543, 627.0328133910023, 198.36494518645327, -37.36595312898718, 420.9378471685877, 448.4090779106599, 483.87004917775937, -587.8136557495296, 243.74379168043103, 8.040278696871251, -34.61455032970262, 593.463980623502, 333.6158856769108, -16.34906498263446, 800.3042681113168, -538.4857855467886, -433.3112999424988, 666.8003319370479, 47.254719919088515, 1224.3704386240504, 640.7781890526999, 667.4840226150557, 1662.9376086083953, 461.728359251584, 317.4227788331308, 607.5302802785928, -1317.2510116041205, 16.234269215712285, 853.7595760949986, 211.52724912118268, -176.37033038061787, 1708.2421935886932, 120.4296955601646, -280.80312093851535, 344.49085777844306, 431.66290949510585, 508.3941615700078, 490.99639006462945, 1.2654872780723263, 489.12589684232483, 691.4744277078117, 1511.5635344509, 78.97832458696067, 56.32755983065582, 172.91112262043916, 1427.944588620279, -3141.811429693568, 243.33425282821142, 398.36284276883634, 170.04214439284138, -21.629761843131572, 585.1214003846711, 601.0366848483937, -852.0487960625574, -96.44611973176798, 430.7858513033931, -828.973659990738, 122.88032732062827, 513.2712687837935, 721.4452365942944, 127.9375416790761, 760.6979837038397, -544.7766714945442, -1072.6990777134827, 758.1609251952854, -738.5010408949795, 854.8565555277592, 516.8027111950331, 322.71792915811244]}}}