{"attention_ant_sigma_01_seed_4_2022-03-15_10-25-56": {"results": {"test_sigma_between_0_01": [2451.9091308815937, 2208.9113176273813, 2362.269701651968, 2452.8292439565203, 2325.113279226585, 2230.0688349899247, 2267.6484986219116, 2412.866501682744, 2230.144188255773, 2237.8811433878072, 2250.108533745628, 2028.3976370121609, 2377.7450920415954, 2215.6622914468608, 2271.01558092814, 1318.057573394237, 2254.4885600513862, 2297.3743400079156, 2318.232932435901, 2463.9532284794054, 2557.6374672252955, 2286.05274665647, 2457.8977655109247, 2139.487995365547, 2532.5789605471573, 2250.4385921088096, 2152.039790138041, 2276.53758086849, 2325.856183353482, 2046.8366768401568, 2404.9851626247532, 2510.405494721755, 1981.7072864565516, 2374.665804498988, 2104.2830196616915, 2198.4573148269765, 2429.539426071304, 2139.756519080574, 2137.8115952329513, 2295.668336554957, 2363.899357210873, 2344.9099903723168, 2382.0767301384244, 2426.6316448531243, 2042.73935122662, 2390.848535237819, 2355.7997199333, 2230.862779230148, 2457.055847482379, 2262.2580677754613, 2272.152612270828, 2225.388275835789, 1720.6051463434956, 2252.291538469741, 2377.5416096507347, 2257.1648844747233, 2279.8776440821707, 2133.9606677698534, 2422.774296192504, 2310.5292021042046, 2241.9076107856145, 2234.8963176313346, 2413.0415686420233, 2434.108008920049, 2397.593752091373, 2394.5375207909055, 2235.9868797280365, 2199.8408720373736, 2395.1221749151164, 2421.47510422231, 2441.257724119282, 2312.3636960685612, 2118.727427943247, 2311.9910321567704, 2287.217207081316, 2076.3565781861575, 2526.6518602061387, 2314.593349417137, 2206.6416511815146, 2219.937157436954, 2436.2490176052725, 2468.9197154094927, 2301.4171849979552, 2439.1571142043827, 2189.9148998892842, 2277.905093714529, 2158.960529706304, 1990.1005625307146, 2244.735731146606, 2425.9996322256607, 2210.146346012632, 2188.275537922257, 2129.893679759388, 2495.1640084444093, 2454.452706195832, 2137.1797391894875, 2402.2577972305567, 2267.0541569481393, 2391.3304997457562, 2342.799770320316], "test_sigma_between_0_03": [1084.165163208753, 1736.294345115892, 2110.5955947256584, 1699.9586426458404, 523.8016164193573, 2099.2726251904282, 1636.332802403444, 1245.083795883484, 370.10053340861134, 234.8472716869364, 385.4578325008084, 1119.675151049043, 1177.6269363082006, 840.5997538679824, 734.8348241375002, 1266.9651976356377, 1806.9074378237374, 1226.0032783738911, 1980.8599619637573, 1821.7698068348, 1948.0620434544428, 2028.242098175067, 1161.6750383389801, 1272.3438341955741, 1936.0001440855501, 869.2935963374409, 1489.6182267101276, 1127.2283043491368, 1624.2216228922493, 916.6726553238796, 1087.4120417315478, 1419.5548882207258, 1564.121788816696, 2027.8115510470923, 1827.8872795420382, 661.0773451494997, 633.3535582062432, 1241.3571584463766, 1322.626236013158, 1603.7138535124698, 1574.6853474710247, 1944.7324484266949, 1747.1006187092248, 543.6706237856914, 556.4738218900875, 1039.8187737184057, 1805.3120292934382, 2291.8226362662695, 2177.758298464319, 2231.8015600343997, 620.3822188396471, 1610.8364488171264, 2177.2683999938226, 1702.4169766218931, 458.01307259646296, 1283.5233765258404, 2079.1627383930118, 1176.4449819842182, 2125.2277887520972, 444.24916884885755, 760.9822982285601, 794.4228408858232, 2253.3839575775564, 1029.4258044690391, 1495.8659904405608, 511.9327491165519, 731.437843537755, 506.4085479404445, 585.6623373697789, 902.0367136780682, 578.8148055629981, 1184.6577160447723, 1778.4878748945516, 2041.1032370276018, 1710.5430103904462, 1145.4226787328098, 1499.6650017463614, 101.97750476277726, 563.6624398376665, 2407.4480284778733, 886.4396798249533, 1311.8902100843984, 737.8421219799136, 864.0506202264502, 1280.5072524645645, 1757.6464642077863, 685.5692080955121, 552.9999170047026, 146.8715559932634, 942.9308843322403, 1607.9408182957625, 1642.7838856279625, 1282.2610791459258, 861.6911916581358, 978.501802920439, 673.5000708646362, 795.2982877182269, -19.861566710157785, 1253.7011725509228, 815.1992867749591], "test_sigma_between_0_05": [138.23601770006354, 430.11513697545297, 441.2127385138518, 670.6070470733931, 274.7535833234812, 492.5187226327774, 500.0805659852256, 456.82805669910965, 923.7404236621212, 615.4172922294865, 1424.6255805994624, 495.1469296065918, 567.8612875362599, 1424.708772780383, 484.00044633024055, 80.55547527522425, 352.21091981518543, 2430.669798879188, 1030.3433331393455, 1221.473599815171, 976.3505362988645, 433.70564399146383, 722.669119927706, 215.62207673923248, 309.3671471237147, 619.732517553878, 892.9990063686668, 360.2162248627082, 345.94203408139765, 1164.257134974122, 1805.6807975832646, 392.01775309365496, 158.2560192850358, 171.4242027399872, 399.0902128952436, 1476.257628329196, -5.119790970694152, 51.640945175725, 279.1943975034982, 811.5250784470853, 790.4975289051417, 155.60969543947328, 307.6371980195881, 485.31225090544814, -36.234174799322496, 514.2526430161051, 1440.9483685737032, 923.6569001576287, 181.1022683689545, 537.264785864163, -31.65221310110054, 411.70832865989496, 1126.0600338013028, 413.76010072709795, 921.081461472658, -18.106053821028038, 490.7644489940324, 410.2990583417643, 627.0430169373318, 626.0394798521802, 492.00982112858884, 430.7777240040464, 1060.8517891793263, 505.95523889348476, 289.49743102943074, 190.66547257024797, 76.78844149832585, 196.64081875338613, 802.5888414116156, 861.6472726721795, 581.854859490357, 765.4805446480505, 408.52621035012936, 1502.665584443584, -6.4199692854119395, 907.7154963526204, 431.8749665428671, 626.6042240867722, 917.8087213979616, 457.17900383504906, 57.65693867140361, 314.92276812454986, 767.6249913695136, 18.414821927157753, 641.2168272119306, 851.1426232428626, 2031.2409386633797, 1510.9889903047585, 1050.484805689093, 661.1830590391169, 579.2005043302831, 430.47997276883666, 589.6800048878468, 506.8672045793518, 130.94944525482134, -5.073964176622397, 227.22848111460044, 415.90707247141773, 919.7600613807359, 617.2544121197668], "test_sigma_between_0_07": [92.25995789529551, 623.4733847992787, -152.30754692788275, 429.6432695336454, -31.128306157252563, 530.442301477479, -415.7117136339558, 1511.5761332116915, -2016.252535914453, 652.2271478912256, 84.88225461097751, 549.5520467917188, 485.84554485772816, 525.6044608016653, -1011.3402312646081, 57.62582697969337, -830.8966999188161, 56.47322553465199, -804.9591713328074, 5.693287293372834, -82.30349055164697, -325.7270711022312, 530.0146785418506, 327.1003500283925, 594.2604618498002, 101.07771705409681, -5.58900008977071, 161.88901677522378, 33.86247949747923, -600.3518085935536, 474.1431833328899, 657.8361804368325, 452.5591253890332, 367.899402718537, -53.571758127769876, 439.74717166840986, 568.6249181900142, 507.88848906135325, -294.09864411691063, 93.76840069712924, -11.980480306377297, -70.46550053662945, 496.91691799911354, 452.3338738860996, -29.836239211856444, 441.6470465927852, 36.69924172859609, -811.849200037126, 503.620124658643, 186.16420786899675, 1028.3847075354975, 608.3280316670563, 832.5443247415271, 822.5063116680365, 570.4796774768474, -24.377223060659897, 482.13750181559914, -1193.9794862219192, 35.20165475537943, 518.8751072260575, 375.71155058282284, -327.1793030700513, 1432.2520424423717, 381.2500856681623, 208.3146186939425, 462.201358977673, 574.6255006811841, 499.70575799411347, 74.43649107392984, 80.58476493699713, 347.3318314459963, 353.00072823690107, 779.7263960546401, 54.667121015780126, 16.72056301935809, 313.36400339265305, 933.6584173404278, -1259.8251369615198, -136.25521405706087, 24.02082657956491, 76.83242299918348, -51.55785152112947, 662.008090383766, 217.57797302877296, -119.30725980488205, -163.3932597319392, 799.6622184962748, -87.37895923193284, 212.8538212718731, -19.21696406594565, 854.5970266596821, 467.92307415236365, 521.3595803537494, -90.66214117658816, -1057.180130762093, 263.04404263508565, -1727.6938816516601, 680.5591696627141, 50.85184242053361, 163.47740006163954]}}}