{"rma_phase_1_ant_sigma_03_2022-02-26_00-25-06": {"results": {"test_sigma_between_0_01": [2169.503935626925, 2010.5143983472944, 2080.697998250848, 2195.6650528140062, 2061.2835680329845, 2132.6884120252535, 2116.3312310083197, 2054.4229846120343, 2029.571650704547, 2164.7746911401587, 2007.4885053548733, 2104.5707256249943, 2065.305802002465, 2059.4603534222474, 2004.113234144648, 2128.448782634926, 2005.0009280699724, 2002.352982044393, 2033.5226211518643, 2256.794815522431, 2078.3586056009035, 2017.4010127239674, 2022.660428682934, 2021.6484729034612, 2105.510612744254, 2129.4178929965706, 1900.9882286284871, 2156.954267138967, 2007.5167510415574, 2131.629070442641, 2006.5292812200955, 2227.3601228018215, 1897.4405112852999, 2076.706076093212, 2225.1026175534826, 2064.699173603531, 2021.0596916668917, 2047.4559604467254, 1976.506553313117, 2109.151097107566, 2121.619007321785, 2127.9507846935157, 2125.229452920774, 2104.2975884448742, 2095.608874544095, 2103.624178828882, 2217.8869018277196, 2026.2331371252553, 2098.6275209362334, 2064.3053611960136, 2149.7232854476847, 1972.606422127988, 1995.7289956873262, 2030.3617365343543, 2001.8775921395822, 2171.3250805129733, 2040.8111433586128, 2076.960589327495, 2058.6307434646046, 2116.633253980715, 2077.2772967714254, 2104.9482347590283, 2037.235395862661, 2096.9889480573765, 2081.968244890418, 2065.4226126947924, 2020.3885045516524, 2022.0080185842994, 2057.028927412689, 2042.2134002880327, 2068.905614876275, 1908.3932240639929, 2139.47766472713, 2099.2417168116376, 2021.055007374597, 1931.576981927379, 2137.93823118909, 2122.3306663831877, 1996.633580605695, 2077.6566338761613, 2082.8408370197053, 2099.5412512989988, 2103.696324549944, 2142.5702044600025, 2123.575482246496, 1997.6750108922643, 2076.047184317605, 2010.3157770853422, 2089.8919016633185, 1990.2569703533395, 1911.6442908989693, 1913.6884117943155, 2025.3747980229484, 1953.0676242745687, 2162.1489417644593, 1952.9668654312354, 2011.7602527574838, 2116.6344269977294, 2066.391993777285, 2090.387418847336], "test_sigma_between_0_03": [1262.9366462502178, 1645.9335241755884, 1697.60477554601, 1999.4968205206849, 1586.2166789150342, 1984.9857359657042, 1967.362654113883, 1192.6145586314422, 1540.7386712162925, 1374.8341928763991, 1231.7743411265606, 1308.4975847658368, 1811.7939509307782, 1874.498012787691, 1083.18465753155, 1779.7782119242268, 1645.3608632649766, 1570.7479385810282, 1936.5640650738922, 1728.7583286810584, 1979.2798935203878, 1822.1786195095553, 1904.7728346682534, 2042.8578493920472, 1910.6865611480146, 1750.8762313533998, 2055.826254258413, 1203.5320257150186, 1873.0019062971235, 1742.4035820028005, 1838.587455404601, 1517.7659559041779, 1898.4962401430728, 2236.20222228166, 1817.3126540148955, 2066.674325616732, 1668.663668515521, 1710.0292360887238, 1610.5737021860332, 2074.9721520823655, 1919.7294471635723, 1940.1838439064188, 1894.36847847414, 1298.734723401035, 1135.0959039857307, 1595.525618006775, 1741.9523069702043, 2026.6155860830866, 1902.687888127106, 2460.4408428069755, 1715.161760413675, 1717.548803346822, 2251.748792887829, 1594.4222243927652, 1797.744108741634, 1699.9950413761037, 1680.547371340581, 1566.7276057833383, 2022.78416452173, 1788.7562030536203, 1357.0544852983903, 1277.988406140041, 2167.280684633952, 1450.8034926548837, 1793.2629289273602, 1426.551102592342, 1685.5202814070788, 1740.8187801428323, 621.0038423250865, 1603.1335967297086, 1810.5336691353994, 1887.6582430270294, 1938.451265032859, 1890.1270316507032, 2022.948144512075, 1043.9388284796003, 1594.9092373982683, 1070.5433778895197, 1722.5979327647665, 1974.337973364987, 1218.3187790478462, 1688.1212784976678, 1481.8265684666812, 1913.7778569727316, 530.8301266046423, 1865.2064517053982, 1898.1254147422567, 1627.3764104633838, 2143.750680255749, 1347.0309718468231, 1426.9431808725117, 1638.7907224411945, 1827.513915063768, 1884.8788924529779, 1471.5864195414783, 1284.265363665617, 1215.6106765195736, 1249.6538777161827, 1753.03238227427, 1382.8302650000046], "test_sigma_between_0_05": [994.9884177172471, 1131.6457063464068, 910.4453693825727, 1151.865328961426, 414.91241640008855, 727.6644085546006, 617.5025042370086, 691.2979785087578, 572.1305569444992, 1404.3731495300271, 1440.4759692980922, 1390.6749553503587, 615.4717083679444, 1087.4621401244317, 971.1648802790114, 1403.1241994180773, 547.845797433198, 2017.5686135754836, 1336.418818380926, 841.8758895369101, 1231.9764790198465, 709.3764155765559, 896.2331612597752, 289.67816634932296, 985.2492361986693, 1635.8457225038442, 1382.220047952647, 768.6186677988562, 651.3559491250737, 1370.7186221697727, 1470.0460754394996, 731.22754367405, 212.9466074766182, 608.3333241587397, 383.452637202236, 1874.5232692722311, 1122.6154345026468, 555.8048989329459, 1157.6243787088467, 1396.6763882574817, 1023.5012941380124, 732.6184390954223, 544.4158322021653, 545.565698195439, 469.27461010585336, 698.2275937693763, 1581.6458834545676, 496.23722019185357, 1828.44442666442, 1544.8135585674177, 453.17074752677865, 618.2613917775391, 1317.1184146112384, 677.928897841216, 770.4333277606981, 502.2556815678576, 729.3558544336929, 698.2784328904913, 1565.38929950404, 818.9182975752854, 1447.079213975784, 993.9860429134683, 1051.9117052747915, 544.3373021959634, 1034.2709121731884, 1034.722691880978, 943.6000887252648, -35.47820743237682, 1540.0132499698898, 261.13539487115474, 968.8433381961091, 1095.3900384889544, 1138.6909181010901, 991.882937294918, 1129.9354997748471, 1517.0888813610582, 1096.3580525269897, 823.3887727348106, 1777.7677364596634, 1282.8052429504812, 775.3542277751154, 889.8472397801461, 719.964208113496, 984.7873030083132, 1204.4527561259952, 1676.3402062108414, 1695.4179201693169, 1319.605582745431, 1166.2705290672975, 1190.0952480331146, 1361.2454084813976, 1345.6602533247371, 726.5434560863798, 665.9120464072192, 1049.7114290265088, 4.3871365254482875, 2023.0952681231977, 999.4850560348953, 1271.202525088974, 1155.8363645939519], "test_sigma_between_0_07": [1020.2742292174023, 861.9651731532983, -1417.2410667587128, 89.24665542736479, 463.92100733294615, 805.6795299838138, -729.0389374189518, 1698.4992734118011, -931.1127064848915, 685.3432727579169, 568.3226811625377, 665.3391235579172, 220.83129350657936, 830.2039432187992, -310.6826792602631, 519.5895728133266, -1635.9996946973565, 613.2883635283401, -458.2390638202192, 568.8766424835339, -535.5474576129112, -482.3716796900044, 724.4854960475016, 98.73723699514208, 456.1311806753826, 551.6302128855399, -19.03780303116509, -36.32273486639172, 5.6144222111615765, -628.0129327110528, 570.1036608634552, 1146.9791907410636, 773.6909880533243, 624.0748800737289, -42.7246889181144, 974.7177183476723, 404.13637296168037, 704.5938902146056, -392.0596944250122, 475.9643947573238, -38.97662745199056, 36.59754206080397, 850.3371766327222, 406.29187756476057, -6.358056334237338, 1047.802318649627, 119.7188800593431, -1146.5266993060243, 707.0824204899391, 1044.055847940581, 1611.6041290345863, 700.6902176209551, 1060.3284863770357, 1527.2917970910887, 560.261548555661, 416.4246127822271, 481.01359359142043, -114.76348555874137, 813.346694827506, 566.1089621139257, 399.0669513237841, -93.70927209285293, 1526.8770953367373, 86.49622493337078, -675.412803401522, 850.435184126493, 528.0164364899363, 624.2544403837254, 551.3788563786474, 508.3768027515237, 641.974483841659, 862.4875915877559, 1733.4723809220739, 406.47788313744826, 63.52572743861209, 324.5297063725783, 1063.0739577058835, -1923.935853155113, 432.3160089729407, 56.75287886698621, 357.9799365251007, -25.305701505314214, 1051.5995603796691, 461.3370913347323, -74.14169478594413, -540.5875891904434, 1175.1511725867629, -183.47836346579422, 66.03311454510978, 591.5646974411233, 516.9893043401911, 670.3745839268785, 831.5768465634413, -520.6349483647133, -1168.1690158316585, 541.8022724296494, -1482.7558932214135, 819.3046960943055, 1100.2554182409142, 519.4380424084599]}}}