{"rma_phase_1_ant_sigma_05_2022-02-26_00-29-34": {"results": {"test_sigma_between_0_01": [1847.8086249880248, 1662.4042918928221, 1903.6118881253738, 1673.2205754339948, 1695.6343024662049, 1569.515762145119, 1895.9763096946192, 1829.8185903278388, 1507.276088779243, 1632.1492185658894, 1654.7756921634884, 1611.89806075915, 1751.707314538733, 1898.394036563942, 1821.5454951967674, 1512.4047670281773, 1811.528570239739, 1722.8914137786028, 1554.63187283641, 1833.3722790698728, 1834.2011420630427, 1829.8266545790805, 1693.9249549441008, 1797.1365783689937, 1927.0354605195155, 1757.9318338809937, 1553.123939513942, 1624.923826333567, 1636.3607511966234, 1758.8278845493546, 1734.2015107051193, 1827.4821017593897, 1578.1703976419353, 1724.9190229864148, 1750.5170754649962, 1731.963142577715, 1841.9562736583837, 1608.4500459420203, 1630.108360561114, 1951.1018945328983, 1610.575347324493, 1942.3767608383896, 1823.8819527692335, 1525.8879155349555, 1589.0077980845851, 1875.9025258211464, 1827.4424763761754, 1495.8687245572003, 1809.5758772754052, 1898.8057399062504, 1908.144999761205, 1695.8039789770432, 1448.346173677762, 1761.9727906540131, 1830.5149839093829, 1657.6502494757708, 1868.9306918435268, 1554.3100870793771, 1670.9211441134787, 1950.3193594050208, 1646.9327798761383, 1786.3826452247554, 1766.224665014435, 1886.1064088814483, 1759.9846148911245, 1745.860222859043, 1854.1630337368038, 1547.6285814727505, 1604.3846215367137, 1703.108455884307, 1833.199345141053, 1694.4109435740909, 1631.1212806864105, 1627.4168429098445, 1773.3403644299144, 1574.7839086956049, 1940.3827534179284, 1920.087719389961, 1513.9259500343765, 1831.5697975686917, 1920.5534555425077, 1673.7985286262356, 1727.9020220973923, 1725.4648539330656, 1873.9337116823444, 1530.644874756154, 1628.295900214326, 1571.548213031389, 1905.398715084856, 1767.8499832046207, 1460.408960490954, 1829.195081319485, 1413.7910972413936, 1790.245081993729, 1808.6421363752988, 1600.152138621477, 1840.6075634417257, 1822.0155178133452, 1900.316755403139, 1570.8007642146954], "test_sigma_between_0_03": [1522.6328769391191, 1505.5955769413106, 1699.703576328345, 1585.5762676375327, 1143.6414770013341, 1524.60895231929, 1589.5851542772887, 1710.6765951053385, 1411.2941611921572, 1600.887334810596, 1175.240529789559, 1472.9375689064175, 1536.6749632297228, 1084.373382759226, 1335.594785356833, 1356.7491188111546, 1694.3678118440373, 1436.3642078923976, 1450.5013292400533, 1462.5459412746336, 1641.8669128559582, 1548.5611122833418, 1366.3015311723007, 1419.8661468632783, 1686.0426687034303, 1107.697941223532, 1558.499495091955, 1334.8736768068004, 1492.752983233967, 1535.6194248520658, 1370.9202394271495, 1623.97834817039, 1367.2994489588234, 1703.3075922563446, 1431.9950271725036, 1606.1854675415261, 1239.523193195717, 1375.733528805809, 1425.3908649409577, 1544.0754127224304, 1284.3464282084174, 1612.664092037232, 1724.6710044097185, 1076.270459360505, 1076.2492613538614, 1595.1290282362368, 1412.0865754275474, 1612.9195393834611, 1645.1592311990544, 1763.0071743055862, 1429.3160423410857, 1432.558887351871, 1758.2302983321267, 1594.7956902461437, 1199.994317451349, 1302.9918641278816, 1578.3360269247287, 1566.2830561784128, 1456.9504899057365, 1286.5096428191537, 946.09263206458, 1714.4314206068193, 1749.1684450713415, 1291.3997177133147, 1453.0535227785713, 1071.9404816689005, 964.1659271315029, 1270.486855462375, 1236.4415523247587, 1655.3211115346678, 1020.5461302451565, 1540.5436666912938, 1595.6537667395028, 1587.1425128748092, 1563.3714368504623, 1323.1062386891836, 1413.1089367635077, 1066.5331215610313, 1199.1652506269934, 1709.3226966308323, 1605.0724527669117, 1373.8759365147387, 1254.4330761307751, 1422.2895946969138, 1591.1377679874427, 1640.6226926939305, 1394.9020795389588, 1095.5180874251191, 1569.9954461431828, 1423.9480743321094, 1554.2313420782727, 1447.9603169785173, 1378.8333008805416, 507.48856886608615, 1271.5466177487378, 1268.60492774901, 1722.080212640802, 1501.791522365459, 1509.4778588853333, 1417.5524918939755], "test_sigma_between_0_05": [765.0572864605465, 1123.6485228648767, 1348.33375850404, 1266.985309747946, 692.2137325312145, 853.4191591101824, 379.4470178845119, 682.6995120883414, 893.9549981335449, 792.754336002982, 1101.1942155111028, 812.7844687588541, 905.6265159714379, 1569.7898993505057, 1331.0799713479255, 970.5262890132801, 745.39451033816, 1728.1434460145713, 868.7985518501454, 815.0140869926231, 1363.0176916217843, 642.9630850762402, 794.9124584503646, 599.1633270696985, 641.714125782177, 1319.093346717175, 1266.5473208352903, 1149.0003125043768, 658.3065104816956, 1203.4239379158557, 1440.483912591707, 927.1680851094175, -0.09412651806633265, 627.5994068957673, 658.1906524876077, 1651.9754876453333, 1315.9110959649659, 347.87504939253694, 1121.6929838465371, 1121.8883975338085, 971.3731720082905, 652.3614664826327, 528.0755124949516, 619.9809409551024, 515.5362149856759, 660.4286792163296, 1598.4583073103793, 946.9888393584196, 1549.2562368469137, 979.8294695286902, 638.2529754659913, 651.7751790436484, 1155.727432751735, 630.2269266644355, 1454.6758084672333, 603.3140832400786, 837.6257823396342, 837.1157682236538, 893.9823992778202, 1136.4927758834792, 799.1699442325721, 1030.0261981772144, 1066.9432358773622, 1103.2402405229684, 750.9542421244289, 846.1625722694391, 1212.350984194397, -2.0407266731548597, 1347.1331318695925, 902.1610590737125, 862.5965183792391, 946.659316641736, 1272.1649574650628, 1302.7880971486593, 1167.2964588512198, 1291.912408179525, 775.104132321073, 920.2854057876824, 1608.8095034876803, 968.2618123349562, 892.9891856832461, 1041.5909345739835, 846.3499720178667, 1145.6326839146645, 957.3653907877024, 838.0429372047031, 1858.033717731884, 1355.5253707330312, 1178.3990106376275, 1307.2529667159488, 1374.896992395155, 1300.839320785926, 827.917517989227, 718.9379884874365, 1053.659518625647, -1.2327352402775449, 1581.7824824487705, 906.4485730150182, 1285.2955395067856, 697.8649558270445],