{"rma_phase_1_ant_sigma_05_2022-02-03_16-29-04": {"results": {"test_sigma_between_0_01": [1882.49477000735, 1645.4974798141013, 1910.0909828194615, 1858.3128576883703, 1696.4315119013402, 1841.6936168116379, 1889.0883922662422, 1893.7248947307887, 1643.3177708701542, 1789.67230667982, 1786.6633091658696, 1915.877896556122, 1791.7981460298288, 1768.378360720425, 1760.3281119309768, 1705.1193032449255, 1737.8614960689372, 1727.1474679430405, 1766.077201729165, 1881.6007554746936, 1833.2278982062012, 1727.4326858957274, 1772.7675333829457, 1823.2572048513603, 1872.6314611691093, 1777.8045200633976, 1667.767997824645, 1840.6449464494315, 1760.973883258424, 1701.9497130463646, 1736.8194784704772, 1886.2544542418643, 1675.0371603079275, 1786.1887469259937, 1860.8208337327126, 1790.7214321340168, 1815.9361418638505, 1708.4859272086123, 1758.2170275362214, 1841.7098322499642, 1761.7604446152832, 1860.8902049703752, 1837.4248650697466, 1824.4927802476234, 1823.882254335748, 1804.322864213607, 1917.0304361057122, 1546.9645663272643, 1745.926663710651, 1737.6252688631448, 1892.9949167466755, 1716.8655617976794, 1669.4838831005911, 1784.3341492366917, 1799.784799723961, 1796.5481434892529, 1804.0659641220082, 1734.6628057870294, 1720.7007652956404, 1826.342125970096, 1759.9019157211874, 1729.1408314776531, 1818.488599203801, 1878.3336835867326, 1794.165523847815, 1816.4613649833082, 1683.7473601404172, 1724.953043951228, 1736.7964926794284, 1675.7409116709453, 1834.828061273889, 1713.5887921047042, 1774.8745986572344, 1792.4894288396665, 1748.361968769722, 1828.0461497087367, 1888.4668822411184, 1922.8693225108107, 1661.2005129277507, 1826.3572203803967, 1869.0787273441008, 1802.8940311588528, 1847.7168482324964, 1808.0020839649633, 1886.4267182227782, 1821.7912766872653, 1693.1604320422553, 1632.005939018462, 1836.753148568977, 1791.4274894512266, 1668.2820780823054, 1728.044024676117, 1704.982710117946, 1819.1393412823625, 1941.1809067436925, 1655.5274779110712, 1769.0804934431646, 1823.3703833087916, 1818.2066276431315, 1773.7258353093778], "test_sigma_between_0_03": [1433.0558743757413, 701.9811637556676, 1814.2950181733333, 1724.4652966237543, 1589.3194448378983, 1609.2179098684908, 1657.071047461558, 1654.8252973794533, 761.754717847436, 1800.4750362677564, 1151.4095928892475, 1434.935123655439, 1440.9715510049693, 1887.9871310563199, 1182.8423520780289, 1547.8547953440354, 1887.5805106482294, 1394.6228924088234, 1691.3534412170736, 1565.882304652722, 1526.5353077937527, 1604.0523075932163, 2083.5772221231578, 1474.299330094386, 1630.5831189228604, 1619.8047570229362, 1915.5597021199028, 1565.9089794358242, 1136.7641032295535, 1023.199745059875, 1494.4903211674095, 1732.2896905806676, 1796.0722737845624, 1930.3647954280798, 1552.4138126629846, 1566.72850368237, 1308.0524945354414, 1520.06170307498, 1490.5965877006297, 1847.6664024843062, 1750.7170851527642, 1865.7152974189785, 1768.0200721522106, 1509.2100691608177, 734.2575035929106, 1396.142711199281, 1524.164844439302, 1653.3503722868422, 1716.665269988138, 2093.6778962640897, 1734.6712197055422, 1409.733943347304, 2085.8604171513443, 1828.8584592374873, 1001.4424302649086, 1565.3685107214965, 1853.6973634744845, 1533.3499247973689, 1704.6492403392106, 1756.8267097839605, 1369.0919520038165, 1467.8993993464253, 2003.6814914783847, 1447.3092894685121, 1537.4232030051267, 1269.943898449776, 1390.7495015188254, 1610.7239763513608, 625.5457648483945, 1735.046220296944, 1592.979715828211, 1476.9677984364648, 1711.6841648119225, 1579.059300813073, 1714.9833472599867, 1312.7325523879965, 1443.614471897725, 1125.8235260400088, 1391.1331649082956, 1654.4148182280735, 1420.7038799003208, 1556.361973828722, 840.5040837260852, 1505.451687079075, 1464.5086873505918, 1692.4900062539275, 1613.878961893635, 1469.6845861125933, 1843.6864129729274, 973.4685811053997, 1458.0396775157308, 1565.797005758887, 1624.491918863486, 1695.0236970604715, 1554.0666634151448, 866.4811014535309, 1659.2259100991482, 1518.1181779332899, 1455.0927710775607, 1451.526985548486], "test_sigma_between_0_05": [973.9913982890612, 1274.2768215380104, 1088.458132383427, 1273.9198296615757, 381.08400083458326, 559.8456332230936, 617.5149342152165, 802.3938086163621, 1286.5716797473208, 775.8552785311246, 1438.3465320215942, 1065.0601682877086, 779.8458614631279, 1905.804654386086, 1554.1194116454906, 1565.0490430128882, 1378.0776353173574, 1999.8369385944006, 997.4223426381504, 840.0735615004271, 1556.8036392677188, 755.0441008142595, 954.2271116985911, 228.13539215100016, 819.9692604448394, 1438.5355799591773, 1267.8760726646553, 808.3889644012909, 618.2898977470029, 1278.740845514884, 1757.8444828745883, 752.9273069584355, 412.52073992521696, 1391.264722729519, 925.9282146894719, 1561.5593237911191, 1304.317736604476, 797.9569186453552, 1113.178186192453, 1079.2248102628723, 814.4453470895411, 784.6130187284108, 860.0819849967098, 762.4619156424939, 541.6333456286999, 642.2999872610237, 1655.5519445779344, 1328.9801803851121, 1396.4323281407605, 1123.2055757724474, 747.0635328574293, 645.5257064043169, 1002.0587709443463, 1183.253042262096, 1467.0750754695616, 471.0231154270698, 803.1904752850686, 758.189787861154, 660.9922428584217, 1235.5731984670438, 723.884463759926, 812.8221138036257, 973.3730345225439, 1243.175304529732, 748.8913914097419, 645.1272123184042, 1193.4115942927663, -1.1860137575320557, 1475.5185152773581, 926.0173781391823, 473.60708674196013, 751.0728023562627, 1481.0467097465043, 1308.5027563610959, 1154.7748239248417, 1239.8524292380343, 657.2072235218851, 952.2561476575239, 1288.8829445699153, 1199.4046212805358, 524.1276959101397, 860.3169099652406, 675.6848396880011, 1237.0037531816429, 1189.8613209917112, 991.2961764120864, 1625.956083092362, 1351.7795844850539, 966.8943619516267, 1361.5803607782068, 1549.8837230480474, 1446.3571183652987, 628.9706575874261, 629.5157893466593, 1222.5968985798809, -8.603792124395838, 1594.015958723504, 855.1446523025407, 1160.6057751019084, 662.9898426207471],