{"rma_phase_1_ant_sigma_05_2022-02-26_00-28-06": {"results": {"test_sigma_between_0_01": [1623.6839881426508, 1535.1739630330228, 1686.6827586646198, 1661.148028080445, 1571.3788478109655, 1605.7097247303268, 1780.5403301811775, 1660.187136660441, 1467.3421824696513, 1625.626077554054, 1563.9369882468445, 1709.3370104166472, 1647.8632958575502, 1571.7857297217593, 1540.0751267108512, 1536.555221065879, 1606.0702501301223, 1498.8483613547123, 1526.7783100477814, 1670.4742412834282, 1613.0093124075154, 1572.965831509834, 1586.5670088410068, 1642.383553357431, 1635.6959525406758, 1630.1541962723572, 1492.5965382982447, 1689.1556976602146, 1639.4709380717632, 1543.7137741970332, 1530.7066100519635, 1603.2062973295715, 1519.5111912550167, 1540.7702783630332, 1689.3107699299228, 1621.7718200030386, 1672.906227292398, 1501.1636597718655, 1701.7139773711137, 1680.7779388259107, 1491.4163951786963, 1638.4368728127522, 1615.7782915538014, 1637.8948478561244, 1728.6046941179718, 1563.0104583976326, 1771.4096442610032, 1456.618829675201, 1598.928340204092, 1648.4428589964066, 1698.4577079854134, 1513.6299890668365, 1529.999052992976, 1657.966782937882, 1636.5036951594163, 1612.265096620418, 1603.4467907497083, 1454.3541818753736, 1678.223089707482, 1653.9154874384951, 1642.2285969265338, 1593.7423366090068, 1579.020272576485, 1752.912979238947, 1505.6088533858454, 1526.5775900838678, 1559.9982024543335, 1492.698907806049, 1530.7487073149769, 1493.8780901987575, 1696.85096623911, 1512.6483108692605, 1601.2397974691735, 1596.4766775128085, 1698.7664116432086, 1490.1258510194862, 1703.9185257068466, 1687.4176296240955, 1468.0399790907395, 1726.9042546874905, 1661.0118056551628, 1559.5636810753226, 1648.0308547751613, 1609.8674116544246, 1716.5776424850505, 1492.0310077625213, 1518.8194576312583, 1635.5132737144365, 1639.3797653667523, 1578.3377628293413, 1491.026190163076, 1525.649424808091, 1571.4173572269308, 1617.2087915537552, 1649.6570831869224, 1536.3260952435235, 1528.850267023326, 1639.2744700654741, 1596.5008512230502, 1552.5043026016658], "test_sigma_between_0_03": [935.3787449572909, 1198.8965290172555, 1521.1192817664687, 1635.4835557073677, 1395.6881003472852, 1482.278147742898, 1715.2850295966443, 1695.2376482847683, 966.0056600450124, 1747.522737476266, 922.2690171179253, 1631.9279976230384, 1581.1250332004665, 1473.1389585066966, 1000.586221754943, 1407.6258367985645, 1751.0140713040641, 1613.772761983142, 1597.7137392664797, 1440.290211497236, 1701.5560845853192, 1504.4872315189398, 1601.9538927833119, 1419.9102632008523, 1566.4185107294747, 1487.6034345010771, 1760.7461891400471, 1679.514956648239, 1519.1996666310201, 1321.4961471985537, 1363.6615276481339, 1575.167264054403, 1534.536776461311, 1812.5928043473011, 1505.852717277925, 1570.7388869418821, 1281.0024506575573, 1370.7113983844242, 1350.4849604987676, 1840.1201457502336, 1546.4540252541974, 1781.7256287882742, 1842.2420450864959, 1348.539404131963, 662.8226847584933, 1660.5656360593794, 1429.8663025286241, 1396.6858817101004, 1455.896301013521, 1651.8093735598977, 1697.390559176101, 1301.5860658073022, 1864.6390685443828, 1638.628954826111, 1396.806485019698, 1363.3768517961846, 1513.5692891367498, 1695.5546246481256, 1348.7276517893993, 1555.7582992141738, 930.9768312647725, 1618.9723584398237, 1734.4653346949474, 1574.535979532247, 1748.6545516460158, 1190.8649667403229, 1335.8684827394188, 1423.8867162220388, 1178.4134389373703, 1445.3287251771753, 1345.1140866705828, 1375.8601835186992, 1517.775988667641, 1617.2893442278664, 1455.0869632327983, 1374.5917770044928, 1575.041785115436, 595.8853991002184, 1416.9289182075054, 1596.2494512168787, 1468.6790176227582, 1016.0239540602577, 945.0572125784049, 1268.7304518079477, 1464.985298323822, 1554.6923416071288, 1388.7893120170716, 1392.2991998683772, 1708.8909707234254, 880.9107370137834, 1459.2304283750573, 1415.159126403655, 1489.2771885728012, 1359.575193930714, 1468.8118637782125, 549.2264972846073, 1553.6740553341797, 1329.7572237013615, 989.3335263056591, 1672.4622183004587], "test_sigma_between_0_05": [1118.1292625798276, 756.5465174839056, 944.7766635700726, 994.7093369392231, 864.4360319218872, 921.1974571420504, -5.140293098732946, 905.6797704351343, -0.09561049918556996, 912.6183082881766, 1416.1006620785108, 901.2236446574944, 783.9066103042286, 1103.4438373318023, 1395.3591364441313, 1337.6007872807684, 1.5995033777900978, 1561.8088686624876, 873.5485723600862, 1176.0813114423947, 1218.8145464552833, 0.4155442416886208, 1056.4995548613542, 629.0647822678201, 1087.946277502501, 1416.5701705860831, 1035.8142416785097, 918.3900030203795, 882.8289320975463, 1232.442596120277, 1186.4400169189316, 894.4149494917986, -2.603924170465325, 671.0367699597404, 0.9012126291127047, 1446.2151928956478, 1477.5839572817301, 745.7077573583151, 1097.6771561892745, 1321.7901927851217, 919.6535596453487, 827.2143319222791, -0.47057432338915683, 930.2818362178351, 0.30620156453805847, 626.4761871861924, 1537.1561188107796, 882.6996170720059, 1510.6721184416485, 1299.6758103236753, -3.1411062128870983, 821.9080332479475, 867.6009568255815, 1000.785525035215, 1414.6710942494726, 588.7958953210064, 800.9904230402663, 883.4742412101743, 946.0112376318839, 931.2046072061696, 894.7906179468774, 919.3155994027824, 1188.504056582663, -0.7350791677614341, 1227.563298401671, 772.8813776048117, 761.6936854298277, -1.6789384101866753, 1339.8720350653716, -4.857802748434188, 795.6208124924434, 873.5986205028652, 1384.4230313749292, 0.9990040457792917, 760.1605643519105, 1489.0133844791974, 735.0353048077368, 725.8226268620526, 1460.2053452722532, 1283.4331150772987, -1.648689221478708, 1340.658048911777, 733.7362723032938, 1078.6470473610925, 1179.3271966628572, 1250.1084658801674, 1432.3025500968436, 1506.7414558660184, 938.4941603787183, 1347.940732474187, 1393.1903763651471, 1118.8057232442677, 755.9852571072901, 676.3700085187685, 1260.9868485706108, -4.275002524965385, 1337.3886609130618, 717.0623876044407, 1325.4636747585992, 1018.1565103531497],