{"rma_phase_1_ant_sigma_03_2022-02-26_00-26-43": {"results": {"test_sigma_between_0_01": [2063.906927039606, 1932.7308866382898, 2223.6215721386275, 2070.8740530141586, 2041.7411335257646, 2139.234957815995, 2228.434720274649, 2031.477239606258, 1937.5828987330974, 2094.262713209467, 2022.3443697139905, 2191.1283608000276, 1997.963861530276, 2116.0237905864965, 2112.829999113554, 2024.4115929428885, 2053.1011760151528, 1946.8402042822547, 1915.8050230964839, 2181.3739574893166, 2187.3579758077485, 2033.7132132171148, 2044.4065466982458, 2113.7987751448723, 2159.7512490471754, 2084.9304810042477, 1957.6062580103235, 2082.273973003548, 2104.7137641835675, 2090.8198679702855, 1980.3914907020014, 2245.208801711885, 1961.8641946588866, 2012.652464232954, 2200.8520906128665, 2177.1721744351157, 2066.9680176029383, 2055.236667531133, 1994.838358968901, 2142.615902404139, 1953.701956454697, 2230.2098285861116, 2084.8340006890694, 1961.6314254204628, 2074.832320847625, 2215.607636110492, 2145.337925846263, 1954.3772892430304, 1920.6849002252334, 2106.0027672500837, 2174.1477154164268, 2055.129812879708, 2013.939037495289, 2053.7636094078825, 2128.5845040410663, 2017.719207863597, 2095.0625415080062, 1884.0047428831679, 2097.1277186252896, 2272.295357272568, 2129.492765747925, 2044.075656663825, 2163.2996561411733, 2223.4221549478707, 2054.835346448765, 2057.7117094237087, 2088.7758871207534, 1967.9811417417452, 1969.8928490095234, 1899.484575207721, 2076.7719820249213, 1924.1137628155388, 2003.1581707823375, 2088.7205333268166, 2076.8374029504557, 1875.8645301696747, 2202.207009576534, 2178.814392968054, 2028.905275057667, 2071.4979499883684, 2202.4982275503567, 2075.6988680952463, 2065.5926736145198, 1964.490006989769, 2125.087065185338, 2066.57103861251, 2028.7363228675385, 1994.222083181107, 2054.622692677233, 1989.67870209702, 1921.8663225287448, 2068.0996975256603, 1988.6453941592, 2155.3582885260726, 2183.0223586143147, 1997.4604963822796, 2028.3823682327063, 2028.9706951169785, 2042.5210370259904, 2033.7435995359322], "test_sigma_between_0_03": [1250.7612391282496, 1600.3683082967698, 1978.6708131163966, 2171.1397533450145, 1691.1891359049885, 2008.1593533941973, 1948.26844955012, 1840.8223168965806, 1358.6895185188266, 2134.6033551581736, 430.9598595793467, 1657.7307770739742, 1666.4686075813556, 2294.0111592043813, 843.7974214280484, 1550.3973306353362, 2029.9764463401232, 1725.4983659598718, 1663.5089016763668, 1705.6280643369244, 1904.112396798738, 1800.2622039971232, 2355.0682454743833, 1885.5287192736205, 2057.446648774371, 1750.0306058366657, 2221.6214651131704, 1437.3814313750456, 1659.1572076209059, 1552.2888951257885, 1819.5583512292433, 1857.7639016932967, 2085.1395705498867, 2210.9678393528866, 1823.8304751891255, 1970.5090747315849, 1500.527720220895, 1652.1416235974243, 1738.2346906076737, 2135.139220048865, 1924.681371225368, 2186.093145041901, 1905.7960995474975, 1505.8539092146418, 493.44119665942526, 1573.5715370057949, 1675.0487821898257, 1573.3819067551494, 1848.0503469658045, 2227.8207025792676, 2038.8277923102635, 1038.4355889041083, 2216.5916586736253, 1977.2837847159503, 1631.4326842943362, 1442.3112629753168, 1879.3647675749432, 1799.4132678097062, 1736.497689499455, 2226.570834718958, 506.3590758698772, 1588.2667546395958, 2159.049610912232, 1594.687465062826, 1738.5169824074571, 1562.5143371598015, 1700.3545326746903, 1757.457726424019, 703.4879992299468, 1672.1849033396286, 1709.6657892141907, 1694.2074478242916, 1869.003424096635, 1908.8889851778206, 1890.936552385133, 1049.0002115273232, 1782.814051607128, 155.41215416662902, 1688.7067768000047, 2050.1667220700183, 1267.5412522630104, 1731.2128832259098, 1342.5382635147644, 1888.2342117784578, 1620.290128701704, 1924.3828313497138, 1692.436507292803, 1663.0505888000143, 2255.971658418621, 592.6882522813584, 1652.256501369641, 1633.7631766795998, 2038.064226144797, 1935.8722487354469, 1700.4717047199806, 522.8802302543568, 1675.2523786995596, 1866.304175903449, 1684.2201677582857, 746.3109951214979], "test_sigma_between_0_05": [746.7603158778119, 175.26726457344623, 503.40247186765714, 1299.981783711918, 283.2712639079528, 488.7921430849614, 356.1259801322538, 364.68381630358914, 1004.9364947235432, 676.4443658107397, 1265.3019805707122, 346.15595044880956, 689.4602258896215, 1535.0594957915503, 620.8468154325401, 1782.1433998672235, 418.48907028668077, 1886.2895373506265, 744.9796338928977, 832.7708132677888, 1216.0081844294828, 424.10762049437466, 539.7946549532995, 330.5140579275856, 901.9739729556654, 1592.6481890365865, 1280.395789481279, 587.372497116805, 300.6104498701964, 1347.9460263041165, 1772.1477767076838, 277.82047165852015, 240.61961599880743, 508.4337744393925, 429.2721522727168, 1824.5554291080514, 1774.3547530632577, 108.85113162279629, 664.6619585430539, 1168.7305961869304, 575.9119243823785, 169.60150316547075, 319.97166671581357, 523.8469678237877, 155.2597321723283, 60.506898974039736, 1884.3368812003725, 1175.0742045884997, 1870.3189449237252, 1535.555528511825, 239.38175874591843, 283.1040650061204, 877.3963367230722, 678.5815336078828, 607.8383683470466, -16.842059211198645, 794.5063211533184, 464.8921091205497, 748.3169396439976, 1293.0824352595857, 720.8419509343986, 567.2378516465886, 1479.954950840846, 28.14574893217214, 722.0732649851578, 541.0673537856218, 421.66053658999186, 46.26633044516635, 1609.0736245696514, 448.1206908715828, 669.7194923916754, 784.8953613658779, 1740.9224553012784, 355.793795853292, -24.801472645993638, 911.1293359718195, 419.19564838288005, 614.2725778254754, 1635.5992781678608, 1437.6156303154455, 385.29726460987433, 1105.3913008421343, 505.8095511432024, 1710.3582055410293, 284.6708941299772, 1340.337454366791, 1446.637165974895, 1506.3964215623625, 889.4058594111544, 1351.3301204837378, 1736.6678692530418, 1611.81074653358, 745.3115600041432, -145.27523600406275, 1708.1036513621739, 17.471204998210364, 1850.1213968326838, 568.6154363051662, 785.8907835439795, 405.60327600908994],