{"rma_phase_1_ant_sigma_05_2022-02-26_00-29-01": {"results": {"test_sigma_between_0_01": [1484.8750395964792, 1450.8376548673853, 1695.478999679204, 1531.4682162422798, 1389.473644000919, 1563.1691147679953, 1716.8569466152048, 1641.6399469529715, 1492.2375142008236, 1535.352132567819, 1467.2662507845496, 1589.0801123249987, 1648.7370589927502, 1608.4412273142127, 1543.9768461396136, 1397.652941373193, 1671.3576691725034, 1460.668911005386, 1329.002948235517, 1550.4338306064542, 1625.3330066234776, 1416.6730263389034, 1447.0579721772087, 1621.7180619328435, 1664.417276608453, 1546.409153365122, 1489.7312312581662, 1511.616670756775, 1590.0018893364722, 1446.0189037582363, 1372.2220500558042, 1691.0744602926845, 1330.5166267025147, 1420.542251632898, 1741.3018038549828, 1617.5177593190274, 1686.725000424873, 1408.1803237493662, 1626.219452765956, 1602.8507585066955, 1377.544475319469, 1683.8358986920368, 1473.7927307178527, 1443.8196371075771, 1646.4433529348212, 1691.8291772158325, 1639.0472228020044, 1410.3433400504896, 1577.6863721996517, 1609.9581320859108, 1716.923988047942, 1471.8926926437202, 1496.6243093470177, 1631.1874375065113, 1673.9819725054306, 1402.6739377245133, 1628.16231923985, 1297.9880917047037, 1685.8018148420217, 1642.7895220591959, 1644.7450088105966, 1621.4097164902435, 1494.9599790568602, 1678.3554830263988, 1557.0730998484553, 1596.190491177802, 1509.9014376407792, 1327.4288541044536, 1501.1337020221376, 1292.3363084979899, 1654.0438033664639, 1401.4282098969322, 1469.9517903801946, 1430.8902866784022, 1630.3407127541318, 1448.5210314920885, 1714.969205065981, 1660.2654352413422, 1411.0492390433676, 1692.477711640173, 1651.0961206260179, 1395.1669237516492, 1513.9582595609952, 1439.6749920454017, 1663.7521697090747, 1506.0369838850106, 1405.2751421684504, 1493.6577491120174, 1381.0540108365324, 1504.5970924662445, 1526.6702991898117, 1590.1886804604442, 1478.8558246612095, 1706.384488917897, 1706.6709679009116, 1347.9102769027907, 1414.5973952636707, 1579.450919995825, 1544.502736521353, 1476.891284812313], "test_sigma_between_0_03": [1254.9329963213797, 1371.7042676703281, 1550.787551684075, 1458.8915656847112, 1612.62224542518, 1446.430466098753, 1616.074630048244, 1397.9810475543136, 1318.321680907451, 1687.7419362553812, 934.252508229795, 1460.9369737911663, 1393.6661820047352, 1622.5062287927838, 1043.267304064224, 1172.1714411046582, 1639.472460097181, 1344.8582180791275, 1360.2496675369143, 1597.1907097790665, 1574.3442657592097, 1320.7085347437342, 1714.5874865931553, 1359.4925872031781, 1507.1428028319822, 1378.4673687460972, 1719.61450185055, 1522.8227874115755, 1494.9407581373348, 1534.1442769142907, 1327.9752988485168, 1443.1280766605128, 1406.2878933037086, 1625.3616973821322, 1466.0505597726922, 1402.3443811808706, 1140.7592638807382, 1646.8483789109748, 1206.1766587543934, 1842.4424486986456, 1447.6279482815262, 1671.9225179332877, 1480.6707663239306, 1472.9327773973819, 827.6487799630082, 1299.0771673638194, 1447.060098753551, 1249.381750423225, 1434.5800951428457, 1703.3321062448713, 1613.0417857712337, 1186.2451279222794, 1685.4807276102945, 1611.498545082369, 1429.2499040240948, 1303.535963780195, 1359.6871305145753, 1418.626131036481, 1210.506512506, 1559.9164049833073, 1447.613727388845, 1348.8830934427708, 1746.5730733124033, 1335.9745141634526, 1516.3586447748808, 1325.315628109766, 1188.6279168335839, 1404.4454249494388, 1164.72750257213, 1225.4321628186854, 1276.4840904014563, 1375.190389677489, 1573.1796829515185, 1467.8965894854398, 1437.235790711071, 1491.2023219959963, 1433.228623107131, 585.9774170808857, 1109.9992183900565, 1568.7845236457438, 1376.6623472094793, 1259.2738563210455, 823.1292816653078, 1532.1100309704827, 1250.138192258238, 1522.9521047115088, 1177.5889420232893, 1378.2782856626532, 1613.4983023401446, 879.5942895330118, 1477.2572344878981, 1505.8475635106665, 1394.795577695071, 1470.7934195671344, 1309.759618852696, 1041.6545793605078, 1511.5565486070152, 1223.1132174528989, 1254.1921530104592, 1295.2350252366118], "test_sigma_between_0_05": [1358.6522801039364, 1414.3272859204856, 1209.8985823359587, 1179.6736205190964, 687.4735697038726, 495.64227841331143, 534.7943455427245, 844.0420442970018, 1285.707656985741, 818.1499255608035, 1412.233617886137, 1117.534248481906, 791.0454397961565, 1580.7475965153508, 590.5531834392837, 1387.927720944377, 974.1511828146716, 1334.5164981783844, 901.8561704929629, 1386.6667084227952, 1319.8630686049762, 1078.0744058262292, 1031.7405208746993, 432.8381953619177, 612.2102793360356, 1272.7449104309912, 1159.6118551973734, 865.8105959921833, 820.8721728794487, 1156.1568316724574, 1806.694538272464, 775.5126950271863, 277.75381550088696, 950.3446121101814, 882.2400389905642, 1393.7615575203445, 1465.2215274154596, 1097.88119872355, 1179.5477218337119, 1119.9097515460658, 855.4015355255884, 704.7568538487276, 765.8156896581169, 660.686544364942, 524.0137850288623, 861.6306713097658, 1536.6596277746821, 1016.3200321276798, 1291.8492405158365, 1544.5474109646511, 966.1890160923517, 719.8583919648665, 574.7008639757499, 1076.7244685152834, 1542.9376711888701, -36.673982847119625, 852.7381440468363, 768.2434207101412, 845.075998790442, 1428.141520910755, 722.3548162218123, 819.8018056821957, 988.4724653283258, 518.4122863963022, 1018.8942904736289, 878.1732446463965, 1084.0238467483352, 191.7584938711092, 1066.0753996028861, 199.84363018967483, 841.7596627854014, 903.6744463383893, 1462.2675937742254, 1339.3435806575735, 854.6963561863599, 1266.7649458223848, 966.5561275497221, 851.2976422096663, 1293.8162553268244, 734.7918472589704, 1042.8341324497494, 1370.5698784734145, 640.3244150034978, 1272.5176906532995, 1052.2770770781613, 1215.3498183723952, 1254.212496997331, 1636.1486615276403, 856.8055951040926, 1517.0467676247406, 1375.181237081361, 1168.266933739607, 734.1626234209759, 458.8811737859934, 1459.693662058899, 85.50061552443069, 1237.1997761051925, 466.0959898370193, 1193.7115219271218, 907.6533772858419],