{"rma_phase_1_ant_sigma_05_2022-02-25_11-49-43": {"results": {"test_sigma_between_0_01": [1676.7533537997276, 1628.5900864636847, 1810.5808507468, 1617.9928338638133, 1562.928380565818, 1782.8384131554483, 1835.8989775749078, 1789.3529796070704, 1622.5953730757976, 1755.2009522302812, 1663.76164244233, 1638.7015033295781, 1674.7952357576587, 1712.077210825804, 1687.4668526615028, 1563.4207683786046, 1705.480310971642, 1559.1416991746128, 1544.1922888672464, 1760.011706068605, 1684.305412600865, 1544.8773451411419, 1589.7742123611945, 1652.3621381777248, 1770.7547925050858, 1526.8621802526532, 1581.546725287243, 1666.429961922479, 1776.618926027788, 1524.5509288954067, 1488.5330627074595, 1828.0252865784341, 1594.6927567460173, 1605.8105274030668, 1706.5713249670796, 1574.9730680617774, 1809.6363302793636, 1553.5170418170492, 1556.377918650995, 1852.9168667355443, 1653.8488592560316, 1793.880001967813, 1718.1114686033131, 1673.2689712975541, 1614.2129574914618, 1766.1426452004075, 1774.570907792499, 1636.761558700893, 1527.6066633823198, 1680.716172267046, 1819.3025279361602, 1682.6817941689744, 1755.0235219924596, 1801.2330353226005, 1743.8289381513132, 1566.4972600154517, 1695.6933820520405, 1531.7571860677951, 1619.4036972472816, 1777.3430387182202, 1797.0673107741513, 1763.5692428613877, 1708.8417887947373, 1798.6859363266708, 1779.0432681030447, 1808.8431564548655, 1737.8719280468315, 1570.5332008516914, 1696.8287277798713, 1566.8713638047345, 1704.8640950801255, 1602.6725849861728, 1511.3879859330186, 1685.449639873383, 1640.5393170583836, 1634.2571004249667, 1791.1046137826086, 1727.3965517609863, 1659.1006904895573, 1780.9916541378125, 1743.9724950467473, 1642.3340020978912, 1593.911278446059, 1597.2693236492444, 1735.5445808252643, 1765.1291699608355, 1542.4387676256474, 1674.4842703489658, 1584.0640773885734, 1710.5882243838316, 1668.147900870887, 1712.0095352793007, 1719.6616506131124, 1649.8768284900584, 1749.4853365143254, 1541.680342679434, 1647.6578658371745, 1621.102245840888, 1603.6777583813198, 1665.129600039476], "test_sigma_between_0_03": [1224.9852140594362, 1533.4137012660233, 1757.330778970908, 1518.4157771442458, 1316.4908275943833, 1513.8780612231237, 1686.679207864462, 1702.585834819222, 1263.035318754061, 1802.546873494037, 1165.8375617576905, 1421.5780692025448, 1309.3719504888672, 1581.2937477152627, 1318.9269970546404, 1456.9351499094992, 1720.878330256561, 1597.3216129529092, 1690.8264617129635, 1507.4455967237436, 1643.640139141753, 1436.3006634953583, 1665.8139109744618, 1577.1319535579455, 1778.1828612204213, 1587.1985867590565, 1815.5774658959624, 1524.1056551040904, 1140.3947055629822, 1617.3540908828386, 1457.3289903009836, 1787.1072320874828, 1551.469602335793, 1913.6213376400478, 1468.1580177110527, 1468.8266901093061, 953.8840998097231, 1330.679378855364, 1549.3770031013692, 1720.2876631082293, 1632.2987002395857, 1865.4716293381978, 1790.6589802197109, 1246.936299730189, 668.7788336413302, 1509.4499998802419, 1453.4628594434469, 1410.5404183638025, 1620.237239401892, 1897.076469172746, 1561.6762555983778, 1259.9274205317572, 1983.9710423874142, 1602.0366234103926, 1384.8407018035773, 1416.0246750201288, 1562.2349833573473, 1613.5344806181795, 1500.4238855565075, 1581.1894699165596, 1136.1242087603505, 1571.956108504453, 2000.2267456169996, 1356.2883011317654, 1347.6097315632594, 1020.8305207271939, 1472.849474182846, 1454.7921169556985, 857.0676776315412, 1372.1986526482701, 1251.8267634149202, 1495.3835999582116, 1487.8259494552585, 1563.6008798253924, 1453.1914997578813, 1320.8166372051273, 1356.7236770396469, 1070.8367061199897, 1046.6951738975868, 1565.3396858925528, 1596.987181379262, 1433.775712937558, 903.6008233817374, 1385.3364793607934, 1394.935081660053, 1720.7165835720398, 1259.257691088604, 1290.23906017692, 1726.918710500511, 756.3035081193384, 1498.3098020640782, 1502.8804108324946, 1499.9476619244556, 1576.9133771428928, 1385.4558712249232, 957.5546660768521, 1902.9110583191243, 1654.5814398412108, 1152.0691845594708, 1597.8040397186267], "test_sigma_between_0_05": [1045.0649580507522, 1062.292635907286, 1184.7259417123714, 1433.845776075535, 446.44341231825337, 648.6316050306236, 421.88291008278566, 433.95517369707346, 1193.8692545490344, 850.9117189664717, 1329.6276699855157, 946.534797691959, 670.9251375717038, 1882.1637089957462, 1184.0972644317694, 1454.086828588709, 256.16676081240024, 1569.687655969996, 683.2666410332026, 685.9745106194579, 1546.1450352424663, 1019.7073924108262, 531.2178469810488, 609.4096613328403, 1020.1830020013085, 1413.1352933262428, 1083.6645234259377, 1007.260587909136, 624.4456142485407, 737.901642145151, 1807.9138777166, 802.3310926147567, -0.3475419988782962, 918.3305061480634, 1271.322586897018, 1521.1867678256842, 1451.204332945295, 1100.7801002042386, 1317.880676172464, 1146.4081409670628, 805.8822146302537, 609.8725959336314, -2.050183813988407, 742.1433240410706, 1005.3225354901475, 745.9575455764625, 1654.6664727105792, 1047.0105005676976, 1251.0499029598507, 1278.3809032026402, 804.4575210492342, 694.8329688413808, 1134.4239511564258, 1053.7961423120792, 1542.892139921036, 970.9767022539122, 785.0179805751259, 632.5139688679029, 521.5890707268348, 795.3766231116199, 716.1499907103088, 994.7915093001158, 1196.2670308916295, 1317.692603325164, 877.1240111246678, 666.0067594778135, 1248.9787782416465, 363.7390233369303, 1164.3646413309034, 585.0981265958098, 664.2967990341132, 847.083217975249, 1515.0038645176521, 1506.3980369372262, 1143.5365546191117, 1349.064101680795, 827.1501251181759, 694.8980050314473, 1492.7099605462286, 1089.4980925048421, 949.3839892486849, 1289.0307347682449, 638.2091968750816, 1130.7302312513295, 757.4014122058584, 1120.8203432906776, 1444.3325973290155, 1166.8536260685441, 628.6428160985871, 1205.6001642153901, 1083.6733018850234, 1065.8946427627234, 719.6555989309198, 745.4397767602386, 1139.7541285067362, -4.816589221297182, 1422.8971014320016, 939.239298405318, 1069.6257084316555, 690.9887982068515],