{"rma_phase_1_ant_sigma_01_2022-02-26_00-22-39": {"results": {"test_sigma_between_0_01": [2162.2973481229155, 1963.3519062134155, 2496.461459264193, 2454.1602850100135, 1930.5286292413684, 2121.339448546635, 2480.9439165390963, 2466.304857036454, 1899.1098761224328, 2543.190344658971, 2022.318061290385, 2454.819336272424, 2649.516895174517, 2324.7051735707773, 2040.467817942549, 1627.235684203379, 2480.803562099464, 2118.060208522668, 1791.0526812991186, 2408.174294865085, 2507.1803487108937, 2056.167394907921, 2055.955552459635, 2498.8463726149444, 2490.4140554596775, 2418.001722308103, 2115.1979212255624, 2450.4568763448005, 2287.7007070713885, 2150.690397404279, 2254.8779070377805, 2637.8279108856996, 1830.7436682969997, 1989.6721888082668, 2574.440058695952, 2493.2159643112795, 2195.157740092692, 2175.7162286961275, 2359.9448930156063, 2227.5882980252945, 1864.0645733002702, 2343.29345992638, 2423.720797922959, 2096.4091438197365, 2647.2492894092725, 2391.539031703739, 2696.6224719463034, 1884.4800111972356, 2196.968529961035, 2465.625999590082, 2576.770765488145, 2173.8314442663864, 1930.3749005391992, 2257.2053441384937, 2180.0456028465974, 2186.2200275372084, 2244.901772845142, 1652.9879756210273, 2044.0187090588013, 2553.211541075829, 2545.561343745667, 2012.1052750304211, 2326.83195192249, 2339.7946334162107, 2287.508836068854, 2176.160316434445, 2367.2958348293364, 1712.4075752179783, 2231.598410354876, 1918.8419198492238, 2651.2202356408234, 1908.482563871823, 2126.751351466107, 2123.267131358455, 2297.7498329521577, 1974.0515627692387, 2457.20345526284, 2665.6525263575663, 2213.895793462546, 2442.56950091803, 2458.338964347338, 2422.4336347446824, 2439.436227679063, 2338.4210425075275, 2485.398974926139, 2271.9052823053985, 2102.16028240215, 2036.6212451068134, 2301.618321844888, 2159.551527878818, 2351.396603649851, 2103.9537657005335, 2028.314500666534, 2550.2653593051523, 2479.3997006818404, 1788.1149300524912, 2114.102225210962, 2582.7164095209596, 2279.7571453972546, 2194.7613044123864], "test_sigma_between_0_03": [1264.801183485269, 911.7173899912001, 1901.4092758450558, 2251.4726036195307, 887.6005380505505, 1483.1668956756714, 1977.241856729938, 778.3353476067499, 679.2764175446305, 1203.6794402431735, 282.51153657571416, 1445.9649820031188, 1721.5664131630474, 613.9796443021709, 105.5398963509506, 1646.761456034891, 1728.258567153912, 1028.659286585627, 1643.6732061178172, 1957.0931592490565, 1965.6444089385698, 566.426088562354, 1927.3649176841038, 1031.7125442270808, 1972.610034200374, 1643.0300714997356, 2075.4071362383515, 905.654121876965, 1246.824170739169, 599.4666686928638, 1310.8612748017315, 1270.9411219633084, 1922.7957922605444, 2313.0735893060755, 740.3703266743405, 1334.710287142161, 981.6605014634528, 1080.1845634812773, 1375.3833504823115, 1700.5182465651546, 1920.7522348335522, 2308.166768215335, 1763.1181399506781, 587.3635080989237, 443.7198865902509, 992.5002154033152, 1099.4069267436714, 1471.6503710984439, 1764.1228918066886, -29.345509395889525, 1493.0673512060223, 1523.2555932955697, 2236.746382903797, 1824.6192400061843, 910.4467376042019, 1646.991209276049, 1854.9295989149095, 1221.0489184703722, 1087.1657841262504, 2017.2542765384712, 628.007158835169, 520.6939175865294, 2441.462730782794, 1319.1398194092033, 1560.6980706032086, 649.692894180432, 882.6553318079453, 1258.6224538633076, 549.3116542084725, 1225.9348428835258, 1329.9781014772714, 1711.2499012165076, 1039.3914368568633, 1978.631190170621, 1469.173851570551, 486.25786967068274, 1472.7245984078017, -174.5527433273194, 1049.2663996886904, 1789.9794303271785, 614.1955153369305, 1512.1452986743284, 672.5890717242397, 254.06380959178514, 1286.6607607613753, 1557.9393237690083, 1063.8654681245844, 1117.8776031199761, 1903.42460173408, 856.791280410837, 1767.5010077948723, 936.4486880519408, 1656.189956235899, 42.050902412807076, 769.5794178995462, 209.30224385689817, 949.1811515957047, 657.4149422489993, 606.119433995117, 708.1124486666849], "test_sigma_between_0_05": [327.2672991888944, 457.5560603816137, 249.00438242945833, 224.18671212638858, -241.97867879233812, 599.5898342563556, 452.19598797455774, 235.2281591261138, 375.7263805003179, 579.8866275283419, 1340.168212744099, 449.35904008798616, 569.6574457465906, 411.4262957772215, 384.6077989324824, 636.6561652432044, 332.2065844989323, 1782.7949150610089, 685.5995188142857, 813.9823904520507, 732.1824171110787, 415.0183925098217, 473.4624422241655, 280.6670162115276, 552.3997890855853, 1513.9423175568063, 1037.12182739264, 157.55841284368353, 420.56569132303815, 728.9741936921533, 1073.1082752641614, 649.5977258173208, 16.495175013657704, 197.76546353380712, 53.521857517260656, 1880.7663652198064, 1517.834688465205, 404.23584197049723, 604.6710088313072, 499.3822903396323, 838.2627672412569, 608.4064862173577, 642.2091965804275, 75.79374230483951, 27.583762202203783, 249.112617837757, 1845.3008002580714, 1083.5259227427268, 798.8709832112156, 719.2716840773635, 434.78270402575845, 157.95194031163558, 518.353658089711, 555.1694951750484, 244.98858037155728, 384.6501908624627, 811.9161842393418, 512.2364622898039, 704.2993819859488, 464.99258107349266, 652.7657106504842, 588.1976157156363, 622.6484167667315, 334.8050053341078, 586.0652434902399, 613.2764953043024, 50.27583842330646, -34.58970165296781, 754.9343520968131, 781.8215375602659, 550.2076852299496, 717.2243046507039, 1207.7668002463142, 793.0244618963499, 687.4093190171625, 110.4677607248523, 484.71724707596275, 506.5554342809154, 1631.5837258516856, 1451.948985818106, 607.9140030666272, 610.7138561335755, 395.53062844815605, 1475.8224070572978, 609.8837084391749, 863.0266717894307, 816.3726749904579, 985.6593470141121, 663.4346248509457, 1259.6079823359364, 522.0410689691195, 715.3646330906399, 523.5220982134828, 563.034893713208, 564.5555202400293, 325.8606345416381, 835.5018591000725, 586.6918151964511, 673.2547126103209, 491.78840584463154], "test_sigma_between_0_07": [578.6764856293397, 485.87731732300534, 54.41152883763721, 106.68941770305246, 249.9443728837109, 636.091723078385, -634.7083564528286, 280.4664643868528, -2231.5112546396635, 350.88747215271013, 453.9323400815644, 308.5103170502349, 548.4780995822533, 696.3705645136334, -643.5160860294553, 277.47642657061664, -708.7377996327142, 447.12243559585346, -158.40976744182126, 285.8359240099474, -1252.6451249006961, -1013.2517766877022, 699.236050785513, -32.71111948609032, 704.8157131691175, 448.57428232106486, 75.37127738266862, -216.04967227672137, 177.80282061087638, -733.5982959260273, 217.4534164018712, 725.2637575206173, 718.1201379559318, 280.7790501382825, -34.45758656957915, 350.36309406971714, 638.4647178901782, 99.68544906605662, -776.5744707062751, 44.75502902004957, -547.2226694936176, -386.66229105670095, 416.63245198287956, 361.2705403671105, -52.21885878812319, 828.294456543096, -140.8831915099159, -159.39539808512185, 569.5631635811501, 164.4748604125152, 710.7997503295228, 729.7850463519036, 418.70838353403127, 828.2670582588127, 459.9450261406545, 74.62636279464347, 505.2728110847669, -1454.1713309892953, 554.9315901965693, 87.73473823926324, 765.0159566296124, -216.92671808737236, 1001.4541820045494, -548.3515573699186, 320.4172138502715, 259.9922585934793, 488.5394766235602, 504.7294515615737, 424.21220355612473, -57.951148022463855, 554.3969175960044, 301.2653067980208, 735.6650296501044, 81.79079856048342, -5.310736410765086, 332.81590300786894, 477.0936717387679, 272.43406717112833, 439.9227772549922, 267.8595697397542, 317.797129596601, -68.3762804983504, 423.79299458472815, 221.4097643610704, 11.985091491836641, -196.53660222035546, 828.0518291318784, -19.73768441554566, 79.02617628827285, 492.30171108902033, 698.2957762746244, 519.11157355767, 418.966959942138, -466.67738966130173, -778.0384261606407, 406.38646067044147, 70.45860787756685, 738.4479784078125, 891.8799356773274, 468.5493406809819]}}}