{"rma_phase_1_ant_sigma_03_2022-02-01_16-49-34": {"results": {"test_sigma_between_0_01": [2227.629235976784, 2132.3856703672222, 2287.196100435922, 2376.7637557348744, 2239.008232409253, 2275.2051256477566, 2395.933583346057, 2408.04970432462, 1950.052747439728, 2334.5488331063675, 2164.2208613347602, 2244.7245684010277, 2336.9968511458105, 2200.651148459208, 2325.303069292078, 2139.1836062135144, 2268.616540149188, 2208.048166626543, 2067.4130828517123, 2449.1896427456513, 2271.465281877237, 2135.9018980841383, 2279.591015342222, 2246.565815372054, 2253.1904859628353, 2312.550491918703, 2243.730689830714, 2196.969069857582, 2204.435609930299, 2347.9306938828036, 2168.077513165938, 2367.2662362285014, 1869.1909537671402, 1946.754497198437, 2436.6321622229448, 2307.4821120797187, 2223.265890656965, 2386.556038068958, 2308.7995790946425, 2299.145575406695, 1929.6702713514628, 2311.015368650285, 2260.0366245507553, 2276.1250427679574, 2156.3758725435855, 2207.6935508106017, 2480.0728365944437, 1927.4591712494414, 2224.515146896431, 2239.605340988132, 2415.363263454129, 2130.350421584274, 2215.772119448478, 2203.5865734318877, 2183.5347469663857, 2220.047601903446, 2169.912475722852, 2026.7491401772477, 2271.804282004311, 2363.715057416138, 2325.457849519948, 2125.0306344156993, 2272.6496334928997, 2357.023087821347, 2238.441937407766, 2052.057566374284, 2334.3694554021426, 1982.3584778116779, 2264.0322318363374, 2083.828742521819, 2434.588114339061, 2009.3705662368975, 2274.8055150132905, 2297.253324886493, 2287.727228854688, 2426.5794619779576, 2336.4295742968084, 2295.7374604496285, 2084.400292167974, 2348.2756993085086, 2241.732405154316, 2236.381877464792, 2181.8130169895753, 2243.3776677221585, 2395.369996305987, 2350.135029001463, 2255.080588172472, 2021.0616055233684, 2197.809867336669, 2183.084453316863, 2200.3754643004795, 2166.1353471638017, 2338.8913841545077, 2409.1171869495897, 2445.889631231955, 2124.703177200787, 2139.71380296945, 2385.670493211214, 2203.529394487758, 2309.546693806161], "test_sigma_between_0_03": [1461.232551910298, 1675.879583290096, 1851.1802924866759, 2208.2798497157137, 1737.353342952824, 2231.0342024657666, 2317.9604278030884, 1702.551155930396, 1570.3120241482832, 2045.5200999747512, 319.51209559375735, 1822.4229247551657, 1946.52399147867, 1632.986866439438, 1382.496315702604, 1798.9332739574204, 1808.6476427888324, 1813.867160214233, 1999.212558339728, 1740.658555308885, 2122.940037025261, 1842.080418975966, 2275.902837449831, 1822.684190121293, 2170.315941787788, 1843.485556528174, 2339.4369254073486, 1694.142031188581, 1948.8860118554146, 1686.0232090480201, 1886.0983797897886, 1932.9744854995151, 2019.6545663838892, 2206.6986137098165, 2233.720211396515, 1890.3750848758607, 1372.0553631773194, 1476.001765550398, 1715.179980586236, 1987.42460567982, 2086.7103860414636, 2250.3741729808394, 1681.7899568873927, 696.8620228036114, 812.5408888712944, 1513.5913547505304, 1742.4620872877126, 1878.8216670851807, 2058.25128956041, 2468.3884695499214, 2225.2095696553633, 1751.0911645961264, 2178.9033840915167, 2077.9596215352417, 1722.8589481413446, 1973.8065836056085, 1862.9563064631327, 1841.4631458136585, 2195.8466100589553, 2396.1457411692268, 1060.4900154106565, 1449.9848319989644, 2528.4705861077873, 1678.3490139730125, 1952.473610342078, 1397.147273263355, 1938.5598862676213, 2056.170656715278, 767.9791311479332, 1898.5288407330613, 1629.4559440352216, 1779.9445080946527, 1857.6865757066537, 2359.441107551123, 1843.0274495625868, 1075.8032834895303, 1956.056203769079, 1321.8236027787082, 1487.815325937309, 2261.8135316769763, 1101.1112939538953, 1630.4887419427816, 1413.5371273600697, 1956.7617540222093, 1681.8384644216724, 2076.4894571027185, 1691.6048301767175, 1009.8391313088273, 2351.8796934750244, 721.9302581751132, 1869.3313728624823, 1828.2482307940268, 1865.9778063341937, 2089.478831958656, 1608.5242143617643, 703.7173348707365, 2056.3558703980125, 1930.7376541298431, 1537.1466877014573, 1610.2875487466936], "test_sigma_between_0_05": [1430.0446023548052, 918.8163131049818, 307.8783589598428, 1725.0790275324614, 466.7550402356475, 695.242467146571, 585.3974640729399, 461.3634458361424, 1083.933922643944, 768.1234897155491, 780.366570792229, 12.900644423764605, 480.69344190726673, 1750.8017745210118, 317.8171846444097, 1282.9304137529793, 637.9066018546256, 1954.4333723373777, 702.2790781196827, 902.4881377479827, 1887.4117962136702, 616.4670328093833, 648.3776372262062, 131.2637200989661, 407.7412439042293, 1848.2968279483935, 825.07912133277, 640.3737564655632, 614.2859843158677, 1561.921778070737, 1480.298875008417, 642.6733643272571, 13.305235641657756, 464.7958054509453, 451.81784050340354, 1843.411168323956, 1453.4103034283414, 771.7751625716564, 1265.9726467412381, 1076.7868959806628, 912.4679202519219, 705.4144552920973, 418.6609546397755, 414.55002630028343, 563.5870080837415, 713.8329821625618, 1868.6376704185814, 1247.2137023240252, 1436.2906795163467, 1572.4847372221811, 908.3849098322061, 741.7386251286658, 1444.1479565465406, 1128.0185075345553, 766.9501219623282, 170.70619278407838, 764.7696694059069, 471.3772291306106, 623.4317827588704, 742.4011980230823, 631.2576765243418, 295.82303132111554, 714.1418147080904, 1500.3244607706147, 737.5690145173936, 733.0088509490074, 655.3940186191242, -10.459325312299185, 1456.6445435525059, 1359.6754134812736, 669.6355522595857, 812.8726168163289, 1501.5005819857483, 1382.7089668704398, 1325.3117744360097, 1020.5704976206048, 37.30161659821209, 787.5813112901338, 1928.570116326613, 1109.9828691492135, 450.75603072454913, 1122.4767573796425, 856.3049958120718, 1459.239042705777, 621.5529168364125, 1407.374195753121, 1880.686115462717, 1575.5289530594794, 698.8167926693861, 1836.3158102784728, 1761.2795587912487, 520.605472235312, 590.2569328480594, 324.02717200421665, 1405.0102654689576, 600.0817475752532, 1769.911235759641, 868.1680929057062, 1594.0067726313496, 68.54984022037523], "test_sigma_between_0_07": [1242.4703824994738, 719.6249337015083, -1480.3831005712018, 240.50132731342148, 164.3402656773032, 703.4024236319178, -195.3842781352519, 793.9547735397011, -2153.310258997125, 619.8560490662397, 598.6929054989516, 752.0603490779863, 291.18630214287003, 822.2339709149218, -1114.6831224032467, 596.9718269985717, -1289.1080915044697, 389.9178758978188, -1407.4036835541199, 581.12747538677, -197.6191999431757, -18.342674330622046, 558.6000176109227, -37.89188219384668, 717.5713671346649, 556.8498365465942, 20.032792877333126, 441.8478918919051, 25.791254520711647, -683.0003753342688, 252.7849115091798, 1781.4339022539368, 523.1128317213954, 1233.1439950525305, -40.815494412512635, 281.2004703211057, 505.5654923616576, 89.98188418342458, -462.1514186223366, 300.575631607756, 45.88287939941801, 9.100497593487663, 625.6021459907785, 408.89543242444057, 394.68654002937416, 709.8115773060669, -54.654165573979796, -1481.6416675876333, 498.4846036180267, 47.57889725437853, 1032.0754366684062, 675.3479999506615, 388.521632667557, 1657.6312879213726, 543.8105892500236, 549.900778357618, 487.30737441150063, -1405.5268281336125, 334.66738658621733, 354.18931355323025, 309.06824367576183, -77.94898418498475, 1302.5051109853393, 146.59890101654597, -613.2209847867138, 353.98129405935924, 505.3740646741783, 524.2532578054771, 55.930845586708145, -64.17887894517484, 410.3998622717586, 361.30790626228713, 1236.0260265987476, 267.7598677365705, 268.87764709303434, 178.03297935238675, 763.5703928925177, -3085.6149716932387, 660.5984956166789, 407.92848432049755, 635.6683497050624, -83.4433800153114, 725.738543287136, 458.59235837439746, -72.75284334061143, -643.0983926613453, 511.2010297007998, -696.3989927939895, 255.26687055871182, 516.0446444831491, 714.7812981068053, 558.9513661764082, 706.4149021106612, -209.67251765391555, -971.7919469545662, 561.4085943851046, -1384.275359402385, 682.9585168718229, 502.27287422909643, 382.254078133054]}}}