{"rma_phase_1_ant_sigma_01_2022-02-01_16-35-29": {"results": {"test_sigma_between_0_01": [2567.9315628583, 2395.4768487676615, 2728.2961845562018, 2446.8859897594925, 2413.80364321014, 2343.0391178376976, 2939.1214976893616, 2510.8335061771404, 2352.7819686055796, 2512.3230136609836, 2634.7309530562816, 2546.1301157281678, 2728.310824231985, 2835.2503083848637, 2859.1119562797476, 2240.4647099375843, 2705.937687864073, 2513.4943693114296, 2185.0600963166366, 2444.006763520129, 2690.6744590319377, 2377.6304047959325, 2538.3086322121007, 2942.7346593690413, 3074.0351673016257, 2630.112983595935, 2657.0707930672074, 2422.9089910667167, 2664.314358921527, 2446.102101667954, 2700.691395016728, 2742.9060761136325, 2215.665640212271, 2473.057774316352, 2502.53623491919, 2697.854869685277, 2612.812024698323, 2433.9683687809234, 2587.2098500121087, 2891.258510410446, 2524.2363855546814, 2846.550419750669, 2413.049391090354, 2683.0595945168147, 2613.745660378087, 2923.412950479446, 2465.014262614404, 2196.024968895555, 2517.003417318664, 2256.6101436036797, 2911.3718194294256, 2774.923484312114, 2022.0090494688425, 2560.2027925684215, 2692.207988502265, 2455.480071801239, 2905.8087434323993, 2083.4673054511845, 2611.173833681429, 2873.4066290367336, 2640.9187088758918, 2600.8625685316133, 2674.026129330641, 2596.7931254546747, 2727.2133176824896, 2814.4022802423806, 2916.5566487986957, 2364.611384105852, 2488.784034881944, 2486.2148172604143, 2634.8635382111597, 2424.726154855458, 2474.002847979744, 2397.1131753304203, 2698.108132211869, 2351.0054742540037, 2932.756837630429, 2939.277908085802, 2345.2189012733425, 2673.2810068349954, 3024.2253948410385, 2544.6667244346663, 2689.232291038304, 2465.621891799451, 2667.6188533280397, 2386.5625579180864, 2427.954844864396, 2371.040434805903, 2898.3823906828634, 2615.723943955995, 2096.1623752376477, 2808.4978686291984, 2435.888260626829, 2557.3996538447905, 2530.9099839541773, 2206.921040443253, 2856.137222538472, 2595.166165671201, 3024.824674724642, 2497.7897609233664], "test_sigma_between_0_03": [807.2324879171923, 1527.5740613815278, 2169.5054005313295, 2273.732238076089, 496.93132225495407, 2215.373242343632, 1537.9959310226427, 1449.4840306315161, 1826.8244983702016, 1220.5620863122326, 438.93802923818134, 1365.3495047930946, 874.2122305401692, 1095.122516353301, 754.9389415858678, 1770.4370904587706, 2083.1966810784847, 1027.9304689356084, 2170.374266058221, 689.2766370878016, 648.4654969612981, 2052.6692174250115, 1782.5055498534157, 779.0965074782714, 2311.124069679899, 867.937209065912, 2146.808610215923, 652.0289174287432, 621.9993752140489, 1375.563961965423, 1963.331320065378, 2093.5109632690505, 1233.1439294173954, 2389.9687381251956, 588.5697294474465, 2070.8306569680417, 699.885484976928, 881.2686069700084, 1494.1809898918402, 1902.2201922287477, 1885.1389489708158, 2678.1734735333107, 2150.9016994674066, 504.09702344396015, 632.870226228991, 1494.005200724903, 2095.5574885525384, 1985.5232785015162, 2345.330419179423, 2193.9981723635547, 2012.3777713093104, 455.6421742915275, 2715.827806769247, 1084.6491724285538, 617.335270368565, 993.0428400667099, 1753.7014433108925, 1218.8241516806054, 628.4813681652804, 1731.889975028658, 725.2519871066033, 587.2276037952993, 2215.0615208101262, 487.24899126724154, 705.6710372050679, 458.17271436906276, 1717.0259950465263, 1589.34775885123, 626.0611899315863, 751.352995492067, 678.762867631835, 2261.0169163203936, 1924.8376906731112, 2269.870763234607, 1935.659512445685, 812.1386450988028, 809.0750101961363, 343.18865971278575, 833.1026660810663, 2847.3170485072146, 536.6283576169564, 789.901284215586, 572.7218431098805, 925.5691025416266, 1118.5673125305475, 2494.9607521329167, 724.0352124389244, 880.469641001539, 2111.212922775957, 680.8805896898751, 1721.3681691257268, 1799.238063027586, 1161.5432952680314, 840.6559798587409, 767.6910467613185, 453.65322757048017, 1779.9850939341359, 2134.5448528571774, 717.1988935050439, 563.0140855233177], "test_sigma_between_0_05": [379.2351542106992, 621.7091129586853, 702.8724994706674, 1196.78261464363, 434.2243289123504, 616.932426199116, 662.6574031458352, 578.7668667433186, 366.3228494366063, 564.7071868870723, 1662.5000620035, 521.7352437559313, 707.5660025157289, 1993.574536765897, 1268.0930233688782, 448.5725842285654, 357.81423584489374, 571.4969399624986, 814.4804417009155, 610.4848459078414, 659.4097905279308, 714.0735579638651, 538.2456122785484, 654.8469549400061, 537.2439122620164, 687.1607424964841, 1314.139183804665, 504.60589061514787, 498.4279370713123, 556.3675935828271, 512.3372946331508, 502.6159374737779, 450.27555318582444, 598.0970744734385, 279.1894223051143, 1954.4589155624237, 1087.4213285600676, 83.63058061188491, 632.0645089376583, 625.8870000942455, 584.4950209889033, 334.68817726312875, 335.1091023310287, 554.9622077048595, 184.25907350894425, 425.7313241296537, 1865.4349493692657, 1122.029256994766, 604.5657305082904, 620.7109198376121, 515.1612853510352, 408.15458521129165, 1650.789339955694, 482.98418805327657, 907.3365139227695, 359.0476504909149, 625.3900966406981, 421.1248844253015, 540.4220352120401, 550.9111358496125, 470.043761696633, 681.2524778921011, 1060.335739183419, 673.3897191434147, 603.3289803538875, 690.5850017381753, 540.6125109456286, -16.276560728396003, 552.3921915900514, 1022.3979775451752, 581.2504902964838, 647.5037646923228, 644.5147019482602, 234.22894349515104, 590.8487544537525, 412.02147301975333, 597.0738756722833, 530.6838929384425, 685.9852017198263, 650.2746948260465, 30.00414883017803, 411.88150812932577, 479.54095755898754, 1786.0160240185226, 415.286082816296, 963.818607865147, 612.4702279165169, 711.4490237595131, 701.5862432695802, 700.7893191827312, 736.3902673641389, 477.03291305590534, 545.4521691561202, 226.4557282692099, 551.6989424556793, 198.02014640148985, 1180.1938757917162, 452.5210064608349, 706.2229652837249, 629.9752509964848], "test_sigma_between_0_07": [570.542485160892, 603.0034211050087, -1484.7361545007502, 542.5581217813191, 101.16770084484592, 499.160944991031, -876.4216142406465, 755.7897043163218, -2314.901308560164, 387.7829918798786, 563.3770130452111, 540.0802573728477, 482.30607727139903, 493.56207473006344, -750.5414907656248, 605.195300891124, -1301.093010637116, 618.4940484580752, -24.301095146047015, 602.6842986565053, -726.3554063442932, -1685.5453530624109, 601.0069467260644, -67.04290668240426, 615.5185250920952, 411.4794109609655, -16.256318323027514, -231.4023381219946, 707.0835764987511, -1107.6367729925305, 207.36201376927497, 1807.4704056264072, 441.2635144218437, 658.2742858001783, -38.77285992591934, 583.7577339500193, 278.2473354372877, 461.33637490824486, -766.1865183666672, 204.04835226346762, -33.961043425944794, -35.29346737987214, 738.9268600959437, 400.22130576275566, 546.0503421415021, 697.6513436104035, -198.34795960973554, -2407.7933530876894, 696.1905560171735, 541.5482863789268, 608.2201643349613, 587.5764179663578, 547.6318792516686, 1270.700513229528, 412.1192831676486, 338.6781138663388, 601.8019548799306, -1168.482778022411, 407.56407697489607, 925.8501711302251, 355.0718708847646, -267.19069700261736, 1291.596798645397, -15.104078475694415, -761.6602537216812, 508.49442477428556, 502.1542358584719, 613.3730685755896, 495.6417897137461, -218.9979621236867, 557.5878677204701, 604.9916782559616, 709.9670974543288, 119.79967004385249, -23.431003574478364, 284.2078933057696, 974.3477836087258, -3201.0354201389587, 482.2492642458035, 501.0401400661647, 362.18282309629313, -97.70236580092454, 653.6374714668051, 273.61758088615426, -310.4849071214917, -1714.38156623489, 550.7157782141453, -826.5853569379445, 143.85381033543953, 340.61474298977737, 506.16929411573597, 517.082158490179, 568.6237765574522, -52.708251170294666, -1191.4158438525808, 661.5174489523062, -1413.1693935569306, 687.7781168923269, 715.8288753809691, 183.03851602930234]}}}