{"rma_phase_2_adapted_ant_sigma_03_2022-02-26_00-24-20": {"results": {"test_sigma_between_0_01": [2083.1585361889606, 2093.36292261095, 2271.15391174853, 2233.163494571186, 1915.341165867618, 2136.613552941377, 2440.383267737955, 2149.9441935547006, 1953.5602201754284, 2188.925415197157, 2074.989401850414, 2156.224237753604, 2266.120200139315, 2055.820088676622, 2133.9033786565205, 1987.628340972671, 2257.156765672905, 2062.867895995466, 1946.3158457916797, 2213.2807063368673, 2217.6206945207355, 2021.6019861323728, 2064.8880405445434, 2294.5754797969817, 2339.016047164443, 2158.8090965398956, 2005.831106575708, 2174.053430093687, 2193.8923547884783, 1979.6169314237206, 2091.129310042441, 2321.236251382969, 1909.8021501645037, 2082.1617051988455, 2307.023935306861, 2145.663877550161, 2209.635430096813, 1929.8103298190547, 2175.0074817706304, 2272.175647084274, 2000.3603381917078, 2297.4768044299626, 2046.2279870174532, 2096.5121790095086, 2204.6629239893286, 2172.8404784267655, 2313.435476505728, 2045.757025809497, 1972.6093531382733, 2225.788311084109, 2355.298551322655, 2128.2342991355445, 2078.2045777149315, 2129.6356709066054, 2181.4719379589856, 2014.1684533789637, 2135.012697600995, 1878.8476953865281, 2125.130025163589, 2337.8829201334956, 2198.553476527929, 2025.6311988552145, 2097.8317324508203, 2147.1477105909503, 2112.515329725461, 1997.083683095532, 2103.99174598665, 1991.0253366291083, 2127.551913028502, 2011.8371313686005, 2319.27883785862, 2121.166164889859, 2043.6587731830746, 2006.5918636067784, 2339.1790897928195, 2039.9971070615072, 2367.182606577411, 2336.699327110478, 2019.5508209883424, 2273.078417251609, 2322.2788879077075, 2125.926656925815, 2208.87596937927, 2114.2607474659717, 580.3470806593903, 2056.934503594671, 1968.4859806016182, 2017.8114601943419, 2126.8979522535938, 2104.993701959191, 1924.3231066174924, 2011.339098064315, 2067.35292054237, 2344.786804976749, 2332.840486281283, 2014.538177453366, 2162.2691238034613, 2182.000404879354, 2242.388072001155, 1986.305957172149], "test_sigma_between_0_03": [1366.3579775741155, 1544.037342460418, 2052.3787681831636, 2073.278129572798, 666.3760612262552, 1994.2467605144172, 1850.5059368224524, 975.1863813399492, 1630.6032305402002, 1501.0110366619688, 1188.616516455706, 841.285747877632, 1636.9609101651758, 1940.595722814431, 1575.4289563267982, 1818.8561498918045, 1934.0019181453117, 1586.6366375962202, 2127.8956241943674, 1767.006584495867, 1944.375241876547, 1990.564262142677, 2241.450197270875, 1820.3574526542104, 2013.300801087213, 1857.321347106947, 2153.636913834207, 1454.8012729730222, 1664.0584122393798, 1672.3390858015475, 1774.5872318247245, 1952.9868378491042, 1677.0367401798696, 2144.576807646141, 1982.266803828638, 1965.2498079302868, 1524.6852844230343, 1354.4340452418414, 1796.0563680602675, 2235.789961214128, 2163.8815482434393, 2162.5753585909088, 1932.262188142259, 1528.0730160041578, 899.2259251555254, 1706.164430977346, 1729.6563514259403, 1900.2156110666222, 2036.5947157794212, 2475.5843152060243, 1890.9303630095615, 1709.1065186140634, 2426.363832551998, 1820.4990476845162, 1539.8378364938385, 1821.1561808465835, 1943.8741821154686, 1785.16847261672, 1915.6203747925338, 2126.5793942397468, 736.959106688775, 931.9669400011041, 2442.8137236325283, 1500.2204224462537, 1802.3280192534733, 1524.6214938567791, 1449.759005386375, 2035.2748409006874, 663.6810457152197, 1816.106352110925, 1776.1231043854225, 1540.5431952676686, 1730.9253811129245, 2016.3906138354116, 1733.5309105158938, 1371.3608347721122, 1419.5778907496165, 492.83032008914586, 1579.957443362821, 2140.826368153123, 1118.402610279527, 1673.314093772078, 1378.1544808742208, 1886.4802883517439, 1458.5028541728357, 1831.66936189486, 1289.7265681687463, 1653.5733813632842, 2113.071557345817, 1242.7979171895902, 1013.3812495943794, 1739.7677379620632, 2000.4795296311054, 1914.0906899807403, 1724.4837454947601, 1217.909803101948, 1950.5039031567994, 1515.384462678543, 1202.7069993357516, 1391.7201015014173], "test_sigma_between_0_05": [890.3991549787975, 863.048511747344, 592.0904249010581, 1454.2172329108575, 498.1662091428191, 743.7428440962253, 601.0580852118454, 585.5265644583422, 908.166140728916, 671.5598639768249, 1531.0869802541333, 1331.3776809624694, 737.5015552215475, 1943.9483101956519, 1055.732213428909, 1805.3973028924372, 499.5298329849886, 2176.852484351297, 808.2501970999147, 745.0302552132891, 824.9866487016882, 723.5893617356022, 698.818313970985, 381.85936879047324, 539.6740843085428, 1781.3048956708396, 1150.9846339407136, 616.7324446048708, 269.4604042207428, 1563.8108339375221, 2245.9644397358475, 516.4620199649173, 279.8419227884353, 483.79696356010214, 427.0651653506595, 2012.7556662488141, 1344.7691969113864, 598.741972802316, 748.8500477734161, 865.0045583445304, 1233.970008197492, 393.61983434825413, 331.45796256999915, 178.11969229300865, -13.291605085492492, 568.2352451448612, 1917.52113991255, 1286.0612921744264, 1617.2694859843414, 1018.4328352307438, 388.9072802143367, 226.62379389512927, 1455.394200338254, 73.37209449482187, 1329.4522839788285, -25.27619328358269, 728.36672005872, 544.0299595809512, 688.7168785819762, 892.8919313443262, 737.6183763256105, 852.8976800632041, 1588.8337869448312, 411.7525178869879, 677.940647576422, 700.5612975300592, 525.0114854796195, -23.37943124213344, 1468.0183409453364, 805.4465812985294, 797.5314412358292, 846.8041419118354, 1497.1395991922252, 66.33809545911487, -3.1305010930780535, 868.5451871350268, 659.0146390919612, 826.1713084312124, 1853.4314575909632, 1134.4725309102264, 331.2305249079364, 697.9536555483791, 622.1313161073303, 1635.4343140731014, 719.4360636445298, 1622.4020674155347, 1605.1038383695904, 1692.712981200902, 794.2026649949223, 1225.6930686840726, 1704.3613653280152, 1485.753274659326, 526.8915067955415, 760.7524318597912, 795.20437588475, -38.021067519403005, 1559.934547069661, 1072.3878315675342, 1016.7640007877133, 500.6065942827014], "test_sigma_between_0_07": [940.4870642088746, 605.9065577464665, -452.7821719898282, 71.79711884907297, 253.08614897552178, 602.753786138259, 0.3294279742461378, 1837.0680222132062, -1595.4189979289342, 706.8047760045775, 486.1566776522376, 715.2042337049264, 14.035593418237765, 604.2877582635856, -193.07814445625317, 580.8020218033926, -1422.7169812964157, 563.0032775639949, 94.11024959704937, 361.9025632460894, -600.669075205328, -415.5939421115675, 626.5646004802614, 1.422364948062743, 651.1382832944264, 313.08115542828943, 258.17620501455065, 4.020807130371373, 847.918687911035, -596.548538331548, 350.2538431493522, 1900.7025364485846, 267.9191670298021, 824.7678902781647, -18.562023049061825, 9.166659085331288, 387.0758288889627, 760.4683761824219, -723.7333533069602, 129.20144458164725, -77.16897301048162, -91.01587513200204, 563.8271861299573, 554.5938727255073, -18.155343485722526, 1094.3706907634137, -3.027834690750746, -2135.94167232244, 576.2983380744133, 307.85671912151423, 1745.539673231905, 591.2043401422052, 770.9184377453039, 1508.5018516501702, 493.35179786726945, 528.1802485490228, 615.0973866721225, -807.6362203913365, 272.791600166164, 951.3521215885897, 931.1173540880998, 71.1852037280973, 1737.4928518872457, 217.13493309090987, -441.9989408415506, 409.66912097356527, 415.3459846553416, 675.2879846770979, 391.3377618056123, 43.75664897030982, 465.7058783108359, 656.1973571749094, 1521.935934319193, 62.985951731081904, 322.0885968698149, 424.3990232802813, 270.4199168099266, -732.6165539259368, 375.92398292022995, 385.6374752993171, 680.1222040023057, -56.44091354222184, 813.2129743460366, 574.4329191981815, -92.83117354832363, -269.7327801835783, 1026.7899141387695, -55.926467593779755, 167.95585993189027, 53.476479322584055, 565.3256186368757, 346.46078862164944, 730.1826074116309, -599.0761924895764, -716.3335031659806, 705.4699995377614, -1755.6021664602206, 749.1798971028093, 224.69881790539932, 282.73293593211577]}}}