{"rma_phase_2_adapted_ant_sigma_03_2022-02-26_00-25-57": {"results": {"test_sigma_between_0_01": [2119.029386900802, 2024.6051510242214, 2208.365370787683, 2146.8721766206213, 2045.752232687824, 2233.4922098114507, 2316.7181020795747, 2156.9356971358575, 1968.6167254530294, 2214.451547109333, 2053.0009371200345, 2088.264539343741, 2126.979513638585, 2005.8681255263996, 1991.918035058205, 1987.5290160132301, 2012.02920611453, 2007.4845800727303, 1992.7338358451195, 2204.991719310775, 2197.291256527959, 2063.2565567807796, 2090.627400161765, 2142.200387633575, 2069.405513282359, 2187.094817859205, 1978.7852610945288, 2060.302968097835, 2061.5597113300437, 2105.158250141454, 2008.9251247007303, 2270.1251472768795, 2010.8579733994998, 2097.424474634219, 2301.8135104267585, 2232.7710763182395, 2154.3356178586014, 2089.0446015075163, 2108.0062359704225, 2095.252011244364, 2061.993850827214, 2097.044744538188, 2116.11939580577, 2090.5550436223207, 2117.1561024448583, 2149.5916608819366, 2284.828422176954, 1932.3149223177063, 2028.3127978204618, 2112.2029694168887, 2129.496668703069, 1999.715643791464, 2077.576047556053, 2065.30214942297, 2061.7844445682867, 2065.490037934303, 2042.9728483583183, 1932.3664993924253, 1783.6865662959053, 2151.0541007068077, 2084.2117583809895, 2022.1763068140797, 2165.8838029328845, 2127.7548018999764, 2053.7287200165765, 2123.7631592028115, 2021.806501055142, 2051.0907353399466, 2107.247694027002, 1966.8690767692663, 2170.0392905973954, 2010.3998199443538, 2063.7026268563827, 2143.6400792019836, 2054.7344502905053, 2010.1289616758468, 2111.070649484528, 2134.4411175596533, 2027.1644960656254, 2136.9582029301405, 2074.7823077369594, 2151.6042719236098, 2117.250207932683, 2120.725008652256, 2311.193094065856, 2158.0298486458155, 2056.2746885432975, 1945.6303962824388, 2005.7026315185344, 2163.915641387446, 2041.7028413074647, 1944.9918176956483, 2054.5894922242965, 2126.246783120161, 2264.5957109384126, 1956.861539702224, 1954.782843103391, 2261.666879164492, 2060.6126679432527, 2110.4859652356163], "test_sigma_between_0_03": [1605.4461700209972, 1722.9830592428468, 2013.866832623242, 2271.0026928005345, 1062.2170843804026, 2025.7594928853325, 2182.035325656239, 1700.8124164795706, 1718.367015494209, 1290.2921759750611, 768.7838876668318, 1928.8896196077696, 1770.3978409981394, 911.6133410360789, 1505.8418236672876, 1827.7121300629665, 1890.5735069243076, 1813.4519663187555, 1943.3605221903147, 998.8394481333519, 1977.9884665698319, 1874.9359757314714, 2305.811073960744, 1625.8600703204286, 2041.9389855227405, 787.2303813286711, 2339.162346038057, 1859.7685768133886, 1872.9281388111667, 1601.2514748568904, 1689.3821660054812, 2060.1979302297673, 1961.4203900699952, 2167.033473293972, 1872.0365287037762, 1887.9190065212508, 1165.1441980225331, 1155.880524092002, 1970.3052739587615, 1311.5454644259437, 2037.2493734973161, 2255.9977994460683, 2011.2520761301923, 743.7995393578312, 865.987558417177, 1738.6688390027114, 1807.8389004968697, 1878.5251915800286, 2047.347720730972, 2212.7351471294046, 2148.1791387419994, 1705.808768236026, 2321.603519698657, 1125.303015895296, 1018.1050498365656, 1619.9359019753542, 2011.4516262346622, 1853.7685621001247, 1853.548772106228, 2108.915022526836, 617.2121185704892, 1632.639508278864, 2314.209446485613, 1654.6955141672927, 1802.9375792721446, 430.5952233392879, 1666.7854593544369, 1928.7313285275873, 886.905105490459, 1995.12738922113, 908.024081961335, 1784.353360770324, 1936.6666269567208, 2042.4330759198126, 1914.2863880136806, 1498.3587488429941, 1954.6696532070046, 1023.0062575770422, 1288.805220724702, 2175.6929087248036, 1633.4764252778002, 1800.8556396764664, 1601.3021638253024, 2111.4511709977455, 1807.5810954320812, 2028.286549660952, 965.7237493605005, 942.3047878894555, 2412.6117391519265, 1170.5898682238787, 1831.4653935418148, 1811.0672101055213, 2058.761869636191, 2081.4239189451523, 1679.1647166162854, 922.8239403615116, 1984.0944695746477, 2001.4597907645582, 1545.7060576865413, 1673.811731643289], "test_sigma_between_0_05": [69.89252154951537, 429.20920995897154, 681.1901072918428, 1649.335442628278, 677.4091886616851, 643.418833748677, 551.4996678143851, 756.7313732811903, 1393.7891512525173, 810.7264041992418, 983.9501504385339, 526.1186987703899, 661.0697829548305, 645.071453338442, 1368.0611863717209, 253.39439403123833, 247.61750428546648, 2106.3094438653575, 954.6638266698955, 847.9155531634124, 1724.455488646154, 879.6849922793754, 769.0727810332658, 130.5337758935814, 512.6194529275417, 692.2220274899448, 1455.2414297697342, 594.228346423519, 342.21895699988227, 1528.9334626253783, 1318.3360669135861, 549.6159409885895, 77.37258364697476, 465.35162638305377, 639.9776037707733, 1872.5985640425806, 77.6880782059583, 168.1308439678148, 1125.7268236051673, 958.3714847994225, 717.4083184282825, 372.1240065737395, 492.0226557075937, 220.1774455142151, 697.8851190973356, 457.28251252868796, 1955.4753291338595, 1607.9954618964207, 2089.209500815192, 552.9342195544149, 398.07330542716244, 546.9660175487753, 1538.8620286282019, 745.2616351601015, 937.4654011448021, 770.6636325071375, 617.2970517607108, 519.6567858713985, 502.4650534069112, 850.2123298209813, 728.7400293731715, 751.5737456007256, 1517.9679446424366, 1620.703521610693, 479.9314613758904, 701.215771334912, 1112.4732762084654, 174.02102829902867, 1337.197187884004, 531.5348863676428, 708.5645187208813, 777.716459348492, 1808.713023065028, 1583.5419768815264, 1433.8046092515715, 771.2397921852222, 456.1847540369926, 887.4694232795376, 1843.7944413595324, 976.8639755623483, 273.4348302905857, 493.318406293418, 748.2711796940971, -43.147028258319196, 664.2850885933951, 720.6174469402299, 1849.1860488202974, 1484.1053645492357, 875.1287630712382, 947.719774945514, 1008.5442336361866, 751.7474492713925, 437.0732129829994, 26.964605103165386, 640.6255194486477, -40.59508594480432, 1636.8067511431755, 914.3628440377757, 745.3249426313067, 623.5275716204303], "test_sigma_between_0_07": [563.7772269418613, 548.7579165738371, -513.8177038099727, 87.58862536501974, 392.91926631309053, 501.10543435819557, -90.47817938418898, 1797.2501773957836, -2170.1249393200683, 676.154991100643, 724.588084826056, 746.6451547728968, 444.909033570908, 619.9729175154376, -458.49820663191394, 104.55081448105922, -1635.3357227677284, 637.326599030197, -815.7855731383391, 621.6064633225948, -819.1339306093292, -184.51916956023203, 652.885432296743, 103.95995650246464, 779.1705346899072, 245.84255202587954, 77.81430319363571, -135.6298744210463, 1683.4684015621062, -1000.789125926487, 404.8434642151496, 1946.4989130522238, 854.1723313173387, 875.3808567193462, 557.4527596718605, 326.4274762209896, 733.7687891572396, 300.2431801784156, -351.743505619191, 155.57047940304332, -18.29759498324712, -4.745422463318411, 720.1440785685255, 627.1427659306945, 186.71987835287572, 716.7928938574679, -1.3657076311981728, -571.5787755367093, 642.1870597340541, 340.4242250082096, 1573.1236858949496, 682.4796087119735, 801.6875616044683, 1753.1703578914282, 600.8293543032097, 472.1833248099585, 730.8512431880664, -1241.8829941616975, 188.13414873629213, 103.86866220846719, 319.8204392974874, -204.9936133910074, 1718.129055422683, 215.80368520731702, -633.5822189058049, 375.1775443876455, 608.6201314939688, 655.3663873429557, 499.02274816207387, 181.24369658467464, 699.9070141376085, 640.5141683998226, 1561.2559470514072, 70.57757256286277, 53.64548247338245, 180.64111449050552, 1556.3820430735227, -1264.8929674420704, 458.11950972490587, 161.4302072050676, 818.6799127982831, 160.82746811165987, 851.5954234899816, 308.8771591946861, -209.90570520790646, -381.5672127401411, 875.4678897880656, -378.0866468254389, 233.64733757009398, 587.2697262857558, 598.9539273118831, 142.4137459424586, 845.1788763319186, -639.8385064446659, -407.92977497596877, 637.6871617031882, -1351.0773886891786, 597.6135505476199, 750.2637931799178, 462.61930419153595]}}}