{"rma_phase_2_adapted_ant_sigma_01_2022-02-26_00-22-39": {"results": {"test_sigma_between_0_01": [2082.909401972892, 1843.3266876131465, 2453.784842870749, 2480.7950666867473, 2076.2484732454873, 2218.4248997217173, 2514.0054007842914, 2307.2587394099705, 2029.2852795168124, 2239.7284549471087, 2084.09122783468, 2489.679185868094, 2671.886150328736, 2270.5152615258035, 2436.737727992296, 1549.9075607102952, 2359.266968502894, 2226.158988014581, 1789.55363281297, 2466.205456575564, 2501.0674844522296, 1968.9346552291126, 2164.506607275384, 2065.307380407588, 2584.802240343966, 2399.5468646210597, 2160.6530860998882, 2340.3000100492345, 2420.081214177216, 2082.860162048554, 2106.3218630942247, 2599.2435832617193, 1897.3853122336855, 1920.1494289884292, 2551.0551942905804, 2538.6731228149706, 2346.339808956656, 2231.0226215363637, 2403.5093559532934, 2081.5699460011283, 1851.2408525279138, 2408.477666838822, 2201.8002644806543, 2242.6090368751306, 1716.0762519849525, 2409.4279134606327, 2712.8503566885493, 2034.0866151177931, 2100.560860478029, 2258.6674095843046, 2558.62784994103, 2301.1286470589052, 2060.0272618287386, 2154.3937129580595, 2223.650377470222, 2075.122825785059, 2247.311487665694, 1519.7221926097598, 2244.3612862182954, 2619.280587453564, 2516.513153080129, 1996.7264263049117, 2315.338229552263, 2235.197378094664, 2065.682294466858, 2163.0244411732847, 2349.992420098574, 1805.7822423989505, 2276.1271857561524, 1996.045743920437, 2692.5494522411846, 1996.8729575505577, 2302.848279011446, 2342.376839012494, 1868.5789973601363, 1997.6540245491453, 2381.356895637803, 2602.460754695911, 2143.2961266944076, 2464.987578191119, 2551.755113516354, 2206.0182142901554, 2340.5428297646763, 2258.779548244423, 2243.8455814644026, 2378.1243898309112, 2228.8273777395425, 1858.4353018028476, 2063.548869020082, 2161.414315708849, 2104.974105375471, 2216.490579874832, 2379.337337397415, 2578.068958031313, 2617.1686999865383, 1927.8523392200057, 2407.6724970024097, 2585.6038706859094, 2213.3660700101177, 2359.0771666748865], "test_sigma_between_0_03": [1315.6323546270833, 930.4742350611111, 1920.1440738560525, 2323.30520875549, 1022.8317029339092, 1924.3624933474646, 1557.3222163263579, 997.2978404688861, 438.12993920004624, 596.5415838425423, 283.9613362625087, 1206.7333807664875, 1614.835521957843, 1784.8472601973267, 519.1718563669594, 1684.8678082645895, 1710.0894431845463, 399.8780955190057, 1597.0327393755742, 1043.13084777583, 1627.2144721936377, 1511.3268126104742, 1965.9500416518538, 765.0987170786465, 1963.960560027112, 606.5414876016422, 2042.2875701293503, 615.5063370730902, 1166.7702108799108, 743.377354955802, 1794.8773870680998, 1862.7535207199257, 1726.65215756839, 2150.3519939934204, 1333.4683216537671, 2273.437858216323, 875.2305520121524, 1125.4836019658173, 1577.3767857146668, 1906.1416358504014, 2069.0661777581226, 2209.5550279545973, 1721.459290543671, 125.33407215550785, 652.7886188383628, 1053.8521007241518, 1898.3065761904406, 1524.5850788959094, 1620.7671877685582, 1928.5317424819868, 1398.462230123655, 1510.1164430921183, 2254.1766975493565, 1683.3408394239107, 781.2699727580359, 1648.9544786583135, 1914.9719659427824, 989.1695086570264, 1088.1133355846457, 1597.0328085738893, 471.3925203290533, 742.3606931564921, 2616.1640319390976, 542.1722990448951, 1453.1763733059015, 518.8386756309545, 1103.8645657401587, 742.8414878016038, 790.5534594197267, 913.808768908324, 659.4924353800826, 838.0415253039664, 1719.62658844467, 2114.8009455067395, 1460.7316175806513, 736.0348591668237, 1436.8938107655752, 150.72798209786274, 1014.9390977598733, 2456.2546979904396, 783.2915983162627, 1454.574805126577, 512.9291110059856, 334.35368161918876, 1568.8772996791356, 1939.3545587581673, 875.808770008369, 665.4335115563907, 1808.1311595709783, 780.6600821740268, 1881.6404644264767, 1116.992542536992, 1599.4030077413706, 34.46311241980871, 702.706582177304, 548.4141012701753, 275.418715181935, 897.1820445414281, 680.8780104919131, 655.5872865083811], "test_sigma_between_0_05": [516.3161060803437, 341.9900697311142, 618.3610201310618, 1042.0663681472254, 53.22762975803461, 547.5768146858863, 526.726513806417, 460.1445779025233, 377.36773368648704, 607.6440087195792, 975.8759155748472, 523.3889491002947, 650.8829400453554, 415.05117090535555, 18.150543159892564, 857.4948055603098, 550.9604575737682, 1513.9663295979874, 641.6564278636025, 704.4852871914272, 342.1073594206452, 594.0333198909356, 498.1182235018038, 392.68293838275275, 543.2282960940402, 74.37883599345814, 860.6448955575895, 631.7099262939483, 469.72520785869125, 853.0399247505267, 1621.0586245302459, 539.6189571384699, 25.89801509418754, 664.6518735627623, 253.9445715169206, 1745.1893556866507, 1319.8867854912687, 424.4491532710042, 446.7231914771006, 502.6180112531087, 695.3044234942173, 542.9559723554574, 379.72984073181175, 108.19189316860292, 235.71157096595581, 135.52493685836825, 1780.8897569448009, 1038.1695951561321, 1036.994248925186, 737.6633996967818, 468.33593478238663, 239.06130137143492, 188.81244903782465, 561.4496791884408, 71.71003100305829, 340.0901743111885, 688.8972585353879, 439.1607764060392, 532.9751589578169, 441.3146914506123, 631.235632647486, 684.0269034915623, 1136.9836162497772, 1104.152819251843, 421.02166198204225, 588.1279195285475, 97.62350550276598, 83.88153194388106, 457.9919161203852, 734.967449176478, 553.6457765642642, 786.3049983519703, 601.2947220631987, 140.53649395137927, 360.3217757011908, 383.1227844547221, 427.3603356468195, 636.2837385241594, 1400.2634663041142, 738.4331783910065, 221.35101485119932, 601.1241794458647, 677.8238504735251, 42.834305080164576, 560.199783455873, 752.6506285751053, 1473.4366897556315, 977.3565198707471, 740.3936012203598, 777.0327633271373, 517.38045106899, 12.931928279314876, 557.2755615912167, 325.89105042858284, 440.18760431787217, -28.245225514617054, 908.3023109709561, 569.3013813226119, 972.8724472103054, 574.9417567977192], "test_sigma_between_0_07": [559.3629575755771, 648.3223946176631, -19.362499904088438, 82.00653888357775, 402.8088868735595, 720.0319064819579, -152.09827623695818, 1382.1956414180668, -2121.756764939304, 683.9502420446294, 818.3818746529932, 473.3291797692418, 149.14462473226428, 649.8034257986765, -688.0814341551775, 434.72443253933454, -1362.2382221087425, 434.1569473534343, -173.0577445956135, 387.7864960054122, -611.5661638970089, -184.53532949951756, 695.6227004641433, -57.01203536160897, 585.4685549147055, 470.38376475991674, 25.193436491271125, -18.05620849966362, 248.98510655243575, -1097.7060527600845, 275.08177826856866, 12.646496404560446, 615.2009822061113, 430.4987052570749, 295.05102349915956, 17.23919455956524, 517.7599572531894, 310.16766643642023, -1018.272448652343, 49.262109444504325, -68.98744352376379, -59.06116876336457, 502.21133953803763, 325.12343354183594, -21.763123040246146, 465.078316019355, -111.47359599096526, -2068.496472919219, 596.2522400404017, 20.80197490916899, 843.7198326164831, 578.1949204315412, 654.4589183467886, 1312.597061844835, 353.1469734050539, 254.7465966511284, 549.674232765168, -1282.0638724269124, 200.4925993550262, 47.16891240294203, 658.8229391701392, -364.0583497452547, 656.1116819129887, -355.70571099719825, -851.3304196719099, 84.90115697276485, 688.2717829761125, 595.0537226187035, 434.2436288840885, -297.17142967132366, 185.22685431813883, 275.5443602736068, 837.4098819866555, 32.99170693750202, 0.22634416530053691, 20.32695616704439, 277.39447456997146, -2157.7779194811155, 395.3507038489853, 258.8956042089386, 208.26767127166067, -12.333065725000054, 559.6199312257097, 543.9836179754465, -97.2418556270233, -93.94913865427515, 763.117884189611, -99.52246485608921, 303.5188489953644, -38.750473748744106, 742.3388264237697, 460.1130438300227, 824.6122979987787, -213.82241585836888, -784.3531015415358, 394.70465369242913, -982.4920441304984, 732.588782000195, -9.9369413996159, 80.68270471568104]}}}