{"rma_phase_2_adapted_ant_sigma_01_2022-02-01_16-35-29": {"results": {"test_sigma_between_0_01": [2627.137736644307, 2282.5580001015464, 1773.0477073465947, 2434.476778137581, 2362.4349382211244, 2333.2247155200243, 2725.880121236669, 2686.768405336973, 2227.7759664779487, 2442.495448034137, 2667.62191409839, 2441.799408187894, 2488.18174632633, 2898.2751281208734, 2837.284296236165, 2256.458718560834, 2697.3986963146644, 2432.703235804523, 2223.717816149239, 2482.0832279996657, 2700.9117738955665, 2465.6327803649965, 2250.3350948655147, 2883.3397819356355, 2937.623001833239, 2686.818159801296, 2514.8778937184493, 2627.431328740523, 2677.8671657708323, 2432.5725749940534, 2664.886602719117, 2631.604873185478, 2201.0086153759507, 2500.053304198723, 2499.806725866187, 2483.598678737985, 2699.938923586901, 2410.5072887257597, 2334.277435887721, 2857.9865552866904, 2558.6160921519017, 2835.1826780103, 2456.2439968240456, 2632.3702157702933, 2147.952206252453, 2943.1397772368073, 2483.0745432418644, 2143.8066281470055, 2776.6202342502484, 2835.4703121170305, 2921.8433904604303, 2792.1171026334296, 1919.6290049450047, 2598.7076842479646, 2670.0537949027525, 2503.1475332031337, 2906.6212958467663, 1943.7073671311757, 2441.065937619831, 2926.2736931079853, 2682.573885767573, 2559.618883649676, 2581.4705370130387, 2610.9779115938254, 2681.8013343498724, 2734.532986144382, 2791.5166035080224, 2387.167989419525, 2274.2412056366297, 2644.498385620494, 2585.1822511864434, 2324.8065114858186, 2426.7096216205978, 2346.269678048692, 2699.361532404959, 2279.6907667673636, 2739.100549914831, 3058.182182408102, 2062.55405906632, 2696.0139915115833, 3066.5137371686087, 2556.8984601536786, 2325.558632474574, 2502.059048006375, 2872.9594148881447, 2479.6838981996484, 2461.8202426899343, 2410.160930206369, 2915.2405252585672, 2633.105297077259, 2171.164023464766, 2725.8503620562315, 2218.3813502844987, 2649.208990292617, 2468.4015049870513, 2071.1831275200843, 2782.918595702119, 2635.8510677486242, 2929.943991079508, 2483.7710033692456], "test_sigma_between_0_03": [676.9132520905137, 1033.5789567515833, 2248.4975638957308, 2298.990455757314, 442.12783122969165, 2116.7008188989134, 991.1860880940948, 1085.0915978388036, 1508.3091632263802, 1463.428393669761, 493.6855994439567, 441.4172561755715, 661.1914632221019, 483.13522996616706, 1178.299175737404, 1663.4762632866311, 1633.5126460988965, 454.2077233839172, 1709.9610953629979, 757.6979598506073, 762.9589608306716, 1595.6881521836037, 1017.1977568609996, 997.3941629290027, 2378.6099938443663, 1063.2946401318393, 1541.5280927777885, 347.2791475833088, 770.4413055393977, 1438.7749639376932, 1502.267208722349, 2046.1065289461458, 815.2247922103592, 2702.949253321945, 769.9604629020633, 2072.404297542711, 916.6588789952519, 1063.6637655968518, 1408.5776305979243, 1647.399964331184, 1893.2902073602672, 2498.356665819278, 1536.311650900376, 464.9389505382791, 384.97558764843166, 830.2750576030659, 2206.730834789073, 1885.9109306082275, 2284.416070060365, 2209.915152799989, 1534.5409801691983, 1795.5949920751402, 2000.9001597780361, 587.7168302104824, 503.95821011480115, 888.0543493877848, 1909.0229801137446, 653.9588048501325, 1981.48895662609, 1459.4181368188508, 644.2755241369289, 699.4575500375707, 933.2343721096843, 450.93399645599607, 477.19759886565305, 655.5370619389599, 1716.1706182477235, 1823.9428676367106, 810.67070582188, 980.7577554104164, 1495.3282012930426, 1990.9482137515656, 1991.1679022837625, 2016.450951710734, 1704.8166928127955, 667.3073927130106, 508.1535610146594, 379.2755434968554, 575.6078646806811, 2691.828042571872, 609.436964358757, 1447.0183113499015, 1305.6939171349845, 1709.0388458650716, 1169.464598908101, 2442.325467873751, 1023.6904645930455, 1039.0230277233918, 1716.887632202122, 630.8403917560779, 1387.291537877568, 526.6899929627268, 1661.4262088858882, 1677.8092425305092, 723.6363903711801, 469.3406137353647, 1532.6260730724716, 2243.1233248280278, 785.2808068087321, 491.67628283786377], "test_sigma_between_0_05": [234.6770651071185, 927.0076356094919, 606.3664436338586, 1311.0299891096047, 504.55781189848324, 429.5901105229282, 650.3432610882331, 601.147084364462, 482.45168372943664, 586.8081863836118, 759.8952958418632, 501.4771080124966, 614.8880580692088, 2104.65725552425, 969.4492780272606, 530.9346667065248, 506.0978267655022, 1446.810336029888, 501.43029931452344, 748.7483521860306, 448.0374473496539, 698.195817816666, 598.6816654333288, 579.0303176485908, 501.57445920302246, 842.2956025826139, 1091.7736317850242, 439.7423339398143, 487.56898295130713, 865.2208146364297, 684.2964458421136, 240.44321364955363, 249.98246200544529, 577.6914949640043, 329.6674606155176, 2336.832424548888, 496.5023600970098, 556.6960291389389, 499.5644705836399, 559.650628300975, 326.0169309868975, 331.6697974022257, 487.9108758092221, 542.0005907148302, 316.0759722793462, 511.69281610687506, 2004.3489123047887, 1160.5581460801277, 1491.83192176659, 453.1727016496854, 286.7841980673123, 398.0413360899366, 554.3122362865795, 253.84796353144893, 473.2057586602202, -12.702064581731975, 660.7617710886512, 436.1144878966442, 530.664311774928, 513.3094715061112, 475.8558767448321, 709.8011820895973, 1148.2241442342133, 359.9270571059138, 627.0818214523164, 716.7101211977823, 476.661832010497, 318.0119534795829, 721.4546748936683, 568.333936960932, 538.288637236086, 701.83744442653, 788.566052370513, 347.2265080745475, 579.4818450937411, 540.6495920354151, 596.0496143552414, 624.8958846745148, 1487.2453050020258, 690.5048149161039, 22.43718800588395, 199.8880593811191, 436.9900253321421, 1572.6130059500238, 598.598575214149, 631.0191168030804, 1547.2164526765002, 379.9770980687939, 780.1043206793335, 650.9897111572267, 885.2624590452999, 807.0699511369018, 535.5178916436772, 494.6209635281546, 761.4014526873888, 155.12611102704693, 1192.3531118208473, 560.0930881478974, 653.8770305768213, 567.2779688865662], "test_sigma_between_0_07": [669.5991649588052, 704.7411257450839, -1196.9948857072911, 472.4096284483357, 327.02459855706223, 490.85713342387754, -423.8334819338243, 808.5722401534917, -2219.498346922905, 547.2676289861449, 301.73189699932067, 497.8354483248111, 497.21590157114287, 499.3742611208161, -700.3704613123977, 64.78205911513803, 162.20298867748494, 703.2484626172046, -127.79501699587269, 439.6764880074375, -562.4219477117305, -1459.9578414033142, 442.9978255646854, -82.86551863594502, 636.9134123557731, 422.788071173494, 46.18203857457557, -234.3636208044075, 1892.1667525854293, -952.1028327237138, 220.98344249908098, 1677.5466688128467, 333.75038121684906, 581.4360577092076, -23.279346510060716, 600.0960111483981, 807.957096946392, 540.3614203369749, -831.6471076558662, 55.37663313070949, -76.97660383038885, -120.75007523763065, 703.6770294885134, 296.35284034922086, 675.4562614341314, 723.2318859768649, -307.65912235750847, -2322.6509066139583, 411.22154226481103, 569.6116061603119, 657.9901826541209, 511.52458560928204, 456.0383729982496, 695.6931369653761, 603.5399946773389, 354.93901413844327, 590.9455766012564, -1241.9964853673418, 412.4348972474792, 518.5655240707243, 525.4044807508618, -150.21095636556558, 1078.1641721432397, -129.58149984050846, -764.4059187108516, 408.06072924720297, 556.2680946550856, 545.5780854776381, 584.5704055096592, 350.2855369364882, 300.2550592656007, 672.4693187778145, 684.2966194438699, 51.56168553084137, 92.95333077501421, 100.899211233869, 657.0020945222612, -3061.1728340574227, 486.53393963814676, 858.7439154736762, 347.33071370985715, -271.0142924348967, 540.0537613810301, 240.8618120655769, -727.1406735760307, -1680.7734981723543, 468.7869453675927, -743.0348975728076, 173.14359375497867, 603.447611120322, 618.574378356508, 461.31591196082223, 596.8930275453544, -2828.5837340255152, -933.6364671834333, 480.01914196107583, -1360.6219999729494, 638.5750485348976, 685.0147623944296, 389.6384383152873]}}}