{"rma_phase_2_adapted_ant_sigma_01_2022-02-26_00-21-18": {"results": {"test_sigma_between_0_01": [2045.66561256612, 1832.751511805017, 2011.1218294407429, 2062.262455112828, 1902.4154569473599, 1648.7442283600597, 2067.4851268718053, 1788.5372651509686, 1767.63329870939, 1671.3221678316245, 1848.9652476362314, 2064.9393110003302, 1870.322662783945, 2073.1997490027, 1912.2611750851336, 1727.936022586639, 1775.075956029748, 1747.3957097302193, 1832.3489188802057, 2036.5166149028664, 2190.546293315223, 1851.8276236847275, 1674.9626386245789, 2040.6791406079344, 2259.038784296308, 1852.133372741095, 1684.1683558889317, 1886.76381983278, 1800.0852624914191, 1683.817220602625, 1809.2493821386558, 2140.3868192099762, 1885.4549339572643, 2012.8670580909409, 1959.8626093125536, 1774.0328040458494, 1729.9048116061629, 1108.3780372336062, 1681.571499966145, 2091.3677001330316, 2037.6801668174094, 1793.9788350082194, 2114.742492837805, 1837.6984180278248, 1958.906627201646, 2156.8356711842516, 1945.5123682397605, 1492.9069965640672, 1827.7534332583966, 2098.56443200957, 1777.4893621337076, 1972.3488830852934, 1201.5678719644961, 1974.348823177695, 1934.0678650682135, 1699.7368192728209, 1653.8738728021933, 1743.7680066612293, 1726.4723868106148, 2131.594061543012, 1893.6177793305772, 1660.974649952673, 1941.8997557098253, 2041.5178719865994, 2019.9348572258652, 2048.9062974578083, 1993.5751171603647, 1641.182530722329, 1637.6099289116198, 1802.090453068161, 1898.623370269423, 1711.665394787579, 1724.1569886687532, 1751.2143496760418, 1771.6979419992142, 1415.9552306972255, 1901.9580194399462, 1977.314974613347, 1777.8435937429624, 2068.1030693555567, 2197.519340109154, 2004.8123680511756, 1771.770894143366, 1826.2364332397594, 1753.6292124361273, 1235.5142821735535, 1835.1693564128207, 1757.3074924128452, 1885.7444500164545, 1890.867757917174, 1710.6831873488497, 1901.1301969545782, 1491.316562004754, 1809.7716222341567, 1864.0136090044011, 1613.1851603731336, 1972.6622385321955, 1762.2103068532062, 2029.7387045745625, 1875.6990202233314], "test_sigma_between_0_03": [602.8545485231975, 478.27043124136685, 1174.0794045291693, 1591.3462446552949, 592.3552854719055, 1577.5129384139757, 1249.7371356813837, 555.1041718708279, 424.00924178429744, -19.631416169683497, 509.5787708674575, 732.2270931778081, 919.1174066695518, 446.0971159193832, 313.4658051261141, 1406.995613821701, 1168.4043260820831, 574.8696776085964, 1607.0456203790968, 857.1656126532414, 1175.1438561224522, 630.8450354563928, 509.0111915499806, 693.2423655277487, 940.3550221898992, 675.5846485062027, 1343.613561503134, 695.6223905325699, 618.5863593378908, 401.95547792813045, 1089.0521208646692, 899.9628559898869, 527.17777589041, 1516.498720351997, 1044.8873047821899, 457.0432921098329, 807.7463469879825, 810.549050652173, 360.9087617751286, 1588.646280536158, 565.8139600261325, 1833.2465229986822, 1197.9801009667508, 379.8923295718358, 577.7461994213435, 662.4773930192963, 1507.4856363967465, 1407.782960042722, 1308.114486006082, 1542.4588239354107, 665.8002182097465, 1155.7862748861776, 1569.4943180342752, 934.1586389304924, 940.5695178578598, 1258.6273182409577, 1610.1999166799542, 746.3177352255382, 1565.9445402760045, 118.9234080689814, 702.0492330511289, 512.8379487781282, 1759.7932234287987, 483.19383763780087, 599.2321111411276, 33.36785736088496, 303.56200592756926, 345.53187998583724, 646.3685605997136, 1875.6719644300235, 410.9697956819936, 1503.6148461778555, 1848.140894896659, 1702.5522248052648, 714.4595902417324, 869.727149374468, 722.3021996265427, 288.46847452421946, 287.8523820673483, 2055.8214805976495, 253.86831372672327, 929.0518903876452, 583.2756521475478, 1125.9736560478796, 740.9510514162819, 1579.805962000392, 981.4369806248237, 634.5015332246766, 1359.4791670259003, 408.05833515542173, 1217.3240887799286, 374.27268648461967, 1431.5852674925668, 1169.4861720088086, 700.7086688610904, 515.2283961266527, 560.9342175215849, 126.13849102310478, 1088.391348329553, 632.7569046932898], "test_sigma_between_0_05": [-17.11622587858873, 154.68091559938026, 648.8040698176529, 824.0861531427738, 564.2733184588574, 558.476874334387, 399.42539001035476, 665.3197156467912, 224.86264005397695, 652.2923956248753, 849.03874421568, 38.99919957475362, 825.745340855595, 349.542975087192, 129.89507392857487, 39.35857510416394, 289.0221814884791, 1739.3544381171187, 862.2961531006597, 840.2308484733477, 527.6218085885907, 424.6696707494776, 625.4968619385475, 309.89506974541126, 452.9353918072158, 513.467932748736, 1037.3877365200835, 473.44171973764566, 177.55439567302054, 727.6907473705405, 559.946017516168, 12.71295489182958, 33.29047714959014, 118.41177137619364, 676.0890219590058, 1051.658458353631, 381.7299549387232, 95.559870123015, 593.4740470662072, 396.63637141063225, 736.6960314376155, 127.18952776354843, 149.84402504111367, 467.1136591805274, 160.81162200824176, 566.4577311814849, 1369.7504107796858, 268.78114004849596, 585.5689742333058, 657.2205221049321, -0.16638471406768618, 371.88730753994724, 340.44879580597177, 452.21981897507226, 543.214705768115, 296.89666911089984, 640.5895669636441, 145.65700881132858, 467.4660104516669, 555.4773029107427, 627.6317392330266, 629.257855476302, 706.5112276010586, -117.91796211530466, 90.20989592701561, 435.7027798147969, 621.3042851859288, 73.25016430032117, 1512.8185546964967, 294.8243243699032, 554.6748980349645, 409.62974706771746, 330.736149672861, 438.5777367733261, 301.68917743746664, 451.28224207903537, 148.67581462063248, 710.3322649236094, 833.2907344564666, 118.97313459846033, 23.496081237927132, 99.12244672858381, 769.3962547604802, -41.84518641329049, 454.39052560549686, 761.2081093325535, 1266.4264834175049, 536.4029271964537, 688.5384078770932, 321.1079198434121, 146.89871250121195, 317.5635751688255, 799.016847452756, 172.095834441112, 204.03331744749863, -74.80992357069334, 1540.2405519261515, 505.27218497879653, 749.0336188674825, 547.0694367781315], "test_sigma_between_0_07": [10.778861925787346, 623.0148975327163, -1093.366785387116, 92.48185338706246, -63.645953443010605, 410.1517447706893, -501.28650993656714, 369.5003189924402, -2064.8429776629564, 501.5829541630087, 580.6560128109033, 271.08068782483457, 372.9280275788112, 183.78042987653765, -1137.7009317526988, 58.20427585688159, -853.0806188500221, 197.9542591789781, -186.60989442797649, 641.164199302702, 53.67906173849333, -384.3929653018116, 532.0570147728665, 195.62442324350542, 423.49664404162877, 99.92732072690112, 104.02065368031612, 218.9513377621088, -52.6361385056647, -553.771713420142, -64.02554049179162, 446.4072925127552, 651.546693474141, 288.73279165910793, -65.06631392815035, 361.9338180060383, 447.369868584063, 163.60294429513277, 59.750449972084624, 62.954774462479705, 10.641185053998196, 278.58303205085406, 5.113672007634885, 513.8504031038701, -37.387080460584556, 217.78421889716262, -208.6112862550932, -153.2725632777442, 714.4085956461206, 15.948648502545112, 1000.6886911775393, 720.7883103792423, 356.7786400876918, 1149.0046818400258, 168.95090757486614, 523.0204674603388, 624.3445630364705, -893.7605641109102, 396.4410403911013, 225.7847110177132, 381.02617426658276, -450.51553826930734, 396.1719955913342, 227.67044874891425, -589.3790233097043, 306.3072841651899, 463.37700726198864, 572.4856191964602, 339.37480834130844, -72.60931354469936, 336.1590207650487, 523.7350326215301, 634.7011732054866, 35.983366112819965, 127.44977655252309, 205.4625677209958, 533.8932964262875, -1071.5260205478087, 11.264342467996173, 539.0005686144108, 589.9478966276685, 167.4919808320673, 756.5096741904725, 245.2111908765496, -129.75150202927765, -629.886876061018, 233.0919479358124, -88.31193061636587, 122.57297578225858, -6.488258593165668, 594.099899888473, 26.55106995517856, 453.1562295168148, -238.25844417295878, -1176.1936785034102, 608.8438024395035, -1300.6102296099054, 884.9372888728707, 3.44850076325818, 136.47432482488992]}}}