{"rma_phase_2_adapted_ant_sigma_05_2022-02-03_16-29-04": {"results": {"test_sigma_between_0_01": [1858.6573707131313, 1681.5327488512455, 1887.7757751746979, 1847.4968267174556, 1693.5011082413755, 1809.0227225769581, 1769.5018067385104, 1874.2939221086099, 1617.4130980673986, 1796.9160375143329, 1801.4503806948114, 1877.971682614718, 1787.580495835496, 1801.1555901084746, 1751.699839969283, 1709.206049334346, 1740.8515479342745, 1721.3480718569344, 1739.7638802182717, 1884.1991033198576, 1810.6269100050972, 1733.6583108507132, 1766.6720241784121, 1718.6707186254216, 1859.7328617347719, 1754.5778833714064, 1636.0287569247027, 1857.1427355737908, 1730.745127545142, 1737.0598528356547, 1693.5139246205388, 1882.0501240189778, 1680.791748632544, 1810.8676849280357, 1862.8106172493444, 1790.630409475222, 1803.7173554642013, 1674.8658798993126, 1760.780468064793, 1808.1210239320972, 1800.4979570878013, 1878.1009169668444, 1775.8381020773031, 1785.357104851975, 1822.9270673728465, 1855.5642197089192, 1791.2441065162325, 1597.7858571646207, 1785.5178318761953, 1779.7784347266606, 1880.9575887047351, 1718.7014457828423, 1725.5951944896487, 1736.1901283539673, 1800.1305861468202, 1760.6870183655376, 1846.9726755626982, 1688.9120061357592, 1784.7801961207076, 1844.0719103704712, 1725.7281879958146, 1745.0391017916886, 1816.843670516832, 1814.145630217782, 1839.078965850211, 1787.0470840788114, 1654.653422800568, 1699.469751662043, 1720.3076958439758, 1722.9205746409782, 1866.404792013202, 1724.3421220981818, 1665.2112900929085, 1787.9847307769735, 1750.4067138270746, 1779.7435759116734, 1896.602801307677, 1783.6704027049575, 1599.0180215772787, 1831.584311258024, 1851.665907478584, 1810.4136847845123, 1771.0206902440368, 1834.2764212185334, 1855.0484090186515, 1779.1468323874183, 1663.2762540244921, 1640.3847546104466, 1710.7674872740652, 1819.2619659402258, 1603.3038026945262, 1772.1253939161527, 1694.9805655809205, 1774.3312167215533, 1886.5415656795878, 1676.4662450682138, 1750.4868108316684, 1755.329608660273, 1805.6487175554737, 1743.4645076908068], "test_sigma_between_0_03": [1485.3441382818264, 829.7324292972885, 1702.878199998663, 1670.6329113621766, 1327.8279176537533, 1634.2175103445768, 1731.5820931409985, 1414.931391934102, 990.9792669766013, 1820.0214033246457, 976.6868242636082, 1492.5762346630115, 1393.5764976151677, 1944.160534899424, 1130.9767171940546, 1551.9839202465894, 1820.3316300395531, 1515.630156877178, 1454.800305439481, 1397.9097859061944, 1519.7859555117811, 1515.0153070755198, 1923.7606189447802, 1549.2714104909032, 1654.0942881637147, 1605.0865865020558, 1871.690216045507, 1429.848774691225, 1158.7362558486989, 1519.5333972298795, 1481.3191650297908, 1766.2658595748949, 1751.6902148111733, 1870.294143266917, 1317.5078521989356, 1458.206440339301, 1235.8633611079854, 1397.962047922129, 1552.6829671194337, 1685.7669904064476, 1769.7395508151494, 1757.2224270679228, 1581.4264914508828, 1499.9827861215404, 736.5369993134481, 1265.074840882904, 1455.8825799353046, 1588.8769199470146, 1677.5290438500608, 2049.8759551137405, 1708.7543111016646, 1364.7316751558997, 1953.8957837050352, 1723.3970941732766, 953.3868147118914, 1414.2765935987109, 1803.641469540678, 1534.674414433898, 1642.27374624356, 1736.1260816764793, 1190.3092001149018, 1361.1477941355467, 1983.6831728879904, 1261.6160710847496, 1601.6670645539898, 1097.2645485025073, 1344.3003466441958, 1416.0222287863487, 1155.812452746988, 1714.313579204811, 1519.1411091845541, 1534.5793898754212, 1764.0142029997478, 1622.9833354681682, 1740.5912523621244, 1279.2264590537982, 1398.2951055607844, 1125.4747912663586, 1450.3565120824178, 1672.200129902363, 1368.4944076212068, 1535.0619721999692, 1141.9249928396025, 1528.9404414097642, 1479.4876741434564, 1618.9275571039059, 1385.0339340673625, 1495.9544443182124, 1865.1670726788973, 880.2627932353083, 1441.6139259116858, 1550.9192303061136, 1542.9553760585798, 1510.344538966654, 1526.0162264761505, 924.8773690829846, 1727.4397026393865, 1553.3196997479602, 1430.8325934378106, 1327.2520167476646], "test_sigma_between_0_05": [572.6819832756415, 1321.4098115964127, 1053.770492980802, 1510.369037756462, 414.13331131060113, 675.2060654904275, 735.0437194079099, 891.3460262454669, 985.6034604297396, 560.3231844361353, 1414.6375033260192, 1027.003825124412, 608.1637551307828, 1802.6012177287441, 1466.8427493785264, 1456.1290771959375, 599.0918745079473, 1856.2366012834323, 1000.7169300114062, 711.4894629754797, 1430.2722369227245, 738.9708490798002, 772.8849782893877, 331.5482807781055, 1077.0781482509472, 1339.4622272933661, 1352.56722207911, 722.8011045527542, 624.7962524076252, 1264.7786020784463, 1825.6413599305313, 733.8484297451961, 280.35195483661477, 1269.2696518763998, 943.308969963243, 1585.0094864820733, 1311.2461107657773, 848.9316871589104, 976.7760215259632, 688.7097173768512, 662.860886200388, 734.4691375744077, 306.0191575141983, 702.7331219743653, 1023.3781738898293, 576.2288693702233, 1553.2236014031746, 1384.3874811003693, 1447.0651270542753, 1200.930362534832, 840.6221785786126, 617.6174122508966, 992.9370737232356, 1224.0980661588303, 1503.4848417252479, 1028.0880418962315, 736.4663445752481, 776.5789528011233, 716.3134276120489, 1387.8330854186233, 650.3440955960443, 747.824065134252, 1183.56851163615, 1125.9096121777438, 902.4761710309572, 655.4999731983638, 1410.2246077051834, 407.830854679456, 1504.040780832493, 919.9574664876257, 665.0161664192959, 765.625166721512, 1654.6931902355368, 1581.865773861992, 981.2906926599096, 1188.6798629193593, 818.3201979355457, 626.9146590269669, 1498.1286323227673, 1026.5237678338833, 818.3228912826432, 935.6145109136025, 981.0230284895233, 1254.311093648023, 1028.4260559585027, 1256.2669318222522, 1664.9006858877603, 1474.5895796310842, 1148.5168265399327, 1379.2866888476458, 1508.7385067824082, 1208.6366880973949, 664.843189786059, 766.1858265330898, 1040.0801425701031, -7.318065596246743, 1480.5218720628247, 893.336326501888, 1156.963156805426, 1026.072612014288],