{"rma_phase_2_adapted_ant_sigma_03_2022-02-01_16-49-34": {"results": {"test_sigma_between_0_01": [2068.5340208704433, 2129.8048607830033, 2262.0767355854928, 2280.582835816952, 2203.290709524075, 2047.6268372421423, 2385.49958049586, 2315.276344160715, 2049.4900151563934, 2358.0440025902135, 2045.0539209934548, 2366.7077943341765, 2280.215629520462, 2153.7891357335543, 2277.816782869171, 1925.1552259052648, 2208.087336473245, 2173.3040799608766, 1991.1839899132824, 2400.4819534084018, 2202.110039698874, 2077.203826657047, 2361.4488758635603, 2234.7279909827716, 2197.6192711188182, 2309.232137239493, 2221.740276613007, 2230.0551946027513, 2202.9739856090855, 2339.6256436846675, 2170.5380164771195, 2292.0755158577053, 1907.482121331823, 2002.374407862135, 2452.703375633105, 2336.680441649299, 2258.200637859586, 2347.2526601655763, 2234.8488451540206, 2198.148950258984, 1927.13519427707, 2369.0680946604257, 2034.397831844283, 2147.138228364082, 2030.9481119820614, 2166.950551868667, 2380.4366248183023, 1924.6604565336531, 2179.190365273443, 2236.844698299668, 2396.7486787731846, 2111.424076622527, 2264.071482244335, 2267.170223459439, 2218.906541182961, 2171.8135813611298, 2242.405380066749, 2017.9939878755088, 2246.2573712952258, 2282.3970735562175, 2321.8266796470893, 2087.082299708608, 2291.123383626275, 2266.0769709107612, 2145.8450346020713, 2050.3454904494806, 2200.359834020439, 2053.190038965865, 2158.431299330577, 2083.6030528648193, 2364.141815281974, 2040.9672061734752, 2158.7395581521323, 2142.0520694805537, 2226.365641079863, 2412.252528086296, 2266.7817879474587, 2266.054582213392, 2081.329936197996, 2376.90974265117, 2220.3173813019594, 2119.924824129584, 2366.5558336901577, 2246.2120066195207, 2337.0695123232426, 2247.75594055456, 2248.0924726395406, 2017.2886724187906, 2054.097241314496, 2210.100420796306, 2151.319957141954, 2188.501100008946, 2266.650521492241, 2288.395414904808, 2437.3640940824243, 2100.5795046816784, 2168.6910044665415, 2163.8320915580225, 2146.395386506731, 2052.8519113653947], "test_sigma_between_0_03": [1407.2653568323617, 1359.8722391347608, 1917.2969854046721, 2177.2908712155713, 1625.1416540413572, 2073.8404071539935, 1965.6211522070182, 1415.7254441764176, 1625.0363961334695, 1973.0498299523128, 1142.1025314093401, 1804.9921331135051, 1741.3140018575002, 2086.8598519263946, 1443.9357632441397, 1991.9767022393044, 2047.266666988304, 1887.1518140009584, 1882.457758384305, 1457.2386386363, 2188.423755178077, 1864.4292076471022, 2354.1324105698036, 1477.582692606763, 2218.160051367609, 1847.123191741711, 1382.3123992650026, 1283.3381896330254, 1904.3762470194697, 1490.0378217999219, 1822.011411025128, 1831.4260004526818, 1964.1149896438253, 2357.5586166379917, 2135.8159047706267, 1977.2266650766496, 1424.450631486606, 1561.4664737177168, 1597.7385129339534, 2226.3187229471114, 1989.7472909586743, 2284.8886801048925, 1806.259003721695, 1001.6558507040895, 667.1656714866926, 1367.5350312460102, 1719.9026081076415, 1896.0727320754731, 1921.322080168123, 2394.348676136092, 2173.7956207099724, 1565.7523560465131, 2345.9496148722924, 2121.0763417299327, 1702.2223193164102, 1387.005076029356, 1911.8097724442457, 1674.6128831577462, 2073.349389565484, 2401.4651743163267, 1074.5594387713572, 1449.3048542797303, 2494.069517407736, 2041.8780084283064, 2001.3655445320626, 1473.2856617793684, 1887.8425675988537, 1962.9649272972606, 936.1853014923806, 1910.8827387632282, 1592.2361994336784, 1953.9774455860347, 1892.0878519295377, 2056.726473824749, 1776.9076558991674, 1190.5426890609365, 2069.0292212374084, 1419.8525697633063, 1490.331698185737, 2115.1877108168446, 1156.2504745569113, 1521.8698581997648, 1460.1991213855533, 1747.5419890952223, 1606.1049553208495, 1976.882440223295, 1690.4581531891251, 1707.725959965827, 1939.412958247705, 885.1315969875415, 1884.5949094305718, 1880.6713153916542, 1759.589732527632, 2132.366323296197, 1571.1731528777027, 1104.5935499304526, 2102.7368620482885, 1903.4342512093665, 1614.0267849978582, 1253.4817716275613], "test_sigma_between_0_05": [644.9964986150499, 663.1973448023224, 542.4133751910003, 1520.0662685750033, 458.21772886742247, 578.9772828693614, 454.30496258417696, 411.67612502255184, 1140.5097500690792, 1353.4063911056296, 1496.5266415636193, 1045.86096261184, 487.31270495485944, 1945.944183194375, 698.7646330158742, 1586.6367501410518, 610.2002054526978, 2007.6062492153292, 714.6384077960091, 1066.0248552500718, 1446.98347585595, 682.9029824272374, 667.8505534707323, 139.16586022191208, 844.3093659883857, 1896.2149321095228, 1184.211896407559, 607.796738801621, 480.9134217703609, 1466.6062790676667, 1709.3032542177377, 693.3628124295662, 13.87681467558429, 446.76047478100054, 677.7358910200938, 1881.395855971273, 1567.788592447154, 460.6210543605805, 1080.1941700668192, 1247.274919515832, 877.4610156118199, 631.2880079886194, 490.5419082499281, 520.8987931899642, 585.4505947047126, 523.4486695146247, 1579.5554199416897, 1030.9204441801871, 1438.9974435598333, 1355.363272200774, 913.8819733912476, 577.9669555549216, 1495.4011100809141, 902.9396552251569, 487.83171176973326, 612.2437146596162, 1038.864071210545, 635.9884572464983, 668.6017048632223, 740.0205731659602, 655.914643654013, 448.4278994999649, 1685.895111556451, 1071.1068158704306, 604.8975790617318, 712.1268160966673, 1317.0308211224226, -34.066972486246954, 1609.6613173391156, 1105.6926724699033, 622.0537373082874, 801.8792207514063, 1512.7049516533784, 1045.8198250023179, 1465.0809280095018, 922.0036784833893, 1118.222363043882, 915.6706620276245, 1794.4383363850432, 1293.6343872425596, 592.2958062972618, 1095.3541362962064, 718.7688335677174, 1704.1188915988473, 588.9933485608714, 1325.6336681450073, 1831.364823584559, 1566.6237243192315, 851.7778850595473, 1750.7293699486504, 1442.0971153323858, 1466.5312575328826, 678.2429008051491, 450.14584792230437, 703.4729789856606, -50.27144861904673, 1539.2580357761285, 941.0365317588058, 734.7801251871208, 779.9411312809058], "test_sigma_between_0_07": [924.6306649776211, 731.0434447672676, -1511.6897318729498, 92.8159611889569, 209.99289764589358, 646.5707297646964, -395.231605592916, 1708.174235234984, -2177.0528924628697, 724.3066283543833, 486.71779987733163, 758.1424441973071, 506.2698873565815, 678.559085538001, -815.8012346663467, 467.8691057301478, -1319.289412482838, 370.84602701780693, -781.9935119827917, 511.85997055182924, -434.8415142286979, -1298.5959830426186, 793.4077399864851, -47.0360291227582, 631.4617819769871, 286.42832120660006, 16.930564969003896, 377.49508684017235, 192.42012936022215, -707.1462670350555, 378.97838436599903, 1771.1669640900734, 722.1842900293964, 1198.2207055273811, -40.41299798819091, 635.3454597418921, 634.5687896925076, 264.47465258827, -244.54604786507127, 386.3857512629008, -108.98557957618915, 4.085326202692526, 607.6683676936287, 572.0135183154998, 524.5322423318455, 912.9476323304274, -90.53850655292779, -2459.3216740268163, 590.7339471662337, -3.977212085055419, 1567.3085710603636, 501.89773692700936, 711.6703154903922, 1401.2844192014795, 620.9425745066295, 328.119317793306, 654.6132567289225, -1248.6552143239255, 415.689383266369, 1193.6978251395399, 1241.1344181245427, -78.37236473302458, 1645.123756477669, 115.88235896707327, -587.522121605083, 102.94580373671351, 555.5582659569159, 671.0578401608512, 57.938807207222276, 35.751988340266706, 423.59541431630106, 373.1948238267712, 1524.3530628919082, 75.4427626901699, 121.08019136068759, 6.2828774745677585, 1161.2708498905572, -2977.1239654615765, 621.3201439187716, 528.4428408347524, 758.0062103467537, 117.87901321612723, 811.7687915423329, 464.6380412524175, -289.77752660989046, -339.330629168045, 1007.7010648481088, 18.038494422628666, 376.5811815902251, 443.3034627304633, 714.8239937110094, 542.2308839189086, 716.6878692102324, -198.73202075485028, -1028.8352387590364, 598.47051755261, -989.3131370211497, 706.5530606981886, 1063.3975006178134, 447.04283236566465]}}}