{"rma_phase_2_adapted_ant_sigma_05_2022-02-26_00-28-06": {"results": {"test_sigma_between_0_01": [1635.72465436882, 1558.339025321398, 1707.5201559957795, 1645.750718590264, 1582.2296561048456, 1580.8471994452423, 1852.8726234222938, 1657.2073726389401, 1493.3403574257684, 1678.7935131569484, 1591.3939594478559, 1674.9754965286397, 1659.9666588605141, 1545.089359810089, 1595.0252070966344, 1555.899106966074, 1635.870297846715, 1519.0169225993834, 1559.7626266289474, 1710.9253493106814, 1583.8558482876226, 1612.7463473178389, 1624.0945352563626, 1625.2261960794237, 1640.690528465918, 1630.3988600450664, 1496.5750809383358, 1682.3278871823882, 1587.4959660281886, 1569.6318785430526, 1578.2314605310185, 1655.608151470291, 1530.469205067091, 1514.524567752349, 1724.998741047593, 1645.3754895953873, 1655.1042797484188, 1537.1447806083706, 1668.007587945572, 1769.2531874801446, 1541.142708599285, 1648.897159468047, 1657.3906269583726, 1645.6833827584462, 1704.82939617186, 1583.3418463010944, 1755.0115582445553, 1493.4196902386684, 1614.3829630524615, 1583.2418457415502, 1780.9481972990002, 1513.3161572476747, 1512.4418008585899, 1739.619497522487, 1592.3556614326476, 1627.7084100776374, 1611.7840737961187, 1458.904177032519, 1749.4943380179204, 1609.7311016976826, 1675.0942830322213, 1587.6206251136784, 1609.6444195107194, 1805.319292167803, 1597.7103232109932, 1521.3507677755224, 1590.4647808010186, 1455.3912145839554, 1589.1015098620517, 1513.7851303440648, 1731.3933306796864, 1532.8067402609588, 1621.25792358341, 1613.8769001028804, 1668.2450925928688, 1555.2859530281055, 1680.6086891682837, 1715.912823099627, 1481.3188724854956, 1680.7435908235739, 1652.4233940534143, 1590.985668989629, 1660.2700179105527, 1623.4135279668458, 1812.593807321725, 1578.3319126253366, 1566.7542794289202, 1607.3992517474771, 1606.663991593043, 1589.9009210098507, 1523.210315225923, 1520.3176244452475, 1528.6561070314397, 1648.9902437258002, 1716.9222218616926, 1577.7830252663712, 1541.002409413606, 1655.7114464257918, 1524.704791092608, 1615.2831269605315], "test_sigma_between_0_03": [870.0767190020356, 955.3111959510393, 1457.6020376100018, 1666.2612192905792, 1350.4133505499747, 1485.6270861744813, 1760.1260233723126, 1704.2500427540974, 1444.0963860451388, 1721.2603122859402, 629.8028808601639, 1144.4380366606683, 1523.2703615145633, 1445.3964599475985, 842.1416003229615, 1388.104916695743, 1702.1880931314574, 1613.8443060333275, 1638.2942798102217, 1398.8923080975644, 1674.3093560625769, 1480.2085044171831, 1677.7889906610735, 1433.5655741468447, 1534.4234388949171, 1398.6312893566349, 1641.0874851887354, 1711.1769703792193, 1620.0935081557013, 941.2956886959463, 1363.4769663180784, 1557.9749605269774, 1483.0518742309644, 1830.5110896471317, 1442.0591779201598, 1546.2381055226206, 1273.3847294415764, 1210.6072573669132, 1315.1811786896733, 1817.4334392726932, 1511.1750694340728, 1682.9980176530894, 1691.6932504660222, 1220.9634590685996, 660.2832022744126, 1566.0059430453919, 1419.3671643964608, 1371.4158069633727, 1523.0531277868263, 1666.9760979801317, 1673.4502362777312, 1281.4244114291978, 1803.3821136255501, 1525.9492265152994, 1383.0846722858703, 1376.4359213932469, 1459.769957240518, 1652.6846557234485, 1411.5405563634176, 1546.4259972558136, 868.5729038090763, 1519.6011810741966, 1719.3640675057384, 1577.8948058053757, 1719.6060824293338, 1158.0997450378602, 1348.7289176342983, 1418.991176030421, 1180.02399308754, 1300.8498251504698, 1388.9000977649841, 1401.5707501357954, 1479.1360292050686, 1500.5941120912316, 1429.2599543208426, 1405.3966074558073, 1517.8194953111984, 559.3335073278904, 1274.1463661792304, 1572.4437692091217, 1421.1224520553194, 1112.0535604127253, 910.8052098809029, 1309.2452681134628, 1009.71749876148, 1524.9273927575266, 1347.0914287955916, 1399.4801576781515, 1601.3245855870148, 874.9853448677396, 1361.8753433476484, 1427.5864794666195, 1463.4391811789164, 1348.9473197449875, 1428.2763055938444, 1070.663797768296, 1433.3866007563977, 1324.695192181695, 893.6092319319699, 1503.1878562257325], "test_sigma_between_0_05": [1030.8311710934645, 840.8096008191636, 846.1992784556547, 942.0276942841213, 820.6182926857706, 933.2529773656519, -5.208992910808593, 902.3048118127464, 1027.4558937819688, 938.2623133970485, 1410.2196319180275, 1077.0017325164797, 800.5817476515887, 1126.0456752895132, 1285.6663825528183, 1391.4043011406704, 1086.491537794764, 1561.5807729164992, 913.6088265343751, 972.0181259796885, 821.6411779918783, 1.9329322330959258, 1241.5196869754557, 413.4350602351639, 829.0089337846674, 1380.9727396094465, 927.2395797371069, 887.4766877694892, 695.9695685907981, 1233.4331138755554, 759.3301209997265, 837.7614753008812, -2.7499463248517713, 835.8246191799864, 907.526078963248, 1472.695981555407, 1252.1502479864942, 1000.4084376917218, 800.5161667097079, 1333.7369312317267, 823.712644912724, 550.799578974149, 641.1977601508505, 906.997335812957, 405.3479351655454, 500.2672157003561, 1470.6775524245365, 817.5909098490134, 1481.7366657335338, 1314.0754919985545, 379.8697450395991, 684.8977637652812, 840.1602575162046, 939.3670573752759, 1361.0782389021192, 813.7466572473692, 862.6125012019969, 823.5263766389176, 857.1352789483129, 927.636592816081, 877.7169027658465, 920.3905967256613, 1179.4848810237086, 1301.0716527583843, 1220.267228812599, 857.0210374950808, 669.9498318376867, 365.1649893707929, 1359.2015152534952, -5.808275484121987, 919.5526904057858, 919.504844177033, 1378.6184217056684, 719.6905188848908, 523.8039379532585, 1538.0275704610538, 1031.401637402484, 1163.9940083225176, 1410.5846060207302, 1311.9752405750842, 685.5681771135586, 1336.1766114341751, 674.4027064242987, 1153.676653599199, 1184.2464534460423, 1339.5195426116422, 1469.4250292217166, 1524.9419052638634, 787.4675318078588, 1381.6116272790853, 1295.1098317499116, 1116.4496240876106, 778.1820985901624, 192.03259936791153, 1152.0249606134666, 0.3788588668438031, 1344.7826246616617, 922.8715235673195, 1349.1860311859905, 943.4390800969476],