{"rma_phase_2_adapted_ant_sigma_03_2022-02-26_00-25-06": {"results": {"test_sigma_between_0_01": [2165.5809710781373, 1929.4836199369076, 2015.2294973232981, 2169.0428015172192, 1988.4907974455634, 2126.052071688011, 2113.674999460051, 2084.5414706327, 2032.6358643420092, 2179.2535134996792, 1978.2228142492727, 2074.6423856832807, 2095.6819035146073, 2033.1912222681901, 2016.9732984347502, 2043.3872110971356, 1977.2493169846318, 1973.8221165225175, 2022.888058662077, 2252.838899530928, 1986.339991097066, 1949.7445509278548, 1960.8508386198666, 2032.7806061214858, 2133.741369457494, 2098.7603872808095, 1891.0912983727071, 2157.6775432708773, 2013.9941698896716, 2081.4724451393286, 1995.5535818828507, 2128.633912763143, 1831.9334617718807, 2033.9244642950114, 2183.9973255517766, 2017.5337649506462, 1929.354769717511, 1964.119384826258, 1974.8345440226283, 2094.3696951181323, 2037.801426679141, 2042.2050289078306, 2022.7407333304122, 2138.924766784048, 2060.7247464233396, 2109.2744096411793, 2242.5280009453036, 2024.0494866872618, 2106.8802973039196, 2068.9856355710735, 2138.3378913308843, 1939.5082392343284, 2019.0277973697798, 1982.3342260594075, 1995.2323275452538, 2167.8503028285763, 1964.4614145048185, 2105.6854495790635, 1954.2261429427583, 2026.6639549845386, 2055.678633397365, 2078.0472717962766, 1995.4383152291255, 2103.0670861323047, 2025.5703281084407, 2051.9546323282843, 2100.029299892536, 1980.94307253509, 2043.6977895744553, 2025.2608612039405, 2147.51405801997, 1934.0392144556922, 2035.0819189145345, 1969.4441782629865, 1939.4696024742689, 1950.0509260472609, 2169.399828539265, 2127.219661584193, 1990.6569973968, 2068.821957181276, 2067.2354008363427, 2085.9994956264413, 2046.2051063530864, 2063.4578676718584, 2122.7538101740456, 2013.8177850216, 2068.3948495820905, 1967.7910458550452, 2027.0310922183307, 1987.650904262211, 1985.005640907801, 1886.5559946845065, 2060.0230731193606, 1936.998610979982, 2094.5658801891855, 1951.9022033454307, 2006.7620102370317, 2125.8109373105854, 2077.9683066468137, 2003.7922430894484], "test_sigma_between_0_03": [1376.309530894841, 1547.328172433788, 1675.1756144284147, 2044.9622804870746, 1497.905731477675, 1981.8309099499872, 1956.1055004582054, 1031.8396262443641, 1420.7410384131692, 1393.5578623072515, 1246.5292184380262, 1532.4961957143364, 1726.9130978842588, 1852.4369555462674, 1378.0113003975293, 1895.7697465485116, 1855.643312333728, 1577.2871078463972, 2019.8076100173116, 1637.974755524007, 2012.275282940716, 1845.5672390102857, 1712.168314633686, 1965.6085127604842, 1870.6845177007374, 1889.8147617123525, 2075.0321478299775, 1267.7066838629337, 1949.0355537531318, 1642.0104170637449, 1867.7068135521167, 1902.6548097002378, 1877.2723851246226, 2134.904338335347, 1724.078414824247, 2030.2302927509102, 1665.3108562348502, 1693.8311959312389, 1555.2603222937344, 2058.9319046070796, 1964.3745826944205, 2001.933983305905, 1951.7123807337957, 1242.726884261117, 1166.8083134864019, 1535.9450464426266, 1692.3929386039933, 2047.5803742139583, 1935.0360709450965, 2338.613537209926, 1682.568432297628, 1617.3956008105613, 2148.2048806858475, 1601.100962268563, 1843.7348709265484, 1686.6333729370288, 1749.890801431818, 1631.588309525372, 1989.5120050682497, 1805.7025018483994, 931.7877647540134, 1106.8224666093893, 2131.3783737123404, 1552.9093320426557, 1613.1247479058623, 1555.8352064587978, 1535.7200353425872, 1746.028545517847, 1358.1535205138673, 1670.8029982402707, 1848.556776298488, 1866.0633302897672, 1977.3902681763054, 1983.5715629688607, 2058.300300848813, 1509.6623027307685, 1572.8103182605125, 634.7615706291573, 1674.5692918796576, 1986.4865375765773, 1121.443904862791, 1609.013311110671, 1481.3756394998597, 1922.5858692620232, 1522.3070485994122, 1827.5620877345827, 1780.739531383351, 1530.0287594496524, 1897.2569442313306, 1415.5856326224314, 1595.1717202056107, 1568.2185529307935, 1826.6106123546072, 1683.3465289042206, 1600.4279111610329, 1329.4043273997286, 1144.8320609606042, 1386.1249874485923, 1379.170178878327, 1461.225632239901], "test_sigma_between_0_05": [1304.930894296075, 1239.39263431867, 813.3675907640472, 1334.2006988513758, 358.81836956024085, 811.0085597874988, 647.6493194487422, 799.8648805781837, 600.7804862863106, 1300.7414165576668, 1469.874812152321, 1271.1882020737628, 610.6958207934551, 804.3354800070738, 559.0686598477765, 1387.063679033813, 572.9559560830611, 2142.6075980183455, 1138.2008878703452, 1506.8310019164046, 895.557814399239, 924.4510200238082, 807.4937333299488, 555.3193867233135, 1173.2311862159495, 1382.630737752823, 1449.155266938934, 734.3523286595953, 522.1963812114259, 1304.786067074434, 1587.4010702733835, 578.3796911442371, 262.2661703927398, 552.752252530429, 732.4585604370322, 1962.5496937589564, 1242.8137628191996, 744.579919345034, 999.2101666414217, 1325.81756905933, 1374.3575598754321, 911.6475416092985, 629.9991392081905, 597.3284393953699, 498.6074653089818, 678.63334602461, 1569.4559351420173, 1060.7869219062559, 1689.4550668268216, 1607.87619671971, 408.88904334120895, 648.4052258621485, 1417.6153531448415, 744.4620274044049, 641.4366794535458, 592.9906000779168, 1022.0729268579441, 705.5525946454246, 1447.5013159467512, 993.1967356465402, 1411.842284399003, 1033.469393342801, 1331.6066073925379, 703.4804337954973, 945.7054597705865, 1044.6410425356296, 919.4554351510277, 165.58429126572014, 1592.3846518613216, 243.291300156957, 1226.3142013917086, 1061.0032123860387, 1037.685861660364, 954.8184538696922, 1050.6675024183917, 1246.727855564464, 914.380126439386, 713.1935226220763, 1754.5585485811077, 1313.0024079569826, 768.5592377652191, 969.8315207331455, 680.1727006119025, -16.007219048730626, 1198.701406612344, 1580.1786605735367, 1994.2036387980334, 1215.886814625214, 1258.7587730331272, 1229.3200147592488, 1166.9534750536745, 1305.9599245576571, 615.8592790042131, 584.0416768550684, 1090.2379814846622, -52.757837833084345, 1574.2113355267759, 1039.922397778865, 1374.7510650320644, 967.8650288851778],