{"rma_phase_2_adapted_ant_sigma_05_2022-02-26_00-29-34": {"results": {"test_sigma_between_0_01": [1763.2374676044046, 1745.492492157152, 1853.200328521168, 1652.7351617325705, 1590.8277920128187, 1614.3748353123954, 1801.249445010531, 1742.5002774434643, 1634.856241580351, 1683.6780727537139, 1742.360089141019, 1603.2043170874676, 1788.9776882520177, 1739.635471806097, 1762.751433142734, 1552.4880462538308, 1713.613828591521, 1690.2444087445667, 1593.7265462809269, 1702.1941434420644, 1682.9337354144898, 1782.8527970114853, 1684.7954864162273, 1824.1217219144642, 1769.0408164393475, 1778.3341667861102, 1587.6745606998666, 1630.724491593372, 1674.9321655422748, 1671.9758397373623, 1681.737407752584, 1746.3664843212546, 1587.7946450558618, 1735.3764894596402, 1797.622104501325, 1761.7008572163732, 1782.663257927124, 1609.667420819656, 1501.4497673596723, 1831.9519524919917, 1592.83399577639, 1761.380216171656, 1732.1538532414115, 1590.1653286199366, 1633.2029204916842, 1772.3812999099318, 1772.5330505144977, 1611.0954533329325, 1728.854465212506, 1835.443442727785, 1860.1044931721387, 1685.0886858339954, 1422.3872554363081, 1734.4168700866908, 1789.2021488778937, 1614.5925672986002, 1787.1340214526863, 1485.6521422668054, 1748.2065925600466, 1761.823133066233, 1634.9058082576637, 1702.8498075166767, 1659.076811402485, 1848.1135143361141, 1818.9057120229486, 1720.5489185946365, 1772.3122240523326, 1597.9157694503542, 1619.2937651812892, 1736.4054842410253, 1857.6692410496612, 1742.3461823290745, 1713.283706261901, 1625.7271085391696, 1774.0505917617634, 1639.9512889446485, 1851.3282186989761, 1849.3148578875864, 1638.5206883128462, 1717.2693875569228, 1842.7136743580143, 1645.0726991156364, 1683.9151674934592, 1646.0856726021266, 1781.4054987139011, 1575.6408960091176, 1638.3449967837125, 1702.1282025694666, 1569.7556409168394, 1756.151841746848, 1562.6965078279395, 1681.9572576485343, 1463.9242777202553, 1796.3531140368846, 1774.7498625355215, 1600.8002125686157, 1707.9387637169787, 1706.2027187904334, 1800.753258649654, 1633.479189186975], "test_sigma_between_0_03": [1444.5157555384567, 1469.4282967817944, 1633.423755158459, 1587.2749127808163, 1005.6485799618915, 1507.8953396337592, 1587.8289408671465, 1703.7295475052806, 1390.853362603471, 948.2717385819024, 1259.3988985692397, 1390.6145731548534, 1574.5726902305137, 1356.2423986155402, 1383.6996881296973, 1350.0651762650655, 1473.5394018656834, 1407.9506076555058, 1316.2677396917068, 1279.2886979559833, 1612.635057469103, 1596.2042927827197, 1431.930709040307, 1362.5121324223248, 1671.250534677494, 896.5750702507544, 1706.9685114127435, 1212.530579878124, 1434.0390939891136, 1506.4868579726306, 1306.3187476598064, 1437.6870222481396, 1476.9117751596482, 1724.748843112377, 1410.1650987834455, 1595.9575200479658, 974.630934782151, 1477.1052832388125, 1266.8233977218003, 1609.8788272029888, 1434.1034696443123, 1681.2554297716408, 1623.3641143222585, 839.8043962783214, 980.370139234581, 1619.9734976436773, 1381.2460260797875, 1629.3328663714092, 1462.532163083946, 1791.2361986291087, 1405.5855936050118, 1437.679080480702, 1821.444672889128, 1682.5136994653183, 1172.544014593403, 1312.14945972442, 1578.330263086139, 1510.2475817264215, 1485.3684515626023, 1161.2554240276618, 833.4886946880137, 1735.5442831974879, 1727.902104271734, 1309.3531417304134, 1439.9018467608403, 970.2783525566191, 971.4976735175156, 1342.7700099591304, 1272.9161928723697, 1637.4797766845586, 1041.3175398956869, 1617.8108871882102, 1561.9439574944056, 1598.2385647292372, 1601.3055059148458, 1319.896158948818, 1276.8569813728716, 1105.552967233072, 1028.884714563185, 1725.1990239906943, 1525.348572264793, 1342.1043224122088, 1308.844794526973, 1415.5488451674512, 1512.2076913747355, 1654.92753614069, 1376.7024967340856, 1139.0016456617675, 1538.0151617598817, 1326.1584413786957, 1598.759487798631, 1558.0092705088318, 1353.6254691498054, 518.3785396100227, 1227.3102133053121, 1283.3754340255045, 1773.961099930393, 1583.083743815472, 858.3459174045208, 1440.307656688476], "test_sigma_between_0_05": [705.55373704976, 1137.9306012715822, 1374.6337842264732, 1085.8529306048827, 664.019799976369, 841.553842721185, 623.7809746521312, 774.8863981028604, 1164.503576972881, 547.2106637090983, 1137.454153010309, 357.9544672704536, 846.3869224384298, 1588.5670511734122, 1344.2189789578626, 1026.1043916330345, 744.780131525836, 1907.2574727636168, 1002.4098978906898, 845.5175814256709, 541.3634525340788, 830.609630733768, 827.5514193998006, 337.0934126232154, 839.439741736102, 1255.7048627233598, 1248.8513141392407, 854.737436582118, 698.7269560385655, 1253.1049548727058, 1467.4826102551351, 730.3983971308977, 300.1780679342845, 551.8554293686469, 624.6895358128228, 1671.052213782783, 1222.6226592847092, 862.4429715299211, 1077.1792737378692, 1095.725782291698, 627.5148674876331, 676.3956961011598, 447.11982913194, 936.7685063534674, 1080.2266089185116, 739.0500767952719, 1661.6103769149238, 918.7563795929398, 1310.6521399768294, 943.1998102782737, 624.6510802507242, 692.3700659100708, 1173.3640767191198, 493.89487346553153, 1177.9047723250908, 555.447755644929, 775.7140505393903, 813.9649044663457, 897.982640529225, 1152.439214384349, 935.5128711001162, 960.6146444422417, 881.8970046888354, 558.4088284792613, 821.8279682042138, 559.8764089915649, 1088.4232812051157, 342.8107696621953, 1206.1551573032896, 915.9489605234494, 1044.272915990419, 847.0214017988426, 1171.4076614358823, 4.891921563427603, 1220.3785343675215, 1168.1542229351273, 600.8826457848085, 782.2877255595909, 1609.7329204871173, 907.8478721263796, 754.7064185935222, 979.1241167006405, 762.6376704236286, 1179.4243616582721, 864.1223099480717, 835.6796229907067, 1709.3959868680963, 1180.8127913120404, 944.3061254135491, 1319.857065293546, 1313.6091699277706, 1191.184775636181, 786.0358008876301, 790.4404950915571, 1184.4062091030316, -12.315601113461886, 1486.2042729376615, 991.6469146985131, 811.6609429094398, 426.4061779491643], "test_sigma_between_0_07": [623.2078031267899, 879.6904613447631, 162.23117053815943, 775.4404491813732, 525.766214104832, 713.3200060608576, -760.3317576142758, 1343.3542177453335, -698.958105514626, 863.4232824561379, 760.3146245905759, 840.6999565486971, 571.631636805303, 726.758238861852, -216.83861995001354, 923.0520611883383, -1187.3305600951464, 534.4567473427431, -2.5468931038267337, 487.6976811213492, 432.16827443013534, -603.9951246995738, 753.7355161246159, 38.19493270671955, 919.3200673721803, 631.6783715282329, 76.34160699211206, 277.786945340081, 463.4804104425403, -39.66847281188384, 394.7698356833016, 1462.72373177908, 669.1543685604113, 293.385580162817, 318.05941612063134, 182.7945155884284, 580.2608518873577, 506.685221475421, -571.2636344345719, 108.7858146611543, -3.920003854267999, -6.303553393977928, 754.2085687394167, 681.9395302880258, 194.28267289650375, 1017.2217963951487, -288.2801948936887, -160.2595341331948, 732.2036372213117, 412.868210544065, 1090.9664610150294, 899.7271734792231, 754.7613177563028, 1398.6809116138652, 589.8895569643505, 554.8445126324164, 814.4214278377267, -214.71653518061095, 545.2888024195928, 740.8162777858174, 723.4928960910778, 28.388533765640734, 1176.2449666353277, 247.35705909024105, 23.646861181642507, 569.9027219002303, 564.0094801297588, 596.9873669972433, 374.6548816182843, 272.67090357020817, 262.4508819630093, 804.1758731053998, 1392.352109098316, 343.5223967650606, 69.79667299909346, 793.446081875134, 1267.7197161900576, 113.26440251634824, 29.809029974674914, 592.9001669214222, 774.6009097994586, -10.92700111318991, 852.1682575461593, 407.258452399461, -13.284132458789095, 145.0774728648133, 617.5892467780459, -10.4734722096342, 332.38166642753185, 526.2911742124624, 1090.662235222954, 503.57941990833865, 788.6802459118435, -173.5585100228216, -653.4098073528024, 739.566904291216, -1555.5687682686578, 795.884994644535, 452.4308715818406, 512.2155011262919]}}}