{"rma_phase_2_adapted_ant_sigma_05_2022-02-26_00-29-01": {"results": {"test_sigma_between_0_01": [1580.8520671263338, 1502.057474949307, 1679.8207211317106, 1640.7586744672317, 1491.271514364456, 1565.625350929177, 1715.948648748709, 1620.7510919382955, 1503.636016835321, 1581.523575944194, 1559.6969377983742, 1692.3629924805584, 1656.6266989802943, 1624.9736915851636, 1524.069473891479, 1511.4332429982703, 1554.8784625426053, 1493.9323680060536, 1425.231413263272, 1660.2248950614571, 1605.4329606717529, 1469.760928689392, 1556.258748410592, 1600.2519055548407, 1679.5507746718786, 1586.6716703982102, 1462.9373093117656, 1628.249801920937, 1606.4576349385943, 1527.9113906078283, 1513.2114797935656, 1641.5709506033036, 1467.5874423634077, 1468.5836387079794, 1700.8046025826613, 1646.3734772450473, 1690.1796190393675, 1493.7922726826002, 1648.626383762755, 1615.8920838063955, 1450.3363571180764, 1645.5830381146666, 1542.8515745271723, 1490.3088843745386, 1672.1338228941127, 1611.1716339859943, 1669.575330033242, 1472.9680351123932, 1473.230460227542, 1652.180499205979, 1684.8772454325747, 1500.453577315798, 1545.7623942485252, 1674.7510400602916, 1587.336321118174, 1559.7716234666873, 1661.239896577974, 1428.4438013621048, 1690.8046161913858, 1677.3710451845027, 1630.03743117078, 1613.636187656704, 1524.7123178143681, 1670.2675572231517, 1575.0115742569697, 1595.021139091907, 1584.3972434020063, 1387.9017933426896, 1496.8290283411147, 1448.1224333926673, 1653.4044380685093, 1439.7062461034197, 1569.6879682866465, 1523.4885557329205, 1659.4068818416845, 1534.6933624309245, 1709.8360657560172, 1609.530262626371, 1439.3507032133991, 1658.0447231257676, 1673.1996424398824, 1548.4708612538022, 1622.2084340209958, 1559.2050238044262, 1646.5642750673046, 1517.7028244276455, 1491.5116206589635, 1589.8390691488053, 1419.9639730897925, 1628.1114817279195, 1522.4584800004945, 1596.9667728913532, 1504.2217696771615, 1661.965981360474, 1707.0567159304796, 1446.1809104887789, 1475.2470628240708, 1609.2500313424846, 1629.261891612328, 1481.5412932467725], "test_sigma_between_0_03": [1297.7777022403927, 1407.070759586286, 1636.4602043409232, 1428.287975861846, 1614.5973251348405, 1439.8003853687667, 1723.0628785684771, 1355.0977429276918, 1321.5941743051508, 1728.2775693453418, 726.2744253629476, 1475.6127695696196, 1407.525291563386, 1525.673561863407, 772.3691423402202, 1293.657575946868, 1725.1681780030456, 1327.3845292749384, 1454.7319085172774, 1673.3699117278193, 1587.372414366632, 1492.4047349299149, 1705.5580397964561, 1388.8106342766612, 1527.5850670740688, 1515.251148923709, 1789.3177304380815, 1551.6168932020057, 1516.227598796357, 983.0792804249633, 1336.1151081575176, 1400.2440272275571, 1522.360321304037, 1625.405370332363, 1514.135995634059, 1441.4981936124077, 1151.137243810026, 1669.435054139808, 1085.165826117575, 1866.9396769200202, 1452.414521525914, 1644.2593978465284, 1578.1372646085579, 1529.3722465815972, 519.6636484327521, 1397.9052020941592, 1420.0709556319227, 1340.792374165559, 1475.7243251795157, 1616.425141420515, 1663.2387689849904, 1233.22930347954, 1725.0037061684945, 1680.6432275479826, 1465.6540021192334, 1331.118240586887, 1366.3538613640092, 1499.9486381136676, 1278.0577985736322, 1564.3606053117705, 1327.766743004473, 1299.8874298121698, 1795.7000113767565, 1433.484553077747, 1540.5531804553912, 1294.639852874303, 1196.136835174878, 1430.9903067124374, 1077.5586051287153, 1368.8001615628739, 1390.5044918892656, 1329.5901474245711, 1514.3407573562833, 1500.3673305309217, 1373.2255663272238, 981.5094454947351, 1465.2304875048874, 848.0829250651694, 1242.012259003338, 1453.7573530378052, 1214.716606951134, 979.3683510700264, 850.9535024441867, 1531.1509932802774, 1288.0444720763046, 1478.1915234779513, 1391.4408558048501, 1418.8531775321023, 1608.6281080002614, 1041.1480297863318, 1390.191176422842, 1356.9929526517271, 1389.357609610362, 1487.0919901362731, 1362.4031044488022, 553.9156718753403, 1508.7713308270581, 1182.739982781556, 1381.2034452611854, 1291.8997274474764], "test_sigma_between_0_05": [1412.4782500716701, 1366.0925577677374, 705.3922068872581, 1033.209930284189, 372.2357280105613, 827.9508633808716, 517.0237493241681, 858.8179485790624, 1228.4456505246765, 936.9972148153529, 1427.901750473632, 1090.7492178889452, 794.2277892744502, 1540.796359998052, 588.8708023368982, 1495.7390158972007, 784.5401979228516, 1427.6152286792726, 948.5272253467093, 1113.825691266404, 469.0435785511126, 962.7492098898736, 725.6398608717619, 299.70976730453583, 1050.910374216085, 1309.1459654371913, 1191.694649979173, 715.0970024311009, 776.201944071339, 1076.8768312518562, 1789.8734248951894, 808.4711698044126, -3.501147997766384, 527.97789997841, 997.0130219768729, 1412.4676340464418, 1376.7249547317015, 1070.670927862942, 1145.960953286203, 1178.1983699229215, 787.473078359059, 861.9448850609937, 247.17849039796036, 659.7632383299514, 714.409716228953, 558.1912210987382, 1501.8022389941527, 1006.1450918492176, 1085.7785733284613, 1463.107814140244, 845.5259509109437, 781.287281475918, 481.2876635270937, 1256.3178709333938, 1524.0002645202835, -20.157240863224434, 695.7907011835066, 741.9021474586339, 836.869699512177, 1462.5648038809125, 682.8577731384191, 809.6319855495929, 1023.0431244945969, 331.9293202208383, 988.0380670106586, 772.2698130356365, 1065.149116939304, 451.39101352649845, 1158.371332945205, 517.960005177538, 490.9035713159368, 756.5879064189314, 1536.2217935159433, 1131.7535164720052, 576.0655643837287, 1399.53755730287, 813.311805758388, 963.8608430025599, 1306.3317949945272, 1210.4593558849638, 911.9262434023881, 1340.9101231372601, 714.0181370754548, 1295.6361895614896, 991.4285475888522, 1260.5500821418057, 1319.4320729471988, 1588.0652924468593, 886.2685769982617, 1426.3848112570727, 1413.773623613925, 1170.3955727246057, 765.5904089104931, 710.6072284626306, 1439.5613573478013, 136.52398733063737, 1405.9862525086692, 564.9855742753152, 1211.937132689495, 905.8855838643037], "test_sigma_between_0_07": [1239.213920277387, 1019.4549476007466, -464.3282752471911, 88.19296004808126, 211.42446745092093, 726.0623077180503, -123.87293038810255, 1233.3800928750668, -78.2936702563804, 684.0678691881124, 865.3583046357348, 694.6458126655713, 92.30408815672165, 724.7829160423975, -14.122532251653318, 956.1641124196586, -886.0149081598048, 434.1457275982796, -30.35774017983931, 454.7038805714908, 101.26680486923158, -221.56294403262146, 751.2042700038146, 10.67229007494605, 860.5731583711416, 599.3908141138551, 186.5335131527463, -9.36005019885192, 730.7841985218116, -283.9436684115733, 126.7529793035631, 1664.8155930316013, 968.8867940654405, 1005.5256576337331, 268.29267859308743, 1029.1573832318045, 698.3299320545532, 484.72838775126917, -91.10271620148072, 536.7357871964676, -715.0507892443992, -772.674080598016, 546.4991508467513, 406.96431770393247, 340.37132766301954, 696.4046321776627, -5.64417646730872, -250.5092173317142, 898.3534578827393, 1058.4648968380748, 1359.0765130621992, 779.7061137689677, 867.5129304348333, 1331.697894342045, 592.5623815298065, 481.61640549136797, 759.8547423301609, -219.20573522240295, 378.1791002833931, 908.4176113728863, 963.5595215275396, 189.7537723101806, 1409.1724537402115, 309.55055321364785, -89.64735571759215, 558.9314307438918, 461.4359191375727, 774.1785430618967, 558.511768534865, 126.18279826509998, 781.7612676743784, 684.6916046924198, 1446.5278686484821, 376.86228972599093, 843.6219485749461, 223.5463742098681, 1108.3155293602533, -687.9377066934014, 326.09947344180813, 430.26274829433055, 700.4159517410811, 139.1380343526368, 823.2729314413491, 483.79750910013047, -216.41662743358708, -209.32220802363173, 1293.8099629651374, -30.90467535658829, 304.9580609832515, 763.1973741970352, 833.9487969737689, 830.1662987762344, 692.3637822333538, 147.2760348348368, 78.57166923200819, 710.9976652704717, 107.89276983649768, 830.3323745781418, 987.3857270736007, 216.3635306835012]}}}