{"rma_phase_2_adapted_ant_sigma_01_2022-02-26_00-20-30": {"results": {"test_sigma_between_0_01": [2071.520343115147, 1991.775612705541, 1843.8039341011731, 2315.2625456675637, 2221.096000112596, 2194.5684437582026, 1975.4329990224576, 2171.7336075051126, 1844.5157402273765, 2277.69414620922, 2247.2889811121145, 2188.601610895977, 1930.7297036202149, 2138.68829881601, 2149.0573162111227, 2126.0203007407017, 2155.705144294211, 2121.7916833726576, 2215.7779036788575, 2334.0622250301126, 2270.469089207784, 2094.739531386407, 2186.9884052637485, 2100.9956133715496, 2176.8139920354342, 2211.7695820545337, 2186.7616999181405, 2242.9715490459344, 2150.369575101612, 2183.5706401662205, 2123.1412765553428, 2293.0219419768896, 2277.2950198801213, 2142.8360338907073, 2214.1405273503105, 2023.0966728593264, 1798.1322059900308, 2122.6866665313105, 1955.886194316545, 2134.8955004578165, 2205.0192442893735, 2241.610646029871, 2218.218392763157, 2168.7980260359636, 659.1151519359371, 2191.8466355904584, 2181.41019652994, 2007.373542484936, 2133.1485493658165, 2033.2321279674627, 2226.492886205097, 2195.206755692029, 1896.1177381781747, 2071.77114826572, 2127.834925694769, 2079.7603157797175, 1971.3561950722396, 2086.273828685988, 1897.5658162301459, 2242.8565882264584, 2130.2074788740024, 1862.9180269515632, 2348.9127698878638, 2235.178058703779, 2159.429908816074, 2004.3103877945102, 2182.979991596583, 2187.563619067323, 2121.690735872152, 2076.071065326753, 2141.5209316027967, 2138.0519679490026, 2063.1798707859334, 2275.4911628663276, 1908.185377432321, 2110.2253967620522, 2219.5313447212134, 2137.893929630291, 2145.7240113964767, 2091.2678976299712, 2078.8668768189045, 2268.979161636386, 1918.303759135158, 2176.3202110777465, 2159.1288597303255, 2169.408442378453, 2175.9979801208383, 1716.570750525297, 1995.1474399389983, 2128.6509318205863, 2052.7871180350903, 2087.5006550275157, 1945.4921980187885, 1959.0288516628348, 2158.4749535290675, 1845.4408389036137, 2127.95200438962, 2186.502347829806, 2115.8342297561785, 2291.262253852391], "test_sigma_between_0_03": [725.702613165896, 725.4636288779774, 1510.3546946995586, 1931.7004242018947, 784.3902430394908, 2004.5112415367387, 1533.0752994602603, 765.2044285450614, 897.4250245623907, 810.6377491055589, 446.8619914767009, 780.6135621055396, 1817.559709322847, 636.3217996272521, 742.916162415761, 831.0305405664582, 1303.4267054569439, 923.7407327573884, 1939.2012789798341, 1456.590662290484, 1978.1425666169373, 1914.67329847277, 937.7836668775782, 1768.6149643389358, 1875.020687533807, 772.1837959600118, 1451.1062312150673, 778.1513149001612, 1658.463782175622, 776.241614084286, 1462.652838226445, 1243.398755961617, 1210.4384114838183, 2073.924303243138, 782.4806220836523, 1541.5069134120522, 807.337403747218, 851.9383950627214, 578.6780786605583, 1091.0622763704605, 1841.7164622562402, 772.0986301685883, 1632.391328887707, 538.5338775271921, 567.1455491158868, 750.2139444748797, 1821.6804122810627, 1951.8269790282538, 2144.4997070878967, 1010.9576227219665, 781.9279292563822, 1845.636441730239, 2061.5201703539337, 717.6878761323319, 732.6727007627688, 1558.445142250279, 1768.6230722534938, 839.4743483105585, 1872.203065291306, 622.7096440064805, 491.18951952794134, 657.3393445812254, 2287.7674875551315, 978.4288832919917, 1899.6134822603947, 480.53860793581146, 921.3309780523389, 731.046228950247, 1080.1559393323507, 1362.6848340375564, 948.5341469374465, 1822.2403281262557, 1399.6693137037505, 2078.010802115477, 1535.7102564425152, 804.0663672082445, 1333.108068040159, 308.2606290311818, 853.357710112629, 2291.937535851166, 575.0071538623465, 778.4722275841835, 670.3676083660541, 504.58958435212213, 785.1498098968354, 1833.8970143830602, 655.4098972490068, 669.8524738557232, 1431.9524612124767, 712.2107613431746, 641.9608989626106, 234.27056452410912, 891.7859555737224, 682.9376611914737, 628.129377834508, 584.5870357747189, 129.52771960864342, 1456.6021599734681, 1205.208197219717, 453.51393927237086], "test_sigma_between_0_05": [106.65899868999114, 319.98942896509647, 446.6051973037976, 577.0001914971443, 419.61452709879075, 543.2321288130656, 540.7592694793814, 377.12016258771473, 603.7377078548209, 711.6917366316162, 763.2026847850626, 712.125742959101, 694.1183270704718, 441.89727361568134, 415.14427053326386, 769.7187044481786, 200.3410722130428, 2077.6591590855223, 796.0174830259263, 942.8751006700884, 1031.7202976789706, 527.5605955270481, 798.5094862939961, 217.7987462516409, 561.8719341569283, 709.2347502236154, 559.6966179391234, 533.7895568022553, 385.05541283146755, 1085.5265239335483, 538.1467647771599, 709.844364577539, 350.23518373559205, 415.93439245110466, 607.6776636878823, 1946.9178533127733, 1207.6728549271386, 468.1259780359414, 766.918641448744, 834.8262427870606, 637.3779169821521, 583.9262469155295, 379.62050694737087, 417.81873625706965, 127.61698898839241, 436.29692760509505, 1505.517667101192, 687.3446904862716, 1156.4472779080245, 802.3944265616584, 609.5097033672995, 401.2214490212691, 911.2134078745038, 834.4711155899379, 263.0959582934769, 269.47172919639263, 734.619556736483, 561.1679879566973, 822.4972536050036, 910.8744154874755, 747.0650239502647, 370.90949999231, 944.9605887193748, 1138.058791558736, 640.2532215007807, 597.1717519196613, 375.7025927794163, 67.78264723030588, 781.8409859601368, 76.79072567260441, 508.6261472295444, 662.091960016636, 649.7339215977237, 786.5320760075213, 878.7971607326816, 933.6490281629914, 495.99718865166506, 477.0257578765191, 2037.5754797608251, 633.8711120690289, 74.06334670314104, 687.7682648591896, 799.678266375971, 1420.714182207427, 740.8047617641175, 593.548421703752, 1617.6067510260482, 845.5764902303358, 914.4121570730754, 748.9540031170404, 514.4016424287996, 40.77175519075099, 502.7256004730744, 610.271174499955, 856.7004352339014, 757.8368040650802, 704.7629712725034, 581.6507971027288, 948.5507475976918, 533.0318218244012], "test_sigma_between_0_07": [885.8656485058215, 429.3375209702299, -1200.1514121800003, 453.763788630132, 138.80172800785215, 629.3904214527344, -632.3824828620266, 1854.6939569560939, -1990.8250293665437, 737.3478829824145, 684.8624793175874, 396.993420615962, 528.351288700916, 519.3170171625652, -507.73638489075796, 612.4510534490461, -857.8679498354057, 667.5822033532171, -351.90788988443654, 327.36193329575053, -560.6830336694181, -1014.9942854047503, 619.286812235464, -69.41924852719968, 690.886733011633, 346.03884552996146, 288.55855031839, 41.125675886630816, 5.971939145555368, -719.8975514489681, 333.00790069200565, 336.8049512186434, 459.69681052235615, 437.96555692722274, -21.48141602185497, 623.590717266049, 491.819302836386, 593.841350295323, -556.187836821399, 169.71868158785958, 22.759917472461524, 136.26477640068492, 510.34863135555946, 360.262702623168, -7.8615510380477716, 148.14290982762466, -80.81027269933683, -2002.755123820201, 752.516876485835, 508.2671054368506, 1307.5852753306724, 548.5491026170579, 813.5062635073266, 1526.2530913905255, 478.89508860415225, 491.75444818187896, 409.2519716167284, -314.0100781616014, 243.12957148336426, 81.18494724696649, 488.4848087379754, 40.11598543255096, 761.1865005583556, 200.95586522982168, -364.7298733850025, 278.9330968560578, 498.2079387790289, 93.68610585923453, 485.94834267172985, -32.538212746310506, 264.8327750237893, 532.8987453198331, 1000.7878464551468, 76.0070428246938, -9.152642871628634, 83.33073175683094, 602.812698156065, -2413.5898585820682, 168.80823093353973, 575.4364611840806, 670.9011611798774, 257.93808412556825, 598.9068006630331, 337.21423392952454, -122.21974630664195, -516.3917765799675, 616.9815458071323, -39.531150571313646, 335.84945188439445, 331.0612032528847, 953.600820465436, 540.0360123952556, 713.3665495567612, -215.49930255561193, -551.9402390152054, 254.82995753180862, -1136.5682227792543, 651.0735144347565, 318.94109375768346, 395.90122242868847]}}}