{"simple_ant_sigma_05_2022-01-28_17-54-46": {"results": {"test_sigma_between_0_01": [285.1774143374945, 666.0533970254324, 631.5478316960175, 654.2447593624772, 12.502828987200333, 718.3980375138949, 630.5696955656962, 563.596416008962, 473.3507920224003, 636.6857014932187, 105.00278370013552, 556.0108168059247, 728.9285803105989, 629.8024499330807, 691.4075177510437, 419.73202396241123, 741.7807456133378, 664.8211490700086, 601.8432622348641, 634.7255542325297, 731.5862578033904, 711.0186060897521, 729.4344865682217, 674.3589472220021, 682.4342413597046, 739.2060476638164, 736.1867597390533, 659.8532196897257, 754.9552505447338, 541.3874562436484, 634.5715209213181, 619.5482419864285, 634.6253207868671, 645.6408088043203, 251.44345094327866, 9.737062631036675, 646.7263372397815, 525.5458912009863, 561.6883103128378, 732.9917871680124, 392.8747242693997, 564.2027407652022, 632.6940814760529, 533.5943119020378, 727.4071781101692, 536.0634494214696, 673.9053010431763, 637.2009949391868, 329.7198178682782, 243.9330619822519, 727.7171408073796, 546.6105532318354, 663.5262023097001, 730.7777142329402, 812.1170888657435, 646.3670524942066, 80.69951544456119, 498.1096963938891, 15.112149345227229, 640.7603773955775, 715.2466955877836, 645.2089249980776, 210.43514501027252, 727.9437275483052, 706.5917226586726, 416.79449369787596, 36.4829412605366, 23.78718213968678, 641.9903610550347, 646.6903490691452, 112.2524656423077, 645.1402695397566, 509.88582966677006, 579.7256193506224, 616.2636751345291, 723.1009350579711, 702.1963160826537, 727.8168896835576, 586.540516751222, 741.4113483408239, 699.4883796875054, 742.145988229133, 731.8078036697922, 529.3394704388899, 568.5300165747747, 606.0613996478364, 319.64357700063704, 649.3344417769896, 165.56506756734603, 678.9331235903985, 638.8039010101053, 665.9280481592247, 533.0887239914143, 519.6499555192921, 735.6628327251864, 555.4801721847108, 559.6557607143477, 647.1657387034438, 617.7339107129959, 175.6276350269997], "test_sigma_between_0_03": [11.155030989798254, 498.96370632397446, 768.9746623787491, 639.3154563537693, 752.2504247291075, 633.0100270348934, 731.8062269359593, 651.2682809403266, 823.1371512629571, 651.14335064087, 775.640210150017, 34.16027540987707, 702.2063192776687, 14.07469253973686, 726.7823208058695, 617.8169962510397, 659.172752523063, 722.6853867714094, 574.36093597526, 160.345301221803, 705.1927732273884, 720.2588823808759, 730.7724468431346, 608.2867003386151, 810.9220474012083, 555.8003715997808, 746.3185871719165, 753.5598709322973, 747.5087408486384, 558.2781205062614, 777.2362180684888, 672.4588005324866, 620.6634113190088, 848.5967832633434, 654.2201834634817, 716.8171803093036, 701.8292108299735, 9.85490934921545, 658.0001092895442, 569.4632592680146, 560.6918646447488, 751.9476849219456, 695.7636084973825, 728.4305686991949, 679.9965854904048, 639.8165617814223, 738.3362816398899, 335.8718247194903, 627.9127810487073, 658.2150776936053, 732.7051680027354, 676.0960338362257, 640.960980253107, 235.33100952979134, 746.3733565439969, 629.3745011952718, 635.5739849870677, 688.4626547877547, 131.13662082546503, 604.6277597285776, 585.2237615574928, 624.7928130175756, 691.0580662316708, 751.3333294846294, 772.3505633662188, 533.2933729465418, 557.2431292628219, 554.2185300247656, 526.756092732197, 632.3931726501601, 728.3709837202287, 669.8287367063393, 665.2065326468216, 327.46599433982334, 626.8035535374622, 656.740667735637, 690.766572059284, 720.8961391292546, 528.4816703317152, 532.6098239158716, 657.0242077830949, 592.8043513073454, 582.2680873640837, 677.7430056704806, 56.80000738798263, 815.3182381084545, 626.5803902606667, 609.4392045086892, 9.464236822721432, 600.9437009328965, 800.1821727123234, 716.2569274904142, 662.855905456214, 589.7532817978041, 732.6348123250561, 714.1883668710924, 554.6829947256186, 375.9404180272617, 716.3877378261301, 786.2442777812659], "test_sigma_between_0_05": [658.6670508496694, 275.59689211693484, 617.3919394740209, 8.263110019075977, 669.391261753713, 583.369738044952, 9.809078490633695, 430.0969730146522, 677.2491304768613, 749.9626270720128, 656.8261537184111, 29.90952244635846, 546.8346581337825, 518.5973908389408, 9.447522823078907, 729.7781460644178, 9.1762220764489, 719.2064379235088, 10.807299729624354, 336.32671592757504, 467.3259109019, 11.553928701326367, 736.9136192060256, 426.299425212898, 527.3934878318456, 735.8115991536439, 9.298369861158424, 692.9498296337512, 558.3506989653648, 624.7432554542456, 11.87495844050427, 624.6164155763793, 9.259416695365509, 413.83323162264026, 318.0606010723727, 246.9584269297382, 516.8179714189481, 227.77852462630398, 735.0980034244612, 738.9146170722111, 730.5092790690004, 608.9967760350856, 9.663889818650205, 708.7171330515451, 600.3743457402435, 344.1352919552893, 639.0445308277515, 9.879881860356544, 8.963131373883517, 759.2443283575288, 9.400596349313856, 565.8654210338932, 740.9204495917209, 746.8019455441179, 546.5546050870738, 704.0012552802763, 374.7071635511384, 644.7805335572707, 679.9432775341045, 639.3968300760791, 736.0574379565271, 549.7730623255899, 782.7058641411277, 414.247495343867, 610.572431517295, 535.8542632861496, 732.1331827281375, 405.9772468082057, 666.9671208542414, 669.9630413032406, 819.2361881218916, 120.16031828234405, 633.5069593525723, 610.0234131677986, 733.2512651456706, 648.2531986261721, 451.7286978255022, 755.0848741773995, 123.03903583517393, 713.2859658818658, 9.341355369065424, 734.8878953866365, 737.3738641941212, 566.907191205321, 733.207856809553, 520.5281254254764, 637.0911031040159, 754.7422060774636, 11.569230187716313, 758.3075206725794, 11.81609170298616, 11.27794472562964, 35.84265910608228, 659.8870333056792, 9.579034221686017, 290.4804124454938, 566.7364003279536, 757.4212823741038, 668.8919638222411, 577.7150377003156], "test_sigma_between_0_07": [665.9345414596667, 492.2279869874422, -226.8811499114265, 586.1348886242232, 214.46049211874325, 643.4750804662345, -464.6083837720624, 16.632865301688433, -467.34718231329, 632.2412003444185, 536.4331565168125, 8.49054459286854, 537.7911755373676, 736.1302935661708, -3.9954992527258595, 9.892715984855021, -1109.8557940561489, 9.741053899633702, -0.1613316476694311, 9.049548898219655, 743.6141963704735, -2.9887524619131005, 619.1132769513138, 7.790817886986768, 6.740232731074499, 446.4952181172946, 251.11255046353895, 4.799659511678325, 0.9638062519967201, -8.461329791460596, 466.343660826146, 707.1590280288167, 738.4163806670778, 8.243344901657837, 707.3275041442431, 257.28216634066195, 667.1128281334114, 646.5112543571678, 88.62496152135722, 380.15392161816453, -0.7418427459328092, 1.4393775820761219, 663.0764333129752, 738.4667931953968, 9.109296833749974, 522.2299622409631, 2.0555227336240915, -701.3218028924108, 602.4574598044495, 253.62946795920593, 489.0587257845208, 756.0036770192427, 434.7063215361516, 736.3913911738363, 432.8099250234387, 658.2651977552127, 521.1088121502723, -11.413486097528947, 8.392357815845754, 7.2856973735237265, 450.67731882511606, 4.923063817156071, 334.0688267532694, 498.5449496593994, -8.405841681319009, 574.7796862253253, 614.6128443751387, 42.58812204843126, 594.2008080685881, -23.009658068623686, 626.2237913582776, 597.1889430627461, 440.8291028522942, 8.776350876729703, 499.17832612073795, 691.5617924720916, 780.8100388904762, -1282.7823169116261, 9.09496664795297, 8.050592405851058, 16.508605602815802, 311.8959949733556, 621.4871311052979, 6.650856660251156, -14.966129409217684, -456.5594461925534, 603.97261744616, 0.14828019690758065, 6.396876354095, 10.179106917395258, 32.64280610042479, 417.4710219451178, 721.0375758622497, -23.163730077607035, -199.98566784028958, 552.708090904928, -698.7597526448864, 538.8747945968712, 138.1679684563511, 311.00241588505327]}}}