{"simple_ant_sigma_01_2022-03-16_14-27-40": {"results": {"test_sigma_between_0_01": [2398.7935161449586, 2289.2550305360196, 2810.9338184271433, 2510.035053949367, 2584.281405262428, 2454.32806355944, 2719.423442558867, 2736.529952893423, 1877.0371786705482, 2560.8794456784854, 2175.7829211027665, 2472.8178055400294, 2527.197048975828, 2354.4921280901267, 2703.908479854739, 2124.3268196022686, 2647.5290065271956, 2556.901615829039, 2094.6113128293105, 2616.9838533960833, 2709.6594384441737, 2317.809614976781, 2378.002312046515, 2841.8936983603417, 2689.7939285985008, 2482.9864103912296, 2560.159294607914, 2508.437575315023, 2495.6818746709073, 2503.0405112921007, 2542.654956269972, 2754.08975395296, 1933.102629266685, 2442.1123289801885, 2265.052771805426, 2519.382031324341, 2526.6638607614555, 2386.413803295077, 2168.4436536696126, 2471.4454255419146, 1443.313505904201, 2544.7421805388803, 2480.433353764659, 2290.4036279182333, 2037.6888483722469, 468.5009725908532, 2794.167292946414, 1936.518448300298, 738.4772247084207, 2671.7885660424013, 2719.5279458048135, 2512.5222303000814, 2375.0962514847324, 2034.0583277461662, 2514.6219881383086, 2638.4312252946434, 2332.970250558601, 1856.6131061277997, 2171.783745399443, 2628.253399576136, 2662.4659641472604, 1841.0753186949905, 2613.273824661158, 2540.469517813944, 2287.9686531834504, 2015.266756832642, 2531.8436076228913, 2315.0944139421667, 2628.18939163646, 2423.0137851539184, 2719.886704288897, 2368.3293352965065, 2336.1076416509613, 2569.081060014614, 2759.603244553312, 2493.2017080022665, 2852.362277125136, 2537.4947461794345, 2460.9999208926247, 2773.4087541187696, 2764.476288583799, 2590.7713033224118, 2274.3164211216113, 2573.632097224397, 2548.246771940873, 2452.7541961331335, 2452.396312183055, 719.4028211561558, 2530.6972687789075, 2507.471691635864, 2369.5120860608686, 495.62016104158545, 2478.3613536868734, 2685.834647506787, 2808.0184833811604, 2122.997097593728, 2546.786810417519, 2566.109947836195, 2740.5483876214084, 2523.7012725502], "test_sigma_between_0_03": [714.1010320272001, 659.5497401245796, 1683.4102986218288, 2152.9921859312144, 803.2461893405516, 2236.048049573062, 1822.1153250795421, 621.9552214422455, 863.8392446732653, 654.9238404575527, 236.03652211991434, 750.9942040759562, 1609.0891665375816, 908.8326519612739, 390.3755547897589, 1170.1015191089532, 631.3131194196368, 494.73052427946885, 1962.816993715983, 739.198294960082, 2134.1164907850557, 1727.7856452268281, 2293.3351367067125, 1743.54734417442, 1744.818999559892, 1226.957327021908, 2562.2486612780704, 786.6327003174537, 949.549851297897, 262.5011578723453, 1613.698551296679, 431.30772432119386, 499.23069872422485, 2108.1124854082896, 1990.3264676660199, 1775.6371949430634, 764.5596015539342, 1645.4491843995763, 131.84538837447477, 2048.1180383286633, 1945.243985934715, 1844.023298445572, 630.4478043474048, 242.46420553359755, 421.9698662853093, 771.1454240044035, 1778.3696284234225, 1507.9813308359278, 2167.3024707936984, 1866.1730641683569, 2019.2241332361975, 887.6411328878294, 1491.9360047441678, 2106.125005783954, 780.1796250729867, 754.902139992716, 1593.3129632189339, 851.9313652100844, 1837.030765240124, 464.82022333057995, 603.896026556733, 299.39607921754435, 1427.5748626886573, 856.2199847222404, 1112.7173583009, 372.84333469211566, 1723.9950454680852, 1454.1007941888272, 570.16015489797, 1206.691631624201, 908.3614078780716, 782.1042206344918, 616.3683250176433, 2471.7300024371852, 1496.0806597562018, 838.489409012094, 1930.2372944503068, 95.4931619066745, 630.1410107870639, 2566.5772509721223, 396.7547298986511, 210.37646170031644, 471.46449863408066, 349.0919227364344, 612.3886040494502, 639.1274903244663, 1516.9036268659743, 1627.041147853574, 257.0348753839134, 338.0563752651172, 1878.7210228573767, 443.360845360317, 1967.309407143923, 313.3424422858283, 1137.2888440586498, 621.0599398801861, 87.75624235073336, 533.3046910941978, 940.1463233442838, 762.2978572472651], "test_sigma_between_0_05": [541.2321064514516, 359.7147029047467, 595.8362712178239, 829.669493296276, 264.1561713671924, 434.83734364498827, 446.03261657208424, 482.09592570369557, 409.6709647955358, 795.0006111440266, 746.8878271909168, 562.3710364454396, 500.5696776537172, 362.05775406481655, 443.11369873644037, 541.4971033268715, 334.04264931208326, 2515.8263961147, 799.3601280148821, 603.4258661200947, 494.4964506984695, 400.46493075627217, 620.4634824882894, 199.66807019546508, 632.6059926285541, 759.2063603539196, 561.062871176486, 253.56863839694742, 748.1577058553338, 766.7047057590129, 1296.13919094255, 673.7199641248104, 439.35227175047646, 269.83132237734395, 640.8954981304425, 1118.4870707776304, 293.2561864791249, 235.43368005980582, 753.1034150850089, 743.7641182699329, 409.18575977777016, 489.71517849053396, 411.7317448364334, 416.6319255153457, 42.43607578952514, 416.26554056420423, 1955.4181318671988, 483.99891124591113, 1109.3869017297666, 514.3410930603889, 492.82763881245336, 441.455242776226, 535.0850711123301, 309.0584377228337, 116.45839859565605, 220.6624816047436, 469.21798596779956, 642.3751736661751, 589.6944125630521, 509.04337068485296, 362.6203589463244, 543.4436161579401, 1045.1687847185215, 100.3909142572228, 620.8952248925511, 633.8573308417128, 399.14799030062073, 188.7933702623968, 1142.8775369389625, 390.55312341974394, 535.5127009999104, 474.5589392555803, 1142.8140220436424, 142.2079739502981, 515.0794508296669, 1012.8892576579058, 502.31808203409753, 608.8550179438515, 791.0834080895721, 510.54919167559007, 457.2306148658942, 606.1623217783733, 588.4013302138426, 193.25486321417117, 633.9131056185489, 946.9727615033139, 714.9385433821067, 722.5497923957215, 736.9073740707504, 718.2728859959841, 1076.4338298946773, 1376.0233807627244, 428.4613848339902, 711.3013569961034, 751.3798829447442, -46.92774610447963, 909.1091855194917, 455.3104870205154, 991.5344843310837, 667.1223044084245], "test_sigma_between_0_07": [537.8371266335639, 650.2806275250534, -1186.0829202503082, 293.8440529494481, 261.65067603102494, 562.7823943591482, -680.1833247268137, 704.6140751596084, -1082.3321879324983, 800.2315558995631, 547.8819190524267, 354.02321330181286, 528.7287757370838, 492.1578228397228, -1043.7999341809414, 96.02231755307584, -1779.7479259963893, 480.3877719773065, -137.92671731591415, 409.6204515594544, -169.77948782404582, -351.9632545046021, 557.5858297144589, 133.77214278321915, 495.0450037144576, 366.8345907965322, 103.70860144056503, 384.10399860681423, 428.3563460895387, -155.96392536380876, 77.76206247835364, 1267.6553654271327, 670.8599100153208, -27.519868929394576, 187.1794404118471, 210.65598404975782, 645.6871592560747, 421.1175102455436, -298.742291931761, 94.49141755727469, 176.73732421489703, 187.7303264308011, 60.63932463801607, 379.18686673170976, 313.9701197943762, 450.1045388061143, -34.63271596205599, -2115.936993352773, 332.7430753503406, 26.359589966452184, 524.6757113922827, 460.6205238553139, 612.3542997653336, 560.6496249602554, 503.1687479762254, 3.560205353837229, 423.62143494731293, -264.45182111670135, -7.959334321045032, 73.0008196384748, 240.1057439466689, -254.45721715304535, 357.3483773321483, 115.16790130582066, 268.19832917103747, 430.78670990357756, 643.406846811378, 379.99967374158626, 504.9123244075425, -80.12713232322852, 507.97219497894525, 216.99958498321806, 432.12662298156823, 62.15534772108514, 273.0096808780327, 364.9973302436973, 722.4649368671338, -38.471407491434256, 359.8331576616473, 350.07339695078275, 664.4673959459813, 116.7027261172859, 499.55938225900917, 395.0905989208903, -71.7510234023125, -81.18415567336051, 679.4802660393744, 129.32695609985106, -39.980169426900076, 27.983238875411885, 588.0865064305852, 526.6989904508798, 797.1602489045644, -105.49837488781048, -1023.9452511721837, 906.8244158540364, -1250.1204452341847, 927.5079649568142, 52.222538904703015, 459.8247030615265]}}}