{"simple_ant_sigma_01_2022-01-28_17-54-08": {"results": {"test_sigma_between_0_01": [2365.6859281767956, 757.7595703090798, 2568.823344262963, 2401.072520217548, 2318.34823987305, 2239.920686212002, 2082.3218915460134, 2662.9539293855405, 2207.5019769066093, 2460.6790479368265, 2419.2659461142734, 1502.269450169392, 2389.650300365897, 2348.1769800582097, 2516.3650381870234, 1531.2128448656974, 2498.8271413386265, 2477.724684025541, 1810.8144327975551, 2488.402062702504, 2461.090026123287, 2355.8491766079956, 2210.927356115272, 2731.2401004137905, 2682.5074738993594, 2559.978074665235, 2405.6539002214213, 1328.283029691929, 2397.3345986901686, 2197.019846429141, 2299.7107518625307, 2689.437871613042, 2085.5012399359393, 2462.731565766933, 2175.4537462211265, 1012.6402783237723, 2528.027184589369, 2240.572891388759, 1867.5379797848348, 2476.233284039263, 2197.1946295231996, 2534.6308528113864, 2378.434998829171, 2254.2420526895103, 1339.8577376127819, 2399.2138394793146, 2612.342035156351, 2196.3638890212496, 2434.4241726281894, 2617.660260154129, 2677.049837546685, 2272.6025776864485, 2058.2106190064997, 2266.6116866086227, 2569.7274317454235, 2241.8424031744394, 2454.441571252129, 1925.2420328540559, 1796.7962203845623, 2570.1525292893507, 2559.87069049522, 1213.4605792229218, 2349.092322943557, 2248.276849541862, 2570.9321057419443, 2403.2795550354035, 2401.7229204251216, 2326.58201326673, 2585.0493971630835, 2363.0970961485036, 2072.7117692835004, 2330.772032065411, 669.3221313003394, 2405.1463624232174, 1422.9113256468127, 903.5938432626212, 2687.75660469613, 2659.4040623561787, 2344.3321863024603, 2645.658692663839, 2420.8602129774613, 2425.1085649759652, 1773.5553086317989, 2300.693882554463, 2523.7619700102236, 2354.181375851605, 2165.097360158081, 2041.7618609967024, 2473.1785967847945, 2588.919566141426, 2330.170341204624, 2335.1607376574075, 1950.740277550291, 2550.4871412925254, 2592.4836295155897, 1696.5449599141446, 2504.0850841139336, 2574.8181134868587, 2729.1648568920323, 2326.381892526321], "test_sigma_between_0_03": [775.8849367884935, 391.6623642807875, 1906.7319759095021, 643.4552829353382, 458.30582099352256, 2189.7702791518464, 1590.4643816045839, 589.6891656424127, 284.1451141187702, 120.98399615423847, 354.40926657702664, 1050.7019218554292, 1601.4793336619862, 245.67621484956499, 327.63257589993907, 510.98028188503713, 169.72098709608247, 496.3858140658411, 1101.8880722831784, 534.1014181350247, 1261.5355336706868, 1001.3211725445883, 142.5395671762076, 321.5827982814216, 1592.1308527000751, 170.9509046726578, 1001.9704530214494, 655.7710954856864, 1638.175114289985, 464.26377242933796, 1589.5965774464305, 2075.271703157473, 336.533816988564, 2303.630693947679, 685.2705818055094, 1017.5845847900729, 1116.8616135346301, 594.4711515606743, 228.88151638153067, 667.0194588579117, 1683.2525559259955, 2101.0650787419586, 421.0692789796638, 442.5059883975091, 363.25019212460853, 722.7189240857504, 1860.4289124190184, 2277.948628913691, 1870.4321604830604, 1583.3704329849224, 430.1683379758514, 1678.0678966385174, 2500.217065266055, 586.4299072748017, 567.1537047624366, 1381.8742080095647, 1985.4547600278695, 632.1090968634524, 1876.810613788361, 234.52156595948784, 357.6331250042116, 809.8374265239623, 800.2589567149536, 577.1215749931036, 460.3255078006065, 71.73066998543509, 544.4623085307142, 282.6344623775494, 1197.2399887185118, 1686.778320747109, 373.29954574564033, 2143.5162602100027, 1501.2955526819142, 2156.140325883758, 1320.1223224088142, 562.6391283079146, 1271.9835643086938, 21.489557651194627, 211.34171356746364, 2388.227925635703, 205.75232710431868, 1056.6768103736676, 436.9864996888823, 456.39697109095425, 445.51559053618075, 1815.380008254573, 603.6463149215107, 457.08008556056546, 662.3839711934044, 434.54713203305914, 732.7046248575612, 364.0026998420394, 235.96119581585066, 453.42798743634023, 486.5714288439837, 441.0468757948024, 111.20978691169573, 258.7636935060584, 616.1096738781473, 424.6719157703469], "test_sigma_between_0_05": [82.88646027013307, 235.98089996039212, 736.6583704268116, 283.3981233114824, 368.7554359942311, 560.1407978903106, 616.549747694095, 478.3279295816287, 525.8540600756722, 425.51465861000736, 1197.882488063379, 650.9311566583785, 479.9864645428794, 328.27400455557233, 348.49353443828255, 34.07583147744154, 176.7253412784937, 2386.0761072546597, 795.0441843342055, 380.32892795537754, 327.03324578817245, 593.9134664904764, 653.3495009437227, 209.9495933344341, 212.5864498291659, 444.5634944633461, 1066.7085427538425, 517.0163890705327, 2.6953106166533916, 1766.469892355121, 110.81223537181519, 214.360975347666, 27.49092870288151, 275.0926821721585, 292.86302960601677, 831.7218076817591, 487.86442649308776, 106.44387085467385, 613.483086246857, 623.9945502711346, 323.0536329477627, 297.44810306015427, 362.3621075969673, 436.26789318882186, 328.01396516258643, 518.5167279288477, 2014.6712499967155, 503.98940957498024, 399.9781221687863, 309.5191324377638, 185.42811550302582, 381.8796609008116, 301.8512931879627, 315.88605251688256, 145.97555027631006, 18.78156358972191, 248.6938113431605, 148.24798554041945, 758.2720598721711, 328.8674159930811, 524.1095344547938, 429.8883319829354, 733.8475800900552, 128.82156076325185, 129.59519444704003, 400.8549203705038, 75.31317109375085, -23.310185829103293, 761.5116765790432, 232.42460624369437, 656.1506263362218, 325.0285035069889, 260.44009144911826, 64.80079938666462, 424.4096096893592, 394.25928349487214, 637.1738015433712, 158.1049475935505, 1242.8171449603897, 372.8133404507722, 50.8915091932242, 51.5363039941105, 663.4602950288295, 16.529349507630098, 448.06291473407936, 317.7073440110747, 1568.8345824305418, 451.6586592363205, 632.79715224771, 829.7057243485114, 186.7509082789665, 178.9787861971447, 587.9570261267936, 140.57556798360582, 115.29428193427303, -8.28480545163329, 1782.1993462784503, 378.2260961436841, 897.7418812834433, 472.72332918199544], "test_sigma_between_0_07": [605.0911733967451, 417.9548832750994, -1118.925181546879, 172.78848302019037, 494.8229704996278, 382.4445101556626, -1053.3907623905754, 863.2228663466403, -684.6847813493091, 736.063456367624, 27.83504908996983, 330.1438654712331, 525.2479079631229, 393.24987934893255, -58.84456199023556, 33.8670241162734, -749.901936202653, 401.9755893348307, -122.41754161373686, 338.5687571496846, -127.22354615196092, 203.05940227546242, 480.0787275974821, 146.80732473813552, 393.98608744921216, 362.2733634504324, 39.81152206239058, -242.89719015577683, 60.94480979364893, -772.668441596148, 471.3207699298515, 399.3565394414708, 445.2570375215581, 80.64594901498637, -33.06477376181576, 524.7042361134952, 643.5457707106484, 176.84317103985947, 130.9569457903564, 75.53666883133701, -8.15590884612029, -274.51565046028804, 486.53024217034687, 632.8743027040763, 311.32644178511833, 208.94130489365324, -112.45401391250343, -1469.703266755251, 652.4164894017357, -36.25531527270489, 793.9998458827176, 251.56834032496712, 272.5510678039109, 830.2302075328536, 469.5797979920529, 44.625776531905245, 634.6594650128764, -21.09523451991699, 389.40784000431194, 38.339478686831725, 227.92757768637225, -324.86289647225504, 547.160044508383, 160.25203280470177, -424.6324627566235, 396.04067588750496, 498.89094384758636, 485.28170881607355, 52.64818588722502, -296.8523869868454, 139.97538189665212, 504.6671845443432, 760.4160003793836, 75.95474656186266, 44.700240042898805, 261.8668929931355, 465.37500739443317, -1990.1527343667924, 234.7348550258364, 305.5673988852477, 204.75832349858536, 125.07488981775678, 609.4078221582419, 405.7953227166441, -189.98365752623653, -152.20693215028874, 494.5248462700078, -118.24830706336941, 237.48532265099033, 544.4819897281336, 786.2497673509699, 401.80409941017155, 637.6825662302099, -307.65875838743665, -920.9006593966318, 516.1602709349481, -1133.3668153286967, 581.2715562535635, 398.9308978082925, 488.7949137018395]}}}