{"simple_ant_sigma_03_2022-01-31_12-00-30": {"results": {"test_sigma_between_0_01": [2025.7944348551807, 1901.7260444479336, 2035.7581255896155, 2110.065776094733, 1901.9998914704076, 1841.2940004173615, 2209.755019114494, 2027.999198884284, 1809.1578655015417, 1931.9015634381615, 1927.9680390455846, 2174.633320729531, 2037.7496958114145, 1948.1069285546746, 1992.609857838026, 2037.1460665314828, 1901.4225790886733, 1931.5764302403127, 1795.514707373175, 1995.423851483304, 1952.803210353978, 1891.1666558817867, 1814.9583336217386, 1974.2797537473907, 2044.3243243835254, 2056.1430676525893, 1837.687361964661, 2143.3020980646393, 1794.973157332297, 1908.6241056218907, 2015.21831076564, 1905.8434117709767, 1776.4527884508987, 1970.192830712621, 2124.9875672042194, 1991.8323458879797, 2025.0935240855804, 1877.6022715852548, 2011.0058032844418, 2048.5669521128148, 1856.842421902563, 1983.7782770803242, 1968.1993159008036, 1880.2021737591558, 2113.3518161253473, 1951.3408388598407, 2037.2305220286476, 1752.5491243500726, 2002.0997821550486, 2046.2071881838249, 2018.8978760062496, 1912.0799821833111, 1956.9125292671877, 1797.0075291937696, 2000.0210712453656, 1919.3812421566336, 2051.9059124143246, 1742.4973781098108, 2180.6405461232016, 1984.3639422016843, 1858.7912849462175, 1793.5185991285107, 1952.0254001513788, 1953.7912946800818, 1942.0399449338543, 1876.0881773082137, 1874.9525605530541, 1877.5648074100554, 2020.8645383485803, 2050.5800563129674, 2180.616059917238, 1880.8602142944846, 1922.618337534839, 1902.6289223280921, 2140.4013407710804, 1933.4776105392477, 2063.8422720016647, 2033.5668418209996, 1778.8565954590583, 1858.3926949230759, 2083.8122493226324, 1906.1412594099502, 2148.625529392699, 2030.43711635251, 2007.4277517761132, 1899.637373707479, 1937.6421666254141, 1783.619809870051, 2066.7610526604976, 1903.0098935423398, 1819.2942340157454, 1896.6149812570316, 1839.3000545075947, 1962.7940138069625, 2028.1306750800895, 1802.228715438192, 1991.7915164178837, 2012.9210982980046, 2095.907651293799, 1931.2714561605749], "test_sigma_between_0_03": [1585.6771572480604, 644.5022419812453, 1617.9487687125554, 1451.7333940003957, 921.1148654255759, 1688.2223072808154, 1604.067833863348, 1784.6925608520019, 1285.4064538779667, 1701.5768756612176, 955.7599714900028, 1356.3213276514412, 1373.9963969001883, 1751.343636887923, 642.1477778962275, 1557.4666839495394, 1860.6006395435227, 1142.0043176386057, 2090.32525232798, 1793.2982266792446, 1566.6303265254896, 2014.6305040906777, 2031.5128183244087, 1955.4234516056704, 1474.265428017608, 1716.5849488306433, 1869.2503868359004, 1272.5235904199697, 1303.795355912176, 1096.4808090440417, 1488.9022171504203, 1403.0815752076667, 1726.9476325096655, 1648.8309144411455, 1877.5349216027223, 1733.6617302492273, 1438.2279471580075, 1762.0925304656416, 1256.9598845016483, 1965.116186896418, 1573.418954970334, 1722.8803914596622, 1898.2307558606728, 1099.221317926777, 714.1812670144976, 1532.6467381943328, 1698.3702062282532, 1855.5016138747037, 1960.199218192344, 2126.9609057457237, 1605.1749480184915, 1516.6231279254844, 1823.9531146436993, 616.6825806243181, 1309.467392434982, 1636.858793932991, 1796.6357693949756, 1454.8622364008895, 1728.7034331661905, 1608.8124424352995, 1339.2443752618012, 1653.2917329544848, 1995.5011823131647, 1361.296737183384, 1383.4614308348791, 1045.1522195273103, 374.3814801308366, 1549.4516944024278, 674.4352347644044, 1852.4044413039974, 1693.9720116034136, 1904.3161610866416, 1575.2961073644751, 1892.640715078534, 971.3306806591077, 1468.4484753171714, 1543.0973603752914, 963.6319582487486, 1456.884150325724, 2000.689053542132, 1327.782701437292, 1676.8140656321584, 702.4861607000993, 1654.4145323603993, 1617.2397704800173, 1607.0104061875695, 1695.882363093469, 1561.484351062155, 1744.9315029906916, 1073.5914967453125, 1588.0798910342805, 1330.4817514642446, 1604.807528210662, 1049.988791469049, 1554.603767655643, 875.6503618908575, 1258.3998235515342, 1394.7004542228804, 1796.1778428056166, 1255.477409771771], "test_sigma_between_0_05": [409.2937417997849, 1181.960012560666, 958.6551596609156, 1367.7071450106648, 632.1233326162458, 647.041257451226, 727.1383014095107, 608.0286835776124, 1124.5371183386862, 889.0974211223255, 1717.5045775214323, 497.8963514916227, 775.4020797806562, 1489.0852354110862, 414.91967078960147, 195.70099095151227, 831.4240369789102, 2186.207028224226, 1334.6652762101733, 1305.6692963781234, 1233.8095275612138, 513.7903385251552, 645.5250113914634, 433.3763955530044, 866.7601254783275, 1417.2215406097603, 970.6186096428295, 594.563893327022, 468.7884148294321, 1437.8675512679456, 1962.1332784637245, 707.042771011448, 566.3769518457032, 766.5110347133177, 841.6274133770457, 1885.7907856700263, 1115.5118175800492, 765.5491749991718, 721.0250196752963, 850.5554966938666, 1296.3828990211914, 826.2974067505248, 530.4413560569493, 717.2828911384355, 686.1023932284508, 502.46082564599135, 1491.9400233982244, 1121.752180933701, 1449.4911102515002, 1664.487747903424, 428.8984053406357, 405.89635462587205, 1108.4201931086236, 899.5229174741429, 1144.9747215373259, -40.34301375395298, 862.2527584749341, 605.8944477740092, 708.7980766126809, 616.2519778004485, 1116.789295951064, 496.5617907523847, 1148.4144874434312, 794.2740235313224, 1070.8466668301826, 705.1891826019713, 1128.3073527819809, 266.9616851706197, 1078.3447331694092, 629.790555809983, 799.3223222411373, 1246.9859791796487, 1296.8227609354046, 731.9228114212336, 1095.512258684423, 1209.9326731620076, 385.98991889773293, 520.6463363266622, 1833.9450213229838, 652.7472305673923, 101.79852382138631, 731.9641582378583, 812.7327852871164, 1129.0416912926285, 765.9057389029116, 1546.9885955396269, 1459.922818651924, 1147.335552924857, 1053.4915437380637, 870.2111207925875, 1147.6684207777741, 19.915241279658197, 627.6329869131308, 399.8740123869999, 829.9188912380645, 7.217885677660524, 1506.5529750751982, 942.850658467587, 515.7468438422407, 307.6898659296688], "test_sigma_between_0_07": [150.67166610270507, 761.8908389637667, -1175.9069793212946, 231.59139149695145, 567.6327723099373, 675.7929586345543, -353.6608144820781, 1408.9781589499398, -1976.4067660204284, 613.7600678135012, 594.7343862047255, 725.8866407427469, 636.3384971095414, 584.0227425051911, -817.7336251375293, 686.6000836331657, -505.41263344602487, 177.54800444854962, -733.326925422157, 572.1718588523377, -391.87055928884394, -953.9778923910366, 691.5796356896457, 67.30923685248133, 889.910273053129, 575.507562870356, -16.364845195754597, 158.7507866409738, 1152.093257527258, -482.8264786378219, 398.1471022354581, 1240.1365240147227, 814.6425687135961, 201.57262250099302, -9.163142422659433, 545.471790777881, 671.8914836310422, 546.0919828955507, -491.8362958765036, 36.34438164523642, 207.09159201966128, 104.73768342775729, 601.7575903761925, 506.05559929275074, 287.4168201118819, 558.464578438737, -11.06681822917744, -1589.9722581456433, 856.6657828785272, 424.67967056962163, 1017.5813941927413, 712.5144539980186, 702.4878828826055, 1801.1692230730007, 558.948168518453, 464.20089695139706, 541.9930493366301, -459.2414477925674, 578.0128781550658, 468.5276549239692, 255.1721145637565, 40.439733564355905, 1271.7382061215512, 128.4747262586781, -176.34918381476152, 667.2717383372295, 531.2277506031542, 607.32112319691, 335.3476259344708, 681.2880263763956, 672.8235521662855, 591.021259203545, 574.1703040388172, 245.13383680902493, 84.8437367979918, 462.92142197876996, 1070.6381499421946, -263.6967958274882, 420.88588344227117, 516.1067117037384, 540.7419998799193, -35.78579822511822, 769.8287042147165, 323.83504873950585, -51.52222767274507, -62.47909679943554, 385.88658190164, -315.1320556958023, 306.4411426287407, 422.2971386802561, 565.8033004443, 433.9286193480741, 572.9559207148511, -236.59477661666594, -783.0242884134849, 733.078326320828, -1163.2939326596006, 755.8177967645402, 583.3766960439543, 458.1431979149282]}}}