{"simple_ant_sigma_03_2022-02-25_23-57-37": {"results": {"test_sigma_between_0_01": [910.4024634353768, 963.6852181169585, 936.1055512559542, 864.4079755082835, 915.9129104754766, 891.7435927758488, 928.4555914325683, 861.5944365401683, 840.0696740447287, 1037.3304266280188, 723.7060099016708, 1198.070567217813, 964.641068202819, 831.7406024289041, 937.4028539881936, 1039.0530765840529, 971.8959939941068, 819.4355055267147, 1005.3114443564808, 953.6165772193668, 784.7297649184121, 800.6666246406378, 929.2503169473929, 778.8283138814363, 817.1093928315894, 799.0702984512667, 890.5259225788798, 1125.828461103626, 894.474455871508, 899.488395089008, 929.5356510179746, 857.3269926333219, 1150.4942214572511, 847.927430162106, 752.2282473227921, 1020.7522407572321, 738.0893975540076, 772.0281704021631, 815.7381659696468, 830.2470251712624, 815.8056787899327, 940.4951400388865, 998.5171120064748, 1031.2221895291584, 988.3817501533546, 776.4423853663902, 837.4572607013877, 872.7673432900607, 962.5170179781289, 817.5194560143818, 874.6350970311594, 932.6507172851874, 914.9902311331167, 820.045319683198, 808.3549219922306, 834.3727441549282, 971.1929936570631, 1095.0313041917925, 1134.160553926498, 943.658430951386, 954.4335902887648, 733.2758681967259, 894.4614895304748, 727.6274475849201, 788.9758755502129, 719.6648670362201, 853.3130471380836, 1021.8514012579866, 779.7270118461421, 733.3838589161669, 879.321040279513, 1004.1628150102994, 1005.4814573663746, 836.1930030044077, 979.1067344769418, 887.9336874633069, 743.7132049546915, 821.7006374780002, 912.906342746218, 883.7477037439585, 876.309569392135, 865.1841955610241, 783.3060185225656, 988.4838896889263, 922.9660718878074, 912.1774689497184, 793.9439650987654, 743.8378214588836, 893.8435604472835, 872.6118259441968, 788.8374064361583, 793.2195288934529, 837.3719516719342, 900.8859233742488, 834.2755300727285, 933.8682513929235, 670.8221052680717, 970.1364503100287, 804.1437383567333, 943.0960305016108], "test_sigma_between_0_03": [958.4137531499334, 824.1559327122557, 839.5949833377917, 587.2992778177854, 863.4222270249477, 853.7342849501968, 907.1485293482065, 676.2962288815262, 791.8936319295586, 663.5228902938544, 604.5121338474249, 847.2117096994028, 728.0403850057673, 826.2973371910863, 619.2185903394512, 802.1031895612565, 898.6401246375425, 826.3532396898444, 915.0632809236705, 734.295726371073, 760.1603422846079, 803.9262202969566, 736.5403672147363, 860.0332597140925, 828.0736079519777, 1213.1235290582672, 921.9672401028519, 769.5852107741541, 962.3962392598984, 848.4322940558637, 915.3409572705016, 1137.9475647691668, 686.6190443987417, 835.8040089861366, 891.7524311171903, 752.2517938654206, 1109.72150924941, 872.7662142592785, 1129.7320291912674, 803.7275072768412, 833.526010829432, 880.6912249017959, 859.7546116661475, 805.5669813354092, 851.8250953451126, 620.180617101092, 901.9489502894581, 836.39288150525, 1218.1440622264847, 1049.7426517193924, 735.0185953791471, 849.2096895283182, 821.9879295379878, 855.74779460106, 711.1872570217784, 773.3525372451405, 924.6029138903339, 820.0703486976068, 795.4924937942478, 560.3915668675091, 873.6022031493598, 650.6205529365687, 926.5467225614701, 771.1701193246879, 649.4324538480062, 131.20730136364426, 1122.4243196984903, 738.6139349471841, 948.0732250251904, 1302.5975825872097, 777.4628127290433, 788.6037681311456, 1024.7693447599331, 926.6310346247059, 717.0816441865248, 778.7203176002745, 775.8597819968662, 22.425453065513278, 783.801252101881, 861.5396676012698, 626.5760327920522, 889.1891966745997, 786.0479414983358, 801.1817137061425, 1097.2120912168696, 823.083350822423, 583.928892854236, 810.5705541170422, 636.4097353171967, 697.825758977962, 768.3145677569803, 517.9524613216337, 735.0105951669649, 559.0984082972622, 1221.7032939238907, 598.405406592872, 820.0577800281626, 443.19989053508095, 857.7561331605413, 889.9998042012], "test_sigma_between_0_05": [572.8816402245388, 774.9374195652081, 825.5196122244405, 639.6185893028805, 696.0947692522958, 669.9225617600166, 565.2465046510761, 755.601365438558, 651.073970438811, 760.479522197613, 898.4603980327238, 707.3739680911401, 589.3720666153692, 316.52859012655097, 565.7247521314308, 621.1519736813642, 651.4158856559422, 882.1855156684082, 959.6334123434171, 953.4744289500209, 439.63316431009065, 560.6473651123584, 686.2784756618312, 442.03368416709236, 773.1992696892861, 794.1106385877456, 373.1603128281254, 614.6826286123691, 406.6581501383097, 677.0555718437113, 687.7661781857101, 727.3806756692508, 55.63430001357485, 562.8365403045517, 524.8565779787172, 956.1141361617215, 32.313247018306036, 550.156232289152, 215.61536044680125, 954.4961104265811, 818.4330565189994, 670.1299843168906, 637.2063941712651, 494.1634469042846, 538.8576970021429, 745.6609865046971, 911.0323457711561, 814.0459392649025, 600.1068189114628, 1064.7946249475299, 81.43478851997213, 601.6206422315169, 560.154263694493, 754.6328001193588, 747.9633426538325, 620.4976082858476, 822.3965166271541, 619.7867588927535, 629.5198185434052, 860.5724249125151, 858.658355490151, 732.3469410024749, 797.5318776121245, 421.8735841057947, 380.17355249500696, 871.357820233561, 728.8532322945206, 198.4361127982191, 1221.4918696914992, 430.0293651704719, 869.533197427711, 782.535709328876, 657.8668083688428, 565.3403495127718, 514.7236456237707, 746.2255892107362, 330.5756311446965, 652.3866962398688, 851.5814901752508, 748.738709313985, 108.32880434441759, 674.8064111851634, 748.5965063311487, 145.06306180630793, 797.5345742992286, 1041.5208323756094, 1027.00810033579, 687.3809720488483, 873.4629923634958, 775.933328921582, 816.90234762767, 680.8964693700851, 652.0824158324903, 466.0573213072639, 715.1069106187557, 160.67221426712356, 292.4807960248859, 736.2978865748779, 908.3514643320934, 461.7317075865403], "test_sigma_between_0_07": [637.2801622926862, 843.5424212497436, -460.56827036054653, 99.57193812272898, 684.3181159797599, 644.1298319784607, 46.57679592322095, 739.251345589664, -1802.3600220974881, 892.3768131132491, 522.2052840126142, 548.3487300568123, 722.6052810333757, 581.1961600652214, -1048.7498481104951, 107.40076747019486, -1199.4380238411816, 535.108369401827, -71.65040714138014, -11.58663211318199, -37.39968922658445, 536.6577874905478, 548.8319218300011, -247.85174303375237, 681.7455636791348, 800.1803859939808, 53.21437859922154, 482.10692968917886, 159.5235638633588, -279.0321856108918, 667.8548017807193, 867.8208823662706, 862.2781104022307, 607.2632458580958, -48.932662589056385, 138.88870977346193, 730.169071912627, 580.5285567410281, -535.6109731489371, 627.503894824099, -795.6629856012237, -259.97498568834266, 724.0038278360162, 560.5462846655082, -44.695453906364854, 291.1135675766873, 30.530419790663295, -248.91142813508608, 721.0939167310847, 329.0305910506253, 947.5763590961268, 528.999260979114, 736.7667298202872, 769.9869691727589, 514.1119296773668, 194.7065360572727, 587.6175349159683, -1647.9774724930294, 11.01745871041203, 454.18287332681246, 793.5760707979136, 6.697977509057123, 400.52848683264364, 96.98296399824018, -598.8925617595676, 700.8596603872062, 488.2168222905808, 722.5668864131078, 651.6564912104972, 85.49554786529623, -358.3347051244859, 194.17098952020305, 839.2089252547325, 559.9793295090155, 63.595864116627496, 249.21256518604815, 903.5373980519097, -70.84468550166628, 70.34240496090932, 577.2330336393217, 751.0983147065585, 349.0061828697668, 936.4098107743963, 693.7765192020129, -353.8732887892181, -1121.962654837994, 651.6289534216614, -30.09939985653041, 172.0107006294931, 383.08496605602835, 835.1870631787689, 559.3924438902977, 749.2404781100591, -102.65382513372458, -776.9297823999705, 673.9366428654747, -1538.5546127884586, 694.8476191073906, 674.5731139975502, 719.6369318570268]}}}