{"simple_ant_sigma_01_2022-02-25_23-55-46": {"results": {"test_sigma_between_0_01": [1895.9710805934772, 1795.0864026098275, 1940.8289148214226, 1876.384744460625, 1810.2237028089135, 1834.2139528249231, 1877.575232370051, 2050.4795622369097, 1690.0406013534712, 1934.181798837764, 1832.3840619606644, 657.1642510702334, 1812.7618386547638, 1678.9379861768819, 1843.3417396737923, 1336.1255623382049, 1957.7383559891996, 1827.8865374835345, 1773.6338029686483, 1908.0896159085992, 1938.1002958315253, 1829.4967394022228, 1853.8064338870447, 1742.5293549732223, 1990.5923702133803, 1760.4745992814992, 1821.9830060638067, 1259.003448692089, 1943.2476816153103, 1843.6527752292347, 1659.4415466879857, 2034.210612893626, 1868.966895911921, 1834.5131541489443, 1648.8127325452251, 1762.906726709829, 1891.5920794171684, 1842.5980859251356, 1625.0228542630446, 1811.4283304553494, 1936.185048154815, 1928.0832902006257, 1913.2607322881547, 1881.9469738736743, 1575.785266790517, 1888.680907858281, 1845.4581748187602, 1779.8737595612738, 1789.8088189408002, 1827.3081991669821, 1891.9351489408944, 1857.7071665477276, 1693.5320929014222, 1838.9550786636087, 1945.8461793672354, 1703.4286244064892, 1996.8059369898158, 1581.8205979456948, 1931.1633709664418, 1894.4340685722227, 1940.6060827359338, 555.0707451237188, 1877.4969113749728, 1977.9276755615278, 1823.263250687011, 1728.861126194565, 1952.0199064473397, 1863.9247882275336, 2017.5643374517351, 1739.6158534729811, 1903.9473949353362, 1911.020113379877, 1475.9011196450515, 1896.957669398532, 1807.5867434307609, 1620.8652892204113, 1989.1957790614642, 1915.0430812008574, 1899.3324819801853, 1960.406041159971, 1942.610462607879, 1995.192595198598, 1570.360790847481, 1808.0125401762027, 1793.1789504226635, 1918.7442280600835, 1706.3833882234271, 1595.4261329643377, 1887.1723744133321, 1895.462193042237, 1975.2534561789996, 1860.9844604690584, 1706.1132455579402, 1856.542866397663, 1923.9495889100863, 1663.4391711265332, 1917.8868096270492, 1633.7514396106685, 1836.2366590011225, 1924.5734058575324], "test_sigma_between_0_03": [247.56090107777834, 716.9021182775142, 928.7623788414742, 756.1180960222199, 1067.8177273663694, 1712.3356951377275, 965.4941594159546, 564.1118916996825, 657.8004371218881, 869.4745767944391, 253.0246974607678, 814.6866509416137, 504.30901942706237, -17.01877941961138, 93.28891034231786, 255.3261500929951, 1267.5512094068274, 620.1039690848104, 1525.016843849726, 797.7842430196242, 1394.9186548060954, 1089.5555624211272, 661.1770170453849, 932.565055496093, 1403.5010798059272, 894.9070997878231, 684.2145226898515, 655.8080107501215, 1204.6400896452765, 219.15600426996215, 921.4769876929694, 912.0169614478023, 1139.6080244961404, 1538.8357200042292, 1614.0936213487273, 597.3244219163012, 707.4927856162736, 302.9760316485828, 717.2525837478499, 866.5578211462441, 628.0399363591797, 1697.504970831411, 471.5683761959251, 187.08802130763357, 629.9326892663604, 559.8769850443222, 1618.8158561422101, 1634.0690773854344, 1958.6026534915336, 296.4388989200485, 637.6239054379758, 1272.0770232000618, 1652.598495481255, 595.9769399818721, 1203.6193369398754, 1548.1426201781226, 836.5867054692307, 1121.7514506524547, 1575.079114745538, 724.1350646058236, 518.0495594331519, 717.0519304591378, 1911.96384906162, 654.4776490042063, 551.4869920289638, 578.7844772063474, 833.8857837720329, 522.5271780400826, 639.6360559640748, 782.6045432063654, 704.1328951702945, 1784.555883195859, 852.607872765366, 1643.0875668150136, 760.9634754676138, 553.9077334894295, 662.6223432997953, 80.32787244648058, 830.9711427558822, 1731.4804578204896, 399.95048829465225, 1045.5842976512765, 744.8749265164714, 389.83744648112616, 355.674296884878, 1710.7316598272937, 618.5677253873108, 799.5887370935668, 1327.4717592656707, 721.021981405586, 1615.0830059702143, 640.4144101424451, 504.3024667367445, 288.2174206166325, 739.1193860757069, 615.3842714151824, 155.05586854136502, 819.7655087383963, 650.561359660899, 975.1220765260089], "test_sigma_between_0_05": [681.5593901471761, 428.9081053463369, 499.70447807657195, 523.4022001274003, 214.0900462120771, 515.4702868141567, 390.41550417105447, 683.5616457589595, 605.3195810615514, 823.276491828478, 1573.2570515498112, 684.9997230345199, 638.0294845474667, 131.30843363908937, 31.41392866007373, 63.11816530649956, 410.97478253228394, 1899.7084042388706, 631.7854600909618, 729.6351991073066, 351.4453258827489, 169.7462913255701, 766.4568923346792, 687.3999213294347, 138.58147637451765, 680.09690927911, 312.97367806943214, 197.764198328869, 4.531549421981619, 870.8743837228515, 1447.8097490291289, 79.49773707336132, -21.505307749674838, 174.70641492969628, 392.53042127963107, 323.8396526528061, 527.9689509323915, 270.33642864128507, 622.3784223736789, 639.4780727552902, 758.1628664148108, 246.31077038224453, 255.99003369914269, 265.4708932525245, 67.68531301470502, 590.6530354683589, 1623.6854814461867, 388.3757812222894, 637.9872269204438, 1010.5732062280601, 195.2629974793168, 66.15816835057048, 571.281803073204, 707.1944966145298, 92.5321778481273, 3.955706014411401, 671.9951066609816, 504.5285838893137, 545.3084016339867, 681.8121171051165, 704.6448260515692, 514.8248285002068, 1101.8173061702266, 10.734251782961643, 132.02245039885628, 544.5646562628314, 301.696066209045, -32.98239143532992, 633.9708571176626, 98.17800805446018, 608.7946106874026, 578.2663718784388, 484.47623322209984, 350.4220364651648, 664.5842291686306, 527.8624867491768, 120.42955949592728, 453.0825475907994, 1341.4399153750162, 321.3475173729762, 106.7863993634353, 118.28473854267652, 730.6009176424483, -6.878892656273093, 733.7428630963452, 636.392506014058, 1395.5220503291323, 807.9286081427632, 847.1047205287067, 1352.7128130162562, 819.759423242539, 678.2568133074324, 647.1640732483062, 309.9552977945264, 455.08316631634113, 7.35613129172248, 97.37715043823557, 677.2300302403746, 775.6755927788619, 618.5325709540456], "test_sigma_between_0_07": [453.13546273090464, 514.1730635279644, -1342.5980065819647, 119.32039773191639, 132.8570210307229, 281.1019628239097, -639.2423518313077, 787.0465720728516, -1548.2956199200776, 714.5062303172346, 722.0318107273649, 659.9190023874241, 627.5185430718741, 371.7065282682174, -953.8941223481356, 86.47648721475414, -660.0193565980873, 625.0125262125306, -545.3731925673344, 7.338263472411196, -498.19854173701793, -659.4284825607978, 523.6866774601996, -34.677608393172, 588.7942242303866, 48.104895194554196, 58.64432474641796, -11.55036607903166, -7.5791276730320565, -688.6460111592254, 516.1621726429448, 573.8418546971361, 66.4925277570146, -64.81405167362101, -27.38603697320505, -20.377306548143693, 384.9566410302122, 590.1079737554821, -823.7374759919594, 519.7630130268243, -37.940887405379904, 249.10694412746219, 235.80877050287984, 441.9116472067582, -28.89000366231485, 490.2966395711382, -164.96302943571783, -1727.5304736184532, 220.26253127511453, -59.52710128853067, 1487.7032410033846, 340.86092831494744, 750.3610786480825, 1182.2190443447846, 425.4500592395179, 130.7103582494179, 696.9080000918519, -1329.5561009562955, 251.13019180946728, 63.93151008895222, 326.43790509034307, 171.479462248944, 630.1438378195508, 450.38975188499876, -669.9260362721283, 528.0390851838556, 558.5709614187919, 667.8605831802905, 718.3152369076446, 12.542854405405524, 481.4949896177157, 605.3341983698841, 1088.6142625710588, 141.83603629828568, 19.431310246601054, 82.68214563602223, 754.6916413128431, -2017.2581692697481, -124.52000734690247, 14.514310681678765, 652.3533502577131, -60.933938185361335, 735.9064502426127, 95.46748338066968, -690.4900620978616, -701.5140048348799, 315.1797911580567, -504.6077444208789, 116.55025810739603, 724.1643439478718, 544.6428245975355, 59.15770126488935, 703.1116257905257, -484.4779012175961, -1413.8367521987368, 246.46645554996203, -801.1987280902329, 643.2542354018748, 706.3828952383766, 234.80646751494638]}}}