{"simple_ant_sigma_03_2022-02-25_23-56-56": {"results": {"test_sigma_between_0_01": [2158.914860892737, 1982.317069465842, 2092.4707668702263, 2129.574344301977, 2233.833228743069, 2211.533873132653, 2081.777895724557, 2132.8974656048035, 1773.6108432026247, 1993.7434046068024, 1989.0001564153292, 2148.08768127026, 2093.3595990895765, 1919.2242732044067, 1890.4385976526553, 2035.471718009926, 1835.1030964823756, 2153.5866326644114, 2139.561075461747, 2181.4848230787397, 2149.1662960893264, 2158.438756043146, 2124.09823220539, 2043.904435198531, 2210.082951629447, 2020.4420576182893, 2076.226136602565, 2060.5855155689414, 1944.5925885997929, 1974.235285540427, 2188.974299882219, 2264.9763638657373, 2166.3888118245977, 2223.8324488220246, 2141.9944263086068, 1889.8985667886163, 2114.5359693183614, 1910.1580139664577, 2041.0137291069373, 1913.5363894599702, 2177.885923271862, 1922.9027906778451, 2193.961849510128, 2104.6353199580167, 2065.5963130317145, 2123.9587840287722, 2105.5650826782407, 2138.1496898405994, 2172.93866656479, 2132.3248864991847, 1410.5454863854673, 1975.325256223091, 1852.8345368632938, 1475.964699003708, 2092.8054378941997, 2109.4932776820265, 2129.0370010005813, 2185.4794066624027, 2138.2669374954717, 1995.9780465875656, 1806.215346188415, 1999.8951319496732, 2005.6334835316225, 2068.820547305668, 2146.636125495644, 2118.648804652608, 2023.6258953004653, 2147.6178413915563, 2183.564988805424, 2170.329767612076, 2154.9231831450074, 2136.2629526353285, 2166.746400603236, 2154.3042014778584, 2168.2313665182014, 2146.781788755926, 2156.973811284442, 2001.6260096570468, 2121.022102250658, 1973.7002104164708, 2161.9006306474457, 2198.5117548452426, 2172.3325588829575, 2167.5143835659615, 1825.69484599249, 2074.566033985544, 2072.9174349971054, 1827.567869878122, 2068.080828614141, 2130.923650947392, 2107.5002215294635, 1955.0571543310973, 1889.4415624462843, 2080.8667625252156, 2117.5724959022573, 2092.988288931559, 2204.543483193607, 2100.2147455746945, 2204.557837070369, 2166.7490256405267], "test_sigma_between_0_03": [1512.5024415308733, 657.6172287349084, 1303.1029473005754, 1995.1842046653983, 1268.1391645267852, 1916.5143270004046, 1725.139612443848, 584.8613947560438, 885.2537008434715, 936.7214326899208, 931.5192142589616, 676.7012964162891, 1477.529386313983, 1508.4878647601863, 867.0325396332831, 1488.1698573633228, 1815.3666120590929, 847.0844223893858, 944.3696969743066, 1254.0519456044462, 1633.7987045013192, 1916.7074570377301, 1854.0671075408043, 1814.183136345241, 1613.9895634442123, 1538.2482095851253, 1882.5966505847186, 948.832956204781, 1561.9189438075375, 757.8457002965323, 883.1181914423138, 1738.8866175723629, 1758.65434584394, 1725.0406027259291, 1627.1695030925198, 1726.7688948956181, 1119.652324115773, 1750.8142007799227, 1586.304603380921, 1937.1439070842405, 1877.3917940886793, 1538.622039470128, 1628.0635114831541, 775.0481220222073, 686.2863589423315, 1395.1029121936097, 1861.805693617168, 2121.154022476672, 2024.554825565757, 1912.464948470249, 1725.6952326866012, 1906.3593112380222, 2034.3316449729073, 1299.0274010074218, 1656.8035923910602, 1652.0343579713558, 1697.6517114234057, 1103.9557232882428, 1909.8646812096567, 1742.9494640841342, 1199.2853905834306, 1345.9100613191522, 1964.3630603691997, 1186.8126643035098, 1239.4197284041938, 1622.8681946510733, 1693.6169756895945, 1856.1984752895873, 826.5955068565655, 1968.8238538059188, 1897.0350821216625, 1268.0735581804229, 1706.4319447438595, 1956.337245662819, 1688.0813719917155, 1527.6878258487247, 1363.4877333357679, 811.6861491029695, 1954.1582378351122, 2167.7392057665825, 931.4628339967282, 1552.9706086915535, 709.8676094755565, 2026.7628915895878, 1372.063874988876, 398.77162935575143, 1708.0090908673553, 1359.2103690332583, 1447.4370092760837, 936.4284156452624, 1042.6656025495613, 761.5717915674336, 1855.6544974188068, 1623.9015357293554, 1666.5910827572588, 739.1386189763289, 847.3477673363348, 957.0774644378846, 1692.138707059612, 929.6801582325409], "test_sigma_between_0_05": [1029.7126922741697, 820.9852928995008, 678.0112902794651, 893.2207134222713, 318.0904974904205, 584.2449414698997, 531.4654819034962, 758.7326407411803, 507.21482251721585, 847.2213432362206, 1525.5651367536373, 1400.8703782227449, 636.1941852245313, 776.5630566408698, 217.39341400775444, 1141.8879873544042, 513.9297738283236, 1822.943584350652, 1086.0236830688311, 893.4476862194108, 633.9814721739476, 933.0878656142546, 939.3521242433117, 775.4319001554995, 1228.8047714808845, 1553.0739747824755, 1432.0691676046113, 865.641538390334, 932.984351370305, 1557.7825268579986, 750.2670984887111, 898.7464981426277, 521.5377258874703, 384.78293316287, 598.4294690648676, 970.7800044581015, 1000.8990284044902, 512.5225491701711, 847.223197632056, 914.7766624468348, 1269.6185216643878, 1130.8605537075894, 529.9264183286544, 180.9475756721397, 584.396937689399, 695.5935589303512, 1617.3643392451472, 764.9544551906499, 1805.671638439733, 1384.0910488737018, 782.5781558979936, 575.4928356846773, 663.5162332097076, 926.1203087626639, 1154.6040223533034, 4.446198486442171, 796.544038245392, 974.1532488090269, 1610.4670493376377, 856.4250225195434, 791.7808160431225, 650.4147543237883, 172.109644841333, 4.792070997119297, 875.4846523418853, 687.065173404335, 641.283177834919, -7.31767206707009, 1712.4803679040954, 78.77564545020716, 941.2170762866006, 782.9487939998443, 916.4689773372522, 795.4379426292508, 892.5140230931862, 906.6143084281096, 1209.7315887033737, 838.579799185265, 1564.2280363552015, 1534.0153877746916, 1346.5834356457783, 786.0156017322292, 698.8718318684453, 663.3395118879387, 971.562649630873, 1625.855695667969, 1979.0125508208407, 786.5352243661421, 922.5496705315238, 909.7229567274081, 1547.715227109042, 1320.9883522796947, 532.4698275929715, 842.5755021087605, 1232.775981165581, -84.99795003801697, 1930.1437952279293, 270.67792599676164, 865.2786885888057, 853.223494840153], "test_sigma_between_0_07": [869.4495515903928, 828.6147332634716, -509.7786875259636, 419.0881870848001, 164.7622357801622, 506.15028310944405, -594.4185026482235, 1594.7607464662667, -1999.5962318078732, 589.8653920380973, 574.9501244754706, 723.5953005999672, 362.6924490233061, 624.0135472066546, -850.1367744887165, 787.7126591004854, -1445.499589315567, 595.5263080276038, -583.5755214615286, 578.6978744628939, 63.5439862145214, -309.03257763446004, 543.2411500770746, -12.032626771634389, 812.6701589213526, 817.4404598818016, 269.28144200276586, 222.64778535813994, 816.8394536612237, -520.691897969075, 424.25960743084016, 1882.8324489489883, 764.3893774711843, 883.3128978555083, 171.38952463077123, 803.4329356204846, 616.7696279409585, 566.8742111933761, -466.6287722236886, 337.6680392652804, -24.209624462593634, -225.03424553858804, 658.425066656683, 612.6054277089744, 563.791199679441, 561.9703874002593, 38.83182857004723, -184.06630667113313, 823.6838584456565, 792.9568139756341, 846.9524890853975, 790.1209372271832, 930.064509631262, 969.5341177985076, 730.2707857266636, 740.8247115782918, 498.380491840546, -78.7887988772025, 556.6586264926646, 487.7916465554986, 277.7147854917959, -42.416431496698316, 1416.7233396625272, 451.65540476186203, 403.5181288434777, 492.44890559517404, 499.78166958899556, 492.1455909826164, 396.569800348576, 180.07961255657008, 637.5636773257024, 263.74044897851996, 998.5896718311327, 265.26833538427576, 43.45352911791271, -130.86832632375297, 945.2167972875939, -379.19020762457734, 880.9620261618962, 377.2523089421987, 633.1213362118326, -20.641159406516817, 831.4172474390755, 651.6728102353235, -344.4424829935421, -169.4026916781747, 993.0483654664253, -49.34892041249258, 187.48987037476647, 533.8164562086941, 724.3378523970189, 654.5887824639262, 932.708080057323, -874.2502568861452, -933.8680782302298, 908.9493755527081, -1497.6728701717047, 943.8536081402057, 745.2903344309027, 425.22200884114505]}}}