{"simple_ant_sigma_03_2022-02-25_23-59-53": {"results": {"test_sigma_between_0_01": [1592.8333887135834, 1552.214910944908, 1592.5899085076587, 1594.152208824896, 1627.1032929641408, 1504.9497264226623, 1636.9276387926834, 1575.787827007063, 1475.481418641683, 1611.408337114841, 1537.9469672670743, 1568.2897940619964, 1613.3930402974488, 1579.0103548413483, 1562.200393891558, 1537.8477326622708, 1521.550858376899, 1513.0109214565114, 1601.0247359610519, 1623.8953270855548, 1648.8389545184111, 1519.7285907595942, 1649.5372911880331, 1553.9950627631931, 1564.3742217340862, 1614.4820685948594, 1476.6163685784318, 1544.1582292968158, 1504.1988046571264, 1610.5980681915435, 1592.30606446571, 1542.6593450552957, 1591.8109124856721, 1513.6757400942633, 1570.1023000734317, 1579.2066201680204, 1587.1213305461645, 1542.2021282075866, 1559.3060191161712, 1651.2228650372815, 1531.4802655960284, 1597.8313573500534, 1627.6715698097314, 1631.5793114548887, 1576.216528357245, 1581.0484224903203, 1623.8490449553065, 1411.6262878876837, 1600.4993132084467, 1562.344573088236, 1612.1943457538582, 1519.178672106259, 1544.809040681101, 1645.4032384500204, 1545.4631466727753, 1566.3682879975327, 1556.337513442144, 1585.8908655574858, 1604.5272160039453, 1565.8011767566757, 1550.2026082541688, 1579.872157324613, 1668.6770234743515, 1610.9403031550835, 1597.9879940149183, 1530.3231425157926, 1525.120716644967, 1506.153689906042, 1538.6092542097113, 1530.0853166901195, 1640.0765215982103, 1557.763243823754, 1538.9754567278137, 1609.941449296399, 1600.302213504458, 1576.211904309229, 1552.3806099379744, 1600.0407609431536, 1444.447756366744, 1586.7726420771544, 1569.066399043547, 1630.502550629726, 1570.0624195626879, 1634.22966022608, 1609.4925468786166, 1558.0561660920373, 1625.0224683027504, 1576.436140024217, 1567.2994644120665, 1572.9945226493273, 1451.0076407851138, 1535.5606600431702, 1523.828662430582, 1616.7938331272255, 1672.4630779834238, 1554.6070844537387, 1541.9455218757444, 1614.2341381431636, 1580.4214189651734, 1511.9804573743065], "test_sigma_between_0_03": [934.9654020710828, 970.579542454405, 1522.7904428940928, 1442.913497800839, 1529.744458600537, 1433.2943719296286, 1490.5862653297063, 1573.878892949997, 1078.594193952675, 1438.4917716496252, 733.4656389163496, 869.3688146914109, 1538.0272023163461, 681.6721923395976, 1001.4543422052002, 1392.9409759035113, 1451.166289758673, 1418.6762401093793, 1696.4904497770026, 1631.8375491268225, 1607.2609958237197, 1484.5953664438628, 1465.5540588116676, 1509.5863491091964, 1614.6086410837452, 1591.6281444419424, 1577.3744618876697, 1345.503862820044, 1523.3881038654577, 932.5996364315617, 1413.443550975921, 1488.2167382819123, 1402.0214847304935, 1724.2236943296316, 1440.841475516606, 1501.1542320198143, 734.1383255649159, 914.9085509335631, 1372.2287989745207, 1419.110376873625, 1398.3935947826078, 1610.3610600598954, 1567.936149134995, 1226.1991913417337, 670.0310853948889, 1495.154969321117, 1269.4616342989893, 1474.4800840731182, 1484.627670976364, 1167.6706951441786, 1418.097406195935, 1539.8008246230756, 1643.1212644135117, 1568.3306998103233, 1010.5272127722187, 1519.9257662345876, 1523.2622874216245, 1504.8019272675738, 1377.9710738570748, 1340.4246216257825, 1001.3868798715056, 1543.99276038035, 1579.8011397116863, 1340.543022588967, 903.0764939522064, 1242.5416943200066, 1328.3811519311548, 1290.2755692245378, 637.338036333717, 1584.728739742951, 1438.613905236792, 1092.3506626868893, 1478.846199906435, 1500.191319581803, 1522.6841167974278, 1472.537336569627, 1519.709897145612, 678.4308963978691, 1348.8555461689905, 1690.2146154594561, 1391.2115794894487, 1239.5345761915057, 917.3854386936774, 1284.6456005336902, 1236.3543549489027, 1510.1506830031044, 1297.4789956681602, 1324.9218919586126, 1468.0707348350265, 848.341975668617, 1494.1771770660716, 1530.9255330815552, 1326.3777976174326, 1318.8834679102465, 1418.0601518907724, 525.1094056109841, 929.9666511319597, 1273.2982348557437, 1395.7955203758163, 1130.8552499560055], "test_sigma_between_0_05": [1078.78862276858, 1131.0241372559458, 776.8181503098034, 940.4879948242467, 684.5019152565371, 612.9783439354574, 440.11113089203303, 499.5472662844231, 1283.4724259411917, 572.1071383913027, 1068.7887303426355, 1157.457866551307, 591.8564518830627, 1526.312499294016, 479.98493689383776, 975.8289061959525, 614.7719615274762, 1591.1792736097827, 936.7428529799619, 757.2435032713714, 999.7780099191599, 646.6631902722156, 477.7202647629714, 647.9683431785985, 1056.9680738360955, 1079.0752747423599, 1147.1047937782516, 875.0042908113895, 925.2436583546647, 1458.634032335978, 814.5550091260959, 818.5065878232041, 319.14352945157566, 416.8288423508989, 655.2577264839628, 1527.3878921985252, 1004.5641772330981, 748.7377927458543, 554.2511972164375, 1288.001606203726, 912.2829992962817, 833.4203871197652, 484.57829178994416, 720.5272815092375, 583.0032047998964, 299.34454216174186, 1426.0677736680918, 527.1724832173539, 1122.1599135404667, 1185.3093699328572, 694.861138620961, 722.2721589363487, 951.7995744326722, 611.3248406190066, 520.3320779118234, 12.684841219718514, 826.1159136553507, 897.8659027784349, 1038.9595654243594, 747.8186142669338, 610.446185030925, 743.2113191609327, 739.5359819487146, 478.80637775809294, 1185.361377973884, 757.0396363877873, 896.738591849541, -11.927520811131398, 1242.658752053137, 292.60707558820303, 574.9104905580854, 825.1740985753752, 1251.3044506258987, 1316.1108486743244, 54.33048504927137, 859.305148989791, 904.2740921645745, 596.2577233233542, 1316.6900864775312, 1063.0500183970564, 1027.8064663411683, 1333.8677453443222, 930.5811715153941, 558.8863324679188, 524.157699380768, 704.4434402028862, 1367.2411671365596, 1319.1556442964454, 860.4816404196752, 1492.75005743725, 1403.5215349230511, 1280.6776114935392, 570.3280906616191, 312.3310977879982, 1107.6151788475356, -59.01325834275634, 990.622547792242, 852.4863059539596, 941.8572565000723, 735.834016979701], "test_sigma_between_0_07": [984.9343209122657, 653.5834753209338, -1148.291552695586, 355.658535445966, 616.592732911703, 692.9320962119087, -505.9141141266362, 881.6225468713168, -2143.475935916243, 876.432860954686, 704.2478414220631, 741.3134885107808, 598.644736683029, 829.1852675829596, -446.694043833635, 947.8692056949724, -1233.8660631754658, 554.4174874036345, -123.35909958309504, 617.4604999574027, -549.5052292030637, -1179.3799118223349, 479.50687077742623, -10.705133300434683, 524.1598674168343, 452.11444921368695, 166.4317763019498, 87.51150049645803, -32.05852781944412, -594.769200542518, 685.281578231907, 1462.083207984183, 766.8745354025926, 448.26770536611673, -41.89229368809028, 812.1977193426512, 729.5006107504391, 610.1546839305491, -72.24075261809615, 337.03442743587635, -30.512568642705435, -53.20251812127103, 710.2575413713632, 442.32707743615964, 63.68743562970491, 888.2914032882253, -22.949245722393965, -901.1617221212143, 83.61178438370118, 677.3080090185506, 835.7396262963973, 644.2819643778787, 809.1009766537534, 1580.7128711414055, 616.7734282843195, 0.047703759203432394, 479.0758944917081, -641.7555000027071, 644.6139161493276, 392.76115825996374, 1037.707571758383, -26.04546336969217, 733.6914193508031, 339.84608322483274, -486.312927073264, 497.8453428743098, 578.546414566217, 521.3506187386754, 604.7442621972209, -51.07299272967504, 532.9128278267619, 937.9617927221368, 963.3175898953386, 180.68692216242346, 535.9085812375164, 433.6847267451868, 782.1874847234226, -2800.119523319064, 610.7410543440091, 545.5443036016657, 334.09000125900866, -38.87165586935882, 556.68881221741, 566.9752525401544, -74.55903459865077, -150.42349809773884, 1250.9586383448539, -568.780218639164, 62.968539835076044, 506.14306399957, 626.4869875284173, 793.0530912441319, 886.210786365632, -224.832974938555, -1019.1291526315979, 831.1829921849728, -1774.242490426496, 793.2573781397892, 371.9562562886671, 571.3226069807031]}}}