{"simple_ant_sigma_05_2022-02-26_00-07-51": {"results": {"test_sigma_between_0_01": [6.83885829997307, 6.334501295797235, 6.6692803196914605, 657.0634660359227, 6.508037820308527, 6.051672549347858, 6.122620137679042, 6.409532217636295, 6.388751745544141, 6.528706256608713, 5.979219096501765, 6.58279211071931, 675.9386807608352, 6.58266501694452, 6.679267377663926, 6.609829855269345, 663.5838847467718, 691.3316562424702, 670.4911284133422, 6.687029268947663, 6.208262113279488, 6.997568988763669, 741.5712784004162, 6.1576428887827195, 6.892542515562673, 6.562469072463865, 618.203502388101, 6.353626995986267, 734.683603117587, 6.383807529589104, 683.861380178947, 6.126228476702817, 649.3043086167647, 6.209475465306604, 6.434258448951002, 7.120812177304469, 6.199295566808724, 6.319807245793345, 6.368610158958473, 6.194573664155904, 6.475403813226147, 6.202224605673108, 6.870911790833633, 683.0138628511703, 6.470272989523073, 5.8441628070810125, 6.3852918305550705, 6.80223034498922, 6.54316017838719, 6.29073737788858, 6.36487038256746, 691.4374405281534, 6.3986490103343385, 6.004520027987018, 6.1618204368351135, 6.742977700113261, 7.195503080256458, 7.090836314867193, 6.2561571809652365, 6.659777678054525, 6.476755861617857, 6.281917035224613, 6.013648887265298, 5.934037407825234, 6.589915241330163, 6.456428601237713, 6.424519816732209, 5.759064124000722, 6.696446964597273, 714.9619328155071, 6.1041260678044615, 6.520618428304443, 6.854593306079916, 6.085176297034195, 6.623072207768563, 701.053620085297, 6.526367554011813, 6.200005321588832, 6.401877920705008, 5.99122285946214, 6.223681514026247, 655.9800159031149, 6.81020467463968, 726.746312074198, 6.535100654899724, 702.005716297215, 6.333611765649401, 6.132403785997303, 6.669735573939395, 5.841302554728463, 697.9839438095097, 700.7236673065756, 632.0952938044996, 728.5967013970603, 701.7289401439917, 726.494994398578, 6.902272204271865, 5.937099598218628, 6.72615018509241, 6.747269911579496], "test_sigma_between_0_03": [7.09353195340227, 688.7459486754115, 751.4205469616335, 5.383271002667607, 6.196856781387758, 5.532240403292235, 5.656918100848269, 5.580497709236805, 768.356345024519, 6.384731893266144, 718.376521211319, 6.751679876961861, 5.652627473982282, 6.939284097481867, 4.454523706463807, 651.7231214636631, 6.6435725770192215, 5.175787245664104, 6.096647767555259, 7.133508058947335, 6.424455108374243, 711.2561170863586, 7.204125074854529, 629.0038164645938, 5.684585022700775, 661.3612051039116, 6.313479630470102, 688.7922065566424, 6.128619287940088, 704.9425570224786, 5.6854631925001735, 5.616267890017478, 857.0950608082777, 6.589772317807363, 724.7440770610875, 6.7491271032253275, 698.9919618523697, 6.545722234284039, 6.634398178776609, 7.234148728105358, 954.5387931372996, 6.946758577678701, 6.117232783445797, 634.47297942729, 689.555653621134, 589.162584222508, 656.8106329751879, 6.218595856091998, 5.637097658411949, 6.188850087081667, 6.327472429425688, 651.0660671350504, 747.3483833448635, 6.271897580697261, 6.349773291539167, 709.1847652326867, 650.5620668148193, 6.864603438516496, 6.783550671444392, 6.448666004856933, 685.4363543675341, 727.7572190167075, 6.510499197265017, 732.5262406109531, 6.374460697885663, 7.798799666094419, 764.5160435242943, 6.867097108773304, 626.242976732057, 7.1476305150164965, 709.2039541044305, 660.4722476739362, 6.441547121616897, 6.741394445915649, 6.510893049091098, 754.2784368562219, 666.4167420389106, 4.9380592149304, 7.455160909349796, 676.6462765212551, 863.5510668475409, 5.8859891653439265, 5.733062724840421, 6.743502060532047, 5.9671002258328345, 893.7539534760471, 6.571136652902351, 638.6264825668175, 6.06398355759884, 621.5249710716049, 727.6613133538112, 5.428947923491069, 7.201536692529044, 5.437307671918825, 709.8858102927177, 671.4472502523871, 6.0628179719700706, 4.663879065375658, 6.90914303454483, 618.956687877997], "test_sigma_between_0_05": [6.378039741389513, 334.4044497409153, 668.5384113126946, 6.423877612347132, 776.5764829553117, 636.0334686587261, 6.041831034059578, 666.0301397996128, 5.8889276209200005, 752.9528884402556, 755.6408305153583, 6.340814110191422, 737.40705853069, 514.8309563172503, 4.706948411557823, 6.2784845464542745, 6.5113292195906975, 5.19634849196882, 6.091766433755401, 7.116981989028863, 3.762733983180079, 5.787982138054212, 717.8566201091982, 568.2479418082904, 839.1707628349279, 715.9919179215482, 5.952029486189712, 597.9546911225074, 530.7487648932267, 660.7051387656219, 7.610494765696057, 6.649275780095194, 4.629723539599216, 311.66343217231326, 5.116907783428906, 6.116100423205353, 5.512071415351238, 808.7110823818384, 5.421578991237038, 738.6972837383084, 821.2471344356336, 6.046216439458657, 6.343572855470121, 665.8757785212255, 514.721966128415, 744.5639565402802, 713.8321257260566, 6.959250645816791, 6.037292806511689, 804.266251139646, 6.625855212869647, 5.513574356710886, 4.706462568575807, 744.9029985140807, 5.99102387435123, 5.418776262052415, 5.202261322826962, 730.4530859193358, 551.6343223139338, 697.921893034334, 595.4176339659343, 671.3421578351176, 951.3251857034483, 4.9831184790586125, 814.0424804145993, 731.1424289869951, 5.092206813152007, 4.825438143301287, 6.3323626423298265, 5.542251264552759, 659.2140076706403, 6.647278063873818, 743.4407147190886, 5.213971995119936, 4.542021036722873, 5.453023186798964, 602.5139286360027, 746.2912718583177, 7.277966432421817, 6.326254685095044, 7.617034712560416, 8.11031287738151, 739.1867405312161, 6.0556281409662915, 671.575607861906, 623.7045079424665, 5.577567973507394, 5.225275939816494, 6.987108356067619, 739.79275061299, 7.7601197826632395, 6.7648151962144745, 6.604881186310377, 553.0901497591241, 7.783224360772875, 455.94586658131743, 6.410230438901636, 595.7133706852932, 676.1168462352978, 572.9130528458513], "test_sigma_between_0_07": [4.86597136876371, 658.1487797311053, -30.327326936459443, 5.981309803995829, 636.2424051242157, 725.4442388420807, -372.75886182140164, 4.825879158300814, -361.7295714323357, 653.787953816373, 6.233510937484972, 5.555800843486213, 641.9808309060485, 740.2834047703487, -2.5041367304453157, 8.201116547934362, -882.0903211912547, 300.9636471387669, -3.827455402071064, 6.596268283639801, 758.5805765175146, -36.311508345129496, 650.3144585139703, 388.95685511651425, 6.747473462100604, 547.7689577858945, 531.1208206473602, -0.4608837722553303, 374.9230523025719, 33.82005056905338, 555.1165415643277, 6.477837459431612, 5.361448007270519, 6.7078340718930125, 4.833333897318516, 908.0724353774026, 658.7159826501374, 623.257321172143, 145.70303687361002, 7.704492596926865, 0.12241685499320765, 1.6318188440825903, 6.9176288868227855, 599.1110340095403, 7.203418566293838, 751.9459328027208, 4.575789912437902, 122.04735208914798, 654.8919164129455, 797.9890465109034, 646.0401606465213, 679.1922464533376, 857.5965659598148, 6.115503410398377, 551.5328776845006, 7.517491822988086, 594.3364357136963, -8.687897781490754, 4.182236413382634, 6.876206253607234, 5.358889758812437, 68.61064790804078, 3.8118934891797833, 370.9176213455971, -95.38666824944656, 442.55134248494255, 538.7735055365187, 7.221117328405671, 748.5512407377289, 35.094972602113536, 526.7562034771229, 562.6270066617124, 7.0416318628078445, 7.809151208042749, 7.814097449697145, 861.4755854056515, 658.2264537898515, -2349.363762338342, 6.432824885542503, 5.667698961618588, 8.540867639558565, 1.8079696444488937, 629.4200704309819, 402.98080674889314, -53.84435427550061, 4.195495481953537, 912.632186461232, 1.3667381290171754, 6.374451796279755, 8.146041437060923, 6.95573276210489, 6.219501946355739, 8.537094973838247, -2274.4297633272395, -1003.2493156186973, 681.1163505202181, -1056.803185825531, 649.268147616357, 8.084432824894613, 490.58207179176173]}}}