{"simple_ant_sigma_05_2022-02-26_00-05-01": {"results": {"test_sigma_between_0_01": [250.82821773212652, 743.5524998715005, 768.7535589576134, 665.9194155887961, 31.798877589082984, 756.442322603632, 468.2885239985047, 37.51748037250364, 24.275590345427915, 466.6338159937893, 130.78434138006708, 326.14490713442797, 643.7466551892117, 555.5012562472755, 128.31793576408816, 670.082813802153, 543.537313979402, 620.9838250496404, 662.775828756405, 284.6220413994754, 648.7404754392311, 17.927517227982754, 696.0040148843724, 704.0594843246788, 156.6713572398178, 57.2389190919872, 758.5622633404947, 152.44314986414386, 744.1868422920032, 739.4570444462083, 565.5723506592373, 565.1643788538397, 663.062125934491, 673.6621545300384, 749.5344880382413, 711.918494170644, 331.3796141885848, 132.1634696015681, 322.3688174688055, 364.8466147863569, 7.988989265008421, 703.5518042258622, 37.7169529970226, 774.5410165827099, 736.9121875492232, 114.31810935450632, 722.0549410808325, 8.704073376247834, 229.39739830787866, 585.0620314046882, 257.1195030673087, 673.85911747489, 211.310586473618, 536.3666515493022, 49.50091934440278, 312.81066960126776, 49.77786065736147, 734.523364441057, 45.86736753479492, 766.5190690910373, 58.77488655239282, 322.43690694321117, 47.44143283451705, 105.33575522350296, 344.268617931704, 74.96560487626408, 751.8694728001806, 27.63687406761746, 19.49335303006373, 577.3577340377798, 615.2188834318839, 34.20822675085656, 334.30812770348996, 739.1826976774207, 16.446532386569015, 753.4191331825363, 599.70608750677, 672.7735528644919, 8.68450863728067, 754.612500310039, 756.696309657424, 765.9989888467172, 342.22652390067117, 703.1676118374476, 190.71193998653044, 753.1376523644365, 340.53838909536, 36.15477014996723, 264.0962611504859, 54.8531839356321, 751.9060503548149, 747.5057311635356, 530.6466727262616, 753.4011026724165, 841.9820639641247, 602.9318848601263, 50.197041774854, 50.4036763134718, 179.5221482603607, 62.61142353623], "test_sigma_between_0_03": [6.425232330001017, 744.4793785176452, 667.6510864238531, 777.1282214807305, 872.7429115752118, 251.63111305232164, 770.9789139627326, 688.8742571066422, 706.1613811872104, 243.59292241802754, 687.5266287881329, 666.5404098284722, 840.7467925078876, 866.5758706839313, 834.9592178717983, 662.3927613733407, 87.25392123228374, 637.148093588293, 87.43389689796605, 82.90696249492042, 887.8726165394246, 535.2494538587185, 865.4426960407374, 735.9144508201135, 768.6777211246815, 549.0869726106207, 718.3757275251643, 690.4891112197705, 91.42514830673025, 526.2478229242807, 757.3129649398462, 764.8433209150515, 824.6214761696756, 859.5928987955323, 692.5958320541667, 659.6513667071898, 655.4565046868004, 92.96912804767206, 229.00857214515997, 125.32066938261127, 757.6152213048831, 847.2358615789914, 822.6864078764435, 598.3552924914252, 491.8529440494505, 732.1647495223028, 737.3845018960269, 6.978841897699748, 239.53634086823885, 850.4367560853747, 810.5058114534443, 672.6908014987986, 869.1524137886739, 557.5074203294239, 855.5820840360872, 675.4504441804365, 674.2111001849928, 338.2561759181567, 8.81664984478848, 874.4018432265799, 694.5768826928279, 740.8479176457708, 781.8194612379434, 742.9824682732814, 711.1986838541918, 778.1739582862655, 775.9744552839957, 839.3502925763789, 562.6876467187509, 5.8004315771788235, 658.1047948228078, 726.634307969463, 756.9197803650434, 37.63385700622019, 908.3656254441394, 736.7654144854707, 579.0672808632281, 84.49548498726217, 563.8548965522267, 523.2954209561083, 698.3339946432135, 6.315529208205408, 740.819040389571, 766.7077177423438, 7.985866769746642, 731.4691413539521, 565.1773762892428, 732.2543030206331, 772.6354894462629, 523.1769498659705, 753.9308692142916, 617.4832448222057, 872.2197191517475, 772.2176492328151, 743.1300837410607, 563.3406224847249, 640.5282217915067, 809.0836749322215, 6.776908090768847, 573.2320046757151], "test_sigma_between_0_05": [863.39081547804, 830.9962069031513, 695.4215161644685, 847.844078374445, 458.4959398618711, 707.0068042082239, 3.813684203637238, 611.4961305655302, 770.2145699209457, 738.9988812600485, 854.0955288184226, 770.0801170723471, 657.3862327852789, 520.6207649419883, 295.0001690443298, 783.2631601231882, 663.691963961912, 267.0576245590216, 7.299318248848432, 17.88841210465179, 585.9724188438461, 6.99420594432304, 663.9004053555369, 813.1060570681045, 852.2173540754859, 760.7415026473184, 841.3870334245775, 588.7778753120632, 698.4465263346486, 777.8896925208821, 71.97227351549084, 704.5816175378743, 455.08975181754073, 825.0028878041007, 164.34185389976622, 725.0079208138925, 737.0516740390251, 759.0314353201105, 571.5045176487566, 640.676468151095, 734.2624062030804, 766.388047461359, 841.2359670611088, 9.062101440616244, 532.674563521899, 603.1912654720029, 844.0566023092532, 4.95996819185675, 569.106531085439, 779.1048887577932, 302.5356044851926, 6.91017320830724, 703.954740506967, 529.2046984773114, 768.9199331437128, 25.373276212836213, 8.28352041390026, 725.8523107008358, 595.3139827761571, 653.0330690753666, 748.4053455983103, 669.1857354088685, 682.0007351195062, 647.4730737290286, 778.9909749639579, 613.38452304282, 649.4676017358258, 7.913303097456809, 6.7905071595596365, 497.5753609448104, 656.2312090128735, 56.34745465980086, 751.8087581778169, 359.02602691905156, 313.8955692289822, 464.400096514611, 665.7698242769311, 686.8885673536132, 6.093906733521726, 9.63650190482149, 853.1415716697384, 810.1538795487713, 780.370958754315, 785.5546151135387, 741.6457025973364, 743.6255442946523, 8.93646503795171, 752.9699333267924, 4.533582914236467, 700.1655781616881, 149.26882029238783, 124.8355958835061, 7.7768736526413695, 655.5572399946024, 6.752557070352486, 0.9407654251641355, 733.0646718643585, 392.05170927224964, 668.4501982285965, 768.3308447185836], "test_sigma_between_0_07": [770.7403101833306, 560.068698396006, -342.51902469824864, 25.93553910981864, 388.9360042551862, 662.1455079768745, -899.427204512693, 235.61873651994387, -834.6293359591361, 563.9633236088038, 497.07937259104153, 708.9743726970411, 613.4996675422451, 686.834194732369, -8.367513633947238, 38.72387403742614, -1342.4114306583235, 603.214943232346, 771.7743104700664, 174.9268155764382, 425.627250226849, 498.4907594173256, 726.8926173691851, 213.0180654166326, 750.0262594047086, 675.6741605681004, 281.9540173799309, 520.596765631907, 316.06627352861125, -27.420451597940698, 503.7789083247611, 449.13740975296537, 8.576480145349342, 10.99043867113651, 5.4920399184018605, 625.5753488494287, 665.0002842445497, 760.9462447764392, -81.55864191239368, 662.0344204358687, 396.97165679442287, 330.9656922574716, 771.8060540190419, 543.470709914748, 754.597553396662, 760.9912710009287, 475.99448584812797, -949.2566951700945, 646.0067440096884, 860.8953542048636, 563.143735279906, 745.1210061905892, 751.7504238426101, 213.6032385456231, 633.3914204040929, 569.3596525180644, 774.4093541665816, -233.0465780072307, 719.6887713694052, 0.9581973169944826, 763.7069916328817, 678.6321156515189, 510.2807707422445, 553.8476348056831, 122.09620129781968, 429.7172276263668, 527.1284105229889, 6.772790044578139, 695.6949729647195, 807.1244361048949, 710.0440482196691, 605.613587005624, 48.472788698846124, 286.05708401612975, 460.7930771677753, 776.7630092525799, 857.2304339619109, -1977.1413780287985, 315.055638314305, 641.3536505236779, 597.742329321931, 58.23203954311465, 472.3120685437012, 392.8812984057849, -100.80681175449135, -21.180350868080858, 569.8100147190798, -8.879836518653612, 541.2872077993321, 873.0419966543382, 6.415360993603825, 580.1806477223696, 502.01583602390815, -70.7340039594419, -46.662932349616405, 689.5329968315424, -1698.5767646114384, 664.3280980142223, 718.9340727828264, 355.1975097058223]}}}