{"simple_ant_sigma_05_2022-02-26_00-01-00": {"results": {"test_sigma_between_0_01": [98.2620436792394, 287.0932799135721, 94.01517203109867, 103.61692904727803, 102.22719183926516, 158.7709448932637, 95.76829556604962, 191.29028388518114, 294.6621049788369, 160.71151440586053, 203.44339600006924, 87.90549928932086, 100.11223110077994, 200.12186414083274, 231.125597243185, 98.65686786380405, 196.30171589769049, 194.35719496313146, 97.34443878512702, 93.29226438116207, 202.6092734757621, 213.35926358184116, 103.34432114838692, 97.45198211994155, 104.13621783204705, 100.43237225556513, 155.43971853434707, 105.74465540711937, 200.71588174741927, 199.33669357049814, 133.42813219254168, 104.63918240326286, 85.87041778714277, 138.63134891917184, 84.77449503895124, 91.10095019506306, 96.74031907969788, 155.57849671646173, 97.24139070832042, 107.07157972014062, 203.54233707757075, 184.56860742531964, 138.5893555606773, 97.31650064821754, 115.6369671297867, 196.99159592048994, 93.96698018412174, 240.98276756605813, 97.26636515820739, 103.01963818107855, 194.4246270020075, 201.90537537714263, 186.3468487134285, 162.79850979193944, 116.16135521587304, 99.96092112962509, 136.52969097778828, 90.66243053939885, 185.32238120367774, 165.95812675642142, 97.2894958797524, 136.28686385712317, 153.14451661001326, 94.91087436728152, 187.48655653205213, 97.98116869090751, 177.14413182076237, 217.97421883976335, 191.4202007996841, 180.04037119562395, 104.23138209967708, 295.7427804687945, 97.90414521769867, 97.6109208505966, 156.8166854933213, 95.685465586161, 102.29841260090608, 195.55712395119954, 191.20479474105426, 190.52083106299898, 138.4631182940101, 109.02768156818875, 92.08305522133641, 121.49547308182079, 91.48477951090078, 122.04904969181368, 147.3091473273756, 190.3773521781862, 137.46272841723638, 189.06975842292525, 188.9861145712952, 141.31711153274583, 198.20184111335422, 83.99112161872122, 88.16457600593785, 91.61295072545651, 196.98245393912396, 137.80097193122992, 111.71443822050259, 191.54749364657965], "test_sigma_between_0_03": [190.75214405941725, 119.71103740760611, 124.04326781917234, 88.37341995502129, 94.93227371072886, 101.22251912309137, 110.03715122398481, 182.48505388893878, 98.38483427299515, 89.0553129681349, 300.048735785145, 245.46825850969086, 222.2586033610519, 90.065831957892, 111.12899813550241, 104.49739221887698, 95.24849905503392, 94.59792466010214, 302.52647671814043, 112.30981338157925, 5.5248829273914435, 202.87737435355336, 90.41263987760672, 191.53378950260426, 91.68664572339522, 90.93026999989144, 114.4232251049645, 95.85130626787316, 194.58669104643823, 104.08381068021085, 194.82600976831634, 97.13557816399278, 95.49931572407984, 195.40519235919677, 84.71913087510715, 141.1615845602936, 300.47926162007195, 198.31229674112407, 69.69171392562052, 95.6822807908818, 83.74141284560119, 43.8756477933411, 98.66698457150791, 90.58293477126338, 191.55223641638636, 201.2238597058094, 102.33666990923214, 199.19334131209914, 300.19806613664827, 93.0123175945908, 101.85721949918364, 292.72257102463726, 87.94986210423161, 86.53236143782792, 192.0519671629115, 297.6864838392777, 103.87947718645427, 198.31377625208862, 100.68593056092787, 85.92948696319593, 153.18868654543053, 201.2580685569948, 94.36300495455829, 203.0477202870185, 192.01365728552685, 87.485908989788, 94.74335933406283, 94.42968411828507, 236.60395737937404, 105.74240147810892, 153.5361432569279, 295.6021630327767, 94.08421090514051, 101.92790758960608, 112.19108056698654, 196.41341130942328, 93.8981256930976, 298.0369107770411, 98.26754949063044, 195.748403931667, 119.6165667936328, 284.9699988198099, 193.16061954076332, 63.82587990610555, 193.78033448862004, 95.43967010343208, 156.78358645852424, 87.62732929011764, 98.105370056606, 213.01860881282943, 110.91719456421923, 189.12548388572247, 85.91902791173567, 98.29004517683214, 90.43896182901716, 308.78918174999154, 133.27528206114272, 91.216237696172, 102.79464961543127, 188.50098298830775], "test_sigma_between_0_05": [162.66454037381874, 72.65865939287343, 99.85721251521569, -17.503843607261686, 193.56839407125983, 304.1275880865374, -63.39879946481808, 248.5125258117637, 88.39762835472126, 244.88226751013522, 102.44882686930929, 108.35019258360262, 308.6857800455431, 83.58075357592858, 183.12269744044593, 97.03798152859686, 90.618726227254, 296.6298315318285, 187.6329043516737, 351.55623181714265, 93.51696534786198, -51.06814218981442, 197.00855046453825, 72.65190840556896, 98.06741139197268, 92.19373943436706, 64.6601277953573, 196.88898218864517, 220.37430848165815, 292.7415651700426, -2.2018582722259588, 180.41200196719265, -13.264724074694131, 73.52544771466503, 305.4622597799904, 219.02109891409003, 81.0107598277446, 125.62985667984061, 265.5033571203034, 298.20355055718517, 252.48516820945997, 148.31994650519982, 85.54748622839199, 52.54717196180703, 208.90079928856525, 146.30034384574057, 100.69199751203848, -71.23680951145212, 138.3084315316237, 161.25284089943128, 126.02178096641214, 230.89757807988912, 189.9392718983282, 203.26109603915384, 90.64775951088845, 26.77703432614651, 109.78511341313515, 253.90792775726322, 87.59661875075743, 188.8060182757129, 106.52905031567157, 114.33183294228549, 78.02740434169807, 80.97121191432169, 83.56082027591728, 88.28685223968708, 188.17162029228584, 266.50422124259063, 200.33819901198441, 28.190981896781867, 188.18420393642958, 126.18498475853538, 96.71502251230986, 80.1098953861187, 299.50155401007197, 268.4264449855464, 95.39446461253546, 317.90604219396243, 208.86010357204242, 134.37127943495645, 77.38678814488803, 134.28058396481194, 343.2615951571246, -2.896890232741134, 310.5657401682807, 226.8489670688662, 276.22366697203506, 90.34407337870559, 178.11239960915304, 186.24266419253786, 81.28103056770594, 77.57029956938042, 87.63465559177367, 262.55812118344755, 94.52185984351838, 78.50600159393481, 202.95051977065006, 184.0763224248988, 391.5666106743483, 137.4435202107001], "test_sigma_between_0_07": [193.64863753050932, 203.69540674505097, 135.84268823811206, 305.4889122486697, 80.51951374302992, 201.66368979271644, 75.06498031111401, 168.92450644898994, 205.66901401165927, 296.1072180076848, 102.87055568939078, 195.62617642901634, 195.05422965710204, 209.30985601545694, 58.34087293059507, 129.21471786494527, 61.222395143666, 78.3833738367071, -45.36160079392838, 159.76864983992533, 335.55055909425226, 25.8838109653865, 391.2390013310191, 10.825756162749881, 178.40932062445475, 55.65798846516053, 68.34053995729101, 82.4997184991759, -14.526748812121525, -24.635247952649664, 96.61778956909389, 121.73215622975401, 305.0530759432834, 65.28970273451922, 10.130090443663356, 85.50740895833968, 193.2175363892243, 142.7786398850925, 180.48406780892444, 179.29354008701904, 198.26790489982722, 246.5573153753482, 188.35332022057477, 307.0391298265785, 89.33098531487563, 95.45813096028294, -50.35100049347524, 194.3526584818934, 308.66021148376325, 63.58119209007499, 309.867958236141, 200.52927637461232, 193.51643098602406, 295.3966112393228, 106.29651669334358, 194.7411939754286, 310.345902366219, -20.430498332934675, 77.41903554331493, 70.79159478751438, 112.20711067552908, 83.3626891487797, 126.00008475871934, 116.47990753391966, 174.1238367917611, 191.84812080875332, 454.23192786193727, 196.2184159507919, 115.63265756432702, 84.28299937728667, 186.37399703491482, 88.41734879865453, 324.0167351095671, 82.84528411219607, 79.68938338549751, 94.46246061367019, 232.73389068902765, 90.50861506183777, 23.80199357397796, 101.16504402298301, 6.168098238985122, 299.15744133203964, 301.7151822162937, 91.56081600488442, -9.275382378100781, 194.3011140824708, 219.7196341701708, 37.90346868005741, 70.01896885217906, 81.58728964088186, 70.8327022628646, 183.87761956911226, 188.17466962349496, 85.199581270478, 98.77470717224608, 93.47967466831496, 79.99305216648905, 187.67140916566643, -0.5698462258558712, 93.00017427832181]}}}