{"hopper_encoding_sigma_05_seed_1": {"results": {"test_sigma_between_0_05": [793.7246239759402, 34.998428717126096, 1379.2838507640458, 811.8379012409233, 1117.39183888171, 1594.7212186677489, 224.35317951545008, 918.772985834188, 258.7286726141917, 1009.6830704319876, 1240.4592760336404, 1549.8597493098266, 1017.0975162980418, 1256.9374561461307, 1417.8778818220005, 56.9229350076872, 1265.3860939846309, 813.3014808670619, 915.4226821207242, 1319.5643406455783, 1434.8487755038634, 992.9932944972703, 555.8782904383738, 1166.1114938611342, 1420.62014916766, 1271.9082730298976, 396.42850922984775, 238.59582258028655, 76.62776656001664, 917.5152376316264, 1574.4911273522162, 1160.5692354918517, 1015.2715051676446, 268.3328281003079, 24.94210185563424, 804.2851746814125, 1429.6064336902123, 1734.5217965102754, 822.4314467523371, 1222.5452968886846, 1256.5146290655189, 103.12453894996867, 1225.930310893384, 950.74140440511, 799.7476845678735, 101.81297445821836, 186.14800787905554, 1240.9454920913097, 1380.4632406192313, 1111.399171192535, 999.7974885374073, 1012.2428871525079, 1302.6246976059144, 838.5821230984801, 115.7657618297992, 811.3997291782393, 1364.4799614916628, 1374.3713942745221, 1536.2473439779283, 54.95475232662866, 949.5792429807825, 803.2501591056943, 117.18422012235824, 1042.202405920286, 1230.591032592363, 1381.6781920565118, 781.6339267787893, 1356.7010487223156, 951.5785966980351, 799.0249767715867, 1141.5648589291156, 809.653315957551, 1106.2850214184332, 927.4483858978923, 903.3495479102045, -57.921181893850736, 66.72035826515058, 1014.1425496217279, 912.0473711302436, 139.30842992788675, 1165.0581148473627, 1364.6017274872534, 169.57408901544986, 1352.0002477144337, 1376.8656163806293, 17.853882932980202, 1104.61911931246, 979.6962209559433, 1391.5176749592194, 158.0375473278473, 1172.2373008974857, 924.8696279648161, 1438.8095431615882, 913.7764085011814, 1267.571740186424, 921.0469784147728, 1080.6163504380277, 218.04457785374822, 1539.6704759543572, 798.1733982006399], "test_sigma_between_0_03": [1350.0375361288511, 922.752842622461, 917.5152582723327, 1207.9971472474551, 1272.523126132674, 68.591490230379, 926.917845937768, 1004.1594191404395, 1133.4877093428263, 1309.1499855222878, 1278.7966927530003, 59.50410359617819, 1122.0570027116148, 1431.7006012735549, 822.0475508253538, 1010.2629003772867, 920.7970697933605, 921.4855819621858, 932.2720420545301, 1023.0613638155606, 1062.2732569929708, 1016.6408005494884, 918.092889516904, 830.4196586209338, 1373.6386300991624, 928.630316255426, 909.5153232810223, 924.7422046643411, 1017.7713036842964, 1260.173929664577, 852.6382250765823, 1339.5127247730109, 989.3648194264382, 1170.168388686514, 1192.85760851974, 1110.9645239367971, 1199.588212592088, 922.6540848332353, 827.9043112535936, 1198.4420884122965, 992.621617425123, 1313.5484575341006, 920.2800224206159, 1356.425639966112, 1448.3394673932921, 818.9014138807187, 926.903455961761, 935.6153130045884, 1059.481734005993, 925.0284511080031, 924.2394114248705, 1299.8266798372779, 1258.694231760994, 1321.2675882377498, 1247.250940847457, 939.7984995002374, 1352.2212869760408, 929.0072618146457, 1271.6913861950734, 1487.3344573636787, 926.2026582081567, 1275.433212249475, 876.2311901981077, 67.32547941467203, 913.439995417935, 961.5019573906899, 923.9217977514282, 1014.3393715404152, 921.4814670045246, 1471.437466077612, 1303.7277797689226, 930.677261816843, 1193.3946781693694, 1012.0350463919617, 1248.4895545078007, 1191.7258740886402, 1301.3115172848923, 910.9295078409737, 831.2723126442818, 924.8507632149517, 930.9334412755816, 939.7445152595359, 933.5767953590777, 924.7566906778812, 1377.7895884095185, 1450.8467753337484, 1188.5295452147454, 909.4626025990052, 921.6484428793103, 1302.619285767814, 1255.8436851224048, 1277.2168620602506, 918.7452989226334, 918.9267768623264, 1292.3009473642085, 1334.39790103533, 1014.2943206359794, 1318.9270980043314, 832.9343423485229, 1114.3190739914014], "test_sigma_between_0_07": [39.729311707773014, 1008.4961120683448, -12.745484838329139, 1231.7857479034587, 10.53183866462205, 124.77240456382857, 148.5048259275063, 12.796561462453976, 917.1130619954779, 30.189134458272015, 791.8937270933294, 919.634265658295, -54.39610122753075, 114.38450500438194, 936.4894158858837, 1269.3287362437743, 28.20034932495619, 796.0179050834222, 1184.555703056522, 771.881933871169, -12.684131367385271, 1299.952758332403, 6.076861638981791, 66.23797251616197, 631.9054860821243, 791.2600646544902, 1000.1977872700319, 932.4700084544901, 52.05671357253158, 32.32988632508788, 152.0567984211987, 161.11939104775954, 38.71904603172298, 918.0440036726677, 53.35861140307677, 29.25945942145918, 23.653023398878577, 1350.1802570919117, 914.7305607043149, 1312.8230935467805, 1473.0731628494575, 1143.4079519504678, 1135.2697953532524, 327.1936078209953, 668.5803618110766, 127.47715207981683, 1008.5428528203264, 919.3978112232458, 1276.760446377624, 160.32116482003764, 920.0107783421705, 213.18139287779624, 1364.1946466923143, -51.375075989663316, 45.82126155119331, 997.5822846804798, 12.573660705563093, 792.5779125529356, 100.5900297281958, 6.030457212367037, 65.42809780501847, 39.06157278593455, 49.712772802125265, 1469.997482076057, 6.060192128055497, 42.12310945176869, -4.715410847557363, 108.18637968067048, 1416.8062694973119, -5.367107571482483, 1381.4132729003088, 12.343427946823061, 1636.315494144364, 43.45578632299875, 47.239940470195144, 893.4693122791238, 1115.2759224783624, 47.06282459158684, 332.4783822814233, 1015.2964122138295, 35.461317979072916, -17.808808060945008, 1181.3334218950938, 837.9551981644701, -7.153779100399697, 110.01670557233307, 1015.3087140605684, 40.25720315958024, 73.69040557764095, 250.68788042562818, 1367.6966826207647, 10.183918036943945, 1.0822467239384423, 1375.6787745712645, 175.46870157130755, 39.64711149427749, 151.46880898468083, 53.69585579704726, 1377.7372523643264, 1433.5900925174928], "test_sigma_between_0_01": [1020.5154185378692, 1094.345503745542, 1157.0975743766767, 951.5785569777125, 1020.1975714193748, 1121.2329168373105, 1020.2531014493609, 990.3886691962825, 1114.801460616594, 1167.718075456666, 1017.8076754496285, 1160.1559408656574, 1064.3746912036418, 977.7250439905533, 1190.8106506130168, 921.1113370068409, 925.0919248857676, 1017.5344073678618, 1180.7055883888652, 991.8624266015163, 1020.571544945617, 1028.199878987763, 1066.943929581259, 1126.3194047655907, 1134.525200786388, 1010.9655724987927, 930.6932733259456, 1073.3996688588074, 1210.664891031878, 1019.8808001675736, 1016.6344103663287, 1101.7357534548642, 1024.0363579632537, 1068.9736612209226, 1171.7707310496126, 1136.450517048315, 920.6540264781381, 1101.3583040597123, 1081.8459271177, 988.0060834494586, 1124.6423384510385, 1016.5069191671927, 1139.129042059887, 1056.3745524333203, 1013.1612408952294, 1015.0304717523455, 1021.5894908158365, 1031.3133042942472, 1020.852593459938, 1020.9964658181129, 1017.6300500614994, 939.1381612898156, 1158.9712215307707, 1096.3141954557627, 1011.0233264058734, 1086.497693629213, 1011.4734688594639, 1082.32345286487, 1018.5140418366266, 1141.1265627775563, 1002.2138465024107, 977.2724745547573, 1186.9677058003115, 976.6565115388096, 1093.2074653782909, 989.9915737496143, 1110.4148282352892, 1012.0432660720844, 1017.1410869587297, 1017.7247919464915, 1189.2489919821207, 1208.7787061408308, 1020.8223932372014, 1102.4643742827507, 1154.0872237259148, 1088.983427499103, 1021.1538747527903, 1120.9698971255941, 934.0833913461229, 1018.0053242632655, 1105.6437580767583, 1110.3263623696896, 1018.3535944820895, 1038.1533356237533, 1036.2968750384277, 1074.3312757474448, 1021.9966535607665, 1018.3432750280705, 1129.8079857740713, 1108.5853530577504, 1069.428720288299, 1102.895563980314, 1073.636274406451, 1123.2626586145925, 1271.1732471711912, 1015.9508360423362, 1151.2296570377791, 1015.4855708100233, 1067.7280920473786, 1130.00610209028]}}}