{"hopper_attention_sigma_03_seed_1": {"results": {"test_sigma_between_0_05": [128.22050061951595, 8.98123280201544, 1703.004714131962, -11.420156669660354, 56.67502888307789, 86.13737976831037, 401.5679837031045, 132.84337705150534, 640.1992169403296, 1541.5681414075093, -4.949535428588576, 1154.5790360663154, 1062.6557341252621, 1742.7751907633335, 1671.8886707432086, 854.4846803041627, -55.47579729316937, 946.4562478463381, 109.53001942806875, 189.65929491312997, 1769.8207889121452, 258.2837109408808, 1595.32774381166, 157.5866507086393, 1805.6722732626279, 447.8771600195818, -136.5546115216886, 982.2308492168238, 44.43194335675798, 1094.3817684814087, 1773.6343407620855, 642.0267174718201, 1475.1166376758842, 492.60864250790695, -11.320674465903723, 553.5191337197745, 1817.4530797068196, 1723.4852577589916, -11.162248260369237, 1596.1963630363068, 1443.4994523984167, 783.8927324382386, 54.94155844228517, 61.763140453906075, 296.4571955824108, 111.00892204358384, -1.680610856591386, 1756.0620029407435, 76.79792655449567, 1461.451163162722, 1418.9701268273318, 45.49487858802168, 1612.8684893683017, 710.2780900147592, 1414.7170277325552, 890.9352947513722, 264.6974325645467, -22.495877672897773, 1722.645852521442, 607.1905844184294, 1514.5178849229433, -76.48225999017595, -127.27946188313798, 1532.5673138691784, 1800.525504101567, 1775.460887072412, -63.570427840063346, 1850.6164820552638, 730.9577862096572, 658.7177930951392, 1602.5587478803543, 1138.0608313435744, 1376.238881379483, 1438.3285368985532, 88.64487187453341, 37.40581030943285, 1398.0962573443974, 11.575581563815648, 366.70240229336326, 226.8610174312458, 157.20523784036482, 65.69750765174541, 1616.1006886762768, 502.10262975427304, 1357.6311769875158, 6.983412764375677, 256.81239615834636, 1116.6917159348222, 1636.303855011639, 24.08759500358283, 1659.794787567712, 814.5066864572544, 66.77536336653574, 819.8446589754835, 43.34460435269284, 70.58544551180532, 52.815242338385715, 88.06216346554719, 1854.8889628571303, 990.9109715833663], "test_sigma_between_0_03": [1858.0398289527336, 1612.3721296246958, 1442.3928598913697, 1685.256754442642, 1841.979752854595, 1377.8295087942806, 365.510387048012, 956.737476631699, 1961.0508927480023, 1921.8259182585393, 1527.1961319122126, 490.67982066353466, 719.8824208229405, 60.51041900713316, 1042.293560037335, 1753.1700002830983, 1464.6414771640932, 352.4937984747638, 1919.7089247260224, 1627.6324787883584, 1844.4968628092176, 1788.3275021162149, 1364.3480841957676, 929.8274768694354, 1761.951600956638, 1509.559289317158, 1565.3037707655078, 1685.5900654166655, 1751.82570509105, 1806.1782756036598, 1408.466148902887, 549.8784938691298, 519.360909527374, 1455.7217927759189, 1898.1287270874711, 1811.3742026566338, 1863.753946840434, 1286.0757937442327, 1260.3213191142556, 1722.3431733483326, 1495.372422026279, 1775.4658507472595, 1158.5914599753412, 1528.4068294593515, 1930.2848870121218, 1222.1958501694667, 1492.8926472900368, 1812.8138711816368, 1560.581971754176, 1979.231142024678, 1613.2060622682634, 1779.1115020812802, 1922.966564614084, 73.12628211836417, 1738.8679407057475, 1571.5048833082126, 1939.2249815023413, 1401.269239202157, 1809.3888079438682, 1905.5190770033241, 1408.827545363584, 208.1994785671646, 1519.940577686486, 83.14105558710285, 1488.0810393871154, 1369.2336200705533, 1851.3030223426251, 1906.9650261436389, 1859.0837410768265, 175.47432543808102, 1400.5195929891336, 1210.4034209054062, 1352.7419390913278, 1890.7817749096755, 1761.1414800134307, 1745.734078808482, 1727.4930422804855, 1318.138748124625, 1385.2137073781032, 1596.7567137050846, 1533.3040246667933, 1478.2092628815544, 1791.6558371931822, 192.62562794545073, 1819.675150244231, 463.7154659026813, 1444.7615975753745, 1363.4139138005085, 985.9573315581006, 1670.3118718449223, 1676.314558905947, 1920.986755549312, 1424.607126171851, 1345.603785309493, 1888.5397235882829, 1539.120664305041, 1808.7252127515833, 1870.740888824355, 1413.4575141591572, 1591.4256781962742], "test_sigma_between_0_07": [23.342654971106093, 92.81744587078714, -182.79743900200117, 84.50571806370134, -27.74864528766193, 1493.5702684360915, 129.21857915101862, -131.24495031357654, 189.30155540468687, -92.08226829452325, 885.188741514675, 833.7676091516578, -2.738192561539471, -28.108715961528638, 1451.1521711651724, 130.45140812699094, -13.906985487994094, -4.34328331811266, 23.16571207755333, 6.979017720726552, -117.12320731645157, 70.35282673513721, 9.32768345864315, 168.97231115576582, 84.3545906380227, 671.4144459918004, 80.64402399027747, 23.192215419045528, 810.4921352201409, 783.3451070770105, 189.5246539142957, -4.06689934040187, 9.695767419568437, 39.99432483670971, 898.2322216892962, 16.156953304768834, 7.907354653019865, 1777.4122355081856, 220.75764330705422, 1635.554804429953, 135.60847210756478, 1512.7051084450127, 1786.864156192234, 1187.3598258469708, -41.46960677240277, 47.971277611951486, 249.04051791659592, 800.5758973051732, 1799.66085672414, -2.6794539340437042, 1027.6796459560674, 183.96018216897653, 54.70467544010607, 8.801447613978233, 876.3846250652072, 1625.1646284761757, -38.93405127751175, -14.905075051829048, 21.626151082734577, -54.55852152552979, 54.598110436392005, 348.3850983750584, 1.876633305317954, 1453.8786246767775, -15.465244515080117, 11.382423885483878, 12.75128931128711, 960.038993753531, 95.28326978783151, -29.315770938278, 1590.8008628843108, -58.78709183005559, 939.0324894779242, 55.94423912735803, 806.3350107911954, 818.8840365470533, 1995.195751454967, 100.76294056432818, 22.392233150984975, 914.2440599480869, -11.446054327909952, -127.0630336648275, 1369.2788320337772, 1007.5958438453468, 304.2758199873496, 21.638649076792355, 143.26060945981436, -83.81487441918725, -110.31172949451869, 133.62709761827577, 1785.2307510062356, 93.15693350841606, 58.30394055298529, 404.21565440980334, 22.86051136478636, 7.229744538280649, 98.81774299531244, 689.5838329140607, 15.860371151547586, 1943.3204463711768],