{"hopper_attention_no_encoding_sigma_03_seed_4": {"results": {"test_sigma_between_0_05": [-916.3324848993021, -1071.698105514093, 64.18859634237454, 890.4749992981342, 110.63333403958084, 43.748435302208605, 82.4867919776041, 85.39130943696964, 756.2320166138854, 148.2160771003212, 11.741403430176458, 136.06598222303168, 917.1195918925865, 945.6679069177075, 82.58602078379579, 733.7334639308774, 3.4707054852408517, 871.9055027012099, 102.81935037454645, 77.73157627908834, 121.32247259610264, 171.8554827356565, 1433.9950320573216, 145.73173793448282, 135.1675455824712, 162.52226892767382, -27.867109575346845, 811.7233425359359, -100.43108472026638, 677.9586007005416, 134.08308344968145, 206.18755198994836, 786.2542614969395, -585.5780625135475, -24.453638236130633, 835.1958090136601, 111.51098590405198, 100.37940327341317, 892.886960406512, 17.369442369826075, 244.08892080925162, 168.57342493270698, 74.00897680336772, 9.30143196188481, -766.2046703894197, -60.93474678571934, 96.90800222309849, 110.08708828510348, 123.6020832955135, 829.6872496118291, 131.72413585379383, 810.4321035496118, 101.22689745164341, -183.16292996269047, 870.3981782347258, -245.278412345195, 133.78605469949625, 43.2242715133765, 112.10738938744935, -126.15196920561688, 906.2890085915393, -101.30381598215847, 19.38665404049864, 924.1654272966961, 79.33208142094048, 1348.5342801138531, -14.764301419409335, 154.0211656067349, 207.12741417267065, -841.696233663114, 219.69024301496785, 876.3380903907952, 87.8733082056332, 907.2043628690532, 96.41749829541482, -15.108860894490515, 851.939752086123, 203.7254213938138, -5.339466073349639, 153.96961553850917, 165.98462755976902, 376.286167940744, 489.3120126638648, 36.589463301060874, 136.76418316187576, -5.669018913159359, 783.5476636761719, 907.1696283931121, 117.16037741926202, 19.32547703171362, 306.31250507563, 165.9031659483464, 473.3242918312801, 165.11949999415452, 1003.6371301583008, 143.53700268814606, 104.91277900227128, 114.42914873418914, 74.35643351393854, 859.86013715641], "test_sigma_between_0_03": [856.0092420148886, 908.1091430900756, 902.6866322960274, 67.24488834893556, 244.68717594505557, 856.9821103411341, 145.16516033275525, 926.0306587337016, 104.61607705724643, 1408.6069360829936, 134.4215780604716, 825.0267617333808, 119.13956601761308, 463.84065331214106, 897.4035357916684, 926.9871020807261, 127.73179792603563, 920.7957031926718, 133.4606926872668, 919.9178453423733, 174.05877167645522, 162.79541231309997, 897.2580137986319, 912.2581080429339, 117.9676609181638, 891.0270802325965, 873.5418159377932, 135.0258422081102, 1262.1651531928153, 106.31228524828654, 888.786996021626, 99.78568342681066, 920.3506166827558, 111.02165994193992, 161.39616253851173, 1310.0029895352773, 888.8394543484316, 894.2666177966784, 921.3939148405915, 105.67256039875531, 151.80447176252954, 161.29053918267556, 890.0008468346041, 994.0757328296892, 91.93641833871688, 800.4918465751995, 907.7255677579723, 197.27236730188517, 917.9121567544123, 124.94949872731402, 204.68304070486752, 1466.120219340494, 255.07709853778113, 180.230418902366, 136.3725537275461, 922.33813913329, 127.98411616601759, 162.17486862885886, 779.5973982910222, 283.9364089624643, 905.1690416085643, 117.74298965448149, 870.5667233405599, 813.6382828528333, 153.34049805196997, 902.0703139012015, 104.84840732598154, 102.06406601365718, 84.7934578602227, 95.51941935882229, 107.57803504882348, 861.9759323458507, 120.82331086514994, 267.446462911299, 274.0499041695936, 112.80935538484917, 214.76423664303186, 168.00783384713776, 912.0900745422688, 762.1905992087335, 142.34300031274088, 96.19999193000899, 887.457188471744, 921.6292609112871, 432.4685325042628, 103.63978557606548, 120.65301674657789, 163.62884148013543, 121.96840502176188, 83.53051066876682, 405.5165028389573, 128.91385293006027, 905.2946427121954, 913.4633778546772, 153.59782269018976, 175.0429947457028, 243.4154996891152, 799.7632282471254, 912.7958436951371, 183.8344926410039], "test_sigma_between_0_07": [41.72726884402271, 149.02409492405886, -25.81591815702389, 165.53568101969853, -13.616818033264074, 1606.2541738631962, -54.53418167337039, -29.45778318030056, 199.88758364410756, -168.50694852319955, 5.867022102073548, 5.642148151298578, 18.670687281701973, -90.81843584175238, 842.7641631808434, 56.79008573273318, 108.80462434807244, -751.6563906668067, 160.61092085060233, -5.1031452335113725, -116.32235333076007, 429.9783808974795, 10.790150075621623, 843.2300227156625, 859.0043317888826, 850.8131121732217, 75.17146718342737, 35.300758772060114, 704.8713033291457, 911.0649741566592, 125.24890556566879, 8.03988331984634, 10.447246631614393, 921.3963202830889, 866.8870106181178, 30.51565043046684, 15.217958454979309, 185.3869403956173, 142.8379539020052, 432.6498369170455, 96.97825433293258, 1204.4685020240317, 1512.0600232557663, 902.9539998000143, 18.331310039594516, -35.17059177729112, 167.42365170681975, 915.9919544352335, 177.51920365116996, 62.30218849469124, -74.14828761132188, 16.32673043682465, 110.97605018149862, 7.0745860752559455, -85.2183121007321, 107.62828261946744, 0.7187855912057177, 860.5628441498295, 40.26881514150257, 7.194655131464004, 82.9843375097413, 917.0635053282641, 10.452472401676568, 28.351726206058053, -91.08159206000782, 23.761173379694547, 13.619142653484598, 910.2416171080051, 1178.001534346906, -15.51878975625279, 267.4475401226966, -7.005509815400174, 1299.0289019481645, 857.9541756602803, 900.5359948780551, -103.95547168707044, 92.62899704524747, 89.27534743583132, -68.01000565921973, 865.2468527150407, -82.57094686591313, -62.21632149691976, 183.33998336339207, 883.6586466142375, 41.208537793068714, 922.1963194938928, 1377.3628717650588, -31.689338449085106, -48.738074506710504, 194.158274763827, 160.50389872769802, 252.0377876962272, -38.39685535227126, 92.91134625659602, 53.38277125314574, 6.0368635780097994, -40.17895725131236, 3.8951804737305644, 136.6140996233047, 1376.196126496104], "test_sigma_between_0_01": [209.53409664576452, 249.03716141024952, 117.30619900074477, 120.1122841939547, 138.61001465126054, 228.1462942326379, 497.6216153424775, 191.96681113781148, 139.67114642841844, 204.62204118437384, 161.64064171547628, 645.593287008975, 197.85082010170265, 183.9053293195673, 600.4809349751201, 167.62200059244307, 118.33434263831892, 450.97956742010894, 180.67930600812335, 134.9761713843648, 1134.9174829632132, 134.3589606496284, 161.05383464159752, 126.05898737698448, 267.1826449043349, 925.0405229032192, 910.7088830991933, 248.87649947731046, 343.8161358037148, 208.96398806938257, 442.3130469911452, 277.2343119017251, 369.98980754711744, 187.30687628527284, 660.6443647462418, 114.92654497826207, 155.13178884493303, 119.16825875112602, 128.39111539788516, 181.15399393079667, 150.56007257241004, 212.4214140007814, 110.25189452918914, 352.15517664802167, 259.2929706518023, 160.75199874275134, 501.8521980622694, 135.51392587792873, 147.6096970387584, 259.9907562086873, 110.75268316387924, 109.98263556119703, 216.69036647629093, 253.43835904855456, 153.36093967143867, 410.353083452688, 923.6003585593651, 241.35991727226335, 997.340810904025, 215.05086922727455, 92.21274670616927, 923.6728277840389, 136.99856922266684, 123.70264810511493, 250.2375342164872, 136.55952484863465, 240.7294735278167, 166.87021167748586, 269.5506021976318, 1093.1054660753773, 249.25259370699533, 85.16923145701843, 152.56832372919507, 412.67974942013416, 151.24510380385027, 296.5398351408069, 177.5784563683557, 213.4947293220498, 902.5876496862006, 517.0044148852007, 134.15141071659136, 173.64273586839565, 921.6548406300004, 379.95853704885457, 208.5386675556576, 150.14895199820506, 832.9846415735691, 299.5052738780874, 1038.444539147906, 107.33415268169276, 136.3239636529491, 152.62765724599316, 131.19619275711509, 116.68437448668463, 736.5510464741357, 146.7683958672929, 336.8899753069449, 583.942457125807, 107.38793737277021, 123.80371804117704]}}}