{"hopper_encoding_sigma_05_seed_4": {"results": {"test_sigma_between_0_05": [873.1318919162106, 889.878216947212, 1431.0141610133057, 807.7870159703067, 56.31890993016278, 1002.7157865062176, 1525.4159329003799, 906.7519161797998, 884.9488400344445, 1385.5514915393283, 1049.110780608842, 1693.7623165090345, 892.4097189451477, 1382.5113875602592, 1427.674308971993, 890.9231604605637, 95.49807820903952, 923.3038785204308, 1009.8026302082612, 131.4259852873103, 1473.0061661696448, 943.5474585443834, 1383.257948137435, 1016.1468115475103, 113.95564620431102, 1186.4231711401276, 236.61045875777918, 31.894690159455063, 912.2306774861171, 916.7093398544891, 1702.967901923827, 1006.1355533393776, 856.5774626080588, 890.5667101291389, 5.426763714267873, 901.5522263221271, 1331.1167363078425, 1455.1887309368847, 827.7705315903605, 1056.2504744890143, 908.2242378424584, 28.897183816085455, 1225.6488249938302, 976.9165376486699, 897.1615510985163, 891.3732084914888, 860.6003225290027, 1363.6308369653216, 1304.9624815341824, 1147.2917845046502, 1494.5599485235043, 83.48538061071014, 133.98373489590017, 795.8255780991683, 1161.6977006643838, 894.9252540584083, 74.67373120823031, 243.7427486599323, 1414.1723016851438, 914.212697005212, 1354.2899768686848, 882.8342255009273, 883.4305652549699, 1157.7968148582227, 1534.9771036303869, 1351.0347771727875, 885.3335351479627, 1706.4136050269938, 883.2421801377319, 887.6687642284178, 1252.7759290918916, 922.1844640914333, 1141.4444625870117, 1340.774455861182, 1203.0825235221507, 889.6342073148448, 891.6614074181889, 1216.7034593465944, 1218.4870271388336, 226.49175229558455, 911.6823565515062, 1103.058666913539, 1257.748399719762, 1447.0079236284316, 57.33700244477659, 909.9263140173297, 1138.2669827918344, 823.3730653144968, 117.92577896770383, 1289.3504668184494, 1544.6179127981445, 800.2935718661964, 31.0417438085191, 875.4401612662108, 1080.0512956997663, 1003.0268391919553, 1092.4564278267553, 971.2274136624648, 1517.0482492038448, 911.5261761318367], "test_sigma_between_0_03": [1385.1619302256695, 1247.3057503688556, 1292.5429022435615, 1271.6640361272641, 1697.5818304915424, 919.7616399812804, 1001.8157313932592, 1169.4106383068508, 1466.8349973031786, 1423.8637138256383, 1799.4179700344882, 899.9319596198818, 80.88924633678252, 1326.0301498404795, 803.3583967947574, 1260.2387525731986, 1329.3534773656736, 1023.3422133823279, 1585.8460253204344, 1160.476762073463, 1393.9544769651754, 1325.2177973042003, 1325.2744255942205, 1121.4143430613249, 1456.5332455122468, 1194.830602233176, 1266.1902056862637, 990.2795254302257, 1297.089043924786, 1716.7770775269928, 1233.903707810428, 1422.567118579763, 1053.0872301432019, 72.58324807722819, 1476.7817210829908, 1305.742778632947, 1367.606121179456, 1142.930708810487, 916.4004472723276, 117.25530737868246, 284.3525393934572, 1348.892741499921, 868.8461075802886, 1186.604455512314, 1335.5641414487036, 918.8648774668278, 1077.4681993682227, 1299.8093160207652, 1091.9108394851548, 1402.9316681410587, 1429.9822633648162, 1561.6389108304015, 1528.7370531096567, 1407.4275636017267, 1199.2404896580936, 1135.0963183143242, 1447.0623116494983, 1022.4814047030492, 1360.8061084597314, 1404.2809816845493, 1079.9967749793404, 182.87245973984386, 1062.8890320618327, 1203.1067000012931, 1125.3089526544322, 1135.6281586959526, 1456.7664568729729, 1500.9776454648675, 1499.0212814788215, 1374.493282781146, 63.29404604942248, 829.819127308657, 114.9086490338581, 1531.7928722016777, 1184.8675143185908, 1376.3742111690972, 1272.5804337797995, 918.951834499746, 827.056378260132, 1101.0893444713495, 1570.32043121679, 1238.8317792978344, 1352.4777171719945, 992.2526973984117, 121.96654530436211, 1189.210278457757, 50.69108795987996, 1016.2280528453153, 1290.0483755307107, 1333.9538702918323, 1437.1718087410582, 1636.3689728357253, 1142.3925570102772, 934.4560404931741, 1408.4871771146704, 52.66811993538577, 1724.896098699817, 1415.1639717873813, 1014.0679063039967, 1355.3398646278968], "test_sigma_between_0_07": [113.77621066131832, 142.42222955504553, 109.98371218306856, 302.50188319339065, 26.189583466612394, 106.4377787244302, 482.25512643628014, 62.927489515372145, 913.2204880310666, 102.25292073741147, 908.6753377403511, 876.5107692666043, 884.6640250905447, 832.2755980307327, 358.36527095978977, 1170.361557733118, 143.47573517384296, -6.920717269851593, 206.42059728048466, 890.7541542677552, 886.8175580495745, 1275.707138669043, 12.962864649563558, 50.76105504068837, 1115.3367631539586, 889.519758454275, 896.4860009785533, 874.5009247110311, 880.2462342938288, 39.32449192001805, 871.7204187965045, 59.874016603850755, -6.702534338044645, 65.90282338627152, 52.7960923316583, 42.38463220418343, 275.99254655441325, 254.50182673437527, 27.941673187811105, 375.026101021889, 37.445213390288714, 1169.8192828697913, 1441.138459665399, 1246.1813092846262, -13.373669898502708, 37.049980141257414, 981.9615866577357, 797.7836231867116, 1520.299852685327, 762.9867886373554, 797.7100782108932, 1521.6027737637485, 1268.5042664241344, -41.70804351858678, 8.34863277343975, 1425.497148981293, 864.0116972424254, 818.0968723760444, 149.34614380523277, -0.2789269036002222, 164.90593055031783, 33.06267888177244, 2.2572743646393, 1041.5235533603861, 37.94768272297659, 16.71371458561189, 887.9016679611038, 61.61623453303037, 29.60361286826374, -34.75235072941724, 1268.8767111468915, 48.63989976759476, 1127.6085033144682, 859.5388845613807, 811.5082642856192, 902.7936119786779, 1487.8910758869667, 197.99433982346017, 890.3646692035254, 82.89415030662637, 24.76093292294535, 12.778894477442373, 1256.8925476307438, 816.9067142766114, 114.44510875831483, 173.6429501669888, 1252.7252847949323, 8.398458800006482, 517.3583577365208, 271.2048836224713, 78.42287644559401, 197.54302702602132, -45.28109970060618, 1310.5943447953416, 270.6639921156108, -6.945534635796503, 1264.6228607853234, 896.5846372986688, 872.6107959447066, 270.57430394279805], "test_sigma_between_0_01": [1478.505978874309, 1507.0045665598536, 1625.023742015952, 1203.441241233937, 1611.9995457544617, 86.55360647095367, 1527.9726208166787, 1307.2596500492473, 1474.568523851681, 1545.2734320964787, 1505.9735875929016, 1576.8564735721645, 1341.1249388932638, 1414.6402147001031, 1623.3144285457058, 1461.7750073550192, 1509.5331823978058, 1533.730561681326, 1469.2367598471512, 1340.3938509183506, 1454.8603592302559, 1455.6542918486161, 1355.3987941234275, 1417.1087559101009, 1536.7289040079665, 1292.4185548978994, 1373.5104273765987, 1339.955169920193, 1409.462967535764, 1576.8009820896518, 1473.5743493034092, 1464.6394407538335, 1586.1540474430747, 1514.1131849401247, 1496.4314560182725, 1702.5904634360763, 1530.521945509717, 1563.172478524221, 1451.8364923386157, 1360.5532957112064, 1581.8862598402402, 1763.7129018670403, 1596.7950610223427, 1381.8846176047587, 1643.2115406135556, 1295.0731264986007, 1523.7356828715845, 1424.439611200943, 1467.0402149645747, 1537.7450553518854, 1431.5150311763234, 1281.0035141968851, 83.10903833634366, 1313.7917125502413, 1366.5343763268002, 1366.7531646573111, 1268.0634749613562, 1439.7403738819849, 1431.5183423006652, 1526.8853427945808, 1436.8001025978897, 1356.4712355718189, 1427.1681028479898, 1351.6520003352596, 1574.5465459412887, 1376.8821725213963, 1481.3270010622255, 1416.0218551406704, 1518.1654011871983, 1403.2014437999505, 1544.5412366109274, 1639.6312969366265, 1505.1947336271458, 1459.6325952785035, 1461.457142680218, 1447.755252927537, 1429.722342451556, 1473.279722472553, 1289.3122999120167, 1513.3819883176334, 1491.8681702479917, 1394.0843131512959, 1234.1008709377613, 1431.7517203279106, 1364.9341991613273, 1338.1835774661909, 1531.2226498120938, 1584.4820440738995, 1407.48519462402, 1456.6610435812254, 1483.4674246177228, 1395.4692406914783, 1439.8907614399043, 1434.053657024062, 1519.300784186035, 1546.128898632236, 1471.7755018035803, 1605.3551424467478, 1357.7572214953407, 1470.4732954612618]}}}