{"hopper_convnet_sigma_05_seed_3": {"results": {"test_sigma_between_0_05": [1010.8664145966135, -14.141143379732965, 1109.1986860454242, 1014.3352997634863, 900.2564749505169, 1006.4601488993167, 1020.0162313460168, 910.3161998767068, 973.720669801381, 1013.5553893178907, 1049.7043399894574, 1003.7043579377603, 1011.9848898910785, 1014.1399577016837, 1245.4962031881296, 1007.0256412972788, 1008.5868622562506, 963.500897209391, 988.6287871745338, 1000.0795325146536, 1016.3570071663443, 988.3823916562901, 1003.8259295085261, 983.5670430133873, 1018.0596069804568, 1007.6999846716976, 1263.9754947526192, 1003.647066116266, 1011.9716111024728, 1005.1141876054764, 1056.2884305587097, 970.8750885281174, 1010.8162503767185, 1019.4060258252222, 1006.0153904892516, 1009.0779009922638, 1013.6568791065703, 1001.4534786458786, 1012.3563396272643, 1013.4874007243334, 1098.1595476870482, 977.0996413513828, 354.5508449121525, 1018.5105764591365, 1015.5783607105159, 1016.8531276887218, 958.7973799259024, 1004.040942702716, 1120.3050700164872, 1003.9764431872517, 58.85754424028419, 936.6315327970282, 1011.615158782085, 1011.893518052935, 1020.2582962438103, 1009.8406314319504, 963.4016330407691, 1008.6909009053464, 1239.846175707308, 1004.1347827519667, 1012.2733309890174, 1011.010776702572, 890.5382343041754, 1009.4149673604884, 1005.254710638093, 1011.4681838915366, 1006.1623235592383, 1009.875408082264, 1003.296656020036, 1008.529949442606, 1013.6945800107258, 1018.4795592293265, 953.0156015571151, 1016.1219418253654, 255.9938229609645, 65.02365947415527, 1013.8385262180501, 1012.1790750437266, 1012.8119564378194, 987.0617721630053, 1005.6126356643285, 1012.2644018000702, 1022.302188360913, 1012.2911867978976, 977.803303736639, 1003.6433252815981, 1010.5896790951559, 1012.7025135558264, 1075.926258823351, 1018.0803350223299, 1015.1874023618931, 1014.3597636531214, 920.0782325389285, 960.9768292550293, 1010.7587742255178, 911.4066283838828, 893.9606390471655, 946.7224100315177, 1014.2649852067046, 1012.949983770437], "test_sigma_between_0_03": [1012.836184322783, 28.76556809625036, 1004.8190162600106, 1013.7494845054118, 1013.8269726925006, 1016.1858335221797, 972.3449729438476, 1012.5688577125776, 1011.7950053326618, 1012.4587324832131, 1000.7310485297037, 1014.7274764594002, 982.227242257583, 1013.2285804443, 927.04745068836, 1014.9939096616984, 990.1910987656779, 1012.3823746165415, 1014.1821778999367, 1010.5846802417453, 1014.2924114234046, 1010.2596883603005, 1006.8334413638772, 1016.8883930516914, 1000.2548843874509, 1011.2470548035977, 1007.4248833879557, 1000.1255286714904, 1006.2925523505427, 1016.6088824491159, 1001.1431879151102, 1018.2888587593357, 1006.0491652216308, 995.8707428699153, 1013.1239583107679, 1012.1120203508639, 1013.1824106900607, 1004.7229414367395, 1007.7759777218337, 1009.2238382201242, 1003.3273949542091, 1011.7268969686522, 1014.6697211283363, 1012.2727349602535, 997.5785467136013, 1014.9866355642614, 1009.8542893827282, 1005.996142437009, 1009.1919169461443, 1012.4660911064697, 1013.8892097140181, 1014.6782784293014, 1013.5946792737252, 1013.0592257973923, 1004.2365316351023, 1005.4572710666937, 1011.5189844089743, 1010.2948591911619, 1008.6094512172297, 1013.7345589986978, 1011.5679551834095, 1005.9883423680178, 1010.1340523479969, 1016.1931409572547, 1004.0490507022042, 1000.953419116688, 987.810477054009, 1013.8077011355256, 1010.1969822490113, 1012.738730995794, 951.3970070037074, 1013.3197680744208, 990.523742772201, 1013.1293952854776, 1006.9899650405852, 1013.2836018128145, 1005.7320423739466, 1007.4869554061074, 1013.8471400438137, 1016.2182884882262, 75.52970834476726, 1015.5190292662971, 1017.4208507732893, 1009.7397000906627, 1010.1815113233245, 1208.1638023788216, 1001.6377460326678, 1014.7365043589025, 990.8444895972974, 1011.7061400463083, 1006.3994459682286, 1012.9945053998935, 1011.7596153900703, 1015.5821162652016, 1017.4771990787516, 1000.7175779032591, 1013.0757706887886, 1010.5603405131869, 970.2630767776558, 1010.1154169399649], "test_sigma_between_0_07": [28.32626354164677, 1006.7072550066957, 11.830443987464243, 1007.9213034325645, 34.18426893950236, 1012.8234530566452, 1007.1688077146055, -19.09739601477995, 992.3313334579881, 15.301644753462464, 885.5552529184687, 994.5794498057988, -48.311954112611424, 409.43865006570235, 1005.5075756022555, 1196.4665485772775, 902.4668798681937, 982.6801416685131, 980.6633384330853, 1006.5504301987108, 895.5219032070453, 1016.3818790386377, -0.9902598996268375, 911.4532306839026, 860.0322487818486, 906.0913136464035, 998.1801889286359, 1010.546767460857, 18.077383616023866, 934.1391467341723, 890.5993374738043, 817.5603070940426, -36.71463121133855, 1008.7011396805917, 100.49567017456863, 7.9253959259513085, 912.6952113110245, 1005.8110784720036, 962.5691054475121, 1000.7807820967399, 1188.7275285256817, 1012.4367287307076, 1013.8902988689725, 916.1926110220874, -50.54664684712042, 1011.3585040155536, 1009.7134523308192, 889.2309213727245, 1017.0486075910727, 51.84236355296453, 1011.9426670353739, 926.5515291054886, 1016.126618717889, -74.20003750751638, -59.10789354632871, 996.3963960388963, -27.5459623584771, -29.08209608318721, 58.7774874186027, -14.047087242499401, 952.5982978944419, 910.5833610676227, -10.870415562501874, 1015.2544187924868, -84.56502424848733, -18.00106963975704, -68.76190970497991, 1002.50711501505, 934.6741790105042, -56.174829406815114, 1165.9910591536207, 997.2530930808932, 1010.2052644589082, 1001.7113689845803, 1004.4802751749938, 1012.602691594464, 1012.657249520324, 979.3394226731341, 1008.64522515178, 1009.2311990399519, 146.13941951151804, 10.39041149449913, 911.0799547300522, 925.9334070504541, 1015.355370784517, 876.0460174737847, 1015.4344524700425, 64.91812446400145, 302.3258459337928, 992.2539334043873, 1134.5594347220635, 28.0940321789938, 1010.3553759517099, 691.0031382522968, 224.43439496111534, 23.439343052040204, 271.6830488406324, 1011.1011988446354, 1015.119595265722, 1016.9468632233301],