{"hopper_encoding_sigma_03_seed_1": {"results": {"test_sigma_between_0_05": [192.66315365201905, 143.87070182859028, 345.838214095532, 763.2075983236228, 151.70864441758596, 1310.9783475536817, 1281.3887594560922, 1303.0240437568943, 729.234227883604, 1812.6503209260331, 39.78159971351123, 1178.632112114419, 193.30862875684107, 1744.5571990986496, 1282.5440403211555, 104.89296116767798, 22.28274838584037, 774.0432505559905, 882.6255282126983, 811.170860968781, 1465.601515754858, 405.49036594208707, 1349.7508463748186, 995.6566163503193, 1258.2334344752076, 1372.852126337671, -5.104973544616949, 17.47875532295293, 6.861561000594523, 946.1319760822987, 1490.1864469777622, 1001.6935063882349, 1958.4049868817206, 313.76867948290754, 10.444278693410151, 534.3562284801982, 1538.392455429209, 1396.0995791417815, 10.901681229482348, 426.1067333559363, 499.45214265794806, 22.341073042318747, 905.1063864070497, 89.24279073959187, 8.564175723658991, 165.32161313320378, 213.73901031486005, 1495.2063238208411, 1156.6214136223286, 1200.4450801556134, 1305.91631418355, 1403.2058686843354, 1388.4612603609082, 400.32242438097904, 891.4020767025381, 299.46288346896773, 340.87591975706897, 175.76358415690208, 496.57288882126755, 245.30916861710864, 1292.1843943059325, -13.949169228351092, -9.772424201267139, 1432.5015584008574, 1450.2477612232572, 1408.6995157991153, -16.087778328938292, 1392.7563593951947, 81.7843720994904, 253.09637129831393, 1510.9643488055426, -45.64515668663225, 1355.3708555757644, 958.9378017635283, 109.16907405023373, -47.46416166962879, 1847.2576932687132, 1086.444979088692, 256.5518733827106, 23.31249464839639, 106.75551048709895, 1301.2988646258293, 1442.9272903925075, 1156.4420520642323, 1238.798844525112, 16.609848181439155, 174.62644897105062, 772.4839636686921, 1270.2657226340564, 177.6266022929442, 1486.7339484065765, 544.0964799756216, 1504.9185277866504, 29.17622333637701, 629.4463782401626, 999.3734599880534, 118.66230824941444, 27.998905373776502, 146.86786550339892, 851.1066145790586], "test_sigma_between_0_03": [1494.7101399602686, 1401.1682290359183, 1506.612236351817, 1555.9479852636248, 1441.5578302418892, 561.7430740634613, 993.7732165683092, 69.84888904654362, 1682.1942122932876, 1566.073957722553, 1334.7838815325097, 511.6806014143809, 1212.7332397031598, 1548.5139967764062, 45.84693225376832, 1539.4021815964516, 1338.9708077432683, 873.1891238431671, 1444.7511311707221, 1555.7075213744677, 1428.0159147322647, 1505.8974430445342, 36.914779386298335, 1278.512189512189, 916.9357664772067, 929.2084047699875, 1408.9675275578631, 1006.6174977311628, 1465.192586644581, 1452.4056548173432, 1329.9232717006155, 1554.256198053958, 57.202668389683836, 1355.8786120694597, 1559.4915883670824, 1644.6432223789518, 1597.7185490278468, 39.926749341074895, 846.748831197756, 1378.6845077831408, 906.3249957239747, 1493.4354844139516, 1724.9243940667054, 1613.0732304171186, 1516.606977444124, 1727.7851793942687, 1901.4736451994106, 1553.2185590800343, 1746.7215569265356, 1712.4455123134528, 1412.4496906090471, 1750.626311811341, 1576.3531860471926, 1529.4620954747002, 1347.4341666591142, 1617.9425669164827, 1532.857102985302, 1364.0824869561143, 1493.8629656083883, 1420.0569195308167, 1553.727576489662, 1557.4971896261675, 1140.7080823392437, 1404.770721717718, 1006.6751188866378, 1371.369020554705, 1714.893428039469, 1645.1488067882563, 1678.2847728514287, 1658.7018958554831, 1218.7546290111547, 280.6763819807021, 1302.2481978780504, 1350.1254630342319, 1364.1324510781412, 1636.7238534380494, 1559.4743700449253, 1007.9995121232706, 52.43186816556845, 1493.3795952917608, 1348.8670532532694, 1295.4133731466336, 1627.6855897333842, 1626.6470063855816, 1414.1391866964912, 1169.1370402401694, 1271.4106040103313, 145.16181111314356, 1495.4080237161932, 1167.20909315427, 1454.6559004008184, 1504.3320615945431, 1545.482089326521, 48.885791534904286, 1464.3193286549836, 1354.6872979441696, 1540.4200894078158, 1667.2763982971942, 113.90969291036305, 1280.5923026975513], "test_sigma_between_0_07": [24.249363298577375, 73.19744140701222, -32.502170799279696, 1377.4308999269256, 145.21488441775585, 1171.327184761702, 82.31199017172914, -29.623116732157357, 175.72325154528957, 112.40925098274019, 884.3904233171849, 17.940120483451757, 8.754898693950965, 2.1570564349996726, 22.55067186739179, 71.10404948469515, 35.676042343529105, 490.16889372792366, 421.173612271514, 0.10304810945526688, 152.60587187810427, 107.11269464831128, 6.273313893744488, 8.427068275942293, 1149.3834539688175, 642.0548075248746, 998.8519014579483, 10.150174960482401, 24.198162908290396, 45.48440917058033, 170.67640588116777, 8.62894376674085, 11.534658083002434, 48.3617371108223, 856.7423970789902, 48.045869245439825, -19.360907648902504, 1353.1505328126937, 225.89263669520008, 1322.868230467373, 140.54277008303336, 1480.0706837865214, 1456.4884670580752, 49.98087574054224, 8.283235442392469, -1.1100570828522898, 1528.51133432344, 23.828403698420153, 1421.9603113674352, -26.72584739546873, 86.19221535337711, 678.4138773343007, 914.9607990783381, -4.561524051139713, -104.12628581574972, 24.85392745193822, -55.254606772906854, 10.855568733680412, 20.077994214159848, -16.757102271354235, 20.148205915611467, 19.923588001320603, 9.345012398542895, 1620.0211219995551, 46.705567916021415, -15.38912207169779, -2.7688614858911014, 896.9483145290271, 145.70380628727875, 3.5886800134627266, 1138.6087886774017, -3.8501768829170033, 43.06356609023642, 631.2791881620184, 24.520890343937207, 171.02383017221, 1679.0413246557823, 192.1075833166906, 32.21821577632508, 643.3393873431412, -12.012528245088472, -8.589450924102856, 75.63686071276753, 952.9025240985038, 16.2965455578509, 21.72591647153313, 1309.4933782946316, -16.857602911513823, 8.257558410505586, 20.448621594348516, 1213.0144234968493, 22.534363485984798, 77.82435756674532, 538.7373816256724, 25.07403028929984, 7.483865319041069, 55.15196902796888, 24.835363658667486, 92.28393197502008, 1409.8529749485374],