{"hopper_encoding_sigma_01_seed_0": {"results": {"test_sigma_between_0_05": [-30.440150161684226, -12.808744196293992, 942.7782413030282, 476.8723048831427, 16.062947190484554, 90.94539499215604, 191.95705843290344, 91.79602028403457, 37.68706819878426, 80.53814116221909, -9.745372328776282, 192.99347553587722, 82.99201401038883, 56.74591702730249, 16.425655507326884, 14.90584818368806, -66.42918844692032, 751.6419621965467, 107.7877082278399, 10.873404883331387, 502.8186614695877, 107.13540691118544, 2270.7746218058505, 110.56346197198869, 105.26655959466152, 131.31645643224476, -13.79226254771347, 96.80157656521918, 428.75852116345754, 771.4842297793812, 17.959057757137636, 112.39881668966557, 148.74665887445008, -152.11165143285336, 8.951270088712045, 125.37466512675162, 2028.158897313771, 206.37135453513622, 159.78556965682802, 72.57080525522616, 15.694042193199856, 123.1795564668835, 118.42779899340388, 19.559184567462943, 204.00149931178456, 761.0484262253404, 55.31517228844604, 179.1960486736745, 14.576960249226248, 107.39350007722096, 21.0749787405206, 48.33330458609271, 1989.0576012786853, 729.5712423267724, 201.77343406105356, 77.90089719402019, 19.66744391589164, -4.823478730823258, 15.625579978710448, 317.68641998514653, 2257.0043539599883, 221.10944124504746, 33.17158044412062, 85.18938311677047, 749.9295101688027, 115.70321939824063, -74.76120817156043, 1569.380590432133, 95.92703688064505, 175.66374797312457, 100.17842824421383, 50.99087543459755, 91.20620117238286, 276.84440831179234, 122.81944977199164, -38.66480782746512, 398.38435302303253, 84.42406315442496, 120.68147550936408, 116.2145558950171, 103.92773603980608, 447.81350097950354, 365.9624915907567, 117.33922085918748, 162.40664807766004, -4.36418735594197, 53.90740643515746, 109.71633890893138, 1103.1584664106015, 43.05907421121666, 219.0549369942135, 383.0100166966164, 18.4603947344367, 105.93475199194943, 49.56979612596043, 113.39660449102524, 17.574210667671288, 134.75925253477183, 312.4929956190215, -19.14345843191259], "test_sigma_between_0_03": [2385.8779398333645, 731.4242811902335, 249.59160053390372, 2637.8596609883975, 2144.7183473386685, 720.1540586057, 115.16178272729738, 406.45997703307813, 649.2262465430878, 2559.9393576222456, 20.04960625927488, 581.9132061081892, 699.5396784523921, 107.25848448019677, 218.9601636939523, 115.97744135829124, 98.97519077987819, 114.00215848548832, 334.1818632678128, 195.8548235603289, 352.66393388863355, 295.0125252309909, 200.0793496533632, 142.09758606434332, 2005.6586957236316, 270.05808757062476, 2341.314512192866, 94.01108898582605, 124.34231271553728, 97.0328838176778, 201.5307997616125, 1859.4835515990799, 90.27176239590919, 19.246782153472303, 2152.8155611551697, 163.42768700992008, 78.8976402636341, 111.74474699391284, 98.30114240524708, 1468.2528448745447, 567.2600724363964, 263.7902705155939, 513.9839947758285, 62.25347015147273, 1892.2244693864482, 1105.558718995983, 89.32271860465698, 91.89670793231927, 82.71928883904474, 2316.1322838310657, 1624.5435308829578, 112.70428086931499, 120.58021161112553, 140.44416229601194, 2114.9868147883744, 215.8486937574751, 413.80598316362756, 110.84270163273175, 101.90611699600412, 220.2415536580782, 77.61573628524202, 1886.7513735297298, 173.55511080386634, 599.0275088504394, 211.70211375962245, 117.07855916126283, 249.92425248020155, 1467.5009727193265, 2002.4148950505435, 184.24303003254465, 17.630606152219116, 139.41489352517675, 17.854858424728445, 2013.973617638516, 2043.204834169114, 558.1028508042614, 83.69613713336147, 113.45056773169925, 576.7028870782872, 98.20753773082542, 653.5291128560553, 248.2784149495754, 1971.2165465082635, 110.98460651875067, 2440.421191244914, 272.4772487266818, 151.89371142479362, 144.39056787339507, 160.75788071805442, 2617.624059189676, 17.522997587772263, 2195.669821298164, 247.59999507065658, 159.2304883843928, 148.35772764913855, 18.998678859618668, 226.35633794218, 102.27730202038948, 68.24609046618572, 396.4220894300334], "test_sigma_between_0_07": [0.4988972715364033, 19.8208486983538, -86.77121210015032, 122.11354817029931, -130.27733216171032, 38.10696037036397, 7.082368054569815, -161.83951161477452, 95.17939166101424, -29.45930158095871, 760.2456065673259, 122.8325214082826, -68.88879730657791, -14.302045314230776, 20.68708428294194, 90.00732993016864, -19.69072515556618, 696.4140326567664, 112.17553358264264, -97.13740241079213, 741.5323347671232, 128.9943397048948, 10.022663226365694, 33.588556705300284, 49.12262506194527, 763.6622429260398, 12.315151497416082, 4.835706352877605, 146.8025290703489, 140.9069846398604, 69.07463741665414, 9.309841075926672, 9.711359607582564, 157.98757366732315, 31.441069999494353, 57.638976495112004, -16.72294649973773, 95.2740974983797, 116.8214183207281, 17.472189368656835, 18.975376426290314, 73.06746512662504, 2363.6458090990122, 293.05172322475687, 9.890921355580211, 209.65589357890275, 73.79809607386416, 74.00198542583239, 903.7067693684521, -34.19938014049984, 29.56218233504041, 42.277328901883436, 104.2649696323031, -51.79741423585656, 1.2752484652883145, 353.985993146439, 87.39799100536474, 777.1995247842735, 18.19752266561991, -5.3786905284723625, 87.7556351153224, 102.97471387380646, 0.8012466723841505, 175.07032519085325, -70.91779374105099, 20.798958641533684, 12.605346172727877, 38.84294987988687, 70.98651089803462, 4.262779853066604, 60.250078432199366, -15.366269270409248, 553.441039325674, 587.4895692674539, -27.445212849271773, 38.56333236446517, 299.607812540613, 84.80344249483606, 51.748094568737734, 110.02143862077496, -9.718068678844434, -65.56950490073942, 282.23941582807583, 494.59855048212387, 33.090348572382936, 16.666172779641055, 108.67718066744271, -73.42359689594156, -6.561918658175272, 21.309663003215974, 2064.6364009614035, 18.436681533117376, -48.86144228860363, 372.1795591755565, 124.80513594615331, 8.177062730827311, 1.2577022343262807, 763.1312873821055, 115.93624941839225, 611.2353311176021], "test_sigma_between_0_01": [227.23419052114488, 2364.2289013769832, 1903.549242099575, 2220.2575097579374, 2518.379795467099, 2333.4271036033692, 2496.365416142559, 2212.3143846969306, 967.4155720598598, 171.380924449068, 2152.2481484697173, 2346.3120374726645, 2233.807079952068, 2202.129247583005, 2367.326309625652, 607.2569146998122, 463.18862152576713, 2459.546926866717, 2294.807100946127, 2206.9863592337388, 2596.9230226198683, 2002.1843469388284, 2453.29783743855, 2161.712428727272, 2320.157694150703, 2313.85717638861, 2302.0732282898775, 97.9691812030549, 2287.3821792312892, 2358.225396449877, 2422.5602105988364, 2058.428570590108, 2241.5414445760307, 265.5246840126667, 1677.6239988351194, 1732.6064766177687, 2053.489029542, 2454.6632906939567, 2231.2267605108395, 2253.892847060848, 2559.5527431431915, 650.8610050065241, 2340.516789062454, 313.79328361042565, 2375.1905844928306, 195.44333204883733, 2251.8859804658273, 2273.03766291409, 2286.312954840425, 2317.6477916112253, 2032.5964804348102, 2129.843109832746, 1960.8839019265974, 2506.4214713027004, 2092.224367449343, 2375.0386905460286, 2115.8158053883694, 2325.6486147444416, 2577.2417163962396, 2431.3321088261278, 1908.010217397102, 1508.8411693108824, 2131.8190232239667, 2108.8539986167507, 2243.600656542322, 2178.079248791199, 2441.259283286837, 599.4032039807005, 2392.4714394212765, 2555.3907396782142, 2592.813327802018, 2464.009268704227, 2443.5706900637, 2196.6787060522192, 2415.9339233085016, 2365.477742213282, 2167.6687384192837, 2302.4678763831685, 597.004685268154, 2301.1557879228767, 2446.134907113472, 1241.5376583835161, 1708.5982924692212, 2095.7143402921924, 2314.5266593065608, 1400.164083400116, 2334.3244165229607, 2338.95628601621, 2524.025722036926, 364.0887909268641, 2255.5175340278574, 2351.793360418204, 2209.7833787305426, 1051.5891200855863, 2366.8042279231568, 2326.174456977016, 2626.4209562379674, 2424.945754640327, 2312.5560119752963, 2600.711167324029]}}}