{"hopper_simple_sigma_05_seed_0": {"results": {"test_sigma_between_0_05": [915.7481011554676, 918.2271440257339, 1808.6350405409357, 45.14241633650106, 1599.8686684055835, 1342.215971577393, 1006.336921255715, 139.67475714476598, 911.2732479009989, 1009.5577105191661, 1600.9934341439987, 1434.1014336853204, 195.90953291036843, 1282.1043927083583, 1760.9598341093736, 909.6999685172171, 458.7582720860167, 922.8124647389765, 124.1521559565255, 1565.8835111382746, 1635.8311850399236, 156.10663993843053, 1251.38665135254, 175.8884783821109, 1556.526127513867, 1287.3247004199561, 265.2656685036178, 226.87803222205554, 918.8204719680155, 167.8758532996093, 1565.0794596476567, 174.4508860157686, 1005.7811361378489, 920.7854807570552, 91.42620363176975, 940.140696194907, 1005.6063126896591, 1430.713277677813, -4.432147442173979, 1012.2226744923403, 274.7788943926194, 72.31070486454118, 1529.7103360116798, 1551.4760846372278, 913.6376231134923, 919.5176211339601, 1030.8644568829432, 939.1416658458254, 1774.2179021430231, 934.6652686746829, 1113.7866357300989, 932.0141111304642, 1316.3996939162719, 935.2418329127642, 1017.4851607427394, 906.9169543378346, 1665.9083923349629, 285.43811349776735, 1810.9263367247413, 985.2477583696766, 933.0445151239551, 859.6221533636434, 908.0872042187542, 978.0971957428397, 935.4288832257181, 1271.4093939684194, 905.4199899690133, 1520.0360900675428, 225.6256478038077, 908.0836234594725, 1013.2412370116114, 938.6151551143683, 927.5741367225079, 1017.2719345419091, 263.48275805355274, 0.7427445763678433, 980.6412573727793, 1446.0431681662606, 1010.0466987549364, 146.67567576099393, 1367.639131225486, 1403.7489254130467, 1022.6997991481203, 751.7133312936096, 1523.6636052766237, 327.16769428327535, 1013.0447978837352, 928.8673382787699, 1656.6727558653613, 1264.3395406497768, 1290.3751972934115, 936.5011303889803, 1498.1847084693475, 138.87033115881786, 259.37696388398905, 183.26732036633328, 1472.6082395966441, 226.62404550680375, 1017.836097913038, 960.9941363754202], "test_sigma_between_0_03": [1402.4530102187744, 1090.7394041919547, 931.4828842226641, 1009.2564198481159, 1257.6106413779078, 1011.1113850872118, 140.01580475349473, 1145.2334162887435, 1037.3134141389232, 1139.7669017119867, 1436.1923196081977, 985.5581323872343, 1441.676177326352, 1013.4752510762942, 931.0739188765443, 940.9560920715398, 1297.9185642461596, 182.52489087130382, 937.5367120629718, 1132.6312596910689, 1010.7404099921143, 1196.861320578336, 928.9275944268232, 942.3756150707488, 1625.302097585566, 1018.1633423358285, 1015.9763848906168, 1274.013387724657, 1268.7999230840855, 1276.3501587818732, 931.0817503755086, 1540.9336362463087, 165.9094446576478, 1470.292398680073, 1180.9785485074096, 799.5623165480929, 1015.5634154730075, 931.1064906788965, 151.67916052372604, 1389.2214253800914, 1139.6433497255994, 1574.0378656653197, 930.2161990532281, 200.54894040219952, 1562.0422234362456, 996.9081704184086, 930.0257231757231, 1113.6988501824694, 936.0823270932309, 1171.900406216166, 930.8833423144088, 1481.075396001189, 1023.2383742688016, 1544.0268213672875, 1360.7972691209714, 1064.95270279992, 1007.7146773072039, 232.34776825462907, 1173.2107164453744, 1247.318587534875, 930.005425874174, 1275.5121324547865, 930.4449441803868, 1003.5062534000281, 1172.7722612701323, 932.0317837852738, 1156.8069838799865, 1300.488216683678, 1122.1711235898495, 1500.6733323372744, 1606.3188175798764, 1014.6083992492559, 1480.315026412412, 1021.63438190741, 197.67337417427183, 1008.2966843058693, 323.13073748152624, 172.2072622833642, 937.1595777034565, 1008.2915259672081, 1193.3026270266978, 1152.731847441109, 1011.212317886401, 188.26920590150976, 1417.3304267973342, 1724.8686888013822, 1450.209719242881, 978.9758183931048, 1211.1864917851422, 1438.637644179175, 1366.2023610315603, 1255.9538677772853, 935.7971091454875, 929.5401601458417, 909.4397377946491, 1512.5875712366987, 1299.405165831669, 1197.0127593075283, 930.3233430759037, 1017.0682475406356], "test_sigma_between_0_07": [74.07004376672265, 267.58429531919995, 905.2684884047401, 1295.8796418488962, -102.62893700698913, 1161.4706687626297, 44.43471330547618, -20.8880888996282, 179.31002286621376, 36.76633843863237, 940.936269763869, 223.24675241558566, -60.3389153429991, 53.94107828894775, 1009.026004330996, 1440.0864895960901, 906.4066653264133, -3.776149771640485, 1316.246282496522, 907.0769899395398, 877.5714800216741, 1008.1431512495269, -13.35479144648853, 982.5583461512202, 901.039676728542, 965.6872485204083, 162.2769226833115, 996.7356935312473, 299.31497536752875, 922.5000595821248, 287.05022482979837, 460.5872231515827, 6.949570185295305, 1015.3783318905312, 919.123785014724, -45.49450395682506, 68.93725003081047, 1440.4851373429283, 139.05664605436039, 1450.6614881056478, 1568.5328761048697, 475.3950086633344, 1388.7151271861912, 921.2802739549978, 890.8828099969002, 985.3464461198947, 980.8326084090717, 141.96931734298562, 1227.2070953362693, -35.51093723746164, 1010.6680693561711, 94.79682184775591, 160.46072090130622, 2.3417414802082934, -44.91487124448031, 925.2627976507292, -1.110436467948601, 968.1400716158875, 87.70537911425198, -89.00248552486156, 146.57276945425107, 141.37901734039193, 21.55562766895892, 1001.519779883841, -6.042731594543149, -41.77606346873799, -22.399500111064846, 934.498543587517, 221.28839917677251, -123.90065328570344, 402.8637208578933, 23.892184402847484, 1340.3962621386918, 927.4725741843804, 923.643019641236, 885.9391454828011, 935.3150411964745, 895.5194409440121, 923.8905929531454, 942.1496302072616, 4.608111025112165, -131.1303374703566, 935.3791391317243, 924.6722494851938, 881.3834541819559, 120.16365630523497, 1423.100612267765, -4.154539239192674, 524.0939890991306, 237.56530063789143, 1643.1810524566665, 58.92465157158294, 910.8512847351658, 1777.2191957396449, 74.74143025811645, 35.719037838875394, 82.3091827317098, 744.7785928455475, 1357.4848528209209, 1374.8887374895094], "test_sigma_between_0_01": [1131.2503208154142, 296.0321527403431, 1121.377108106782, 957.6462910904766, 1216.5496514341921, 1050.8862632442028, 1241.4288329826584, 298.39991614271565, 1012.766305139695, 1015.3467190364997, 1204.1435140549756, 1011.2495401982318, 308.6596236772458, 1192.60402808734, 1131.1870082449107, 1179.2330245828155, 1145.412647532023, 1041.3015233835113, 1172.0399132287248, 1165.6838727333288, 1149.0039399385835, 1143.6365901599875, 1010.3315029941928, 1148.9444167192464, 1082.3277301773912, 1141.486809189868, 1061.7688708005048, 410.9075058614383, 1192.9258121290964, 1184.3708638858584, 911.8228887739584, 1132.5087506087993, 1126.7254138946444, 910.2181450141273, 1099.7189800208494, 1134.3234053937247, 1144.3853196619184, 1015.3309217398396, 361.6274329070511, 299.02015799571126, 1011.8311851873242, 1158.547835596719, 1055.776962117155, 910.9550573057562, 1265.9822586110286, 275.48350542254485, 1247.233111257885, 1112.4072048588362, 896.8081954618829, 1147.1766221308533, 944.0662618346784, 1067.1662361450915, 1104.217473322601, 445.4923578647394, 1153.453604937708, 350.8996876444246, 1196.9143222073562, 1014.0817378791816, 1153.1410912649217, 1093.1150626902888, 1147.36279563204, 1139.089716720099, 1148.1986318454622, 1158.1694779493578, 1139.6883661859767, 654.7926555922975, 1010.1355701762292, 1104.6445722497606, 1123.8748892000972, 1100.6912629955405, 1077.1520965790805, 1190.8348764792015, 1142.7777699464648, 911.446604528108, 1106.6691042352807, 294.67834860009157, 1157.1031109245541, 1015.2033675959015, 946.0168072612618, 1108.929192234192, 386.0244021286234, 289.10605789544934, 1200.7876671627664, 1135.971779863975, 1104.4700865718314, 363.7214584446294, 1185.8257608904264, 1159.115014804018, 1016.8979787859713, 317.2142225805815, 1148.2227950291942, 909.3101137274567, 1162.1297505107511, 364.3999246301901, 1199.6682809693375, 1267.969972790193, 609.0085494858952, 1250.1153545120558, 376.0095946427652, 1086.7953735811093]}}}