{"hopper_encoding_sigma_01_seed_1": {"results": {"test_sigma_between_0_05": [3.715786151598153, 33.491931222091075, 73.88112414131464, -25.6352962837118, 29.51691897361161, -3.142841139234952, 1117.0149456025642, 58.64404210519568, -214.76333788826466, 1093.2364358243594, 26.521805620745, 37.550385896880485, 95.91172504352436, 816.3359985914248, 215.32032651506162, 124.02170853261192, 10.863019693191749, 29.272105571252176, 74.87382017673082, 36.17237555476895, 45.66225592120027, 104.97630824572553, 49.308282377886655, 134.87378616953202, 1150.2833932064473, 1350.8999441534218, 16.53154167829052, 89.34786126553372, 635.700415506935, 204.70648059662784, 81.8175588324069, 64.11482821760002, 1833.1751326842996, 7.0237402833110565, -2.276147392416899, 175.3162749423806, 110.46417591290954, 73.26944362725624, 80.44500435074296, 72.56314812906496, -13.323724448810388, -7.214648566693358, -9.530230694530475, 0.036720428998517685, 13.188670595314766, 0.6648408011358695, -11.02036511208862, 1866.2746881479043, 39.90257835241937, 57.45520113025705, 22.07217254311254, 79.90612782417011, 171.71957094263348, 141.11880396470212, 1417.0546553951326, 13.465718246169855, 69.60561319780102, -9.661844854305672, 562.2696238103089, 18.404176277155063, 86.36330317026004, -15.287491229617443, -14.3170745606767, 69.17461413799901, 1350.7584082314786, 299.7358945081579, -14.3128027386163, 143.47768641150327, 258.61506163342267, -19.308977847606, 1105.849854424926, 58.9177225437146, 48.58961319227818, 194.62754707575294, 37.949775373619914, 4.745871783420444, 579.046780705461, 30.33716770856408, 94.49844563155345, 727.2730180643371, 210.3455328055162, -23.277905687261956, 566.0667226608492, 17.106237454574146, 134.3016367577963, 0.24070462126692121, 29.197796047880548, 1378.1221637660626, 114.10899373258295, 14.808177109457027, 166.61589515248053, 29.166570988806768, 63.94585490582102, -3.2656494245005883, 12.859163785928104, 34.15843610614683, 63.11113582355029, 38.839176427773786, 1476.5535587545835, -588.0779778249695], "test_sigma_between_0_03": [684.7315204819542, 1708.7252279251427, 1609.3003997148678, 1599.314678796156, 72.92869475471237, 280.1463174107673, 52.84109505838859, 1661.4646433706862, 60.550246906543904, 1536.798619990696, 109.9171924477501, 124.2343377139638, 198.27409702239083, 1396.4173766703727, 17.02845949649345, 99.56226537016192, 134.29629719258085, 1431.3860832562723, 1694.5390940769128, 1959.4690823425508, 1743.0298340865647, 1722.8188081180128, 28.141059936977392, 1625.2249183562512, 240.96983184845007, 451.74397098824545, 1835.0275586890768, 87.84049593927628, 229.60695248762997, 462.928434730254, 1606.211097959181, 48.448183257269555, 1371.4272413457488, 141.6286302800378, 1833.7799990364472, 98.88141437900774, 1616.6576027022325, 11.487179706135066, 139.55402963067314, 59.51030087455728, 310.96745763125233, 230.16477400246518, 1356.3229253360175, 80.40498290515823, 52.37906221591838, 151.74883330974694, 469.9713166879711, 443.72105620490436, 1831.344941763232, 326.35488950699676, 1714.5040889782324, 39.09101552323991, 1900.4745550609634, -13.928098278791005, 272.1999922549336, 2200.1110762943135, 1741.645712952605, 1337.016829843859, 1757.7378436832162, 1372.6900083914027, 115.75091348792049, 1657.4338994878012, 931.1156950771999, 1044.9977211332314, 563.1093350179959, 17.6903829470175, 1738.3342326798902, 1608.9183569624777, 1613.0149632948335, 54.963895245033186, 49.80209143653627, 1164.0628629727728, 63.96896230571001, 1881.5524350756673, 1887.8422307514552, 1805.3055677626548, 803.795585240817, 17.795947840751616, 1837.49249756427, 76.02143448191639, 220.55367544428734, 443.8155781135606, 1691.2543227787535, 915.8949576471485, 829.0799374878175, 72.6876533269271, 125.41699037980288, 4.9052649770092085, 1481.8611534015722, 260.59886614246494, 628.6501141835847, 1666.6969845233366, 1891.8466026269334, 56.14557647573965, 43.382931146059114, 525.8671704186565, 1843.7470880075848, 122.81146198126808, 1161.8450245125282, 1606.9102020967655], "test_sigma_between_0_07": [31.494549084444586, 114.92434223816092, -12.066618608134739, 209.54378946967492, -13.720454419900486, 19.53649480505264, -27.87074445938779, 4.950366933811167, 66.4648350834759, 40.01847715683835, 33.10651638186973, 114.64607219874017, 9.569575997511857, 22.769043457612867, 315.19015508574375, 35.76725153235312, 29.732771780363684, 38.077791642981175, 557.3955662194139, -15.054275088105351, -21.318788515074992, 19.486674102289545, 7.222189990332118, -31.820819654552913, -20.46660095316183, -71.59074149889351, 87.6112487645383, 13.545508344807603, 179.16188478171685, 41.73569110597164, 109.15399981884981, -24.665579883074674, 9.99726544887526, -25.86107025473611, -387.2601445426291, -9.31999362546485, 4.1004974559997205, 335.38056457537334, 47.964912006339, 345.5519515462728, 20.5759686386853, -50.70436648877657, 736.9149253985441, 41.50413509682548, 27.606103103792698, -8.468243273779805, 685.8829867816125, 126.36847315929622, 52.48602345154357, -17.86488456643128, 37.64045205919828, 127.33104397410942, 110.96981170682413, 6.560246531022131, 18.257783082542304, 1232.6530963302105, 29.282250181739798, 91.7123948540553, 33.098514083720524, 7.416008144225634, 60.253412685176585, 114.20459915126412, 11.991941795803722, 25.87370374564052, 6.2002402135214645, -7.261552232094983, -5.951330137035983, 242.9342149400297, 54.316625726767214, -0.05451074450102211, 33.859075262058475, -2.5671545915451124, 10.292392331536389, 76.88739511588781, 341.760035045768, 14.382310208425048, 764.2057172146249, 63.58340013475538, -8.208686659355589, 180.39489166978882, -8.931797029623704, 18.4694009110608, 504.04533841668325, 354.5151568430915, 132.21326504027385, 71.59925681876484, 11.719731707833123, -12.039382269475025, 9.653246089312598, 405.9525059360924, 118.34010194530566, 33.05700555487565, 1.3294447112974013, 255.9226399225286, 41.35613020607707, 3.9875234683830065, 0.24345022875058975, 298.9787836561418, 103.47445120076443, 56.01262737400248],