{"hopper_encoding_sigma_01_seed_3": {"results": {"test_sigma_between_0_05": [31.482207751620436, 50.66177663283305, 324.4105243474872, 200.93648962651497, 44.29442059966239, 26.610041655685926, 1685.8104650740372, 877.8250735598978, 46.659409613681774, 1026.9518401253215, -5.436711838492195, 1442.7128902557952, 297.1642347117873, 127.05249898211764, 1238.7145363168174, -0.6156133082826263, 65.72418078598272, 625.3940630424548, 107.25593160279244, 858.7388647653459, 642.5051385756213, 145.8441467652956, 1733.4637446217725, 233.0882327267943, 1479.197025381013, 106.80977225334208, -38.014256667833266, 269.94811695981036, -4.044409008897485, 1130.3161888325926, 875.121888618559, 779.5782313894158, 538.045584917207, 43.83047939039387, 38.50919170467822, 35.49334797072079, 1926.9421932679381, 1445.8190740872951, 1106.617866616844, 102.91041466591851, 128.17837538827874, 805.1169299220385, 109.54478376370683, 146.93342214074946, 53.08697925369051, 15.14727630918642, -11.990208817491649, 1504.7737860370114, 351.48314455792433, 298.00948918521595, 19.94120318633067, 716.7174908066032, 440.2791359194362, 181.2757850489739, 1309.2691156922065, 183.60292887601832, 183.74754860951361, 292.00884424549014, 797.0894472319759, 133.67971029011238, 1756.6814064593602, 20.32654799767189, 18.580940447012832, 71.32674379210658, 966.5163001296677, 169.40643215280434, 19.820939466437288, 1610.6405952995008, 713.2878405180519, -48.356969478831154, 1782.8313863097678, 309.5876860071497, 1187.132185156552, 1703.8204692135394, 120.75576393544324, 18.68537462006934, 72.34851974626945, 168.08663150615325, 291.893074582603, 800.9079724608829, 790.1045797488383, 304.36825286439705, 874.2717832921886, 814.4077105600836, 111.14005973506141, -39.81323286838452, 2185.736419419475, 708.1153896706525, 273.05876590083636, 221.9061752561087, 1417.6462929350625, 28.64143380869646, 141.00660599422554, 112.67314069834538, 203.17661830872535, 801.8544824248327, 871.5358633451184, 156.82088987870515, 1805.668145354866, 275.67611426707884], "test_sigma_between_0_03": [129.55332259959692, 1750.2312882501672, 2113.9668393627276, 835.1515468913378, 1319.3853227171496, 1506.8030802469739, 793.4618617626674, 733.7167107253355, 1921.4750529097023, 107.23478408412777, 46.56328859767819, 307.65161027492996, 351.588855873479, 939.4862558526726, 1410.054599341432, 1104.6577700170658, 789.0319180679602, 1020.7229895941246, 313.4029401046313, 517.9375013281328, 1654.3642550963648, 1865.459962548597, 1127.702570392735, 1759.4794866382579, 211.60272732751326, 463.7889478226395, 1525.4177960207737, 814.3112798513844, 422.51666545466, 1654.4284644035563, 1341.1285751362332, 1849.1890169503267, 756.4165279644545, 68.53598584857247, 1864.905492078901, 1457.4224739855902, 149.70573748526954, 175.6494437780508, 861.9598810066501, 534.0552344856886, 1459.2632351514014, 772.9248757060798, 1216.1192262450086, 82.28818372305686, 186.30233617564662, 237.7602267318741, 823.4029921760816, 803.0435251961268, 502.8830232139508, 287.3206198823726, 1593.567750119352, 283.3411199865587, 839.0783833118511, 214.82997681952546, 278.4263974319868, 2202.584148452947, 1716.2627769708124, 988.9883662714301, 1904.2123742070664, 2105.3512205600864, 1796.2120515915803, 394.66659731300325, 1226.4525484223843, 228.03030654488094, 1284.6521351362062, 657.1639315274618, 1877.9045436238357, 1111.7198824159166, 1866.995154076552, 148.54470666495314, 374.1743113030185, 1489.826013860935, 258.35019270220516, 109.35354335001904, 197.09936873734827, 970.8150526562733, 1918.356068182448, 296.6499528173821, 1785.986107037862, 308.4621111237852, 1217.0523135998517, 1613.0532545097972, 1952.8356025045562, 816.1595928490367, 1889.691539581311, 207.24495245286076, 289.7246719836943, 322.0531042389252, 192.12661762047784, 156.0220615457932, 2052.256035593608, 1796.9750527893623, 1959.0914238416892, 1480.653181880684, 708.9898672457631, 107.4286573428573, 1741.6426287308313, 731.0620373816771, 807.7900573423002, 1802.340417426071], "test_sigma_between_0_07": [33.02032131919405, 857.8985533550813, -68.22643161891173, 106.27486103952684, 64.07831414876418, 103.86006920046786, 67.97660699590053, 9.07351105433481, 30.97376461452075, 51.36247328328174, 754.3914834905129, 103.14286929836095, -70.70086094668368, 16.230303954615373, 265.9118478993477, 88.38508273334594, -29.920764982496628, -2.8520959650122677, 124.24868528013764, -8.90375469806604, -16.676000304272748, 13.696246177809384, 24.166647780560005, 764.3575607988381, 159.03026868399752, 700.9452179960135, 763.1661712856359, -9.177363881363998, 721.6159370210423, 52.533297357938146, 5.99246897049161, 1358.4949982949415, -1.8965355705659017, 46.02576705732353, -52.42743120652449, 9.378582773938252, 30.348147023437196, 1680.6869232129086, 41.20668402401933, 108.21035828140592, 18.46953077746004, 875.991651547944, 308.7270856859485, 161.83081213665716, 19.993141151376765, -16.343265915355005, 779.4102338465674, 800.0026933527912, 1795.0409908374672, 54.42969392243255, 198.4865814168443, 177.68754723035968, 1318.3212648528288, -53.14118775862152, -1.3854812864185067, 870.9658502984918, -57.664920511476524, 293.245941204725, 28.509845466006663, -57.78854711545573, 21.470958442376308, 830.4902006450874, 32.14062742864772, 483.6672556878536, -73.40422084372695, -51.44286673637689, -5.400510375504382, 15.695050535343775, 37.980597302953534, -10.162816872472465, 94.41264040592793, -0.64657826877956, 98.78233606197173, 10.090774535835951, 724.9928771599211, -53.092337074442185, 820.9691108644945, 734.9104362430223, 117.90214349758311, 475.58900756128304, -44.04976358917336, -71.62005851899886, 833.8879365399789, 868.3056795299672, -43.51641367584235, 803.5649950713297, 308.030247134862, -75.6747083753682, 13.318712039652745, 78.30558246195143, 1475.0366025318285, 14.600286558269, 90.16173461875151, 130.13369599076685, 27.610685986359027, -37.58140407331558, 10.30596511599724, 711.6587875632828, 123.2497691500088, 159.8903740380803], "test_sigma_between_0_01": [2091.6538909202222, 2096.1341431060287, 1882.8211400139758, 1990.042474480742, 1941.578204101342, 1839.3136492102992, 2035.3874388981656, 1952.9219353337764, 1864.0057231342648, 608.852417191076, 95.48353642459844, 1824.0680757004775, 2103.948404842414, 1998.6297768936938, 1926.0456025844378, 2047.569208814861, 2052.941731901132, 1994.445347520026, 1938.3474028322091, 1952.5768919903776, 2165.908315901251, 848.0938622325003, 2048.965908901521, 1933.0485368610296, 1746.2380374543018, 2235.1593702512214, 2127.528750857576, 1961.5930898210943, 1941.716989163346, 1946.6588395137503, 2069.9416769035624, 1809.4548161171338, 1896.092767566089, 1774.4496908723538, 2058.838372077344, 1775.360287348377, 1928.3694354451454, 1955.2153157414177, 1767.8424760233333, 1016.2212333809689, 1941.7706257113741, 1770.0955243595245, 1926.0669133221347, 1809.8222391443942, 1998.0468669251093, 1989.8873375039423, 2065.8029783553525, 2065.4589854482724, 2042.428658018429, 1229.3838325329443, 2061.9232276502335, 1969.4163264307422, 1874.4207697350237, 2095.1996010817566, 1744.8173961134007, 2071.597440838585, 2058.9987939883604, 2007.9462292927724, 2083.956097095819, 1706.0116757315645, 2040.3027893055155, 2169.08421951273, 1913.9993990991572, 1890.5036321115413, 2013.142790480714, 1846.5594733968821, 2002.702395358611, 2011.523886027271, 131.5749529343229, 2159.267837426486, 2059.510067220683, 1910.41543313453, 2094.1249716021475, 2049.665063105222, 1903.106587499186, 2090.6476399491307, 1969.1850457639753, 1891.6075801119575, 2004.8308656740314, 2008.8031697731244, 1989.223557739472, 562.6050869318105, 1990.7875210529658, 1962.985409636977, 636.0547640081074, 1715.662672727634, 1964.2588211023938, 118.7952501226129, 2012.2971944458186, 2144.6764901095817, 1978.3038328826233, 1902.6753550668632, 1915.0760967786493, 2071.019875124703, 2035.9483413016555, 1954.4239904826024, 1696.132309306188, 1967.4956787703375, 2101.5329403507376, 1790.8303533764333]}}}