{"hopper_adapted_sigma_01_seed_3": {"results": {"test_sigma_between_0_05": [7.596363779825337, 37.85409792868306, 102.49049188287756, 661.4352194749046, 72.50231327439685, 113.2302439831037, 1933.8332746644412, 110.24087600766214, -100.47683799407534, 939.4139219303676, 53.350502086483175, 130.20688222545138, 1140.7103948718286, 424.891500694655, 87.2665379697966, 351.7893786202022, 61.61226439537569, 516.5025512818991, 100.89816293782641, 92.86771203097157, 595.5287926378995, 66.10001960416994, 281.5024146081792, 103.10406166085595, 2014.3549043082464, 207.08704792329968, -23.819409984373486, 188.38731076746777, 210.68106655844028, 835.4639341920698, 236.0243343405718, 112.43751444258088, 787.0030305915784, 71.29355949024608, 22.713105588653704, 192.0507651127277, 497.54218269576097, 221.94718201417143, 1457.06803237093, 108.40343911614625, 94.52236974412662, 78.70622909889207, 103.92778830941826, 79.90637773222551, 28.79515749502754, 153.02359870171804, 89.44799991389739, 289.3198910286766, 102.0193693575842, 229.12518589701932, 381.4375064774183, 138.16597314364913, 217.2888077653173, 642.1105187821908, 1556.2351780388885, 144.29235591875042, 92.28811860903517, -13.329061693108814, 131.52012703364306, 596.4499179878194, 226.79215739833742, -24.131131879398893, -59.2126899483861, 133.09167562652877, 1217.148001752083, 196.92685409679976, -32.70892740161216, 106.68285013506247, 199.980021724054, -16.523980111849948, 1827.7520137601132, 575.2324581936019, 187.01448530688936, 258.5941535142614, 94.83009381551382, -44.81383782863557, 857.0060166007089, 23.076587103062778, -19.04147579083657, 124.05381397331074, 112.27297749144203, 81.60411881040197, 1648.5088945928885, 182.2105653592604, 97.89635358783272, 38.33239458386523, 206.34508409367263, 643.372040183556, 89.74999896006483, 44.60101296887879, 103.13420502573133, 690.0581711462405, 27.864116899583316, 105.34924470517865, -3.260510603961304, 118.02119343668892, 88.41493819541066, 101.62915793571885, 1758.6295660857088, 118.47075715929826], "test_sigma_between_0_03": [2023.6847893041331, 1490.8732851148648, 348.1129947641427, 185.70496564664433, 1969.6244368846005, 372.6343996991183, 124.45491856461885, 1313.967353319819, 1921.0325846852566, 2005.4486585563752, 98.6036854893668, 91.17140697303115, 124.42410469273601, 1973.9106122032147, 1780.0086581350395, 467.317206498064, 1724.7830748985325, 1029.7774998609023, 641.9546565329628, 1135.2279724980751, 1279.4795511713687, 1984.303184980244, 681.7632529664845, 1803.544052941836, 126.75323514046906, 402.33404799875103, 167.90905176113012, 127.21467995142592, 1557.9524163773724, 2025.9614116077216, 1633.7569015915633, 589.6764645038619, 1641.7880883028513, 85.17467112671292, 2170.604627718516, 259.0084099227401, 636.9172482609223, 527.2896005407893, 204.77648475647, 238.3438364992835, 281.83435790484367, 336.30982353889857, 1386.2628206032743, 637.0001018890678, 448.3625387117208, 631.4358586191181, 856.2333896856783, 328.4095448781052, 853.0780136680169, 361.72004503681825, 1937.9395594204516, 152.94580364634453, 1783.4626197868868, 301.74462242685564, 574.2744324683418, 2172.0781186568997, 1352.72984753281, 1315.0081459820162, 1345.93549300886, 1918.1918137622113, 637.6037735154944, 1953.3367092466376, 786.8420410440232, 1327.3060015558337, 319.3401425158183, 538.144217819284, 1860.4571920626165, 390.75022797206634, 2017.3453287464506, 117.63326266403458, 95.93886278535791, 680.748304676254, 100.2518478850645, 1344.1583555711914, 84.53419619278577, 1604.268514943118, 2086.4392620220406, 351.01378574904066, 1854.889424120485, 657.2761118435337, 1630.5666120076407, 1280.9997020899423, 2047.2068800334314, 552.343951190842, 276.06970624956875, 99.81946225125428, 99.69973125205432, 314.3283514691896, 755.8921155970486, 93.84134257937112, 96.74844552106806, 1853.0864849209945, 540.2646021415421, 1753.3887698997703, 308.1080071719276, 88.11600414795394, 1998.5648862989287, 516.7759859229525, 858.2232999659811, 1538.223193677321], "test_sigma_between_0_07": [77.96546127563343, 87.81036000474126, -118.48264909238934, 114.66015224021977, 46.47878924955147, 1040.7726369264724, -0.024096608888066307, 20.479694770269266, 231.59174684477466, 73.60870818416153, 215.19992329065698, 645.2939398750242, -86.1614464544371, 60.08384768722462, 109.75341776985155, 65.09580198160401, 85.64772538813125, 49.402590745231976, 59.03512239176342, -82.39198115838808, -10.812895464236497, 44.43214822164882, 6.806072288837458, -49.01867130600149, 77.36548500450735, -118.42517459521491, 109.63302580825399, 70.01940080393977, 36.92312123033626, 1406.0027479020434, 83.16326463376902, -39.389939846900226, -23.823438197199724, 55.366774017317226, 34.15842113444525, -59.66738264247251, 0.5889656617364378, 2054.8471946881623, 127.33593805125564, 262.74597487981373, 92.52609358396585, 114.61966860706306, 748.5159447137132, 216.65881478448432, -3.5070387071158646, 30.77268015873706, 702.3863710651628, 304.41775501532817, 158.32903326516964, -103.8832640741108, 119.88532019367723, 184.61860647692373, 1822.9063703971217, -68.74468748254148, -61.425828375303524, 318.76190614724925, -153.94607039195108, 460.8326445751388, 81.88570709580233, -23.8820469444312, 66.47657051848363, 282.1341239579416, 1.8867136677930851, 315.79146854640874, 1.5144437864088107, 21.932533166959185, -16.564582883720867, 454.7111426247462, 42.22419833057357, -11.435692531010133, 91.77610412767824, -34.357801743486185, 139.90282806284083, -15.306808803961024, 717.5120865814464, -28.835867258810318, 1919.3897166363645, 64.15495978500256, 73.73618695659827, 711.1125282387752, -87.7088446318652, -195.82339888253628, 107.43727226297199, 683.6969520496785, 78.21469498275546, 132.49679170797606, 142.51911472508075, -39.954823819639564, 92.73935200910776, 112.51032425133161, 1303.1012433638405, 103.08659963632672, 15.519922747863173, 114.2685481176173, 80.61767977990529, -8.687564216878672, 249.02425802302008, 734.0268638383864, 101.9534681432269, 182.40580285564795],