{"hopper_encoding_sigma_05_seed_0": {"results": {"test_sigma_between_0_05": [888.5766693929064, -19.4781569044455, 90.93721879953226, 813.3163558405696, 1006.7941356365592, 954.7041496139367, 1623.5007544401842, 913.5550102021991, 808.2112352298745, 1591.4559668490967, 148.5107472121338, 1493.6322936890024, 975.5160521625788, 1559.548114351456, 1439.7639056783516, 902.6582822008758, 1143.6075313876252, 871.5573325977296, 996.9947788150429, 149.0158762257401, 1542.990162932783, 950.6180915662942, 1208.6719418072903, 949.0774023872032, 1532.011366441171, 1049.8502394985867, 110.8684502837757, 224.04586958117426, 948.9642354791484, 917.7372476720383, 1397.7942047540016, 1000.1942395370437, 938.2487034213145, 921.0269848450707, 892.0012307816329, 863.0683019300525, 1440.1737751262124, 1276.4306249919352, 916.7338744519897, 1196.3081340989995, 1305.9088385795606, 895.791123542382, 313.98334068292587, 296.967506070374, 906.6594217417298, 796.0181377093751, 48.82193823714623, 1351.6122379667358, 31.745764916166085, 1286.9982038847215, 1219.4963514504775, 909.001807930677, 1299.3696183474735, 795.1332155669292, 1043.989629426104, 896.525543431846, 1045.7790757135983, 1107.1472426009964, 1321.3238906285412, 916.6139185622247, 913.5102925052836, 382.9468109555762, 799.16286693307, 918.4827487705081, 1136.9227341775886, 1221.541532175504, 854.9453151365833, 1438.4935992462156, 915.9179454943496, 881.8365645390785, 1052.8206798251542, 913.1390948119655, 912.8607830608576, 1082.9839837645193, 682.2651415794721, 906.4023971823319, 1009.5300027891952, 914.8004600758958, 871.0437468361398, 911.350428128097, 912.3112639519418, 1123.6651875986656, 1245.3649300886564, 686.827056895124, 1106.9103210498758, 914.1614633520545, 905.8029684535402, 911.9765104652004, 1252.734449543229, 833.3130125144227, 1225.51099049524, 888.9180484225018, 1141.9875384812897, 1002.470536155382, 1098.8260814469027, 919.2736553462012, 955.4675094979084, 996.0736189327573, 1187.9919561433858, 909.6496128067222], "test_sigma_between_0_03": [1476.3002348104976, 1034.079784232329, 1328.2057452688468, 1108.438249518985, 1470.9427181177693, 922.1562292927603, 920.7491146507851, 1018.3127135807367, 1354.683627726068, 1338.5504932019192, 1287.5849935052172, 905.1781285919956, 1326.0552491432966, 1271.9980892128735, 905.3038205599853, 1407.5678365231322, 1221.2066313025261, 892.4347716955393, 1328.0698866952268, 1253.8652177441988, 1179.781825766643, 1070.3973112724411, 1299.2518295167313, 1047.3060241547378, 1302.7707275524008, 1011.9806346121944, 1341.8854636980686, 1032.662644300898, 1344.1887232167394, 1415.0235460182691, 926.6317630043837, 1488.3094711446404, 909.9183352973101, 1206.779912554357, 1433.6229480499967, 1163.841927678042, 1449.7555221322443, 1079.79280081269, 908.8543147237034, 1435.8876183403554, 1082.765792674719, 1429.27641988895, 903.469845501288, 1108.9050614042085, 1488.591758830134, 905.7967954483881, 912.2699897865851, 1303.281550771423, 821.85437677525, 1453.5438222311209, 1223.793352991481, 1423.1185313846531, 1386.7171078040828, 1442.4354301994708, 1222.2635027509427, 1074.2945653188247, 1260.7857466579637, 987.9040369245415, 1348.6896652270523, 1181.3215522029984, 1171.2556272589313, 1407.3738928687221, 916.532360675833, 915.9955295215223, 1050.3325493666703, 1143.9688551727124, 1255.3390458595227, 1458.0677807648997, 1399.9082529693608, 1440.1997640542822, 1190.2310642630873, 894.2220052318576, 1309.3435437169212, 1365.9850404548647, 1261.4202967840138, 1241.4545919739874, 1153.479325330467, 908.0227456963249, 974.8555643185193, 1171.6852769538887, 1206.313417770839, 1018.8570644195257, 1192.865010022553, 915.5091712159721, 1434.6391953192276, 1356.931284883689, 1083.7960758486176, 1040.6707218294837, 1251.1573858528873, 1381.6367353943492, 1309.3636197869655, 1393.503916892092, 1227.4016844709452, 922.2976876674794, 1275.8630047313839, 28.11901012826711, 1385.0345315544175, 1368.9091464631447, 907.4057406571437, 1127.8408765307327], "test_sigma_between_0_07": [70.33399327858206, 906.2360269806003, 9.047297357903153, 1168.3051013863405, 73.65726501406024, 1364.182889252506, 21.871381813278276, 213.56709775068603, 920.6549605429309, 71.88166150484832, 886.9150202155932, 304.5437215866711, -47.9624645267686, 216.83915931666422, 1263.45538475185, 1226.0702457149057, 32.065656706401214, 783.2746078649532, 1126.7195391421149, 712.8565719660992, 782.7401874203031, 218.4077407096293, -33.580707798634826, 27.789327337336726, 34.483816896493956, -12.54214719812444, 285.63374745665647, 915.6080301505428, 107.5372251927081, 152.8870707579743, 794.8979080764459, 200.91950415773908, 61.601290995413734, 902.0454094973696, 29.416862318602213, -30.207390274509088, 33.511473030876374, 1465.7326883819578, 915.522232566055, 1207.7707185927543, 899.6351777305462, 543.7573699793666, 1385.9520198583207, 959.679109835836, 190.56608999765152, 811.7846729796014, 1048.4198170867949, 906.0674050254592, 1531.3882308136804, 42.01125178608781, 895.4358016888457, 942.1158701536822, 171.0046549930747, 18.3433494856974, 32.93689070303225, 1119.3607281924146, 31.74601224156358, -3.198742587128071, 46.3175352882361, -5.300802916375682, 94.68574822236987, 869.3518713230569, 791.668040852892, 965.1022992856282, 36.33071719139844, 26.614634558455144, 64.79110158542461, 901.8179923966985, 153.96673424488108, -84.81795436870597, 1239.898517922903, 69.17927894915778, 1120.1713253333155, 872.2406264002418, 892.8783800178151, 895.9742999419572, 1521.07459119677, 892.8651912724113, 976.6119678133482, 898.5806416888039, 900.2921979308828, -4.95035771222174, 905.4345123759534, 759.3298678103213, 867.54094806156, 7.150333300438067, 925.4922678075145, 901.6010293460713, 1169.003455021776, 910.786490349574, 1425.256008489699, 24.375051781328512, 752.2651000013958, 1509.2133015751022, 54.483428742679834, 122.97430366086053, 1154.198262701567, 822.513132762485, 1112.6746278181254, 1419.9024650162135], "test_sigma_between_0_01": [1199.5731473769379, 1347.1559642974576, 1316.7615954775674, 1225.436088703275, 1324.6865332861, 1287.0283821783412, 1355.1945519541655, 1219.4036835252516, 1313.7110746811763, 1322.5608161875234, 1346.5552968371221, 1380.899799013243, 1277.6963971672244, 1235.9944039972015, 1360.0054539182825, 1269.1911895780731, 1238.8169381915463, 1380.5198704634513, 1331.2371794322837, 1189.55891496584, 1423.3959363449292, 1247.0112114981691, 1323.821076618792, 1266.481011149746, 1337.0701532150144, 1309.4627313282822, 1241.051488096214, 1296.03562792882, 1256.520408969509, 1336.407070110532, 1376.0570285381307, 1258.6616852124205, 1390.094734894861, 1247.1215512649278, 1418.9683382878925, 1311.82096485222, 1210.4357635294716, 1336.6433031116844, 1247.1032655746794, 1251.6926413369051, 1345.686479752095, 1320.7290320662007, 1337.0926858626995, 1305.8578865104314, 1329.714771043002, 1186.2909780153097, 1357.2445728835498, 1247.9696460465448, 1325.3965300757666, 1338.783391921989, 1429.310233539665, 1233.5285251332862, 1335.022528693764, 1300.5734765182538, 1228.1935135057688, 1257.4770370064446, 1223.5768301817952, 1316.7804762527644, 1331.7475244838483, 1299.045840716501, 1261.697208128032, 1319.8544310237376, 1298.3037497998941, 1167.1392962788175, 1328.507349917073, 1195.6365528899532, 1336.7670656867574, 1202.3396467841458, 1370.0680173157455, 1362.3399624113658, 1428.2548585195848, 1349.831075453216, 1403.2704208654402, 1347.5101376725536, 1324.4274461505731, 1306.2062515612267, 1246.592671564947, 1334.3692352920673, 1252.9561778559762, 1411.8472063184502, 1398.7151574167713, 1264.6612846384517, 1164.924575775543, 1244.7665237083077, 1328.290966631817, 1270.7361383790803, 1375.8429308393204, 1360.3859538181116, 1357.0936499829807, 1375.7764647341637, 1261.9567806360956, 1272.6901631189137, 1224.9988006396559, 1345.7539773250048, 1348.3744937514016, 1311.5607653211819, 1434.3183035506008, 1324.4247604230395, 1254.3449832035255, 1379.2558973289529]}}}