{"hopper_attention_sigma_01_seed_4": {"results": {"test_sigma_between_0_05": [-11.095166346443909, -60.23689444769406, 72.71066543576309, 658.5059452749467, 89.1841818430883, 258.1454629612476, 624.3707007906819, 108.71414088150198, -294.990079692817, 1923.3665632701072, 22.811565718163916, 70.13201839530812, 174.99624357706918, 90.54408356834902, 65.62674977655115, -888.196789245481, 41.24054554568284, 546.8009658517877, 65.16356980513373, 44.239371011381444, 48.85047811341648, 141.62505237128505, 1843.4574433145633, 63.318255089460585, 60.78193214257045, 112.66425124218807, 38.2134682355274, 126.39815066065347, -0.17527202187920998, 105.72587496658379, 55.81513636157616, 84.54238774404074, 910.517258950051, -10.513080218900006, 59.924052060623936, -255.38598285946335, 625.8651809589427, 90.162401421016, 803.6957139224526, 169.2957000147813, 78.5886778396889, 12.72293825935194, 25.54861588275528, 78.14146673636277, -15.845289620240514, -312.08291504789537, 77.60407662921062, 1374.9367074366844, 54.101235270462354, 359.99483351999936, 122.48460443378285, 620.1250657267519, 100.60571536413339, 664.668833558528, 1325.0910446245507, 33.97634227560046, 60.316302520855984, 54.02446940544615, 27.679708405256683, -21.97665792354819, 1691.4969224618783, -21.601749998850575, 4.184933753687075, 268.3298699091335, 1084.5935929524603, 1910.2148927669746, 5.921573174340301, 83.64132982919111, 106.32586833441309, -70.59629818225223, 1523.1812636817494, 468.35868971520244, 705.7672936014345, 1566.582032103972, 42.60284630418901, -41.186023736691276, -291.5987079758343, 59.0844541441038, 790.0557478298861, 131.64261650418044, 81.25701101048763, 60.47369583101682, 99.12657820590682, 241.06047923411393, 74.51797689647499, -11.310171791767063, 1342.3314860640814, 694.9063126690966, 95.36904237478304, 1458.2082736601753, 1703.1645723689337, 689.4759675261382, 63.89272353054256, 92.32981970039982, 39.64177880483476, 65.73013896417396, 97.59751695936573, 71.23588462895859, 1803.1794534865373, -453.2917695053761], "test_sigma_between_0_03": [345.15827237812323, 1612.754149724108, 1667.810682503579, 2027.26584841256, 1918.4034121510667, 300.6820690750205, 141.10186041838026, 259.6158654517829, 2130.84960844426, 2187.26769788175, 63.298771406376915, 27.22303240072792, 94.3898882526017, 2070.738977532313, 394.4275555028932, 1913.1718254122154, 163.51579806213994, 307.2021177437156, 2141.324605260248, 1616.4131500915846, 1792.318550100363, 1827.2997315064165, 808.139082525436, 567.4876529931496, 73.90820228163938, 1602.960571142566, 1702.3623696192844, 91.03484674101495, 105.53104537058243, 92.1875864821064, 811.4062124049954, 61.58997181473531, 1253.0992328573795, 99.88786678093891, 2098.3045055612874, 1954.6752957874314, 89.64970026670197, 1086.2854517594012, 487.9181081048844, 107.43786471566271, 300.1653325970839, 1294.7521346280125, 726.444473452384, 121.8439427055884, 84.68295029748842, 373.9354216256649, 1728.7238438005493, 299.1216829328912, 388.1182856823695, 2265.96692316142, 1722.6160698956573, 106.13030467898062, 562.1555886576112, 85.29925232077078, 112.61921684011762, 1559.8454930378355, 2183.930146295344, 175.49617974280116, 87.11048511348055, 108.60091899926336, 1626.9020824398071, 1834.4470545935437, 787.4877770166358, 363.4439843834743, 192.65168702156225, 791.9106498662214, 2050.424830522335, 209.83529295299078, 1804.498233573597, 509.0885397840251, 54.08417406506196, 804.8122191470823, 79.3437347498315, 2276.691744583098, 95.48100745538979, 1941.0095888149785, 172.3330386055285, 274.2274561842335, 597.6866190849378, 1635.9336767289337, 174.23792915129752, 1468.7120187797022, 1744.4578255014674, 697.1006233595874, 102.62907707014239, 94.55472336578242, 100.38370981622283, 117.07004430951929, 117.97648231931382, -11.171845440655309, 91.76598318809847, 1923.3097261462735, 1453.1212320463637, 920.3580563321177, 212.13730454920147, 61.456293562355846, 1799.6186555576608, 63.050730476409065, 556.2913211258301, 1616.6103060142127], "test_sigma_between_0_07": [18.900023340928602, 87.85097879942624, -88.06196807163651, 279.3670548820506, 5.555914918774212, 249.88179781031067, 61.34955310583318, 56.25085696926252, 125.64256992180886, 79.30583024655061, 614.8664763621546, 905.3467431430256, 6.73909706089471, 98.1206634279792, 1598.8238464306078, 2.406586739591147, 86.36965665648603, 278.95954996026677, 90.74568216501358, 6.748981251560327, -124.24074258769834, 81.84528243900134, 16.32491507089435, -189.71320199527108, 344.6460133525729, 286.0220064388458, 9.054619783368242, 27.593100983176555, 906.6406340382142, 508.3965647529909, 78.45429770743067, 55.69241860086477, 18.522485051520928, 28.157849286679976, -26.55069914969928, 15.191333001680324, -0.06392923183448218, 98.935813125447, 46.88620610332291, 55.316033633497135, 66.0317592800173, 24.961022732296264, 2177.377153253083, 1178.9723347601516, 22.708999149489678, 12.290356151768352, 491.2249725926232, 907.6103043162248, 2117.4002431749695, -36.95444788408058, 584.5461100003489, 41.32088520036049, 105.06833423308271, -151.6796940560933, 10.829631911883187, 1723.197284702467, -26.577882084727754, -65.00230237873913, 59.142826344414786, 2.3649687243567286, 63.77223531856581, 168.40768379588988, 87.34242727768869, 1157.8906341875088, -7.7767511181751585, -14.404627437496679, 9.530005407483257, 728.2948414900893, 44.84277912433318, 5.605304319773857, 101.0892214362335, 94.16510717948113, 43.289776356019146, 245.35973320527697, 910.9267873761331, 152.20722010966844, 2337.0202614871178, 49.81050213724084, 98.98679124555785, 535.1727950096243, -128.46126679420559, -189.69335090252292, 1860.3042973309896, 809.5032792925097, -7.414516999942171, 917.2761765745428, 22.05324938942068, 53.27944744172855, 71.60994056820927, 181.2957572322367, 63.22041738964618, 83.11232008262594, -294.36971542828707, 46.324381996557356, 127.4932392914503, 8.524478752618599, 10.278198838322716, 921.5532533125285, 112.63062285275954, 191.67194295444776], "test_sigma_between_0_01": [1938.4071091173223, 2110.232655273456, 1989.0881968623955, 1627.438869446272, 2028.0957592723332, 2056.430050377986, 2109.2245466863333, 1913.7753699413324, 2100.883610905979, 2023.7200633874322, 2089.348125112361, 2212.3957494120405, 1977.567719751459, 1945.4728143962718, 2145.239284779936, 1970.5147367294085, 1942.1300518518588, 2267.0222382384827, 2033.4887112959475, 1813.634015428107, 2137.80398637105, 2042.1558671495986, 1910.309595699173, 2047.0649388496295, 2160.8518085932023, 1854.264874529808, 1908.2845693037543, 2126.6833834737818, 2031.6817152614576, 2167.98820376067, 2211.103129339141, 2179.425066459794, 2076.740075466308, 1905.4660209929573, 2243.544233564785, 1978.3351462973044, 1900.646805998745, 2140.9463511064573, 2094.0383088547565, 1954.1964440730517, 2032.0993939580414, 1849.373330946345, 2088.924784918731, 1896.8364452601709, 2010.9359071476372, 233.26233049745056, 2128.0451548734754, 2039.946703706154, 1934.3676747950824, 2023.184091724024, 1995.4779528555594, 1674.7816513643106, 1963.4059392785007, 1937.4906880208705, 1800.3420791875099, 2104.0182264630657, 1747.6598540657378, 2086.665865481224, 2120.028193825946, 2169.5852512058877, 2025.6230702925477, 1902.0788989014707, 2015.8286410157132, 1911.7302114193205, 2045.8582120564986, 1953.942401299045, 2115.625335748812, 1871.3796759422462, 2204.2277408009186, 2107.910248038313, 2243.6678395415483, 2088.1839373854646, 2178.907526680826, 226.01066589609974, 2124.6704372154113, 2054.3317174561244, 1949.4839006312925, 2006.8010353680347, 1656.8422659409064, 2159.3275995317704, 2178.7895246968983, 2044.2970711421365, 1149.664490674834, 2002.8325375053491, 1993.5265818007035, 1974.94025732903, 2132.034905302265, 2053.2267986615507, 2170.521948738054, 2122.6039040974147, 2077.0714504867415, 2146.89128037974, 753.7535360911091, 2137.6875033367296, 2227.6219258221877, 1963.0456021363002, 2265.9100816301248, 2095.4778047020714, 2071.097078810234, 2220.5797452005986]}}}