{"hopper_convnet_sigma_01_seed_4": {"results": {"test_sigma_between_0_05": [-14.100740172933723, -358.3607675539575, 90.67083897243427, 611.6014433868471, 85.69120535373223, 229.29318797492303, 1225.2488733901328, 150.75338984857805, -742.4765990376357, 84.6166184141388, 38.721713581965055, 103.3113374273715, 242.01307692252743, 926.3733287157464, 164.50666524903934, -64.32348208166077, 30.93399785508808, 350.32316881051236, 114.40876733770999, 100.01426105202994, 2011.5630933041327, 207.50630632970135, 1973.2633034469338, 68.70785673965146, 2055.61728547691, 1029.0852575929857, 36.83374908656407, 920.6979559411841, 78.40795685602356, 199.77517608662595, 214.52717264120582, 112.05176072639732, 1190.619771628181, 2.1008092033487618, -55.52775552482344, -742.5604396135826, 2004.1182962518483, 146.81931473163135, 914.2956775858057, 192.06592969229533, 239.68751757775027, 142.3764596420555, -29.030429544398803, 36.79074360435477, -42.953250477995645, -121.74706491298573, 36.97037551804824, 1813.5069536170733, 116.88766049353286, -8.039627674940865, 174.318758927763, 111.38391980721354, 219.30640392075577, 884.0414861034637, 1379.5828168818507, -83.90782391948443, 98.33470566856123, 58.99047336874929, 152.8566445974458, 114.75665082115019, 1538.6883409205013, -31.818760806770282, -119.7190778076998, 1070.280704310633, 1759.2946570693657, 1367.469306015238, 2.215515097790921, 189.26872073495468, 232.8156794918338, -32.84337592612136, 1832.0090151731094, 576.2897604462283, 226.981539266165, 1420.009611017103, 132.34942725044235, -161.2130312212699, 74.57702839264235, -55.2960871780524, 60.963985236790904, 101.73095208521698, 160.6880189450152, 523.1715457421172, 1821.4254223256364, 594.4309382078426, 165.39379371774123, -105.68142919927631, 203.12722862084917, 848.0409760334895, 228.15539262581584, -40.80135004006879, 1964.2246354847243, 755.9093555799029, 174.9470441854355, 140.48894703638473, 16.20916107824305, 125.70629523468521, 132.63053366099047, 107.39757330253921, 153.04977967946326, -113.82910823514102], "test_sigma_between_0_03": [1964.3970189390575, 1577.0481114766578, 166.87096247195444, 1588.9203627513593, 2007.408946014721, 918.2515682591998, 138.81828770551365, 1514.9654884896174, 1936.3435685523873, 1907.6579103952986, 168.96238371416547, 168.03824424856984, 167.285910241252, 1960.130578019962, 56.546096534948454, 1589.9222722432285, 905.1203495420485, 587.5263126063363, 1848.8643188379, 1440.690067068324, 1825.2625578445763, 1805.9283597613805, 996.9195529413211, 1081.0332560799006, 132.98431131677935, 1466.3083429112967, 914.4869755673428, 135.48285647372393, 823.1354255849157, 2015.1160311579988, 1269.7347117966299, 1973.1788959389264, 441.8050966237689, 121.79069130274151, 1895.0742634366484, 1790.1116793835238, 1560.0199073464396, 81.39723094850777, 560.2645135215706, 292.3808081720519, 590.5560252252255, 1973.8717930139521, 914.4893345956879, 200.2636954044443, 296.5835775235056, 799.562367605035, 1393.7091993573924, 909.6595544143635, 1244.1932876212147, 1847.4975278843392, 1652.050615396276, 240.8885236140283, 1622.5527948424465, 1897.2627881235599, 160.39011704426085, 1448.4037416796418, 1791.9183963549053, 141.8720684657863, 1838.1444220260357, 1967.0907168122912, 500.99748427281423, 1987.602200439005, 980.5952653408476, 939.9212455844048, 150.52800589025568, 185.31772372497937, 1892.2035100415578, 1999.9368159479943, 1891.1561584897718, 311.51534801812244, 114.16509892236644, 893.6223788509247, 115.28888873485118, 1831.2371504005769, 615.6845766748723, 1624.0018571848432, 1944.8582349779288, 376.628260074633, 54.423768185565145, 186.3025403526306, 1164.1403051489442, 1517.0298812613769, 1608.4355662016162, 1691.7260889726579, 2133.0734874496243, 113.98662941782968, 137.86354397176473, 47.30948698193534, 252.87623969280108, 592.0914266653825, 234.1406813795053, 2030.6177801464703, 1186.8515909095906, 126.07647659725198, 1834.4652157839043, 213.41334362550694, 1917.0424177725906, 642.0453165917271, 164.38478342719895, 1511.0958497772342], "test_sigma_between_0_07": [64.58303995935857, 498.3462098057952, -84.89653802335233, 416.2576824206975, -175.35869301892967, 1743.122985817266, 93.65615101781012, -86.88854037771671, 291.95055895918773, -147.51708492031028, 833.1868347699201, 908.0045601678911, 9.773266997079192, -139.84966682978404, 146.61446192655862, -30.07671052102087, -7.864173412200772, -9.517610549635723, 272.1669857686576, -115.61911025119625, -39.98652109797694, 300.387955818283, 2.520137525530299, -43.950545386641174, 35.67584605195297, -346.5211623639508, 87.79018710510137, -22.146887322473045, 846.4412239995193, 492.6633795171294, 101.53016641361754, 12.991771730338225, -36.9702775515485, 65.30563480568085, -93.74960462706078, 42.51291763393529, 41.41160065946751, 2083.29529361065, 115.0904830170868, 223.5487225158199, 128.47398525012977, 46.377976548700836, 1989.1354048812586, 63.97136998992936, -63.82879345390684, -11.794422302483877, 1091.5368304821943, 900.6105735703253, 1826.5699818158132, -38.619984914791715, 58.841529973255824, 45.41329673251021, 95.9573931454055, -41.12022106031363, -113.77488248008015, 1743.8525162568344, -93.24197384452273, -37.90872505867444, 68.84235901444771, -295.5754678231794, 73.57928858599772, 191.14372711603792, 43.31739957782701, 831.4429151251055, -123.61040488883884, 17.5127148945292, -56.838805231975854, 312.2346591807526, 118.8705996751247, -75.43214280046377, 124.93285013637795, -72.26337984368874, 444.65714566399674, 412.84747266218193, 915.7696466544022, 29.059398451849123, 1824.5011930222356, 87.37284482526593, 70.83118640210301, 644.7326561604777, -116.44136731252657, -169.80972337323763, 1569.6080551489702, 1278.6308299552325, 49.005495511657514, 904.6399906524109, 544.2144235868022, -49.80141246361309, 81.46634725628826, 1228.5889855743653, 247.57571220035598, 166.4618217534051, -61.64571788245085, 156.64357750987105, 150.06757727864607, 50.43820647765678, 87.54901270392732, -121.80499542797192, 144.549066120098, 313.50406211235673],