{"hopper_convnet_sigma_03_seed_3": {"results": {"test_sigma_between_0_05": [139.73810711267288, 10.225648702091712, 1402.718384612361, 183.76112342207338, 123.91401274123488, 307.13472388534285, 85.26794432891182, 529.517435444074, 108.97123252955497, 929.731792498171, 28.74251967861491, 1375.4353949657632, 935.402601538237, 1425.8337957489937, 1350.0669193059869, 140.62208093011284, 50.17930125445555, 91.52397147812006, 294.43783879844426, 1389.2992600607367, 1431.1166573358103, 1233.375357604958, 1400.8687181476073, 1455.3135503158792, 1418.7531346724215, 1218.89811640563, -36.15959092361154, 350.1415306232298, 488.8246008297803, 252.4314434259184, 1382.1481673365913, 1292.2078895967654, 1511.3977034684945, 45.30220747858839, -36.52967765528012, 105.11818400302867, 1391.5026261639332, 1515.1134772857674, 358.0504746887234, 1491.3146726894188, 1319.006009320887, 143.12889064327027, 164.43255251711963, -10.782969411717204, 60.924109343651814, 169.14312949258604, 72.17774991654878, 1389.4225948354747, 1254.6479099274493, 64.20338618001549, 1252.983163349649, 166.39361028602866, 1306.5128225361982, 456.28475110867487, 212.52890711407386, 64.50486913404748, 1169.2608196669478, 28.14327239504057, 1376.3631229602884, 122.99202326068337, 1149.3270991240352, 85.41820209995204, -182.75261103632943, 83.21032437481334, 1348.5969133961955, 1320.401298921556, 33.77757632664869, 1389.2024013314383, 64.16138019586214, 65.14653284691742, 1230.6771708703232, 200.68236507530665, 1442.5057019706126, 1387.0155622534799, 1384.571905706303, 28.959394638767122, 600.0439047310798, 126.7839353806427, 191.27852803332806, 174.67942775055553, 1218.2388753203443, 180.03596622015033, 1438.9218812132106, 200.03384924230784, 1210.1285592720778, 130.18032083367146, 1516.8994438626366, 1699.2511581181427, 1345.7614152054664, 80.40288158336624, 1091.1743724078187, 517.8251182939329, 41.8598252211581, 162.51702409741262, 50.14220892718442, 117.90476987569708, 128.31962757719603, 115.37108963343489, 1532.0630426973419, 95.91008556834133], "test_sigma_between_0_03": [1360.7999227177504, 1434.4766230091948, 1367.02255217918, 1409.7167160429944, 1361.2528744531648, 254.89207042895436, 655.9896328191422, 1426.751246429823, 1451.0934811196946, 1372.4222747290987, 1355.6746639125465, 130.05121977211093, 1305.0569002791262, 1375.20011397449, 1319.5583820739025, 1389.5418681106146, 1320.7582013789163, 1385.1257615778932, 1414.8723703553571, 1399.071883407133, 1457.2571145692953, 1462.5064796739555, 1105.2059263005945, 141.8041269374837, 1355.7571168595584, 1371.850920632266, 1318.4702771732213, 1435.152853197926, 1290.995570146292, 1384.8809444211518, 1490.5911417776235, 1426.5393777557665, 1432.2860289075268, 1287.7612700421937, 1344.0938854147396, 1376.6997469090609, 1456.139077563347, 1336.4884953789542, 83.10499625554222, 1339.8423345221013, 1367.5134768420799, 1423.5281351180322, 1511.3547114060898, 1413.5030191710903, 1445.3200049073216, 187.63841463213762, 1553.0531662949907, 1478.3560157889501, 1569.8880526723885, 64.91312400730385, 1358.9036729338325, 1423.1199400707412, 1477.8658207550345, 1390.2238374978108, 1361.1720746329736, 1405.9856313239122, 1467.515514475418, 1364.3465292878457, 1348.156917935592, 1370.6976014467193, 1463.693665331099, 1339.6349830138852, 594.3816306688587, 252.15702202538517, 1474.5710022429575, 57.79692088224111, 1470.227042015304, 1353.6067496212581, 1449.180609887096, 1395.0108894203904, 1265.3249782961068, 1602.866612330854, 1245.8138176050907, 1327.4073763512126, 1366.6856398442087, 1457.684477343057, 1305.5894702573974, 1467.5007883770402, 1317.1832857256845, 1398.1249877833368, 1352.1286719600105, 1333.7149304818586, 1346.0247274138706, 1556.5220209969668, 1343.3180075879982, 1404.7647694179018, 1250.7978933045074, 1383.8275233859924, 1395.7806867006038, 83.9042225992089, 1351.2563344883165, 1364.3815217560193, 1395.3671992052996, 1371.200375767155, 1390.6546288926825, 1357.750929952879, 1315.8391839482435, 1396.643446976832, 1423.4109806030592, 1409.971656982466], "test_sigma_between_0_07": [31.982410341704966, 145.20581418252112, -30.115295313487877, 1085.4221845696313, -96.58428245198593, 65.46698726518805, -25.86219857293473, -29.20232179444429, 261.3620886583581, -11.0410827611995, 115.12243041492187, 45.908581074445095, -57.02744703425269, -44.18565162540909, 1414.1773130653535, 57.34665175891425, 107.15620964137628, -13.790746717884211, 82.00400400942745, 54.41707907063829, -78.10587409365108, 1048.970399391925, -4.660879584625945, 44.27480073559126, 169.09124452584655, 83.62427503631332, 32.308958267478744, 126.22696314451314, 95.39719267528561, 122.44690768412258, 155.9126955462386, 11.7315839287563, 13.537411096507276, 124.86888910033743, 55.35430539035005, 0.36809954926721034, 124.39590572802986, 1413.7171496767019, 231.61644034380592, 1387.0536349187785, 88.97362405062886, 1323.103852702202, 1398.821657704505, 65.30999181522783, -57.02274665087315, 6.099834801799442, 1488.8736615554412, 314.61719032930705, 1324.7929640564103, -65.87434289217052, 122.72294142541067, 104.87753742954227, 12.232343767108981, -60.87359666573757, -33.278296437390956, 1506.7664291290153, -27.805048150630316, 163.9540527287886, 52.63567771383822, -28.761684840492656, 35.015965850613426, 185.07344830787767, -2.6840825417748415, 1369.3123960082671, -55.082738945732125, 18.799640861264198, -96.37341902161569, 70.42494704747368, 66.37270253033347, -21.752091437240594, 118.87009502327129, -31.419796322905317, 723.860922044659, 54.17828086408562, 720.9379484210925, 70.64089600214938, 1492.238818095677, 199.75289911447035, 510.1525962981745, 230.16484941848168, -186.40762551179355, -66.88435416660361, 1427.3184962745806, 95.11822637176809, 188.65667563505417, 344.1495092492321, 1355.2483454245896, -83.31681744282541, 63.03069384284463, 1173.9294639555937, 1461.4436984943934, -13.901628413189613, 16.895721925151886, 1420.4789825378932, 99.10021356052309, 14.252635324242874, 120.4796014053324, 574.4273115459673, 1256.6822351567682, 1390.9980783393648],