{"hopper_attention_no_encoding_sigma_01_seed_2": {"results": {"test_sigma_between_0_05": [30.68663189957997, 11.96909167664981, 86.07861990585687, 899.278832731716, 111.73904056670469, 77.02817381792758, 43.730686482547625, 74.0589262399376, -208.83605463917274, 77.75472599541382, 34.44630629626879, 114.25253665544045, 122.19378531212637, 65.9530824307782, 19.597778801746358, -85.52703296551883, -18.432364475624674, 894.7523773235814, 85.4983186277518, 19.96759174562876, 710.4452460174512, 137.50804219356968, 245.5412931799506, 125.5428099193262, 151.0965833207674, 130.05399689121998, 10.083442242800658, 142.30533012723663, 40.21179440897028, 125.2724913943645, 87.85808264353614, 169.0045987337746, 98.86314278339113, -74.79075258579508, -54.54863944150452, -2.8766786152044856, 136.44307684544916, 105.52675106777296, 1.1382154929965735, 169.35858120706618, 69.41682543417217, 121.19260496423195, 113.23377021477397, -6.967939321493105, -46.8565173005999, -69.61910875576994, 10.873659137453235, 1804.2759145314553, 142.7612094159067, -8.955224445221054, 105.40568746323642, 184.7892656889094, 106.35661885368776, 870.918070311236, 215.31465944542862, -9.309458165665708, 154.63877316162905, -5.815312881988966, 85.10134703000068, 12.531901113467569, 501.220238527068, -36.22541924171087, -106.365087763945, 215.12767073139946, 136.8494004306095, 1736.6988849476513, -84.22406785420722, 139.41991190456596, 93.23726706233818, -14.01699375527919, 114.23713770191549, 45.048205920221214, 97.9000689254396, 131.15349028712924, -0.9100156494536873, -85.93521936207154, 75.23884129879657, -41.56016225585676, -35.23232997521038, 97.23002414189583, 144.88967136924836, 58.94437012090647, 232.61559148013157, 84.18130461511642, 138.76621710841158, -8.86736217032097, 148.08351806265668, 204.4207571864802, 106.77435495402717, 20.291773343335873, 108.25216530399264, 71.53177733086463, 118.82417629765757, 104.80943095824344, 27.450894715752835, 114.34838005774958, 96.98469445005776, 126.17923465208234, 92.01866554359084, 36.49362721221847], "test_sigma_between_0_03": [601.3101752476407, 130.6171697568766, 636.255913706383, 81.07194094506501, 131.12808963168777, 83.81099491096525, 94.90233176473335, 575.0788089387777, 119.51985222351972, 1765.9903870388378, 100.68380814495056, -11.66056391297355, 129.51717561634064, 1779.961835994393, 79.7050705003474, 1629.1888286671601, 138.58432650726527, 136.48083800063614, 42.71364100158007, 285.8313921290326, 127.2034848743991, 252.42325296672715, 72.9360695393027, 95.18271817775377, 121.25151756104809, 149.06873636398137, 104.7494404297017, 154.61589308894895, 132.78441173183901, 94.69430059714333, 92.43191151344165, 445.4328108797221, 161.23154423409622, 116.803012840304, 1861.2263289519283, 758.3488891783194, 1312.0212473296694, 182.63898215719993, 128.299433506994, 107.33270002664949, 216.16148649810899, 198.444103036467, 482.14512801113324, 302.9660767534763, 95.25028737212716, 873.0585520567106, 1684.498752409103, 111.81032639941064, 1487.7947249023398, 87.41598205121315, 231.65428627965127, 98.29439366746107, 80.49672314738402, 448.10349090215306, 142.0221531726259, 130.7361791041043, 77.97737468851601, 126.18087606516634, 102.01093819360567, 993.6102272155131, 378.43656886644675, 110.96623991674598, 119.9038212917763, 43.76375363637005, 157.86051156169663, 1192.785621610486, 210.2775892005771, 129.19971846348332, 110.40973481065565, 497.7639834904843, 110.61101712468918, 87.97892252299103, 159.98290206445301, 1349.3661253571374, 113.56471071122782, 157.3769345017788, 78.18459269510575, 153.88223990716847, 161.6544833249964, 1352.28752752577, 153.6119139177102, 178.3743881523055, 65.72626342665963, 122.42096872093961, 92.28884272128953, 113.83665824977749, 131.99553245511356, 184.42591979602497, 120.17880802588557, 62.6811255579166, 140.6501359116431, 115.79078375504916, 436.93194437927406, 195.22883666723283, 78.8589395057787, 88.0584804227302, 129.55230182945112, 1695.579244039235, 140.07311357552643, 117.02019268697673], "test_sigma_between_0_07": [156.4711079381802, 125.51752218390604, -52.030435191591884, 198.13762827126618, 20.66770760200363, 51.30890792541945, 5.44823240074732, -69.60506659540266, 78.39672391890491, 5.231526657975292, 831.5367170737754, -62.0357646385009, 3.856467709917436, 39.84597760089891, 380.3826724833481, 61.63189367853552, 9.98869521884379, -34.04889044059749, 104.33069764978364, -91.09927462378556, -37.87476298887503, 79.97985643877706, 10.111868513111283, -68.87631111119414, 75.35604955812292, -22.41165715659026, 94.62703017990296, 30.978901338192543, 127.96759600696542, 47.87334731714347, 78.25053687359221, 10.167627438015948, 8.409454153774156, -62.299090123690775, 42.57918736225546, 16.33020001976223, -11.38061331436385, 139.81778385820888, 112.07000853870586, 121.89637766519073, 130.4772856449451, 10.505791648119734, 38.39447548434166, 218.0169081026197, 11.472326921047653, 54.075491159556485, 111.65978331095779, 85.84290846451219, 145.9502218715404, -51.28079472376202, 170.66272132366768, 23.88246226726847, 162.6532955336691, -93.15327384382502, 45.77114852396977, 118.6811574429357, -148.20484093172666, 41.662954320001305, 18.74748961707084, -45.91710273823915, 181.10540625175685, 109.15810753212443, 9.880731177175864, 52.50008442912979, -62.42692071276141, 5.008523707783938, -0.3068810167677585, 870.0932905567975, 95.29525668584675, 10.83216341951941, 102.67087184932237, 46.54897660648619, 130.91373318463994, -107.69705475882824, 7.3508276918269235, 4.030359675676478, 206.36716499115954, 100.49740617218197, 26.900437717429742, 890.7211559250153, -115.89595733835164, -41.21864202446907, 55.99796074693546, 113.22343471617258, 22.40152255293003, 92.74627918108678, 23.91838421110648, -47.47160883273841, 49.49474013807434, 106.27281636679199, 133.20547892691621, 12.078166326247139, 42.46095481142643, 12.288860070379293, 142.6493231442477, 3.590611413973027, 26.981883394051295, 907.9958199978289, 170.64629850309638, 1176.6546709839527], "test_sigma_between_0_01": [184.82051868094703, 613.8963299118226, 385.2541281092068, 76.43226665328723, 1828.9658185268763, 655.3405093013014, 157.8126801602203, 118.94495894202937, 350.77841480262407, 79.35013066293817, 1826.039817474598, 241.40153204675647, 315.2296868392191, 203.36464069780192, 769.0229782963503, 86.21778112963455, 159.73450238611147, 1817.2330762442127, 1861.5593509395032, 728.5762621607979, 1782.775055731723, 148.19394161380495, 219.8169480606924, 117.52090976330564, 138.45185869031152, 110.14429681108021, 334.6292856628211, 276.6639337422353, 1845.9766826869347, 1830.7494961596556, 1764.73388416746, 81.73763367621056, 471.2606103527504, 528.7700582946469, 388.588445113405, 467.321324074087, 279.6491449186924, 78.77193266404353, 139.65859465315316, 558.401068066002, 586.7344510509123, 117.5877894088472, 140.8751311602916, 103.20011028896303, 260.0004206732011, 1777.9644228249583, 1824.6080500217163, 91.409788440762, 180.37815298848446, 103.62956067719936, 179.27012298492193, 96.26131677571466, 1792.3940538534882, 1034.7871435049362, 464.88900594393976, 833.8907207301266, 274.09485386672293, 264.9790002021842, 1799.0287242166748, 99.04350197724462, 206.35633778952376, 115.39418932746139, 115.78070720711567, 343.5344412128027, 1110.8397548203009, 266.26838613381335, 141.96289434207753, 170.73466719534443, 1822.4312686225069, 1754.3398668678485, 92.03941743911568, 744.0291556226864, 80.5148180085534, 135.11601983106922, 1814.7701546765181, 120.2146142595136, 176.53096267861412, 1759.9127509256398, 98.49462997674013, 117.27682116774287, 487.384452389617, 425.57524098280766, 613.0575338860024, 364.34832667660777, 907.7797833918256, 1756.711605550151, 121.49626586068634, 1824.592490025328, 1652.4618244309604, 1571.0605552195425, 1773.5593214403857, 400.51845446121973, 112.99905798108928, 143.93580729333794, 1792.0791488997024, 127.57811641035511, 669.245902202807, 1816.364220845483, 1770.5058198698014, 495.4719209650678]}}}