{"hopper_encoding_sigma_03_seed_2": {"results": {"test_sigma_between_0_05": [-1.4819849775041845, 36.32151959982003, 1150.1198136978837, 831.4902681462926, 45.90663035076285, 1675.907973337691, 1784.6629218262112, 41.55182697968413, 293.0012589960255, 1050.5788147902858, 102.02914893934216, 409.2951629986479, 117.59819472997913, 1880.2497063159274, 50.44218879291293, 815.9472426941757, 514.0242309431898, 310.43976960762257, 16.85930439140066, 190.87965861718695, 1924.847986596251, 59.98912208865075, 1841.4948841076102, 27.15063402911182, 2148.308505481375, 119.448562221379, 91.80294436301921, 176.4599087807583, -0.6921608297139764, 61.48400951329824, 55.07756569909979, 24.531757497730723, 1424.1827335039939, 51.88169472294686, 75.08692889452286, 954.9481641248591, 1970.0627424814975, 324.4170614216229, 262.9634962616561, 252.64120073403313, 118.23213950535428, 24.269228622839726, 1704.893305541255, 300.58015039314756, 18.53556638624869, 33.056415051111244, 184.97205543290613, 1985.6195789027022, 25.965453602472554, 409.63981221005116, 1473.5816194538115, 1401.18955844509, 1640.1594721688627, 52.34506509969651, 1402.837998066278, 74.648772146937, 57.47603355586327, 1576.3673243858414, 26.947927670090575, 1058.3965301701182, 1993.8869919107287, 131.0906175361, -38.077892380415896, 269.36136748915595, 1562.7457225594846, 1801.085223670696, -64.90882282238016, 267.38781386017666, 59.203429186003625, 402.19132906025203, 571.2699878651723, 940.4156583873757, 209.84945222827952, 1396.6273383562366, 16.048213279043555, 14.228744427218045, 1368.8356548188738, 1387.0618727198773, -3.714183409235558, 48.70542236460897, 65.71575319770054, 1745.4605575552584, 1449.7804737735125, 122.57377105505148, 106.58483732540482, 259.07511485430433, 1919.371077896323, 116.5231181176074, 365.6483637915123, 380.53909875396386, 1960.2473550168806, 140.35249097530468, 645.3977310365586, 20.71586792564922, 1803.3938798014249, 28.066362507971643, 47.58275568968967, 5.134063750237692, 1848.9506030989648, 965.419886059657], "test_sigma_between_0_03": [1876.9916703029178, 1467.8801960875815, 1962.5647192077874, 1847.1443006902657, 1975.0375402672043, 1124.1434552102444, 53.681118536254516, 1514.3999271133425, 1782.345847096193, 1894.6959422241364, 205.6270783921574, 750.2308518346936, 78.4842784636057, 2109.4830796374404, 232.99103917272885, 1935.2233783275885, 53.57632276562072, 864.1308028481291, 1701.9303030447513, 1660.1758935843113, 1595.0528333111354, 1388.5161462835367, 1715.1958255829722, 1464.0279006966557, 1502.8200553460351, 1466.1642917414658, 1892.7396597903978, 1131.545958377271, 1911.9738158116313, 2021.376767720401, 1076.4271511176419, 1720.2317826524827, 1076.4728531173507, 73.68058155182517, 2046.900199215032, 1712.5219587089402, 1760.4293795664453, 1734.6407893234564, 789.4870748860504, 1589.956273482382, 1313.450695648325, 1930.4256452292573, 1033.3623343246406, 189.77859531358413, 1739.1124275375776, 747.9353109470143, 1766.0719059651415, 1420.508188025111, 2009.594438861558, 1815.1095070004817, 1511.2238725394477, 1680.3760152270959, 1787.2490123036594, 1735.1952698856933, 1580.4001303434347, 1767.6934133020613, 1783.6287664827448, 65.35675629536418, 314.4947520962203, 1727.0482072393763, 1953.5440585106855, 1775.8529790059786, 972.4670398569413, 1416.2996904666381, 1126.0808297351473, 268.1069547702951, 1630.5815795069423, 1918.4301054830923, 1586.6345041925015, 1816.0475893330704, 27.048563726511198, 942.0305875798537, 59.298998520121685, 2072.5540460130387, 1614.5267279237826, 2068.640312370145, 1912.8904926245104, 214.0609265832725, 448.3128739578549, 2044.9478096515465, 1342.8071301563482, 1267.3856291511051, 1809.4429016821928, 1071.200102672796, 2044.8078149977455, 52.57689515394597, 1294.2770025827224, 522.7751267829415, 1037.300919536328, 1298.618578302991, 1777.983870046244, 1948.234508418442, 1692.1615722616189, 1319.54239299622, 1792.6789815617533, 1773.4611553156753, 1975.74739279463, 512.2425041504448, 771.302582386683, 1618.7496275164683], "test_sigma_between_0_07": [31.728801777795898, 33.08355711645563, 1.9840730020456216, 585.7574985392375, -33.816638501196586, 2063.2371933834224, 131.09364407905235, 18.50299014034099, 51.561634001004855, 10.747987788703176, 795.2007889670391, 66.17579383789852, 4.442524599985335, 12.702977924610604, 410.95107217323834, 315.93328719613044, 158.12233168898086, -25.086020697023198, 275.8269189073544, 49.176348325613056, -26.124258536996784, 131.05831733506054, 3.8949643975211083, 68.93580876309136, 133.89507958256146, 404.67862770923267, 22.174381095083664, 148.29930018921007, 368.50272603914766, 144.59663117879248, 49.42722419021157, 5.677482402583699, 11.291149888181826, 96.84675612032301, 1334.807142058542, 30.381667235364148, 232.55924029974557, 1976.116157876453, 47.71460243886686, 1730.0851601509069, 44.22077231118309, 2371.8137492697238, 1908.9519058174528, 1770.1416192234253, -1.268553053702635, 7.2471968422949455, 954.0325716198615, 24.59646974497446, 1391.1404384271966, 131.5205166572224, 126.42253926955742, 164.6877640846768, 92.04100787769713, -81.96477104632504, -52.55621706737293, 35.34552406440198, -225.71228289967112, 768.1088534364852, 26.002685899427163, 7.9371579065758855, 19.453020165507045, 0.14255442666326457, 11.803888549620751, 1817.4055234749405, -3.532766600683688, 15.13123845701921, -112.19212658549804, 458.4990203353445, 188.04775963993754, 9.678018109295227, 738.8255636360801, -2.1177821608944214, 1810.0794120252328, 211.91735764242216, 741.0379855857009, 688.307762614566, 1871.866366007277, 860.5956880902472, 5.2851637413376, 67.80517908761537, 12.183733026515977, -27.780148263127185, 1226.8975538485158, 61.35870421569268, 39.88428167870883, 42.95758613742509, 1874.481408155565, -5.141760518647773, 131.859243913379, 597.3710151928993, 26.77317003101344, 27.29853868954524, 25.77133834108827, 59.85178642271784, 30.733287095345442, -4.186454983125439, 120.19121817290431, 707.9111756491487, 26.049013703143288, 2014.5700288285695],