{"hopper_adapted_sigma_05_seed_3": {"results": {"test_sigma_between_0_05": [841.0996904714773, 20.02153128483187, 328.88450456407156, 93.69817102961244, 278.75365584276886, 581.1464357832257, 1457.0336603828978, 126.62384524504884, 11.762775852082994, 1042.7086717488116, 133.324413681381, 193.14746838876167, 418.1368022052324, 149.70204329459804, 94.13641423222141, 922.0912871396858, 198.32587929615983, 865.9921533446541, 234.5475379817188, 84.12142370708315, 144.0539667463949, 989.1528417430995, 603.7196566851904, 315.32242488627674, 1645.5757289834844, 595.5710872512526, 92.6088921518982, 189.4530186717806, 169.3828736329553, 913.1708410778534, 196.52379960871767, 487.2883666810505, 1208.3237379408617, 19.585425282381763, 123.37635362526636, 870.4621820123135, 203.41748236196727, 475.9629612440086, 925.2173437093636, 149.70341677890096, 1201.320376403095, 943.6626537404712, 1263.2928037123834, 123.61951759905641, 855.6720584111332, 884.7624800136509, 168.21319611427458, 354.3241856425318, 1274.6417612340538, 65.56270129011828, 1201.2511615457902, 179.45620346846417, 1416.9889335991431, -8.59945172053558, 411.8341585621777, 874.3829064334135, 1144.269560532738, 91.22572536585213, 396.08580540528516, 120.3680543765222, 912.8669211979801, -29.457736794665102, 12.792535637335098, 740.6559731079515, 906.554136599546, 471.0643512943654, -59.32909985827281, 279.1819584057739, 524.437036760105, 406.9336809997723, 1070.7807811441726, 64.15976893815824, 892.5023374496175, 1203.7921241799386, 167.12270476922862, 70.72652409308066, 890.3006241896999, 675.6399749459607, 843.5050448885909, 861.4423759255327, 1059.3596260216693, 266.1071073931454, 1275.2376422468496, 142.26937783407766, 1201.6439877619227, 203.93163697574784, 74.36724848878366, 907.8417220253234, 1354.6129761135228, 220.25960303760513, 1263.1100317078744, 912.0699856442519, 306.49693908031315, 930.8794774775317, 130.54460119431312, 213.1378708217948, 721.9668826466358, 231.48254922640916, 144.56934565435665, 582.1736867999559], "test_sigma_between_0_03": [543.8334538947663, 263.0405413786457, 646.2910067166553, 1369.1694676310174, 412.4177120626207, 320.8308235974093, 315.1003915245801, 551.9191657005796, 566.408293687814, 1505.4547253941128, 1348.0986146922767, 892.1953106855544, 1422.6913940469797, 168.18397298218628, 84.02042966442822, 754.0052741559276, 1240.4216808190797, 289.74388277492244, 458.37589089151277, 117.68101029393729, 1235.5475401794067, 1364.5268723861755, 923.0976438522357, 109.71175410285652, 181.5631471250468, 547.0745113564931, 65.56697310012821, 191.39539254426347, 1397.2484844838366, 1503.6959142754713, 201.4792212081637, 571.2434673985831, 294.07977014975745, 1295.3990950455916, 1481.2017496178373, 158.20652824445844, 1396.985895640446, 903.9234260748251, 327.4115407043222, 900.6919821228652, 1179.1303884512145, 112.68041125641462, 446.19914237708576, 479.98710899093703, 221.64724080608866, 915.4532413725991, 909.8905977764997, 146.49760595656704, 199.92069920370997, 1551.6878260492042, 54.210568635823435, 161.93835673463323, 1542.289443098793, 279.81287573833544, 607.0266908537119, 121.58587681191716, 506.3667972095545, 1239.4117609872303, 406.81185907720925, 909.1167155089261, 779.5962804760538, 864.148736275004, 906.2838863742045, 81.10286599356328, 617.5407928665547, 61.732654126839755, 1471.790542246663, 702.5623145517206, 786.586204892743, 1652.4236896521488, 376.2747086051414, 132.13835178632002, 1267.8563566681355, 1423.9819339723206, 388.0108344356865, 1379.4729538999732, 1178.0304833041407, 551.0713866311214, 115.67955550979096, 82.06507707626298, 260.4409027970382, 353.5344527117879, 657.6209992185425, 318.55726194956804, 1347.4146658506234, 215.32143743643556, 1196.7404124832426, 358.4137027904858, 287.5368392781923, 1498.4717437919476, 1375.5637670647895, 1092.4030144426317, 162.60966389856898, 59.96084045553579, 1531.292278407126, 1256.1214988161978, 712.4319562899893, 1057.649907033955, 915.4131385922725, 1419.8168351610493], "test_sigma_between_0_07": [76.52504275163807, 88.36585244208544, -32.16066204252128, 124.21416282461, -13.037515464935858, 270.21194560015095, 117.97433219922532, 27.48141536539625, 242.94458043859194, 161.68058432981195, 54.777826279064165, 926.3634341339332, -54.08678756931913, 18.736823105384254, 571.6675733581288, 1393.3282542350291, 43.626845314142706, 853.8406762472215, 94.11604648235223, 43.26610861732042, 453.42827448558506, 504.791117186882, 5.336801170028047, 78.71256231501901, 126.28316420137419, -2.907421480209451, 435.58298225791833, 465.81885030148703, -68.63024047078945, 122.70926011086848, 365.9771376178967, 140.66270518974926, 39.303608925937446, 239.9810947731458, 865.1856782965228, 9.453056571153866, 81.35739802411263, 949.2143523376549, 259.945540688027, 886.7261148077359, 233.60933354088917, 117.67878132292246, 1512.2864006596726, 29.466169350338166, 13.26387577537534, 144.2799752095525, 1042.4403469637402, 154.31560357143897, 1391.3094772642269, -17.5844218318598, 97.73049920913618, 149.99281544670512, 125.26284460227323, -68.29917522115282, 763.3289661312366, 839.7768205789918, -9.152936477225737, -6.695839477157275, 78.51196628354955, -25.848628746307803, 78.62410874888592, 890.1417467750382, 12.894664640266278, 75.32230775331848, -68.35016821023308, -54.77040714608447, 106.4501299274576, 130.09362343154353, 130.8177801172074, -13.495701673616711, 1293.1637522265316, 14.97921709322399, 165.8317000188108, 745.2634194314609, 860.7474316421042, 208.4422311070257, 155.27572449745344, 88.4552703379057, 153.5556323489305, 902.9140941425908, -32.052632127798276, -11.254953355662293, 60.38432001714683, 833.8273646877205, 108.72453048662136, 356.8715128029043, 1386.9292967276624, 0.3018325360055294, 46.2929469476774, 40.640234501210216, 1657.514924061737, 60.277631627890536, 42.49491267749693, 134.91524521705577, 229.33343197473147, 249.2924689658685, 113.04071291725698, 23.48919575495529, 640.5589633637443, 140.502387821213], "test_sigma_between_0_01": [1472.8485041057115, 196.1788326742113, 1326.8304973746, 144.75953898925948, 1580.6190749348275, 1598.2177753339638, 1553.3639816019952, 1335.7927009185207, 520.8196633325846, 390.878643289809, 1585.5870656155166, 595.5888248046004, 1339.6942195479762, 1477.717789110099, 1559.9781868445455, 1486.0340881885584, 1508.1613731406142, 1583.3916783811662, 1593.1540577793198, 404.82284890754374, 1522.8858985516745, 758.7534667281866, 1374.847592694671, 1538.8674454394838, 264.7836911577804, 760.2923458000012, 1430.848290277394, 1414.3408405571568, 1243.3295579311114, 915.341829542106, 1565.6360236585742, 1369.1737036613824, 1541.5625969470086, 797.223837201432, 1542.5675113876391, 1599.3224800481896, 623.0685171483958, 418.0497341883744, 1069.951487092262, 1323.915868540375, 354.79681455381063, 1599.3886731961768, 1611.3140924057047, 1341.1326507243225, 1585.4146617323086, 1348.0787105832296, 534.31457728294, 246.9765409995672, 1337.7867936000107, 1553.0522250129686, 1378.5870817183818, 193.68783928898773, 1520.6733982159556, 1318.430228877936, 1392.0019343002455, 881.6314544962901, 335.7001243322608, 393.02590251729856, 1517.7906738063075, 784.2971934666989, 163.7664073158608, 1274.7786483506284, 1556.8547556271849, 243.42766606411905, 1580.0473639271127, 439.2381465093014, 1569.586223200728, 1466.6951379706209, 1579.7043782670225, 1458.4027925116325, 1537.7445161126532, 1598.1446328510046, 1580.1733664235314, 1510.212459338111, 1509.0563398031427, 1487.7646042018407, 1540.5620132829079, 1523.3074939192409, 928.6744533855219, 1490.904263289453, 655.4245433782339, 1482.4596726582693, 1201.1234800965528, 1454.5199160172047, 1484.5798536228044, 42.911264853223116, 1562.6765834642454, 1552.5501766318037, 236.71002458184086, 1451.8446160360463, 1562.2691145242393, 1526.1719423256666, 122.85488235721716, 684.8114718670082, 1585.3392368884151, 532.7314389232951, 1541.4924865269077, 654.1142900064266, 1502.344256222726, 144.73412269408286]}}}