{"hopper_convnet_sigma_03_seed_4": {"results": {"test_sigma_between_0_05": [207.8333346728149, 8.803987505401889, 56.11041456178062, -17.598280086026353, 193.09810823380388, 1802.7261840483002, 254.25930630261738, 129.09450246020424, 139.1857353590253, 1565.9420089251073, 29.72824535687249, 324.1126326055004, 95.87329902197824, 2024.1166589980837, 1485.4794098352738, 495.10202528907257, 32.55153849518392, 305.5148008183896, 25.635510965979485, 79.4673635148327, 353.0609707889641, 224.94370030910503, 2043.599903582091, 152.8116244662553, 2010.946175166681, 108.17977294804876, 86.6761327427885, 47.79178136586852, 47.490988073610055, 25.634792895778077, 422.47397101826823, 100.83388525312914, 1324.2398629837662, 41.623630130075576, -30.601753512892177, 107.13296621860206, 184.5670581941566, 385.4511396202231, 5.6706950581530675, 354.60749807612166, 214.35780569813943, 27.144571313187768, 110.20796825646832, 298.760343428835, 165.39975941535525, 23.409564676790605, 354.0982510554677, 1839.552957698484, 36.793103828848686, 1581.4625716727323, 104.10748291164492, 1122.4872831232667, 111.75491212170454, 44.50704682800132, 588.7346551607628, 724.8610366856594, 50.48211864965123, 1172.8330659026465, 221.77719316748994, 186.97359233751052, 1701.5203114610845, 41.06784445737721, -128.1041408195408, 1604.8806181690359, 1691.5906539953414, 1761.4389479155825, 15.736693601070149, 701.4662272358606, 460.017996120958, 586.5172343541564, 191.07927100195096, 849.5971093512215, 1516.2111175113162, 1583.780905806695, 84.18709119257694, -0.7669506261750982, 37.415787080819435, 12.187928992949312, 554.968915989227, 55.12738622481993, 52.60003901843448, 1608.674090544082, 36.810708657874784, 112.33634620785598, 103.25199698262735, 13.231301030528275, 1534.886836923082, 63.204662546333566, 94.44347202087809, 318.5137952497811, 119.939288260664, 667.7249323211792, 21.983058985639943, 26.199017853008996, 1606.3823923338214, 153.26302759118983, 140.9850203340844, 84.67059520881158, 461.30601525921537, 67.3156400138745], "test_sigma_between_0_03": [1982.0586886194062, 1532.069380184712, 1597.8708093474647, 1815.4789022429068, 2015.5976534272238, 1219.1877571811326, 127.21653684018241, 1422.1800648443193, 1841.3000032884727, 1838.6155400743485, 108.30241511087515, 765.3493956091411, 105.72150098196289, 1897.2269512769367, 39.26638752352009, 1735.149615651623, 1325.4798997611704, 1333.3402123804865, 1651.7486154678156, 1449.2134877713768, 1728.5371452752636, 1657.286818881218, 1422.9880479084256, 1289.313114261105, 1636.1157209599191, 1472.7857889133224, 1761.3106602505216, 144.14252867632888, 2043.1479675843846, 1963.715598854372, 1434.54029700451, 520.645452527764, 715.4820802500042, 108.03253681513888, 1914.2116967644251, 1691.6972918993274, 1830.8115449633492, 1309.9684975453806, 1262.928728030502, 1743.084874035084, 1751.758401562597, 1973.4868606128632, 1177.7751274588397, 1719.779242657849, 108.49817634099458, 964.6448057645929, 1459.9253182543148, 1519.072120626807, 1478.7224339705097, 1882.3222329232317, 1664.7418662794523, 1937.9357021498204, 1945.1342667740962, 1965.0097316458214, 1586.9271945382156, 1468.3752391331589, 1925.7222566467096, 50.41724792286842, 1909.714686184712, 193.1001124267656, 1425.496343847915, 1847.6187779177703, 1151.8209368207895, 1245.4351910031912, 1604.8731005118104, 1368.8642660372216, 1773.0121511151428, 1949.060915874296, 1790.9565374048302, 1959.9956849159166, 49.95529300208436, 1201.3399636332408, 164.85229407322907, 1997.0190880033094, 1614.7976211856246, 1821.1972794809067, 1630.2062296504878, 827.9924944932546, 61.65416054501402, 1764.230620020827, 1735.5315197036116, 1653.0482155358504, 1673.8912524395018, 1461.3901228892753, 239.32515529765806, 785.7437772914592, 137.98857976572043, 1589.0707258282707, 440.02979099242947, 1591.7948546674074, 1764.0376089271942, 731.8315211847364, 1429.5925749359294, 23.390581605302575, 2003.1510129126455, 66.83619434595457, 1888.6263982419853, 1978.9856261905134, 923.6504386993915, 1575.3704824368983], "test_sigma_between_0_07": [26.267397378956957, 130.36449979480093, 9.023887560934234, 111.55339397891362, 74.05016564925099, 1436.0045396488201, -4.690367481192515, -7.44573242471815, 62.01705518148226, 44.6393239877434, 675.0095315608465, 34.06073125352704, -72.08648928947076, 61.2431629524115, 152.35250654891138, 173.07664565906018, 21.446187004557576, 720.6966693209574, 52.70272412685445, 15.503882225285633, -92.37668188459065, 63.22032624249402, 8.168269131315174, 120.81279363302463, 27.43569146112277, 553.5961054263636, 473.94758148226396, 181.94129328739368, 101.32750631256496, 22.968565445156127, 819.1646125871777, -19.390383229617143, 12.747547899614439, 1059.564550403271, 20.947635593985616, 38.973962247137386, -11.115119898917333, 1684.4422955373348, 25.07200466687791, 1732.962802149676, 262.7531315382497, 1003.1813914872147, 2055.1025157019963, 21.857156083844895, 19.840379684368965, 39.08602452918712, 1286.72647699031, 24.349819828514597, 667.2250005029971, 26.796095329119993, 736.4317232845395, 61.862941577615864, 170.45545686051344, -37.905050855519946, -61.21067543582467, 1545.3366016156508, 23.74165701757156, -18.763846470401038, 25.239510993604195, 16.869316394574707, 78.94240998226743, 85.15766524031645, 7.096512854046886, 1422.2896761427953, -44.80634116812579, 19.42888315218297, -25.542818980409358, 86.41129623552989, 21.457238525521824, 14.623429245631268, 838.5565452271865, 57.160056400451865, 70.3143255023024, 123.63414225854072, 46.49083871795738, 63.80384581256657, 1877.859703461785, 174.37394906287514, 10.071865185299249, 450.5766254966874, 27.079965031539903, -0.14358014907630118, 1200.0218714608711, 948.0809541624454, 16.27539042899443, 26.509389363120132, 1937.8443966781492, 18.54313867948949, 44.81821451594151, 74.26399584939354, 461.28183432329683, 27.85983446738537, 15.126461323456898, 63.889397076561, 25.228572492637614, 17.426477225904815, 22.271084034848887, 40.30263195736916, 104.47761980774378, 1849.323511492948],