{"hopper_attention_sigma_01_seed_0": {"results": {"test_sigma_between_0_05": [-29.63609531822729, -30.505980587999524, 82.3888984720019, 366.73844907383636, 53.47327644791077, 158.85174601959724, 1832.1007244479197, 111.80807740327728, -630.9471045180512, 1381.5448703818226, 89.22634810864345, 74.91617289460555, 138.3211040048482, 307.7214207658121, 58.59346904674021, -117.48207980763395, 49.85151607661391, 474.105711685501, 97.55647116303003, 88.48857684982941, 573.9732012961339, 176.38067680694803, 1715.6214298819482, 81.1236631961816, 99.3570588519273, 174.11697929819923, 44.03361955112922, 696.4746323871278, 901.4673938385719, 155.4772341567645, 280.7067730763752, 83.2613740194094, 1243.3041613981425, 43.272932509536616, -21.16597875748702, -100.5732925483768, 1676.8247489853538, 94.86480425270561, 889.2116771638506, 219.2049340852623, 56.2877215551067, 232.8339860461187, 116.16071947088061, 90.0366036876454, 24.529885264937178, 4.569578124022516, 53.9166934508772, 1991.2668616139688, 54.00223854141076, 140.05057726764647, 537.6636695577193, 258.6684566397145, 104.6755485270143, 113.70472575508035, 626.9995973947825, -119.0615884221887, 66.32468392097944, 109.4268991929275, 48.13195464124438, 118.80070007613615, 1826.3871303265555, -13.258584368231825, -73.66114209067892, 141.58286678292353, 1499.7691970684627, 1428.2945859833815, -51.689730907094784, 1818.623641409952, 1470.398057372641, -159.80426901629255, 378.37107922553554, 31.34087760543329, 502.31611448288305, 1196.940506993051, 51.09125205565507, -76.5925306316145, 367.2887683264708, 14.535630775926975, 501.2518504672645, 177.7792500488782, 98.79997693362237, 132.55564169163264, 1361.2417445955773, 646.5124442709161, 61.395406672873655, 53.49002674383226, 558.9126280060268, 1181.228599120408, 53.3766199652091, 1142.787347045027, 1672.7776600667767, 65.83477867007025, 56.1755277134318, 267.74457570926603, 106.36041027837196, 65.28712788208942, 54.3768393144521, 47.461628108914006, 1775.1574698192087, -41.82744080301352], "test_sigma_between_0_03": [1038.6538411012782, 1484.163629603441, 1738.3128057106578, 1708.734738325979, 1829.223417328914, 701.6874290233075, 138.3223712839405, 1530.7993950770926, 1937.2000156583815, 1878.975115372722, 73.49820573484466, 54.80672682079458, 70.72462045422873, 1806.560670196055, 713.5628806710229, 1776.9497456740444, 275.1504740288073, 501.1308852668646, 2090.457574409305, 1593.051298204871, 1634.3691131024893, 1780.9992832224032, 1551.5637852537964, 1044.1194843390963, 98.55199434399552, 1280.3345507120848, 1638.713705353391, 106.92226574578527, 345.386526705048, 1826.367930000884, 1625.5060210732229, 220.1185393314882, 1219.0310781100718, 66.78060832165792, 1992.2854503199726, 906.5950981392899, 455.439445485297, 1545.268982254649, 1182.3057629125594, 1842.4828899722065, 1454.7186496816605, 125.71771816641996, 468.6472014657701, 494.52511341455113, 2141.9477303546155, 96.24499014337626, 109.89480448178729, 1305.19508182837, 1617.3345953961298, 2106.7231935329673, 1688.2923007590432, 163.39083230662516, 837.9211067851563, 193.65440705345685, 1339.0194828062683, 1572.1834623409284, 1775.1919165418094, 1515.347795109551, 1907.981813081359, 585.9009368042282, 1689.6023887279596, 1924.7024611553973, 110.7831280354585, 193.30211753379552, 718.3576319536892, 1608.9963208910788, 1802.39518743841, 2138.6072216226794, 1987.7486458186424, 646.6596229696436, 54.946422900340984, 1028.3611516489748, 67.40326061519735, 2048.63133019615, 693.6933006898441, 1616.0414538010907, 1567.1158128530133, 1516.6677299397743, 1120.0481114409906, 283.91600518706554, 1568.73804303826, 1264.3874242561888, 1739.1756581668615, 1635.5193024462244, 1781.8317778734995, 46.868837647746844, 77.31889650852098, 1094.1630525625558, 1142.9676229690513, 518.786416057911, 322.098495982433, 1970.3689500542232, 1458.7936768299924, 1477.3029924318819, 1877.9393457622575, 65.21946607359278, 1677.9950932251209, 2081.477467263994, 1297.0322811025696, 1541.1430844999832], "test_sigma_between_0_07": [38.59627363788168, 843.2550366766766, -13.004258933903472, 74.83261161126282, -17.989472812005253, 237.81487516096814, 25.06641742039792, 10.526052145910212, 176.71218041695104, -78.59883046002065, 874.922705757666, 597.8103817430111, -46.14777264901787, -9.956172507254813, 190.31646029406974, 103.7215418389984, 30.50704083069431, -380.6176007279268, 67.19322491741042, -78.87863151152268, -102.97123955862189, 121.07032564482208, -25.17619227519754, -11.97261264383273, 525.6607910744675, 182.6002216993543, 94.81631891626893, 31.076336423070465, -127.83862421244415, 469.8350881515785, 101.37223635586707, 18.769941328678392, -50.630958360372475, 245.8582887529149, 145.67727711928873, 34.665910795737, 46.174216746770256, 104.69774224444991, 60.5780789928249, 256.3730537834548, 61.62327939814859, 229.74235280847645, 1772.506257417852, 527.4813272204894, -53.08157022421946, 226.2698209632974, 1596.6586342218413, 783.9054296098699, 1948.7450494928046, -108.17912307226943, 423.75970662943564, 54.356272830425596, 95.06165658492388, -0.19331622382014668, 105.14789708737808, 897.2717732395678, -6.709483670051849, -41.808190991742585, 81.57764366738702, -41.46515203603631, 56.88840055086329, 297.44177212736685, 25.93090818906203, 1277.8676789232873, -50.727941027701306, 39.855707575168346, -46.888825785076186, 455.10616244712253, 219.15667805306586, -30.009116176998933, 77.58636431755588, -34.384634817755426, 174.76185893184737, 246.3850569266114, -255.63738467803324, 187.27695339428752, 1965.738374634955, 88.05156202258077, 64.91741366591451, 538.4583261489995, -66.59390656183096, -59.41107807631198, 196.58203892876332, 673.6898367399598, 36.194602158533236, 31.577519780908187, 99.72878250260983, -45.737291620814354, 97.63462428219496, 221.35898512529835, 117.36793010011755, 163.97435315959595, 27.37567163986096, 66.80820499012479, 49.252618597206315, 8.993707094133423, 3.8941265827830533, -118.92560671115106, 142.2434399720645, 320.8539540822079], "test_sigma_between_0_01": [1792.5233349107143, 1963.7918240747088, 1868.022831658402, 1597.0124842699583, 1871.5222771832887, 1842.891080738087, 1796.5912303123414, 1765.2519866926061, 1875.5102816658948, 1842.7688994623313, 1977.982899441234, 1941.3579021714456, 1843.7029440549084, 1860.673314941078, 1911.5030774004133, 1828.6782247529582, 1861.0983311462762, 1984.8052253665337, 1810.7303745627555, 1766.8229604579385, 1949.4536715477166, 1828.4024872512998, 1808.0865463721134, 1836.239274550187, 1900.5399675864876, 1798.2070108726919, 1787.7952300164475, 1753.2840724295675, 1777.208947082332, 1987.4246870515142, 1880.9373113234549, 1833.5182919019107, 1903.2750462192346, 1774.6172096240011, 1913.4188207746745, 1893.390726517245, 1729.0112897812105, 1942.167999463752, 1822.3274705548588, 1840.0866438560304, 1894.4263004905595, 1710.4451670645522, 1948.8702537897361, 1912.3410639274227, 1830.4502028854577, 1889.1813246276772, 1911.3020862863955, 1796.3989373240047, 1781.640533513727, 1838.2808760529692, 1938.826426740485, 1627.9599010410345, 1768.864610233624, 1852.757065859604, 1721.8660454342603, 1786.663162486459, 1762.942626515763, 1850.0977378903328, 1795.3320912516128, 1901.691773374756, 1886.187792771097, 1843.8009431106223, 1950.115271895067, 1801.933921901461, 1835.024189234515, 1781.8681886588854, 1915.1957058928601, 1725.7947130415969, 1879.2751486772233, 1934.8262599608033, 1995.2787026868634, 1947.6150982641675, 1991.3936691534286, 1865.0084132912434, 1812.6890510468922, 1871.439522882193, 1807.2567356233774, 1773.1673021711258, 125.04370133879422, 1847.4106926488892, 1871.1285512058525, 1910.3131314501143, 1691.8195941652805, 1859.1718821272407, 1911.063513303953, 1821.184686606613, 1919.7130593696684, 1748.8900777177919, 1885.9942870274042, 1893.997876591756, 1863.636591054767, 1866.7758552329212, 1819.0787586956396, 1900.221861523849, 1956.5969593255281, 1959.4449497857156, 1906.2158205179253, 1891.14820870311, 1801.4033456031277, 1880.2622350782715]}}}