{"hopper_attention_no_encoding_sigma_05_seed_2": {"results": {"test_sigma_between_0_05": [1006.7543201196493, 77.18198605658677, 166.13453723892883, 915.074460826244, 1181.461315706888, 62.40725805542258, 1017.6131011726321, 28.51270160441939, 974.4557641682933, 884.8309052389982, 551.1251856337885, 247.6399927656354, 214.78675998134182, 1175.599785154648, 1247.5920984002007, 633.2963444339373, 34.80386287986609, 921.2116063938245, 26.354708437769315, 212.51663179473303, 878.7441538445466, 188.2227566828943, 1143.2194350935454, 213.16902293141194, 1279.1521434689796, 242.96485175242603, 125.05263952972882, 204.14724682225923, 1010.8593976554282, 859.3240148883795, 1270.5954238705626, 25.470115949243088, 866.1212359830552, 1009.3627535887027, 75.36410399586663, 1011.9782515211779, 818.0828420314041, 229.9326218483382, 807.5879142692517, 1012.7933480999243, 1166.7226449083594, 148.3621431224115, 29.993846948708214, 437.2276354260342, 991.6665627932621, 1010.1941357606681, 28.89335843475451, 1248.1170444167246, 731.7381964323985, 1012.9603686261327, 1152.109683989074, 382.0075131242564, 1192.0816668054238, 919.9511488681555, 893.963955226182, 1002.917025495028, 27.50826820619208, 1145.6745324994065, 1320.3620305283391, 1017.7382111011691, 1098.2094248794363, -8.300633221245588, 2.1991090537374123, 1142.0175601347455, 231.0175269861834, 1239.8883030101942, 17.25024568854836, 237.22492184545317, 157.2456973563844, 1012.301523146677, 1145.675632693815, 1012.6071321495806, 1130.9852573163369, 345.7001009968795, 122.29911015941987, -27.377427070559957, 1013.2057848853198, 1021.9067627453124, 1006.5989760913566, 165.8876102235504, 45.14355926067616, 1192.9645280846837, 895.3559854735322, 925.9204288834394, 738.2535045729401, 99.27297132491897, 1164.6120046107285, 882.9444439783999, 22.695818253011705, 939.6370609203452, 1114.133105105011, 887.7605743868536, 1197.4487381062484, 127.39250658600069, 1183.1877469132962, 103.78704572348882, 184.84945780692465, 21.87101987805347, 324.95439773675633, -42.98207642798816], "test_sigma_between_0_03": [1242.5689984528913, 904.0386021129309, 925.0113833303883, 1012.3587605928074, 1255.1870554156792, 1016.7626757130148, 130.90933949960984, 297.33621452290566, 242.78184021933006, 1239.0408196287103, 36.36942499157096, 1014.0871797059036, 179.38012639897545, 1293.6180796628532, 814.5276872986612, 1129.9640788027953, 216.52392635511404, 269.0798497726429, 559.2665134435139, 889.0516930124882, 294.63310542112026, 217.36951068133757, 924.9855694704154, 915.1634107323125, 280.280855036224, 877.6463589594495, 1013.4436052852702, 168.8775819929006, 1138.9062814991996, 1199.9378606997632, 807.21761029456, 261.04708260300345, 246.00544576130025, 437.81595816997094, 1284.6886909432744, 1186.2675737195468, 1083.451276815236, 913.7043402207189, 267.7275224608832, 31.012573591464836, 229.838856303798, 1276.679698883997, 909.2772962287055, 1196.5647408863047, 529.121475754611, 1012.2948103607822, 1060.4313593906259, 195.2255929283718, 1125.0778201267813, 1289.365362312649, 1284.8133098647013, 738.7171447172027, 1158.5029848193253, 1241.265768981851, 208.44941678577655, 922.8640914713542, 360.25284101664687, 262.94434258196134, 1183.0151555317968, 327.8250799472522, 1138.0515843682952, 1250.3564563086222, 878.3261790582741, 1010.0032133534671, 183.8904268982462, 923.6196541863173, 251.23493546008643, 1276.5784345924121, 262.60733260197543, 1208.92194861468, 34.8224007268771, 919.525220321638, 38.811796452390496, 351.513753461806, 232.84019836194148, 919.2593506601306, 778.6495625887479, 255.42758010368806, 893.4253991496296, 1011.0455911299515, 199.8739144449386, 305.338320872386, 926.0791582341981, 248.3382201297407, 1234.2262292823182, 141.80013065163624, 206.90975530757484, 1009.115842351862, 207.409773724352, 1103.0130664727997, 1227.9830586839776, 337.5220941784876, 921.9274159849559, 947.1406907798051, 468.941136227789, 1282.5250257597147, 1212.5037185661336, 1210.9881020704775, 175.70115325367988, 399.8465562665959], "test_sigma_between_0_07": [57.71277131054409, 118.53340333591161, -51.83264933251644, 203.05050880674273, 48.53138004767934, 1144.772658172702, 55.954615855002935, 24.44277469931622, 124.96837534740848, -5.532466054002971, 916.3640772453648, 27.77973998901564, -102.25227268404318, 29.21538955941363, 321.86574619409726, 166.34977631864558, 80.96495651732498, 1006.9704144287482, 352.22553124552604, 3.928775307335317, 1001.4553284097855, 1120.676799642374, -19.388535722334453, 915.9797953155679, 972.6445040271827, 913.5705998555627, 33.06292092485128, 510.67109668118655, 882.3032198594424, 860.9228755616023, 164.20549329226336, 214.5166615521873, 29.502747244419588, 904.371975339216, 907.8193365181846, -56.772046888506914, 256.9352359615842, 1194.901953616894, 29.106823081419847, 1258.5407556241203, 822.4686935739908, 1170.5247603568885, 1263.0223879368102, 1143.8578667286527, 32.81695882883948, 1001.1239958614804, 1273.3414946025619, 765.3691290285823, 380.2806863667847, 14.440765355823153, 923.2806398049673, 99.79455781841504, -8.565158923991921, -16.92504874145948, 81.03547195587078, 200.96339027510066, 25.349452081022072, -58.85400197009972, 32.25460391503583, -17.549208439769398, 42.10017067812572, 84.34607324374097, 46.806752580919216, 1012.9086114957885, -59.246380260967236, -52.251252055587955, 1.0883591117503086, 816.350581415747, 1138.2966202802033, -160.68439927722525, 1290.0128717247833, 0.11301407954141904, 1184.448994526635, 1009.4630322816746, 808.5814601625208, 994.4334727979717, 1173.014125660623, 18.48691568219795, 923.6792899721855, 889.9092109453316, 30.397250040541465, -6.817310329661655, 1113.5232504767039, 814.8285389177883, 845.453606443194, 33.090109298546395, 1159.3201921939688, -103.89409015759458, 97.30316701992076, 173.9599935270045, 1161.2073682191176, 27.890636398926496, 970.1597903171088, 184.8120498119649, 182.42435797802415, 43.869095655662875, 123.75130876470774, -53.61579930582014, 20.266356642337534, 292.0481032031058], "test_sigma_between_0_01": [283.49349365883495, 962.4416146412567, 253.03822127946054, 902.3995715492763, 255.36481957381852, 253.89316508027176, 1273.5363734364885, 734.1178059528241, 288.27170807407117, 291.2199766466383, 789.6668971227514, 345.6001284590798, 1159.3498807521757, 321.92896544795104, 1343.8266693261633, 349.23192392010515, 258.52327017524556, 1281.250483945789, 271.02765211169765, 333.10293526466023, 1232.1818099471755, 290.42752740677395, 935.7563715747615, 209.65165612193354, 417.66603924879587, 901.571365631037, 350.3444200644798, 538.0384982663708, 215.91623081467154, 257.84865717229536, 1203.3380035154182, 259.481198768307, 1301.499609679905, 263.9424977963631, 1141.0367993871955, 216.02860759634254, 215.86560420230953, 298.4531069284549, 156.141491307985, 498.59052244235716, 331.062955459089, 257.10768070432647, 225.15538446778598, 1199.5279522147239, 273.1719592767066, 1324.1213908478792, 1248.043089793226, 276.7847408213703, 432.79234818984213, 241.57694196794398, 1043.3216943659181, 916.827250304735, 1284.650403918964, 927.783455689329, 328.6399203015989, 1330.2033109483016, 1316.4068101104597, 1151.0673663223838, 1216.670167562113, 304.45886332124456, 361.4662998473268, 462.73810491886877, 221.16574570279363, 288.25020287648397, 223.2728095348542, 953.2863962474692, 378.3036819184714, 281.91711039785605, 798.1063138290262, 1210.1874999954389, 1303.0906737863004, 302.4345306843545, 1286.757475048981, 377.8689101652377, 216.78827852751775, 858.8352750188693, 208.85923698695146, 1354.342129030819, 917.6576773425058, 1278.7339821960597, 932.1991299923222, 1295.4929415038973, 1317.584877649185, 370.41818672829385, 290.48783935043656, 706.3930658664059, 1275.8075067649584, 1292.490961455414, 1295.8735499021652, 1289.1051297740516, 261.12920670043246, 526.3577318242758, 279.36804488296696, 561.3574465382173, 1284.5090040211833, 1285.4538283575182, 395.37675430345024, 1264.323809795573, 322.1652376295855, 1260.2710289824508]}}}