{"hopper_simple_sigma_01_seed_3": {"results": {"test_sigma_between_0_05": [-4.903086800062736, 8.364308625736156, 116.29401014798061, 909.6922462783144, 111.6164030400177, 27.23784387279156, 1485.2595909654199, 84.12549662252131, 807.5474634803575, 981.9426551824067, -96.24788265829262, 148.341984164041, -8.409975976790882, 97.88018164797249, 123.905526952559, 910.515405931503, -64.07998673332186, 805.5801047646988, 77.82536745686373, -16.729594473166802, 120.44801680540256, 112.14504165793623, 298.7841009559501, 114.23254394156105, 153.46627652612221, 190.2910765773617, -76.83329738233444, -42.013421827837014, 109.4468128358436, 127.41002192491426, 114.69694195369378, 118.11953359765758, 894.9620543447076, 872.038526880015, -83.38972434510214, 900.348340363136, 181.40405528641432, 441.4679881903546, 88.9386713163578, 657.9575018925178, 125.5018236701013, 29.364922492569892, 132.0913449769053, -10.598550622502803, 696.0651376389144, 909.8202789039939, -29.307737331687534, 61.934977282222825, 135.52534603540553, 49.20656327136965, 135.5655939888253, 70.48076977893943, 144.0464646206485, 870.6330596987298, 1088.803256162343, 646.5333276183154, 151.79249625639497, -13.593928622780368, 123.80337048105723, 901.2394884859301, 54.312137709469255, 118.27728850057319, -41.07134322365746, 50.98889488881978, 1761.3306411699443, 78.04989259220311, 7.895290762082732, 135.94841222082613, 31.933170070963392, 661.4849660257725, 84.8183999309418, 913.2580950430403, 31.58520780301332, 1264.6216396792533, 3.720084636166577, 37.778346607126856, 906.7864354817261, 50.08985733730368, 703.8126579867252, 100.4674212563434, 157.06426402071085, 180.03488800423506, 1221.475771797592, 2.097349143394969, 160.6335666523387, 15.377498000064215, 63.892784663768545, 905.1570224207281, 163.62734828086406, 101.84621587900483, 883.0732569376395, 906.7966452720688, 34.03928820826986, 96.88919475814762, 59.83688314208993, 73.92746946951229, 109.830931884727, 129.61425435200945, 1405.6658194229788, 897.8175029858357], "test_sigma_between_0_03": [167.81786271713506, 1221.6666904298497, 1521.6525269690208, 1533.2469261919462, 1905.0379837351197, 912.6875875265736, 77.7188601741742, 1367.6781238002584, 1640.8888175593013, 314.7809689527025, 121.35433722777086, 907.0142904403563, 129.11942406663877, 1785.1613856787978, 81.32652515966039, 93.07847563314867, 135.33246380825588, 332.8919805198208, 1615.5471940665605, 1381.0765527754888, 1480.088377251021, 1510.754389314627, 1445.7979609804452, 912.1956048632698, 126.6243193336559, 1247.8100125999597, 539.5685156831157, 145.5969925643716, 65.18496445306083, 228.53272005686023, 907.7820268924712, 172.10269347656435, 168.74711948408077, 139.03501521640143, 1845.0374089834977, 72.12739200278448, 62.82274743687595, 50.132025433921086, 172.54527359747007, 120.51252066769374, 1302.4227983674455, 230.06041953355165, 906.0583062815218, 55.7329378693219, 136.0776410723993, 910.1175208652135, 1396.1591174169714, 1641.1611658117342, 1454.0307328513927, 497.8910609618209, 1577.5802387474341, 141.2378529996145, 1584.426833079164, 186.3672742627415, 160.99495779243006, 1374.4563973334039, 1578.9238373617063, 162.03231370135182, 84.61329356486674, 1758.5795935541523, 79.08368792128753, 128.36493803767956, 914.2033412608646, 911.0495468169443, 122.9257517605598, 53.61469526063157, 1502.9471611514589, 127.14774587714926, 1657.4301359493893, 176.9622954849124, 127.62961005331016, 892.7602453518732, 142.8426277277947, 1783.6690369022406, 1805.6107549014537, 1464.6676233666933, 813.0255146651259, 140.17625108285577, 295.48109499561684, 263.40367452923664, 134.21494865377022, 1372.7244441021294, 1465.8670439683929, 1496.985007678872, 168.34689371279677, 119.60275859397518, 156.3292729816443, 489.2658529964435, 136.53637115360615, 77.25548706313714, 121.70530490705282, 136.36925151390165, 1302.0811373446268, 743.3627893701456, 1702.2578648877097, 149.27700321654555, 1835.5386577150755, 160.79578028308754, 82.34203688009582, 1348.899035971084], "test_sigma_between_0_07": [84.65385833616313, 32.39777236169611, 3.9865794630153686, 33.21719809156348, -158.73798379336512, 98.53663826472913, -58.175419815459456, -91.04972951105445, 89.21762742543507, -10.542339430005802, -1.2634046088787731, 121.09839038003844, -54.01541054505942, -79.19739161069154, 1549.5729092981492, 196.11611423701532, -27.46684917963721, 720.999848204456, 32.4809097225836, 366.05183388599795, -144.5979258103878, 63.44734325027675, 24.718944825597283, 781.4456664890185, 34.00857781891246, 786.3280829112747, -36.54893935365981, -36.06205144910782, 912.1870921987332, 33.61752781700925, 104.95335076541816, 89.77476250796173, 28.950510410683634, 132.26949885890647, 896.7633143888502, 61.97500216330373, -42.638886013563024, 158.81542146783474, 101.26955970422277, 144.47428587947505, 110.87631600858876, 51.51124598803144, 165.4571688932381, 34.66909116705356, -84.08489024477457, 171.19532556368208, 89.62523684483608, 878.0125577779768, 233.06743816426905, -89.5502372349816, 429.3594135168488, 6.5445790469340865, 169.97177788599217, -73.74833326198714, 798.269634463066, 63.48113643834659, -86.87336148083995, -10.567991903888469, 95.62178804691354, -113.33946701616948, 109.75731574385718, 82.8352082435755, 3.114921120472718, 1334.4675131851213, -53.45350558015052, 42.68037884066726, 5.720114768701023, 889.2656017031027, 34.03969707356591, -78.20051713295398, 110.9774882780548, -11.251028359166229, 30.7869129129991, 803.6334847522813, 893.5753327264733, -14.823056733407428, 1662.4770192616252, 158.036871090354, 18.682649666487123, 905.553872868886, -47.24377641983883, -33.052147577273715, 58.980554036589446, -0.3790400375553875, 293.09918190305035, 26.7433920431562, 71.2725300424834, -130.7774014274983, -73.73095168411672, 184.25502830747277, 145.23080257463732, 47.88369178087305, -30.537126140082545, 109.28179834892653, 32.864325561397706, 10.59377009213931, 120.50859086926934, 907.7001060986398, 3.1408243259298616, 317.70805961757276], "test_sigma_between_0_01": [1524.301988314064, 1678.6097596967577, 1774.7353315993723, 1349.676033801235, 1815.8447755641876, 1688.7716505692542, 1842.5330767934256, 1582.2064355655139, 1661.9855273670435, 1637.8797061164412, 1813.6931473086195, 1661.1492971669747, 1619.1341231705424, 1613.1648107386009, 1777.539440012809, 1554.8596637223382, 1569.3356988647845, 1771.5955428417426, 1768.6867069818047, 1637.5268107660156, 437.0514450575179, 1616.545390314239, 1507.2591074040638, 1740.6563699325532, 1634.5851804981812, 1537.1287632103986, 1468.2573682567374, 1501.3814778754108, 1753.9302781596919, 1795.5069132614353, 209.33330347570887, 1572.0397369445905, 1842.7395693269211, 1602.868031811762, 1695.3823818192866, 1762.8784098591286, 1620.0811111163364, 1655.1593561552877, 1650.7423704325104, 1595.1086916787906, 1688.0775673703554, 1779.7355089145703, 1668.976481859725, 1662.3158252405515, 1862.367061932975, 1629.6594948927861, 1864.4929124451078, 1544.663893629209, 1716.3839726418546, 1792.790867543122, 1605.3772949689665, 1352.4936086988037, 1761.2426256624008, 1595.5157960542933, 1681.3764195152164, 1630.6623121563887, 1544.6911702525142, 1628.6882822434034, 1788.28389708494, 1644.4817242128897, 1584.8539530027892, 1591.503335278387, 1773.4236785020678, 1621.2884356808238, 1754.8079890038564, 1692.7208564327193, 1695.2338034516472, 1528.2883273543232, 1826.7561683319977, 413.47394620628484, 1741.1039526435595, 1779.0570392560928, 1779.2329208556903, 1720.0623460067254, 1742.0978297280653, 1679.3504572433596, 1777.7726249680777, 1697.1841849111888, 1337.2240718849037, 1816.8530412784348, 1641.5883278844974, 1692.157166605328, 1544.9243933239636, 1538.907525506801, 1581.9103954823977, 1629.0802895539134, 1833.6001619743215, 1828.1834589688438, 1642.2601921678886, 1664.544772487975, 1662.7424264442664, 1646.207114218528, 1633.980359484433, 1676.5647087123339, 1737.5159557142226, 240.8601845282334, 1682.6626466197893, 1830.0737294460905, 1627.2296227365282, 1679.3030581358705]}}}