{"hopper_convnet_sigma_01_seed_2": {"results": {"test_sigma_between_0_05": [7.775089117159942, 28.019710214034433, 37.48984073949396, 127.69123853083725, 32.777300661451584, 17.44959852717729, 39.89671600599832, 50.20099412621203, -1632.1031138172257, 304.3557744904871, -43.67411263369141, 108.37864412357156, 50.26645550927205, 357.9693813653178, 11.154964540936632, -444.500251225696, -64.37129069794757, 82.21982752554608, 47.647037060305585, 97.48928337694957, 1622.8008138509329, 46.01465822618338, 1279.4568724511003, 54.45913020894222, 1495.9483340804393, 55.016158827791536, -54.85898981402571, 126.80706180389394, -10.131980898597977, 258.4343001453613, 28.437372877467716, 9.846060984604986, 549.4719739206658, 28.5507506870228, -129.56938803749657, -39.6609767402275, 1595.7036981727097, 108.9047323705934, 72.95348585728209, 18.988915216947508, 43.681076502476934, 65.03495582403703, 66.15906284100784, -97.94670096723276, -10.375967921729902, -150.03084719962638, -63.25243059194184, 1623.2571271347147, 23.090282977827883, 117.9952162545582, 52.67086537132565, 9.725816780759494, 26.985369795799496, 63.43475838314334, 283.40350352100796, 28.093230064021164, 34.963841918556135, -84.78187947652923, 24.199112243574923, 59.442358438018715, 1287.4568578131782, -174.46501774186467, -60.52607946748321, -32.62242601527542, 1217.9420870789052, 1443.088672820763, -57.5670984015902, 147.23919184032275, 37.07161232569488, -272.9565622125946, 644.8236449624295, 168.85008170770615, -16.123179330931464, 195.14919201585582, 65.60290351678124, -42.08854804556323, 503.54681288267926, 2.67197780360585, 43.404321732146485, 41.94453879872163, 44.54999014537316, 106.68433464889381, 1499.6666819174104, 110.72188714278458, 52.83107083861833, -37.75053889975243, 41.900329451117436, 774.7858577627242, 51.427393858482525, -16.269364453818707, 1335.9245510285457, 145.9594102945586, 18.0334762355269, 446.7475755622613, -38.70137637830483, 46.38486678519985, 41.82777899065841, 79.5087819988883, 32.7038296377912, -76.19023095229939], "test_sigma_between_0_03": [22.72982413510326, 1635.8562357986357, 1597.6988665700742, 695.8124289837722, 76.40246203656568, 253.95009552884713, 274.33845414926753, 41.77079518428654, 1800.1418926273836, 1593.9087941755388, 49.97035476984747, 180.23050092745834, 73.59636633370246, 1560.6569656949946, 1133.914534890361, 1539.985542141174, 49.55324629816459, 1074.0421684264786, 73.66510657770267, 1624.7125652253999, 1674.9074187490917, 1800.4976200112214, 1367.9120281172166, 1111.2235109783142, 83.43591434611588, 662.7525269798498, 1467.3324942406412, 141.07597131365182, 1119.7855323811639, 1352.0766902970888, 364.95195108681503, 1677.7649072990655, 178.17765432686573, 55.1059047798175, 35.786961627872394, 146.01959706443017, 104.58757128378062, 1342.6780627450178, 285.412437493821, 1830.823617602552, 1733.5019873084157, 25.02616130954266, 420.01386707497596, -48.74261512174562, 2063.7133823636427, 241.70909405246357, 1839.7707584485725, 294.42876463006985, 1692.1718911974094, 1743.765674635458, 1648.4052061174066, 380.40656612699206, 1795.2890951659717, 39.29941980010045, 143.4255885534221, 42.12989278144668, 596.4653552966242, 219.7353354196952, 1423.6431442887058, 942.4264593312373, 1510.0302853416383, 1753.1268196456833, 137.4187478382286, 98.54200591052647, 137.98189145944636, 33.74281695850951, 1810.654044837208, 1718.054832970357, 1797.457042211112, 42.626005248322336, 42.81968417087337, 418.0404879061199, 42.48067314970976, 1439.5745703660268, 731.6487924643939, 1809.495456470737, 56.07105099457694, 766.1928283002669, 1477.6925362152447, 57.81505779803117, 134.5368771876703, 1506.2226347571789, 1467.200929931862, 1862.8964799528399, 1704.8202118135562, 57.3266635060063, 93.61495747745937, 51.529937545473516, 216.33122218331698, 220.6078745976077, 51.03533857623262, 23.916560638979714, 1612.066269262891, 1523.7317707880661, 1480.7799090473588, 652.1216223540144, 1471.5443117383934, 1570.0710695431997, 1484.243379009179, 100.6708720767434], "test_sigma_between_0_07": [5.030470820811753, 44.11740206124233, -240.84350189975083, 56.998573417686565, -146.15711282897098, 46.061474260372044, -43.41208188485325, -112.12689603470933, 37.07645833401476, -63.43668985687983, -421.5820815525177, -3.4522091486782416, -48.9781903567753, -87.29798839947762, 33.45132604816172, 118.6588690541888, -54.23142179040733, -12.584019784996052, 51.55604231310426, -83.12309036453372, -261.29305801242293, -73.11256832814836, 9.992346438436652, -68.20416142107713, -23.064300763494973, -664.4161902742808, 38.52620728465699, 2.0098811714196856, 656.2430369961833, 46.85413356342179, 42.58336000533162, 84.2579074754409, 10.340818784684235, 18.799992284794286, -45.96274929724749, 41.387668350167225, -63.248975482321114, 77.91325265516062, 68.35771694734866, 44.55656388214701, 36.68987859524059, -17.81008646515401, 1419.1463282076718, 1332.337922302419, 7.7538328575697975, 21.89504081737104, 37.53425681065273, 596.200113166076, 132.71444533931492, 12.1556730571785, 643.6723553002075, 121.70585729082376, 90.1128578677977, -59.8271905669797, -65.54800999135186, 431.88759911228385, -82.82272413282045, 22.527973167208255, 80.39265715589572, -12.859428570866289, 34.78111582669954, 184.02887529254943, 10.498339795161156, 43.62273537090659, -226.5964419138123, 22.259088923275705, 50.839195388727234, 45.00691035228956, 55.71965712009555, -19.541572063340563, 9.950862001150378, -118.80337569740519, 33.071221513304046, -534.2345122601733, 531.9619338645698, -3.9693090364395305, 1991.3789637219174, 42.89650815956264, 28.87389013101057, 457.5931748024145, -144.82873108335193, -227.7535947192897, 14.624994121897895, 148.0007592561378, -9.535564718261723, 670.4473020517474, 248.2982101612068, -51.66945217637692, 9.555496380076505, 43.4671849934297, 116.38853351312571, 21.595719654748976, 6.209863599421814, 23.209311770855862, 56.2335919344987, 2.9822663222948895, -11.169846226269147, 637.27215203647, 83.20202950253443, 75.70234008537372],