{"hopper_convnet_sigma_05_seed_1": {"results": {"test_sigma_between_0_05": [957.627190510905, 965.1384396604942, 1620.1430706073336, 909.9088268820713, 474.5704251369227, 1243.5025597710583, 978.2199776984361, 925.1327098336583, 972.5752538634746, 1132.9905564104295, 152.75847345176604, 1602.7120541303998, 1007.0031242797194, 1280.1961979932862, 1516.5196889989384, 981.6051653521586, 162.86543382873506, 915.3290554757334, 985.430472783339, 1391.7262430064402, 1619.3625546037229, 992.9678489671159, 1237.9443868257063, 377.93084084270106, 1496.9597737014783, 1060.078154676193, -6.888317068378091, 994.185557919455, 1019.0811213870879, 914.4970876937034, 1521.856091330171, 464.18790560275085, 1006.9610858273692, 1015.4909685061597, 333.59388002173074, 983.2654007943871, 1526.0784725581955, 1573.8462031842707, 912.4490927232907, 1159.499063764248, 1322.17825418581, 1002.3571281672014, 1402.5970254585418, 1367.8072798923536, 1010.4804562135088, 1013.6255174057844, 1186.1843544955275, 1258.5517265738793, 1346.4587690965463, 998.8370035078133, 905.59244116711, 956.5914093012275, 1346.7754300856932, 933.1947417985526, 1023.4361663447988, 965.8202266500967, 1158.0493167257177, 1307.5691077632305, 1510.116766246111, 1019.3750278984606, 912.501922540927, 78.50083571496727, 892.4129066277118, 1005.2106565134462, 1115.7490553712246, 1204.4235652684422, -55.57924996933143, 1632.5485327502906, 991.2160056662525, 969.2260748052671, 1068.6628153214344, 957.1894654965112, 912.1256592762676, 1050.1920391833448, 1578.9095028669274, 783.9392813360286, 1010.4514169643185, 1374.4917102190743, 913.5903644053329, 910.3892790689254, 1004.7425541270055, 1415.4018896233151, 1197.740105504818, 1491.071645369856, 1259.7168686122234, 1115.3265160244957, 1015.7277411637779, 916.7887937614761, 1466.1478909337525, 1406.2349505355414, 1249.8376158645942, 919.886031242073, 1163.6124785787013, 999.0231694069525, 1128.19368770638, 300.2983637245981, 951.2925719834219, 103.69982872930123, 1455.611311657178, 977.8110940372908], "test_sigma_between_0_03": [1441.102565444117, -15.776367134184705, 919.0265346015067, 1253.9248876016395, 1439.7164952556236, 1012.3459920472394, 991.6369373548624, 996.7165109499583, 1375.3541123552582, 1312.051829246739, 1317.420859927838, 1012.3018602294648, 1284.34458042829, 1311.7655919991205, 913.7700148797378, 1114.6591010979637, 910.7668285031361, 914.8711661527943, 1245.5215146990836, 940.3173572400653, 1271.9640034194167, 1172.7501461736374, 935.5951349842961, 930.2089494844366, 1555.3971795383086, 922.9967011006723, 971.252589609135, 1221.9208146927358, 1205.0134435455207, 1387.0755053358619, 914.3809094753778, 1605.9589436781698, 916.8056183780717, 1337.2041638140913, 1322.571119598425, 980.7194230421425, 1231.2470493915273, 914.4506759000112, 913.2835680914542, 1482.3602686154, 1183.8376804156262, 1497.3377505844062, 910.8308441675582, 917.4707257363116, 1717.362687287836, 1000.4231973090282, 925.6222743259814, 1072.91477659176, 917.9651070542801, 1321.0226802466698, 889.8343047090302, 1477.3242602542548, 1354.3827661292626, 1505.6189582184088, 1255.546266273005, 969.9536984799718, 1393.1905829465938, 1047.2931368082268, 1177.6263410788895, 1240.296999434962, 914.2218929797219, 1412.07621008922, 915.5289522784557, 997.8550250020559, 1129.0989510274167, 915.0470549873847, 1290.185917251793, 1445.9402854405982, 1345.1907101333084, 1546.9336313491751, 1327.235396836078, 924.9226187534794, 1243.976621293953, 1385.1734921247885, 1275.5625994156155, 1152.001994835071, 1166.789997748315, 914.4125309639983, 919.1780653026145, 1113.4928956438403, 1252.9094021310102, 998.3710720464182, 1152.2106717707752, 907.8317288853609, 1389.3193638010705, 1647.082308265843, 1148.0268835205482, 1015.0836070116201, 1176.5772891751315, 1402.2451682597634, 1360.9532557162413, 1462.3414062364063, 914.4702560996225, 919.0025723313893, 1359.4025761262315, 1324.9332664980564, 1311.9875814275101, 1291.3670522615014, 913.8678065314126, 979.9800048309064], "test_sigma_between_0_07": [46.088151164937884, 994.2442043843029, -8.9642904649605, 1034.8619584204307, 26.32355987995833, 1326.85507532804, 1515.0780633600798, -23.773693579046817, 922.112515300485, 50.721947418634954, 860.4101671324321, 975.7124326892024, -50.794017718637775, 10.969070825060772, 1092.5797898549376, 1505.0448136159973, 124.57074669384313, 957.2777674657955, 1050.2727829911098, 860.7659938264553, -35.47817013554741, 1260.1832204501322, -13.549115083081414, 882.8917089731481, 257.1109402603994, -17.34996036077646, 1015.6083516697098, 1140.1035076918433, 758.3617583560148, 609.0284286713301, 910.8798144477003, 14.3337413199537, -44.587519937881744, 941.2202248396452, 881.4266052100455, -38.75717348641337, 198.26025032350873, 1438.0878318514824, 996.5404421384399, 1359.247513733146, 1279.08799603956, 1137.271671066647, 1432.3748283557281, 942.1587108651505, 14.317240146434052, 19.7922332791859, 913.7739822555963, 906.6334742193246, 1389.8421022404384, 51.269400211379974, 979.3773431136594, 1513.8020849844308, 1541.9830444849736, 907.4015196157545, 895.7360784839071, 917.7013784961483, 30.916745771460416, 914.4196303967395, 29.265538466532593, -32.464007689140274, 113.56213532994737, 912.8473806574174, -11.879129808468864, 1096.509251523049, 2.2570281975597046, 42.93069269088301, -69.48780787421128, 912.8730520958584, 998.0311805525512, -3.1250514941100844, 1484.6786410204022, -17.712089849651964, 1246.5975927639106, 911.6643158677851, 3.761339582475191, 997.8867695781405, 1284.9593262506241, 130.03917289894454, 984.7130376755671, 915.211592115256, 16.232458855451863, -37.652488489502865, 940.9820136036815, -30.009902093946582, 923.848811168201, 789.3681834673932, 1388.7589991566128, 16.586491155139807, 60.00944427046781, 1008.1212986582532, 1563.1907642300873, 50.55027898242406, 935.7709681714897, 1694.378002607471, 149.92376071418988, -5.97458512367157, 1625.6508394848656, -21.904343053298366, 467.5799296389466, 1361.546078399144], "test_sigma_between_0_01": [1254.6412123654054, 1291.2275363758165, 1329.744937401607, 975.0114064439143, 1342.783698653217, 1345.2217341810288, 1312.0721175319725, 941.0225794061834, 1317.6606694067946, 1321.6416783851319, 1335.5066344442973, 1347.864457933821, 1182.350912999489, 949.9973291899603, 1348.6645343016148, 1257.4535122488644, 1283.9020247902665, 1363.189018368576, 1317.2082465847109, 1263.8350444205553, 1308.3139660122229, 1281.0511831372867, 1151.3806832081268, 1295.0765410992083, 1333.8354881009745, 1130.8839735960694, 1166.252901613875, 1138.021249897825, 1300.3920138171452, 1350.6117722077502, 1320.8967238380603, 1283.1761612837122, 1329.2833255625897, 1290.548930019723, 1313.9503044829705, 1357.7262379630404, 1242.1969996053044, 1329.6091878159298, 1286.692445237663, 952.7712424196452, 1336.6333235869351, 1340.263909860981, 1342.5640811437322, 1204.7517345896551, 1338.5527870825729, 1194.9514622475515, 1330.7355750720449, 1268.1292264108224, 1257.1380445222148, 1322.572061265496, 1215.2517169244047, 1024.0756284732847, 1336.4186961982305, 1180.1566731869575, 1286.2604722671003, 1251.0267170598852, 942.4751610056334, 1298.5730659736478, 1286.5349566183381, 1343.4909033730046, 1268.7460867649174, 1194.7046404759647, 1334.1051290080125, 1221.0353896843574, 1297.5351070257398, 1252.4910829840846, 1320.3744719717406, 1246.3801189496085, 1340.4426242793584, 1263.408762686499, 1358.011011083578, 1379.2056399517523, 1315.6009307867744, 1289.2723712977197, 1325.8580870174053, 1273.767741698345, 1310.231127893992, 1289.1110369577889, 954.6637337625524, 1320.5373992557193, 1284.8476967786614, 1266.0577589479985, 934.2746664569527, 1215.1260986599782, 1207.0980792895364, 1246.5485864720306, 1310.0966528175948, 1314.6796774649397, 1234.2172676868356, 1263.8954416678785, 1301.4306504759163, 1278.6301733823527, 917.102966755573, 1291.5209180927047, 1363.39923041491, 1382.1369298939906, 1292.1280170062237, 1366.8733120666843, 1259.661212110102, 1306.275813936297]}}}