{"hopper_simple_sigma_01_seed_2": {"results": {"test_sigma_between_0_05": [11.138831465503605, 3.308849761600139, 176.17921920254298, 658.0996569300984, 129.67208877582888, 1726.5794884826819, 620.842830010262, 101.44205319311877, -441.584196014418, 1852.1481422029842, 30.29717962750728, 150.51710664865385, 135.66850942120075, 2008.1551071724116, 122.85331236897471, -90.0719046353988, 102.0245685252492, 452.34887844442056, 112.77926462111793, 140.71434511333788, 1208.536966669344, 111.00680619284977, 2415.7995248218813, 137.51408591749353, 2487.0293929709114, 151.91105178829602, -80.693718900776, 123.89553691176987, 110.06109308215818, 114.53892780529858, 114.94697104766674, 144.95115114502985, 953.47430559212, 36.1648704616513, -43.38497856966132, -17.753295073370012, 2247.155172804562, 165.93711055754687, 838.9516849601607, 62.47842443642149, 120.85773303267345, 55.04271079641039, 162.40604861076145, -14.218427500574037, 9.614587931436837, -85.76694658795743, -13.33978243371239, 2306.9245395169437, 119.63833333167568, 169.36356400022623, 143.49927098443297, 560.5035594315705, 141.74916078801766, 623.0569674642404, 1017.6110288574222, 26.475208374507204, 120.89603607485623, 45.74450868460554, 139.5109871476001, 236.69945531768192, 1866.967185655815, 7.480064882799343, -90.33496995024909, 54.46401490813223, 2218.368466338769, 219.6229106227576, -23.916746201318155, 167.4928680801168, 119.84611532039415, -246.9026247722226, 303.34780682333957, 693.6615525929338, 110.24917753532937, 358.7296527414467, 135.23520399267875, -82.73319907675615, 218.3701616757232, 67.48710223004747, 178.09806144881594, 104.73875445133159, 133.3971383855256, 2161.7261189382098, 125.57212427987541, 247.22858621036417, 141.40507805517265, 40.66650121605924, 72.32767776168474, 699.4343899968909, 162.56805956510507, 47.28332081959815, 2339.7543483446007, 757.4386535229248, 113.00488992873576, 91.54476907891221, 98.8462687743726, 120.07822077896272, 129.91091178539352, 127.73679640259073, 1050.308230922809, -608.3681747129315], "test_sigma_between_0_03": [2178.991256925194, 1851.178001548721, 752.3198293335194, 1809.620055357597, 2391.469834023011, 617.3932973155665, 138.58375695920844, 2059.3992189619553, 2249.3725708782363, 2291.752703536083, 136.32078454289, 431.1523175465113, 110.67344572852016, 88.87820964651328, 705.9115896923062, 73.36965750216187, 130.18931933139828, 302.44620736685636, 1434.5268815335103, 87.49519673424075, 2143.4364191419977, 1765.2105273736827, 634.6078410405858, 849.4075310330406, 170.7017228157958, 551.1418801219594, 1492.182908254037, 136.46301428238513, 733.5758289666514, 2437.377551876961, 1254.0608397733677, 2293.9498009555064, 128.60229416756192, 131.14887624326948, 2328.270699521051, 85.19408510353533, 2012.1725725747692, 490.4633142180221, 165.75820993234666, 173.6703787923951, 296.65617893274884, 2297.355758967408, 706.1579532465337, 118.42513174692716, 316.0367427186431, 547.0158429468813, 2065.625377250461, 2353.426911290615, 1806.0870053586373, 1508.0686750562522, 2059.8660954141383, 2154.528601714184, 2073.9479294141156, 2171.722335007005, 261.7044591190629, 89.71733406550189, 2070.2733292384687, 106.79004851647184, 2312.7847660215293, 212.4077273338844, 1502.8022847822524, 315.84952017734906, 406.6864112485914, 475.8830091028141, 137.26229506578238, 213.19451694076704, 2165.8529729714373, 2420.2720055722716, 703.5670075792804, 2148.3854306632693, 138.96815627277536, 682.6404988552671, 124.76636182419458, 2162.362661862223, 189.61594041817156, 1913.000417887785, 312.57841814183485, 148.05793198500905, 996.2113346986033, 317.3848667078228, 160.7895772702076, 1942.9484880097182, 156.3910554465795, 173.77423029765922, 2439.041411545193, 129.56414391912259, 137.45350769380894, -39.38693811767153, 144.70636565178282, 117.78762526693897, 222.58059259341098, 680.6028674753039, 847.6938467430556, 837.559519496834, 2002.4125390971783, 129.70827211872526, 2358.661913585201, 2368.509430509313, 124.28434031691575, 1917.7356081761022], "test_sigma_between_0_07": [82.69162238403223, 151.45106270977854, -15.676697361319386, 144.60064035031536, -25.029561234764692, 513.6057388540854, 2.0519483731593953, 7.978045054270481, 139.499419255073, -7.716037242407039, 791.6780047395574, 89.66100667056453, -50.660034661807, 22.31795234427262, 101.8817946943105, 154.662735570666, 58.54202739096214, -14.608204048019248, 142.66349354355333, 9.058375698029703, -182.4415277729, 96.96226726586315, 6.726191918645052, -265.79089839983936, 56.71339156784377, -219.08126515621245, 97.61019724293877, 44.45850626204774, 671.1075648751599, 60.86495921596505, 56.115302508258885, 118.2035972764075, -1.41024298738194, 98.18728761737435, -619.6232764246283, -32.870501993659126, -37.621662592850036, 104.90052245127299, 115.29680648600336, 122.32634814431655, 99.61673235831111, 71.4385888517747, 2364.1379454223897, 74.35582218483904, -62.729685499926575, 72.38027035268897, 124.50325583099769, 143.33933002835695, 2123.4979157129005, 40.04748662792262, 503.46107410120015, 117.66857848270884, 155.57118607225712, 34.8011179192632, -65.77729949661735, 333.42156197617703, -103.04287983504182, 567.2457541555827, 49.271558985002045, -6.842887164977383, 108.78416973987038, 90.11319370363927, -110.5380239666061, 418.90131137591123, -155.48402491424207, -33.17285823969577, -3.3408426148787846, 516.3534971872367, 154.66957613520938, -133.13085236593903, 115.44259220112438, 67.76572861741302, 2128.1667785624245, 42.44193627418565, 770.9425406603125, 72.26428285620058, 2248.1538434954878, 129.52592482299366, -55.81350321270728, 723.7695777489987, -70.06523881249886, 9.756935822265222, 1208.2028965300553, 737.0000176692002, 57.06468132983721, 105.69132164176257, 108.20715250147337, -20.16945866061578, -10.693112852769264, 147.5229837502993, 2530.787288091973, 94.97003608683012, 57.050326876653706, 138.68834134943174, 68.00074192359898, 4.0942596075677775, 70.03118724768282, 1021.77732958303, 321.8189991511317, 83.41562889955384], "test_sigma_between_0_01": [2137.2652246112702, 2227.4065325168112, 2296.656157877221, 189.27338764399173, 2353.2881382307055, 2282.8005591458573, 2329.9681741911622, 2204.222316958254, 2261.3700391379884, 2166.306066728542, 2346.078297507491, 2264.8197608699884, 2198.2447321173217, 2205.9262136968678, 2328.3086968613125, 2173.708156783992, 2195.261859324163, 2264.479954933522, 2350.776846280401, 2288.293386099319, 2231.171381728621, 2215.1823012548525, 1984.3557779091286, 2340.737826565623, 2284.3203330969486, 2033.9351078665861, 2038.7391159430613, 2129.2868261438357, 2367.6716406724586, 2352.995364841341, 2282.171075865435, 2222.368489237373, 2281.473717119023, 648.6601760771165, 2220.2480605611227, 2300.4238598216, 1106.592050217334, 2203.5751867069403, 2309.871013921618, 2175.2071642354977, 2219.506920572719, 2341.4415288377854, 2257.4920072906275, 2158.4811149585216, 2370.4594487701042, 2212.058537021964, 2351.860587405634, 2152.0077767654607, 2212.338102587424, 2331.905967305629, 2038.488298955651, 1784.702610254768, 2323.9136697101158, 2090.727217176298, 2229.2463975528967, 2232.1567393687988, 2059.501897228829, 2167.7537082950935, 2279.42146618447, 2296.076447262708, 2175.9464972867313, 2094.4767491775474, 2362.8377225217273, 2283.3448119809127, 2312.991309562098, 2264.0839567031876, 2171.6543251278918, 2101.518522656675, 2274.075189037387, 2141.4855178306384, 2230.095804931349, 2318.3770968925296, 2280.7668835920954, 2205.78519522732, 2330.919110345283, 2240.0805777721203, 2330.233968053995, 2250.572831999826, 1838.1092670406538, 2263.4783653120658, 2193.6441044175476, 2247.433094775004, 2108.8084643634447, 2121.7184098920197, 2100.483260043561, 2206.1830486779654, 2344.244017383804, 2330.1588689959076, 2079.2954352552188, 2181.3523025507775, 2251.2268711068787, 2278.6369011555994, 2275.500785616739, 2211.761580206454, 2278.187470255503, 2420.871365504015, 2155.646810038619, 2367.3722692803467, 2214.1353830283283, 2256.952231405549]}}}