{"hopper_adapted_sigma_03_seed_4": {"results": {"test_sigma_between_0_05": [32.806140716983634, -0.12911216828214833, 128.34814856788, -8.420559429784774, 94.21566022383779, 31.22490365379344, 190.35795623892338, 299.4445306878014, -107.24572646287561, 1126.9701078113849, 90.4034305064735, 639.3560029736343, 83.64895130230724, 1795.974114267833, 225.1660246587838, 677.5326936240932, 51.05540559130167, 1132.8122345704567, 86.23074647128232, 35.1801242424277, 1662.5745157934512, 785.0377317136011, 279.4642758791728, 72.55683821638812, 610.5344449782895, 920.8166260280045, 50.03172597334489, 138.19628537152175, 337.0403352259544, 275.8445210414109, 558.8954572927702, 223.33203274402635, 1403.8994031526247, 4.152773854625412, -27.44214879823412, 493.5481740835839, 1308.6214344143139, 126.69976604683468, 302.0244326737681, 587.7966912813616, 345.8877561495973, 65.07220772418806, 275.7951499395175, 104.63771607960953, -36.02630116924411, 20.93784354982053, 11.419321555778154, 1729.6673966214723, 198.39775173815008, 1454.3510953847315, 1472.7435472116101, 993.5948328648315, 1730.3334516249536, 55.410695229344114, 89.96756667805751, 274.07103323612375, 171.16720676091788, 118.74170752985815, 290.57931201047774, -1.7978158522630139, 1642.1802350641449, -167.08452160790333, -46.42905757678527, 1636.9551092464455, 368.9311976416443, 1916.5067837070378, 7.451431680668605, 782.0280252716009, 231.1084045030249, 284.0482190814978, 330.7522081270713, 10.170958768868877, 1316.165899658959, 1589.0595852908373, 1449.8397356244652, -39.33552231385983, 1632.0857110798572, 2.9415524821059074, 38.769143253615795, 160.9201771025779, 211.18737769901355, 1577.2481543232864, 1813.234246538752, 114.08324347521703, 1596.1745898370527, 2.345295158856604, 1661.88905413803, 291.0070609924119, 327.25248711570174, 80.79745305715043, 1795.7966465577351, 775.4494204595826, 94.49897221000572, 135.7243120633823, 1736.8154930131907, 177.67740341520394, 246.71644508399334, 87.21385871270613, 564.7610415532505, 787.75680185006], "test_sigma_between_0_03": [424.47261386626326, 411.1539747880918, 1759.7175685960226, 70.79628058965321, 1746.544618463042, 656.3530283215644, 77.28506769211529, 1569.795711375049, 1824.2409277995807, 1336.8649879019306, 276.05053081456276, 596.2227724401902, 435.27463502324815, 1570.342581312583, 485.0071970060731, 1598.411054245204, 876.570222417646, 1135.8522342651331, 1919.3727689364428, 1618.4901111068118, 1795.976365361462, 1575.2379682134042, 1654.599887340243, 1736.8784588277115, 1520.5438834287324, 236.06049650498892, 1760.3035829139944, 1274.3182127258856, 2082.7841909357294, 1901.4126301811025, 1741.3963973604302, 1590.7159057248039, 1147.300967022215, 726.4167808922846, 1753.0842141253654, 1894.2872133594813, 216.19214576368245, 300.23551448596254, 1142.0100532081938, 1607.4335282220895, 332.8857821743701, 1135.057577878647, 1134.5767789470676, 173.67434194387616, 1624.0317608371397, 636.879285601443, 181.50945314757843, 1568.6343402712778, 683.3822865928331, 1792.8495570309396, 1576.1773924044644, 702.3913372900862, 554.5447747936134, 1596.68970626628, 1657.2563685263945, 1557.9707720360373, 1755.2845665117172, 1310.7110808732489, 1775.6517127386992, 1502.4725873182717, 320.0643179743421, 1766.5985283869813, 114.41047362357057, 117.37043441611313, 1502.196346222975, 502.57559399329443, 1791.5851661733636, 1826.407135325398, 693.5335283616093, 1522.0822957161818, 220.25377042976328, 1042.1727635201519, 281.67563170072674, 385.4622569319766, 1768.3602557361294, 1814.6616915075997, 1918.5326381819075, 1133.155526257579, 1552.5233733398359, 283.4057965462111, 56.74701190056802, 172.838631825654, 1852.6861849318068, 1331.7391580126766, 1656.243944394982, 1155.409794734214, 1606.7098824750774, 1426.7067612916057, 1129.8695632239383, 124.47914541747599, 1947.4290771390367, 1805.549700964185, 405.8815243500471, 1305.7807946185171, 1217.634981492337, 112.47924026133117, 1615.3270870595009, 1945.332935195113, 1095.2502414908226, 1562.8437409626886], "test_sigma_between_0_07": [68.30051573046514, 392.47795743033214, -74.52613871639187, 215.22170222437407, 71.65905379071049, 1885.9747072730402, -38.588241679519705, -142.76885588042785, 1321.6507542114502, 40.83183888250352, 34.80591991624969, 106.3723783661451, -63.29339819475717, 68.86120145015447, 117.616058435569, 553.0971378068799, -18.391370676926456, 42.61206605808256, 220.9703364759407, 10.704236448282614, -115.63253024879813, 433.9914564464946, 21.656499311780497, 346.76251888920376, 52.63056957367515, -30.891345655838084, 150.70776979961525, -43.195703741943, 87.61288570939796, 114.20684502675573, 142.7162414102742, 52.08583603530714, 7.735827506268107, 218.43762191235157, 43.71058978350628, -19.931829890448718, 15.454215908990589, 1969.6695352635136, 99.57160344116566, 1914.8277246433017, 244.71503980239942, 277.0540672751391, 636.244476571908, 554.3158704397896, -75.82476023158088, 22.258657005021814, 175.53345800550014, 115.0287794890857, 1556.066050732918, -21.778251486925, 121.56280330063022, 213.24147274901486, 88.84215719387282, -4.233496284755531, -15.659150349642728, 68.07274310108477, 26.2154609635836, 71.43718134557712, 74.6962397489435, 9.240804999397373, 94.51945237023028, 37.36763066633138, -54.151948479119156, 1280.3260038978283, 30.547753734154686, 4.759605568784172, -65.39537371168845, 311.0482042199525, 274.91343955470217, 6.503853869880551, 310.3456224032342, 84.34793659859717, 440.29680584776355, 66.59982303754221, 784.3194265593864, 277.2756222851428, 1783.8243474266458, 105.4183921720236, 50.67334291353618, 802.1376295298521, -72.83887444811408, -76.12084753074595, 1364.3350527637722, 404.0183968717698, -82.97856044613725, 69.2583610452508, 1147.1098228607864, 39.097342814590924, 161.0085786877797, 1115.9899077412406, 1495.8050951406567, 38.40329296790879, -15.095501093474747, 544.1816527299713, 44.16155480668385, 68.17857744201174, 65.67132893050876, 783.3395107237326, 264.01750813135436, 679.5899665562449], "test_sigma_between_0_01": [1784.6070670929043, 1797.4454229507387, 1738.3634964051632, 1764.274571924902, 317.32272269175155, 904.2560854729458, 1744.9381149110616, 1685.2274858150306, 1753.5428047871005, 1819.203503260647, 1580.899118299081, 1798.2653377771119, 1726.8546740225759, 1690.27801493542, 1758.510210467812, 1781.6191133148623, 1776.4707739347953, 589.8449232505649, 1633.2075464514105, 1649.981730723113, 1865.5749479948179, 1729.4326148588568, 1735.6991990274735, 1647.3491256530524, 1782.900523430209, 1743.068033554883, 1812.0094155869647, 1748.3995339030303, 1582.127630917769, 1739.5228794444745, 1883.714458663213, 1784.1569137992742, 1738.9561130873637, 1691.7588806495576, 1007.4601111201514, 1723.7406908102175, 1608.4348468497815, 1809.0889797367715, 1718.9940341203605, 1686.6004122093818, 1844.664746579555, 1639.9138592470604, 1795.680916509586, 1684.0214497942613, 1740.719719390386, 1656.9235796956916, 1816.2181356207664, 1797.0566275068581, 1625.9609710580041, 1682.010575432957, 1809.6702443791078, 414.84880113916586, 1715.94085976377, 1706.9680229637797, 1640.7403177274455, 1730.6484645510236, 1649.875475479519, 1814.8362204947705, 1713.271474622998, 1743.3307144080625, 1749.0820065600358, 1723.3525832118194, 1592.581384652521, 1655.3041013109284, 913.4462897789416, 1634.149495401897, 1828.3555582030788, 1739.8723229534605, 1712.8340442382137, 1669.1292380721243, 354.1166521039877, 1705.50875819615, 694.8146970678325, 1743.7661839573225, 1640.5514937852663, 1746.1045568000918, 1607.7495914835997, 1738.3547524188432, 1756.7812925809924, 1706.1549449133217, 686.4114813257156, 1704.5693793459925, 1604.7731499773795, 1778.6475874646248, 1788.242964340924, 1696.642283428547, 1729.0840436546255, 1702.7212300142792, 1728.4587949189108, 1796.3726142723153, 1758.8647532554587, 1697.3988197967346, 1727.0111583436917, 828.0633854040937, 1675.8367773904413, 1703.168223178559, 368.5427452225718, 1725.5551140435632, 1720.609647762783, 185.66518847172995]}}}