{"hopper_attention_sigma_05_seed_3": {"results": {"test_sigma_between_0_05": [1003.5330251529657, -10.240726731964967, 1410.227077959795, 1018.1782927631799, 51.40026881178055, 1136.336218180145, 1019.0671695414702, 1002.1668902222004, 881.7243243208108, 1016.5263362253235, 1181.0704883612332, 1305.301201352173, 1012.7396702670288, 1316.4507592712578, 93.0175147398477, 943.3833599045652, 245.65020688209043, 1013.4351434158159, 1002.5613169136271, 1228.679612237051, 1479.875770587037, 1007.5047142533273, 1248.4533764946787, 1007.0760999112061, 1368.1712556099399, 1012.4424596776449, 180.5077881351099, 984.3964382668355, 1003.2196560782392, 1013.5500322238845, 1267.3139102908276, 1022.8354354459201, 1019.6401830078395, -50.38024528436654, 472.05232964539584, 982.9053032388886, 1400.834612082258, 1237.3901548637466, 993.7890964320736, 1016.0521665827284, 1220.4333478267745, 983.7219078222734, 1293.2514293078555, 229.6143063542143, 1010.1043377074928, -46.23671446088846, 80.44672443496667, 1017.251846370802, 1250.4896812642332, 1076.2712490571091, 1113.6899005323842, 1008.0123820431681, 1143.929020829994, 1014.5441073326125, 1020.9641070016687, 1009.4613462039732, 673.2410291198217, 1261.4723518729634, 1372.248391088441, 1017.518203678857, 1014.1933577959891, 981.7916581388768, 6.964876850048315, 1073.0963597639802, 1228.485381075299, 1025.1130311878824, 925.5503202848413, 1342.7406512367704, 31.4893299210642, 991.7312894572284, 1017.090017421047, 1019.8678279480446, 1013.7517032663818, 1022.1359816777367, 1378.8831337886002, 12.755425245968217, 987.728790295916, 363.9098405385506, 1013.0951195119263, 29.883539044004284, 182.19752049934604, 1249.7703186434824, 1023.0177927732727, 1460.2269857766667, 1058.3109617981431, 441.28899252819957, 1019.2136475587382, 1016.9199763998872, 1252.7420141703703, 1263.5531162290222, 1149.016268899376, 1018.3284563031318, 30.915544204445904, 1000.1303529371806, 864.4557502302166, 1006.6781866632871, 936.661353763589, 359.64357007298537, 1024.5579028252498, 877.7716623605313], "test_sigma_between_0_03": [1370.016620698339, 1012.5600525057313, 1013.627682329111, 1305.113728320382, 1241.481878201329, 1013.809806014329, 1008.098655392328, 1018.6110888119167, 1059.6991066092896, 1123.75064913792, 1153.4735525874664, 1011.2705531884543, 1087.2454854759396, 1021.2975505563344, 1002.565491996267, 1013.656680780658, 1059.5197370373232, 999.6139209368823, 1312.0690300031629, 1019.6255569290364, 1018.722419461745, 1016.702097240513, 1011.4626909382623, 1019.5583760988891, 1283.4310902642499, 1000.971327775722, 1012.9275922472267, 1008.3401651519065, 1316.9981954634613, 1223.4112896608974, 1017.7499283375255, 1510.1997362900588, 1015.8566177266795, 1112.0602579193371, 1118.1562990225991, 1020.1368739950856, 1013.6981830314862, 999.6060667131662, 1013.8161794129163, 1181.7068530391552, 1017.1303358542423, 1414.1177008470518, 1016.9002926488178, 1156.9518214976483, 1418.150252390918, 1018.6017052439469, 1015.8315023887546, 1026.1452933168134, 1015.3594521119425, 1133.2141445141033, 1016.2405201309565, 1363.5861429895785, 1018.6200989728395, 1407.3534729855014, 1081.3202673015815, 1022.1960961720235, 1018.9984348283851, 1017.6165959140457, 1164.346892746478, 1021.9276346634217, 1020.8890858413442, 1173.809845099018, 1017.2769750549301, 1016.3811726456335, 1014.8489514759086, 1013.5289346150338, 1018.3785474766214, 1202.0268116190139, 1091.0114641288878, 1467.9751250407057, 1162.8387908434047, 1018.5077150683862, 1042.369450338235, 1334.4631018928496, 1012.8465347480362, 1017.0950905076116, 1058.943822593216, 1000.2690871831786, 1017.9070000253716, 1013.5696254169894, 1019.2535947970567, 1020.0418390615582, 1013.652614574803, 1012.3991959736949, 1223.9915198262918, 1349.5550928449484, 1043.511195703897, 1037.082807868153, 1063.4854318947991, 1412.3839302255926, 1172.5578657417293, 1215.2052991297135, 1018.6675939769237, 1020.4599541935302, 1352.3369364695188, 1157.700405516479, 1131.8031960016676, 92.98036788952591, 1015.8209101255934, 1021.0311132419324], "test_sigma_between_0_07": [33.89914827959437, 1000.0433124379516, -3.8310236054428923, 388.24799738337896, 27.588627388684838, 1061.5377578719638, 1458.82729452188, 35.73608032692281, 1005.1108762815949, 34.021980108521525, 956.3646970057179, 984.7445387057485, -46.84409790127829, 2.2540272955462584, 1028.8604988170548, 1369.584241112424, 51.108201796277726, -11.288270940107758, 972.7384953266995, 905.7944753007429, 9.547613017854744, 1322.8341261989465, 16.165944826343914, 945.5503398567787, 61.90139271708322, 993.5424140260897, 63.429368164222986, 203.5115101959324, 1054.0176889312736, 41.82848647320061, 29.37525831757084, 93.94535519075, 15.61786091092363, 1004.0184826666163, 345.8865873206552, -93.61233475661865, 29.925699084191, 1255.052180657787, 1004.9586633128862, 1195.4408888711173, 203.22767537488824, 1162.257763716693, 1353.397613741668, 1013.2811613886693, 35.8138204111645, 745.8668188288594, 1015.9232281753344, 1009.3439477549031, 1396.2019683650235, -25.97851462912659, 1016.4153495155881, 1290.1367117969717, 1062.9855406254376, 13.287431326092339, -23.104214554060306, 1030.186182657162, -34.429548182206055, 1010.5684248917739, 29.705809159378983, 14.85492654404079, 28.609871951851524, 1026.7765520328396, -10.772412946223628, 1013.7841997402971, -27.61014103704656, 8.016944302929911, 39.855597138959276, 1010.1438939474259, 202.74448660480422, -3.8312772568868225, 23.51293459907465, 89.2941252054531, 1174.7319229930442, 1009.1788933707189, 25.245278998668077, 1122.1304648373227, 1018.2803934037711, 179.41210790449983, 1237.1521658969573, 1011.7717764955678, -33.690106521661804, 4.052071535353023, 1022.1148165122884, 1014.8670322904333, 11.428175247633767, 22.257691872844585, 1347.9980951080408, -46.70135332532519, 82.09365615822028, 1009.4310421693679, 1370.6204855951241, 31.510718707610792, -42.608002403377036, 1396.6421002627303, 34.40654921424575, 66.41354891535157, 252.79780368474022, -4.410728236199066, 1109.7138166534044, 1231.119799166294],