{"hopper_convnet_sigma_05_seed_0": {"results": {"test_sigma_between_0_05": [915.6419566801146, 868.7823594447676, 1759.690622819589, 898.1229905956583, 230.6883181260695, 1340.7655334454519, 1451.305877672244, 1005.1152912218611, 826.2376220458514, 93.4306212754294, 1040.771377254142, 1509.564520599653, 981.0662819443218, 1533.1806193970094, 1766.7216070448246, 900.2417505889949, 434.14479844303395, 832.2707402278679, 1000.477812061787, 114.85480915380619, 1733.118675458796, 1018.9117540526731, 715.998763615526, 1006.2111452093993, 1622.7749558122346, 1159.8204065883963, 775.9949111520059, 426.9687859376264, 1282.4194756689874, 917.0593326998035, 1570.4761348649845, 159.04341475338734, 1077.8777312107065, 927.5723192526906, 1220.197957518549, 956.7347500964921, 1682.5358565620265, 1520.4544525855806, 992.7106844730286, 1328.2613665319823, 1566.791876368767, 1000.0262802762517, 1721.9510181679789, 1457.633968605192, 924.5384433304001, -46.60810829596885, 1294.9070832213422, 1313.1247739617816, 1439.7842456332155, 540.0696371858953, 1184.018780014205, 1082.1421260991299, 1485.5054183193554, 897.8729605190573, 1148.2950875351194, 906.7214435511484, 1150.9740808141896, 1493.075478991493, 1658.0994611361282, 940.5923107431385, 1177.2802419980171, 895.9447921970302, 5.749466762947849, 1132.6628525981648, 1349.019138166433, 1383.9559750188794, 815.1354463213339, 1577.2659518458838, 657.2800748023838, 893.0103169640366, 1187.3027560513897, 902.7714755038525, 1086.6137258931647, 1186.9924509106143, 1579.5630070636707, 846.6129765194145, 1056.1986515705823, 435.7465808512108, 333.84280848332827, 270.71282783569774, 69.97602206785812, 1627.0198669408107, 1180.9915677171534, 1474.6121280614418, 1312.9786836168225, 751.1454075669175, 1123.2385291505025, 923.7779392017583, 1590.0536243414215, 1469.6806763446355, 1306.429204697434, 908.8788687721839, 256.2025754432937, 987.3626534116456, 1142.8848302080546, 990.6007020512211, 1221.2502716674014, 985.5853866888341, 1435.2658252914664, 890.7076576298432], "test_sigma_between_0_03": [1626.3205464725927, 1092.1314892543312, 1174.7523321775723, 1332.426206387027, 1553.6517000688466, 1056.7608273913017, 968.1665386916033, 1081.8276358052206, 1458.5891460483558, 1407.0809086560896, 1498.735243185943, 906.8772785064915, 1264.660331366577, 1512.941475934872, 825.2728504643413, 1227.7823099168643, 1198.8676784096633, 1036.8151355067946, 1406.0977454092997, 1063.745220246443, 1300.044621912446, 749.7360933376008, 1134.3213485471363, 1057.5005377726402, 1588.6255099297662, 1123.0621726988695, 1252.2306510966748, 1130.1210116761667, 1459.5814953007368, 1563.0635084546138, 1045.8293245208433, 1705.1295561592895, 1007.9503226835533, 1338.249233460866, 1412.6818903905446, 845.6322942488621, 1401.7951712837225, 1114.4963537207996, 345.09842547028956, 1425.816406498803, 1119.3321673229648, 1761.5693151425428, 1018.9505622190827, 1159.3425749698813, 1667.6301880307415, 931.091552849721, 1125.266457587348, 710.7047676529418, 1162.6143983211591, 1403.891421401285, 1108.9171137737694, 1595.8430419876004, 1426.3874376057677, 1717.1878389053968, 1356.4966836121691, 1108.4799851254709, 1474.6013283599482, 1054.6876058337218, 1395.7915674561386, 615.9204448355895, 1155.597929835029, 1456.7771087656774, 953.5366003716907, 1111.2240844095215, 1140.084369347202, 1158.2943160115685, 1310.195927794393, 1474.3591828630892, 1401.411649407132, 1455.9481916404732, 1292.7265723467387, 1081.304607716225, 1267.1747694039288, 1425.9388453520746, 1473.2906862931732, 1277.6216869985333, 1285.57976440337, 1018.6526842591181, 1026.6194665130931, 1252.1164740890904, 1214.4516696873327, 1085.696567789474, 1184.0540041723705, 1084.3091506657593, 1665.6189614265081, 1578.6673314438772, 1242.1158922172017, 1303.4415569225116, 1254.8612713032567, 1561.3679455612382, 1561.9640640780565, 1555.4581869809087, 1079.0164005632632, 1000.7557487974472, 1557.685637368623, 1512.3260542203852, 1447.1267042471563, 1453.1192608102024, 76.27464313891684, 1228.3897792891062], "test_sigma_between_0_07": [157.33236556492335, 978.7406894303668, -4.280671790752967, 1149.3685898299398, -41.09569746852649, 1594.8636387951829, 235.20564179111818, 184.84766353379672, 967.1928868795794, 135.29915042656654, 814.9532131195144, 1004.2647439411421, 11.791676414033281, 343.1226976318022, 1221.2273869612236, 1697.6486541708434, 1159.7092476371222, 881.9779474131759, 53.9027836935682, 853.6242355320318, 813.9456076004402, 1460.113054027365, 7.124752113183787, 812.4213452291339, 158.01563338838605, 906.6869949533657, 104.72920257922812, 1266.0737167587404, 917.6584711171957, 167.5349508947591, 84.58577172608058, 57.33990304450416, 14.476960160383895, 1074.7331304558172, 364.05062127041157, 16.924161195664784, 921.2838916454518, 1595.6097242936771, 1004.79741841233, 1539.1623651977104, 623.8603032136189, 1174.969225039703, 1697.8550555963657, 964.9773102112824, 28.025478676949575, 877.5841719613726, 1094.350889568221, 167.61385579546905, 1577.808810932809, 1104.6645032512647, 891.2551085497955, 1410.6526737958195, 802.7112394588327, -65.8018686368785, 111.69650966941701, 314.8730536321703, 1041.4123208240214, 7.6112533714331185, 99.041671061184, -8.213485665392362, 947.405095659555, 54.55070782488328, 10.571559023372538, 1252.8115783720832, 43.802395049826025, 26.296282204923045, -59.439282401492534, 105.35497696744135, 983.4829466678984, 2.2325774199649464, 1645.3842046762827, 161.80381813651053, 1470.5073881542976, 848.9252071621154, 820.2503373145698, 740.0665660730365, 1379.3354529310602, 991.3290868609504, 896.9029763890045, 911.6430940449093, 13.075679836058411, -5.282085546597953, 1146.096135096853, 930.7203011165432, 869.4975074323423, 943.4435960519058, 1758.651246323067, 121.3030641998354, 99.67017260314462, 91.07618153707443, 1744.4414726197328, 884.724938732283, 846.0615436093485, 1721.7216959849363, 78.88979675318699, -9.964222507752128, 201.89955254778326, -18.946035207493694, 339.180102373034, 1519.9115384250972],