{"hopper_attention_no_encoding_sigma_05_seed_4": {"results": {"test_sigma_between_0_05": [9.899238866305076, 12.537898531477609, 151.5797349891544, 806.9115933769351, 110.93509135208518, 191.76478141429868, 67.04641967969185, 106.19212061325538, -56.630661496754136, 808.6295005872506, 43.02098157490042, 108.49959942388107, 196.29679253025026, 126.49867048421466, 55.66128207712986, 12.094893428987165, 11.667665819576639, 237.107206957439, 19.46171834653714, 12.847834411725879, 52.419085780227874, 147.61778318315694, 84.04516721007853, 15.126979916100723, 84.14986189755174, 191.92593732674604, 66.24500604435123, 183.9400615836769, 5.167154057295216, 13.977457843996852, 56.25163603620062, 174.74878263617052, 816.4618656707781, 7.206569027642605, 100.97564894463424, -1.8022685771656222, 56.155434004958515, 13.579456668476695, -15.35938372516732, 811.4648434339297, 62.36537218852932, 98.14947602630498, 112.67126622612129, 254.88588799016887, 9.414129345944835, 5.183061102330002, 140.50138677738275, 189.91665734133576, 98.4893143835208, 770.2849604700234, 121.70149906995606, 811.5758573850745, 106.61993958334924, 802.9185802106373, 268.749009926976, 763.9274551654513, 133.26570938036045, 73.37101677210853, 16.204237775536196, 13.713390707481343, 804.3326966686213, 10.417542607545343, 10.972122931995536, 212.1612112599916, 94.2128031828922, 325.26597258752565, 15.802681256689185, 16.035378997531645, 131.1771257426483, 772.2985442750893, 235.49257339352428, 812.5176192659532, 1029.8168040564774, 269.58254311991305, 11.729920976866424, -74.99073092926571, 778.7394942440691, 1.7762857539188646, 805.779080691907, 119.18658876440986, 186.6059209779524, 133.66770604364456, 273.7430500866981, 137.44140010991856, 159.84031057809557, -6.102875309343835, 817.6068747588354, 812.1601373485163, 89.69497419011442, 36.59228528451252, 102.10152614540522, 809.0431213254332, 83.9265602312455, 125.37481596057417, 366.476133675071, 121.83379239600393, 132.34641650602197, 12.651825507277074, 145.53004700685457, -9.277570284508377], "test_sigma_between_0_03": [70.73220754216676, 814.3822952214917, 805.4364600067167, 806.3746283057344, 154.74871598832254, 802.5672770461489, 85.63235617784402, 819.7080061561493, 170.6246154675887, 116.70015519032857, 121.32822238112007, 732.2383404789967, 121.7815743449339, 125.32412712162972, 791.2386436263415, 822.891580110908, 133.17848492326365, 765.9878488047063, 804.0531749610117, 816.1732626743819, 170.03400593334266, 820.0330665210985, 796.1776287328942, 3.187968214413998, 122.97929540219471, 261.12047626272516, 801.9979013508549, 17.08908881233674, 548.7698988004609, 145.86917513288117, 769.6023478623089, 87.77931056152198, 819.6437047883242, 146.6476388131987, 101.61313069400802, 1142.3959544482084, 826.3643561999535, 742.4688300906954, 818.2657786890521, 82.13077436318632, 192.06933834630271, 55.203672848391605, 799.63801718948, 711.7263165888747, 66.99250579302536, 794.277225429954, 804.5816881671255, 1308.6463009145084, 811.159642010857, 212.664932746828, 813.1251983835791, 56.098782225100884, 128.24930873795319, 103.24407164205765, 179.00023090185002, 814.2948054275578, 108.21864979277136, 161.48284607905723, 939.2422845294336, 174.82911431345048, 802.8844798346865, 102.65148991315492, 809.4868650179945, 793.8795806338904, 173.34837265823825, 776.4303637826042, 136.10355293351324, 54.488202505439034, 119.63285889832635, 69.68225858207578, 82.45800040145875, 803.1321651340661, 147.2965812110797, 141.12806513231078, 162.8333150190067, 819.4012483511106, 382.4507872059704, 191.51266613009673, 810.327849536907, 800.2299479274561, 137.5920415419854, 825.2826671857922, 811.8176102952555, 816.1971099233798, 147.5452680928779, 15.586512446487735, 172.0179536637897, 8.38820295251316, 142.02259696953755, 147.64327712808384, 149.03809065753393, 140.86751040904946, 813.2511311856356, 813.90950624998, 168.25824390212858, 117.18163785227699, 152.98630608584304, 102.25634328909153, 811.876824263568, 826.7139483697259], "test_sigma_between_0_07": [73.27986355198126, 147.35659166552045, -18.23134771764761, 210.92033432862675, 50.72837495900636, 58.0108391189491, 13.6931613384077, 11.949858914461263, 133.57092040026447, 16.989424886701514, -7.752880465172241, 15.259279476263018, 42.982436821212964, 11.519128587709991, 1355.871007651224, 53.46270808229963, 36.067511035481594, 8.873257816276254, 218.32418183612165, 3.168505901844322, 11.93180781771466, 300.9133670983301, 10.544326996892655, 40.686207605649095, 274.85330800449793, 667.5151834332149, 167.03614369162298, 42.78052251470447, -13.262923849405102, 70.714276897989, 132.1323496503442, 11.473314924950873, 14.735597453333085, 694.1465390744359, 99.56130502220581, 2.1067868687484514, 75.72857693639295, 108.62345306158552, 114.74540513395249, 107.50474362373012, 72.52959007164155, 585.0795948928759, 66.52963634389593, 92.8381553676549, 6.762278080964081, 64.41482788308527, 1216.828591932264, 827.611212365317, 188.46967554266766, 20.64496359044103, 803.2277432721371, 2.046595171584623, 15.045985138426737, 3.277809678337821, -71.39432809962747, 51.65798505605432, -69.06563613794188, 34.744946036796776, 50.51441363196092, 4.143989786898091, 86.34311931331113, 822.4195610424986, -3.757526611305989, 73.17370966805309, 10.496218375060073, -20.798534749427656, 4.180074464667973, 805.8977306145671, 120.30716716375284, 6.49751445147899, 52.3041819333617, 10.34934828024787, 72.91633080763258, -1.6193366551304278, 85.13997618683285, 5.14637471175756, 147.93330839034235, 14.493575942248576, 10.682762883201931, 813.301034730334, -1.3804900712095662, -7.586374832375908, 971.3229059947292, 799.4051458888863, 97.14271324504742, 102.3086888324169, 155.13087267304755, 29.470501462890024, 13.564895542108037, 200.45756839855338, 95.5471280554017, 41.819113417550255, 10.93779782194877, 13.260090524155736, 130.10639755678181, 8.937403198313957, 29.47721913856956, 826.5707439048371, 87.41509681609007, 159.62337993005679], "test_sigma_between_0_01": [816.6421292094414, 150.75670578847547, 127.56147688715818, 816.9931688135631, 111.7748183480487, 135.87699985096793, 222.96082558072806, 813.9783684932917, 184.61400790783625, 155.033720559199, 118.1955231210985, 95.77842978316572, 162.17788422644426, 171.65645949608168, 90.1805503228655, 819.7424127975456, 167.45555046840377, 300.58693765936783, 145.0693996836053, 154.55031013794508, 205.0820368505175, 149.45282267192627, 815.7290476295943, 140.6739137863819, 124.92926164482816, 818.3358078125717, 817.8805961462506, 816.9157391717332, 148.73131648747824, 121.7245240798691, 121.00689470737379, 130.68482474551652, 116.98916059204528, 134.16683491735822, 174.04979721700994, 187.57027429362813, 156.66258264836122, 155.3672676871156, 166.73571625741053, 815.2241403974942, 153.24602261440737, 133.7564872343223, 130.933634489349, 920.5073076675332, 121.7275524092573, 819.9513463413576, 112.02269215709734, 816.9750312741852, 169.78760876030418, 126.70751689625963, 815.3402974726233, 816.763384084389, 148.01838329482447, 816.1637629526468, 151.4174409346987, 152.37151731638926, 817.2918584008488, 201.00556738370673, 136.0018185711146, 137.58189719183358, 815.4278982416686, 815.8089939786145, 125.07902575207254, 171.46863827080887, 132.14938737058134, 143.95822464297282, 140.03767696621168, 823.3079427533066, 269.9187905501139, 175.231493332189, 107.32018244399949, 85.0288049969859, 125.80171762099107, 138.81554008430834, 163.6147464812843, 135.4734183132964, 141.6457267403025, 149.64393990958013, 812.7378495971449, 178.30055367589227, 152.57248881820655, 187.7175667556164, 814.5473498838451, 815.2693393275306, 818.862516060658, 144.55387457893121, 130.31789053737523, 109.74475428322802, 294.6565468458501, 129.25201490897442, 133.38701857725843, 167.8083788465098, 158.01422999774292, 144.26295631682703, 232.888559708271, 140.6852485385481, 103.36604931057468, 154.23474139635655, 153.63077518429014, 151.2979799422788]}}}