{"hopper_attention_no_encoding_sigma_03_seed_0": {"results": {"test_sigma_between_0_05": [796.4981484255213, 855.9558766327369, 68.31698103550042, 861.295904821394, 1317.755872945456, 49.90309647478856, 860.8401816004922, 117.9554063983383, 881.5991023609212, 862.5976762594864, 28.74312337298593, 123.74312178182751, 875.2568033935029, 1179.6771286738149, 83.89861707130683, 883.0385899398293, 27.044064745135618, 881.0116047453522, 102.90205809015198, 208.92768984671963, 71.67894953201171, 177.61350575888235, 1281.3348877816507, 218.84558952024756, 1261.8688070226356, 298.7562337696771, 6.632567907197927, 877.0040781807983, -42.88805048511047, 870.1054747142109, 1338.934418502172, 682.6259736180504, 869.144121366728, 57.1831165795993, -17.157269756695236, 881.8485398865323, 744.4914749994439, 103.64557156151402, 881.4131282229923, 21.575630384323276, 1208.1035450871138, 117.5181675676046, 119.16339143377299, 346.25675117277433, 12.35426662925057, 36.02893986755453, 44.54368022013253, 1207.296527413252, 683.117523283294, 223.52703286737096, 105.84337366532598, 843.9631397594204, 1235.7547334119172, 874.2402403239382, 151.22594317590801, 845.477132046139, 217.89681604935512, 104.15464473016812, 67.9160074517754, 836.2655529974958, 880.0927704319546, -5.064909953549753, 0.32120860100843807, 31.753768790098732, 355.7635165229417, 1007.8705363315098, -13.741046941421367, 98.49726701984916, 214.79020969489306, -28.086310394592104, 1107.5121768032027, 886.9572734440578, 1060.515111001153, 882.5320591168568, 117.48720512366248, -63.843658927739156, 884.7701244141696, 6.773604430624394, 811.639724552567, 103.59436858612537, 102.99760083347141, 1269.1311622079263, 882.2348199217884, 41.707187880936196, 551.2913249421104, 29.201816062146555, 181.40766470724822, 871.8214777427178, 75.01203336573134, 663.8119964022037, 1105.107128000762, 883.0649410074204, 1158.758438045421, 157.08651662315054, 1067.288815225506, 126.00544310320052, 299.7918068558139, 123.70590288555891, 108.09488915781118, 849.5121880043333], "test_sigma_between_0_03": [1162.3090463362237, 877.8181390426199, 879.785923852974, 30.69186246385197, 543.6721770047678, 887.1862537497211, 147.04952289473283, 214.41695932045783, 149.73955535742357, 115.58609648863892, 75.89500334695168, 885.961617728097, 107.14032737826798, 1072.6542141770242, 885.0154102953188, 1037.4789164364702, 103.34182633781597, 873.0092664309045, 342.38088389992174, 972.7916283326791, 132.15330756654245, 310.33370480691804, 884.9813359562825, 884.7507054824144, 100.60691787357942, 179.35711786400157, 879.606634558711, 109.1630622384482, 1199.1981307319384, 1196.082349691126, 866.5958053388946, 16.283960868635404, 89.11844168532203, 149.92832173238313, 1239.2873893474693, 1035.1510201714702, 717.1843417322043, 880.0456939409607, 866.939415902485, 228.5032099421651, 148.19044698582587, 1311.284634027773, 853.0328167205126, 1127.0547357815417, 33.65252101366726, 884.3572912440569, 54.857222802768995, 994.6203320879941, 858.0690461591818, 901.4125739533877, 301.1889394441954, 62.58753288502876, 33.74001443458426, 1270.4924228120644, 1162.0675050749626, 881.9570319584911, 64.47866176207391, 196.59447186731657, 1197.2248717001737, 314.97308243376585, 48.08621175652357, 887.6021540062692, 873.7445397854285, 885.8892463641295, 192.44333373043938, 47.14968514160957, 200.929643290332, 118.20518833709566, 108.55487414418549, 16.30603337123418, 303.56495436402037, 859.9103572767518, 1276.3345077058423, 1056.626704005411, 245.54832765432872, 209.9252175755037, 1147.6428457279499, 156.29615790258248, 80.87967039377457, 879.5969385101765, 139.07786279281993, 30.449803236061157, 887.7124267042111, 126.8398715473703, 96.96411638411581, 75.3214915602604, 194.9342245098294, 863.1748185602798, 102.92599774198885, 454.2095682897247, 1204.2885349566775, 118.62091269285993, 882.3162137354532, 879.8254739806337, 996.837197132352, 589.5071038099173, 432.0028557734305, 1032.8051651344826, 860.5871399873147, 213.01261320080422], "test_sigma_between_0_07": [87.8545127690352, 352.2368349623896, -14.48481941487977, 162.57294627991357, 95.07627484854434, 79.56918191769554, 18.3980964922899, 84.915860559854, 849.3670371110493, 15.572949440840262, 877.4086983579556, 99.04759027234896, 19.033124666704293, -12.244745807431752, 1034.5795860976448, 54.60742055717541, 31.272262151370214, 863.6606222553553, 162.32913719599594, -62.95230137429854, -38.144051681095405, 11.051313472380295, 11.00453362211446, 875.227940292393, 34.30420636855324, 876.4022523246829, 503.73315999145456, 18.581619867244026, -43.5414306962893, 841.6456582639805, 101.9677317377404, 95.42279237691187, 16.715073900760576, 869.0399359880863, 879.25078734272, 64.52599447823437, 38.587170505155456, 97.3888300471358, 131.45015948154045, 1083.2028345731906, 1305.784812680119, 641.9965980181604, 1293.4650978784255, 876.9564513543617, 14.979679086827549, -4.620339907506269, 83.98592222030486, 859.4090849900277, 1223.614902972778, -43.177051425448674, 852.7478665491273, 37.06549802133139, 142.2924155738333, -61.716315875430894, -23.781054817512704, 232.86519752781632, 6.782653247008161, 865.7307736310325, 51.02140820518505, -2.2477911565515956, 68.97272662897582, 160.2598427754497, 9.323854195639871, 872.6744370666967, -79.42384566802711, 57.93885176598571, 15.741339163861415, 835.6645731853355, 1035.5021775361895, -72.93380236244386, 81.1864073486821, 17.914268159456366, 1168.3463027314015, 872.3108823031708, 866.5733565901251, 828.4285531039627, 406.7904243735673, 67.70077492022565, 6.168621429555767, 876.0396063143115, -114.99684136033066, -169.6224124960194, 1241.9667804862272, 864.2422419719048, 73.11920179821134, 89.85603540606603, 1187.4282494011595, -6.662063149063926, 33.27317424371626, 1176.7421943372683, 1087.9289928593012, 34.663416723308266, 0.35762152340260556, 197.82559677469223, 23.150127971667764, 85.99462746350773, 41.389957390372615, 884.3039859349019, 964.2777456678679, 910.9563955320065], "test_sigma_between_0_01": [323.499656996706, 445.4636842629984, 294.7845920433837, 888.539110720554, 1194.2838851965198, 404.3864273917141, 1208.6177517853935, 922.8656665014194, 171.634891255544, 98.29103421202119, 792.365057290885, 272.73515304760656, 985.7353193946955, 129.63311222215174, 946.8963941569642, 118.0587445320726, 122.24084083589852, 1056.5527355458507, 294.29403241610106, 186.05391067078506, 1149.0180940217479, 370.2099315058479, 870.9437952218169, 251.22114822902336, 221.12119568125058, 951.0635578893516, 183.77651061115586, 238.04576591249375, 624.0385574006873, 273.0275773417364, 868.8009357697804, 393.4727618885655, 425.60391715177235, 247.40675286893276, 578.0640271760499, 97.70247773087533, 198.2455795437575, 308.92628226751407, 235.6101852262597, 127.68992097875262, 281.1529474327042, 150.8707974215832, 123.27781833435479, 1011.1971039127935, 1205.2968884671795, 894.2866397898208, 1192.0792843747427, 365.59587631821506, 1037.7488428775791, 139.1028670268321, 912.8637223341337, 318.3955585008425, 186.9408437653748, 894.7867604641636, 223.2577033784004, 137.76400263603944, 876.5139264727476, 292.5458219797772, 1157.7252918345507, 216.63181548413814, 616.4502636935528, 634.3213308181064, 655.4966999969811, 191.3699144371861, 977.2802715754957, 292.5188392516412, 223.2585026978555, 138.15877766753798, 448.84765884846456, 1137.0850528526157, 135.09790061031268, 305.89503811251785, 1190.817387533036, 805.8883680835453, 177.5971221437553, 432.88114790778764, 213.20067220957554, 631.59087934225, 881.75740278933, 374.263228406744, 460.30864986014103, 252.33665009911775, 153.89068634831355, 419.19289198838027, 193.56482365658846, 430.0875856001977, 1183.8524311119431, 538.805241838821, 877.7227133241526, 999.6122204161412, 114.29162095432405, 198.04056124807653, 208.14277885152947, 293.0583794528925, 1170.0953446074566, 1204.1563022095932, 720.3432581114014, 1198.4624175669935, 419.86843117064456, 285.4670472442322]}}}