{"hopper_attention_no_encoding_sigma_03_seed_2": {"results": {"test_sigma_between_0_05": [15.370499272994504, -0.6549715110489007, 135.6261738445148, 913.1438873895426, 102.08901420507591, 31.961344525945844, 186.4786846508219, 116.00096577297312, -16.375212383713414, 1426.3406249170318, 41.32372841236627, 138.99686817899362, 149.04772759470185, 94.81883157475957, 24.446641930330408, 847.5723594150769, 48.519112253016914, 862.5608813433423, 22.248134689786642, 69.347893015952, 94.30110957875065, 112.83353524924894, 73.4001530239414, 18.336111746083034, 59.24074885312043, 142.8091323643737, 18.588517284847672, 151.62196678049298, 527.2453301436483, 911.0557337075006, 112.0830827095214, 43.63364696916896, 1050.0582399290097, 44.09487025218655, 17.025232217915246, 828.273799489113, 49.50163394343709, 180.91004099623072, 914.9360687422989, 93.77872859808491, 43.46760282709251, 23.390350807921063, 34.017206743740836, 25.722359621869817, -17.420799562099717, -75.08626687519764, 61.887786349960145, 70.24181329322577, 88.39587928374755, 1115.0277551559261, 150.87659809176202, 94.99276019002228, 154.01906817350738, 482.2862056244768, 971.2411812288482, -12.321931391707729, 26.186299392063876, 21.677646286350345, 82.3568413207346, 140.1584662217982, 163.99119128856398, -44.83538700428636, 7.177928106836686, 1365.286570963746, 93.80113667929383, 188.53522818734686, -81.57266698520746, 151.57668278050025, 36.483255144614965, 4.526487698992843, 55.181338426919744, 912.5517447789549, 109.34993187670656, 118.64722054222268, 119.06934346446445, -19.756506752967567, 892.9375260516183, 224.66881550935537, 93.27923111274772, 31.31076136139757, 36.87750648196699, 30.326632156234858, 145.636393081433, 39.54910629299518, 130.95326428267398, 97.0883339223022, 609.4317896322976, 917.3494298414232, 129.78083108182514, 164.13119220690575, 148.73192957371975, 910.658422103782, 42.10423639154794, 64.47513363949517, 492.72900860032837, 99.9735582959371, 98.51066964358876, 14.852209267736802, 84.05480345342545, 671.3923710322074], "test_sigma_between_0_03": [44.14599051271803, 258.87707550372176, 1172.6396930896847, 201.45674474114966, 51.530640990239384, 882.7192179360069, 131.13146552071916, 190.4735524619281, 96.56845944883898, 124.71464454373488, 50.038005096391245, 825.3695436814394, 115.08598756670764, 208.64252896022367, 913.5692898244716, 395.0481380812502, 124.92777845649087, 127.03059788536537, 119.14641621199925, 1143.3254124069203, 130.48546683003443, 110.3153061381578, 987.635312130653, 905.7544796533365, 128.71687661605637, 134.6431137166256, 415.60317402469934, 127.95952231029382, 134.72862219533496, 51.42085384557833, 970.5776110997755, 74.32612034852805, 145.13555270832745, 108.95328286442968, 125.79389121048192, 116.9807292358857, 122.39913086756901, 835.2927765153916, 150.11280757812128, 110.82949147847606, 142.1737430223298, 48.339910479125955, 909.9633004328504, 78.02539254003779, 163.6884484517596, 863.4800048535443, 1052.0821683634576, 212.19681609135566, 1227.3492442423558, 89.47999358990748, 82.8956093912026, 187.65718720796372, 200.32616424025906, 103.67764589132265, 310.8323774037721, 1292.9193411050442, 88.83954251172779, 183.03871345843552, 137.18577790844537, 147.06273514971934, 650.2385718498037, 128.85659957933888, 910.6775435395426, 864.4495888088911, 146.08948378231085, 966.3432510410117, 126.23306898201271, 121.20893428236462, 115.47250021523683, 148.04040487066416, 113.90949595500923, 908.9710188780756, 131.01882352369708, 281.06701985030844, 189.69813241370332, 1209.3448704672094, 41.878884836504724, 133.50693769911064, 908.4712997414342, 1350.2508392889176, 152.48822271544097, 135.90331990026846, 1407.9926905366335, 106.78295593988928, 151.03065444780947, 100.35420197552632, 165.71414471763154, 449.4972373735689, 131.2362852917271, 272.23335572466726, 187.73776037494508, 155.18611213590458, 916.533120965745, 890.7497479550713, 103.35098049075967, 172.79410447775956, 147.504426597361, 84.89631336933482, 144.30888043925475, 101.1525450766005], "test_sigma_between_0_07": [18.83815712695274, 34.131864114178796, -64.84530419918643, 177.66423205836583, 43.13633258339857, 109.45909574292027, 22.158230542694845, 12.950409018276119, 25.831209263006258, 6.260129330930343, 871.9476917782633, -35.67741813996583, -38.009455204606894, 6.812520638407549, 36.76057858193116, 35.495450704085904, 79.38754912411129, 1.5083793158513372, 93.08366648647291, -13.23771494110331, -128.91680767355285, 168.15515596331508, 7.353091326764373, 13.84304159438642, 208.18330022072942, 6.7579829359410475, 26.707133411070465, 2.4452889865753757, 813.6235271032143, 41.13095984679376, 36.33332557259717, -1.6314640989479676, 58.122439135183086, 34.56359002427076, 779.4731774485024, 13.320357367191672, 32.580515920897454, 47.9254109624882, 25.61240966077327, 138.30077442295683, 71.58952398174978, 115.77296446049955, 50.61160662965733, 870.7197597120293, -31.84272762939686, -13.14724603802103, 105.2301822529926, 900.4192697273163, 297.54305505063905, 207.93872059501365, 292.28752484130985, 64.36664265898263, 152.06229091980632, -81.9496413512459, 67.40972751998491, 90.76275711081183, 3.648595704007312, -14.861303192094345, 21.323039461999794, 3.9817580893393574, 35.95634043838862, 145.530612987462, 64.63203289780546, 543.7474864452745, -42.44824183784246, -62.92430416079064, -38.50968645837751, 840.1091055380406, 90.45591887152082, 3.6058251457966137, 120.52148922672771, 17.46604583651915, 36.83932649015546, 856.5588040947497, 812.3615605007559, 18.705209551144755, 105.10985715798205, 19.847210112208284, 58.96355105671917, 908.3307793155542, -18.848659791501998, -37.179764584539015, 101.89076165011964, -6.228448355336851, -6.576062068276684, 28.5703673172562, 29.388329182651706, 41.29384071158134, 40.972379325447584, 38.67679310928981, 132.6005483113311, 28.17680403674832, -9.285564507351683, 121.67295645288941, 29.845581237242936, -3.3282029533771853, 52.6595033134765, 1007.6670088279662, 10.990215737477202, 265.3889945302154], "test_sigma_between_0_01": [134.8708905851555, 96.34087905383515, 97.95037207478545, 253.1934740115052, 106.74532964902986, 102.8648301916853, 111.05892371261758, 90.98202213632165, 111.87407750324277, 119.84917420058696, 82.7570052370812, 100.01547913591602, 126.73353606203821, 113.47621151355527, 109.78316772490513, 127.42376571192062, 88.39499830741899, 100.36179073683412, 108.13752459671693, 125.51598610027337, 158.268604744335, 80.32232695992464, 503.43305133255717, 152.68707424864485, 127.30100887062044, 102.24364318882483, 477.6099091423652, 119.92661530499196, 175.64577579718838, 103.49650294482242, 199.71216321322137, 127.66216945568178, 186.21029140181537, 156.17541149711613, 103.05964898649476, 128.99740214934985, 122.83773490592762, 102.17134001453012, 118.67303331129243, 117.57538222865232, 105.19523825500373, 114.87862607555475, 103.97129209319267, 105.84646147117746, 106.0400102920478, 107.80973403579394, 98.37408232354277, 111.18228547511585, 106.00462199081954, 119.48367035660965, 219.19501537643785, 1397.1422898059373, 114.17552511521816, 254.68654715014554, 145.9454431827567, 94.74082328257863, 110.51882503337924, 109.536628337877, 94.25191054240831, 124.3628639338198, 122.26320405078256, 102.70974464209495, 254.4122616546909, 123.94856491599538, 107.61763249603321, 80.23446402265597, 177.36199660296873, 119.21718681216873, 106.84212089136379, 107.98999789224847, 198.08773241915014, 235.8956379927885, 128.71888018454695, 86.95817482826688, 87.78901522667766, 103.54015728808518, 111.66261997864295, 123.58058122410459, 1213.309957438649, 90.25809395149194, 102.7769638956293, 76.881292762023, 105.3283481353824, 92.93645412532926, 105.3931490157662, 93.11556744657142, 146.5564431642564, 92.28082950761461, 108.40107639531854, 107.40137730493754, 126.50482787421934, 129.0373887007685, 120.40929567552358, 96.35605614384761, 223.8117264446468, 207.4746567231869, 146.64362290468443, 197.3476502370783, 89.45183286354167, 98.4378102182497]}}}