{"hopper_attention_sigma_05_seed_4": {"results": {"test_sigma_between_0_05": [1008.4128767956788, 1013.2201409835806, 1399.9527887716636, 1016.1489236796812, 1060.567411961626, 530.6363232946837, 1017.9452841811317, 982.5658867821106, 1006.7816950457232, 1018.773787593937, 1143.21795050839, 1355.3225877586392, 57.17500409338392, 1210.9956768725485, 1433.9302947083252, 1010.9768699634279, 1366.6323690971917, 1005.7074492625653, 961.4105288865068, 1088.4228598878744, 1640.7009028844045, 992.3612668703458, 1120.671620603036, 1014.1933086698472, 1538.250784087609, 202.88490378485582, 938.6292141321112, 969.2343760691169, 1138.839342594244, 952.8070958977283, 1330.4494241675443, 135.6468784832002, 1018.053127112974, 1016.4559465548118, 1007.6387703332201, 1014.4236703046776, 1565.1667871154652, 1313.832629621591, 1011.3161980833933, 1016.4735407355518, 1240.328705515447, 977.5117011099752, 1372.441777213755, 1044.7688256392498, 1011.4504166481661, 1011.2177126588253, 1044.029996587926, 1014.5999687627185, 1181.532304063936, 1011.4293235457548, 1062.0366660691534, 987.2322272066734, 1153.2405360445548, 1014.2165331806866, 1017.1471011525555, 1006.8122467994805, 728.2309013638006, 1234.061204772585, 1394.3787155798589, 1016.6245387647544, 1009.1550300880853, 1005.8337069289821, -5.848274865660641, 1010.496313348384, 1012.0822198370137, 802.705908037418, 998.182278410112, 1409.1278009019254, 330.82945688336184, 1010.7402387463266, 1108.8333780571456, -8.003646292160557, 1001.3915107925704, 1030.5002985048882, 190.29969939309527, -3.6726654649828534, 1008.9777542587012, 1012.9658443967463, 1012.7297705319801, 988.5462997382137, 355.90063341347144, 1236.2594453502297, 1126.813877095043, 1012.1504923810421, 997.434739304824, 1014.6044516761225, 1007.7001270129166, 979.1569475830559, 1206.5450305598354, 1265.1123799992029, 1146.2064250468804, 1016.4165461490051, 1104.519728756564, 962.6487975096146, 1011.9548704307939, 972.0865252228263, 60.79019813280175, 1070.4259382825899, 1214.4978162865186, 1010.1720753285625], "test_sigma_between_0_03": [1482.9708052520784, 1010.2150136755283, 1007.9756171500838, 1015.9204667592427, 1254.6750695204923, 1014.6872874616273, 962.9103110032519, 1012.4180127701786, 1224.0650788353416, 1192.4609791990558, 1166.2018516640653, 1013.8677179702416, 1109.6288303573383, 1245.1348649829065, 1008.3050138663575, 1008.8488482541313, 1052.9011730465122, 546.7802303533803, 1013.3819189399102, 1014.6259021892753, 1137.762689318084, 1040.38041847823, 1011.0463037883055, 1008.8395191110612, 1285.7389092301898, 1022.5715048433957, 1011.3812447431924, 1043.4381570747996, 1014.7942261599873, 1232.2496384639874, 1015.4576525684851, 1629.798546355645, 1004.0869046932114, 1120.5715226495538, 1121.3671361848337, 772.7329155328073, 1250.7319186269792, 1007.5827726597928, 979.6552874755033, 1261.1734625789964, 1041.7672203043899, 1514.1134767081737, 1017.549761275566, 1011.1519984772593, 1504.4703646291518, 1013.1726398045037, 1015.1952623633572, 1110.8592368052514, 1015.0431714569532, 1156.2513430601061, 1015.1426673373209, 111.83547086444743, 1296.3983850934408, 1519.3973978619554, 1132.4501106421292, 1021.4532292483699, 1339.3676216215292, 1020.6503475229817, 1012.9728026866695, 1159.1743293157485, 1006.7967239435266, 1179.8743064757805, 995.7373952912722, 1015.3439802720692, 1052.5710134269927, 1009.1998952349294, 1117.9454456078681, 1243.4731373452598, 1183.2743113301967, 1553.9541515539534, 1131.5645871008144, 1016.8851814272197, 1078.9658844602523, 1015.7281373344822, 1149.889086912317, 1190.2975308752611, 1129.6964401281716, 842.1279740840821, 1011.1221152224705, 1014.2314194885855, 1099.2167286306044, 1015.5193482227783, 1021.8083675766538, 994.869523117984, 1297.6316650426372, 1353.1347862213177, 1089.3022533300639, 1012.6361598843091, 1103.4787732742022, 1014.4509479081324, 1166.4745802589725, 1322.5196398325854, 1017.7320950046752, 1011.3025406085094, 1406.1200071538842, 1169.9097888263377, 1141.4380089074955, 1017.4352371565698, 969.1069661986351, 1090.2978065282525], "test_sigma_between_0_07": [70.14257642972808, 992.8772824442864, 4.455389199196361, 203.20900935136888, 4.524019112305538, 1148.1674608577512, 1217.9681042787136, 22.666387539071753, 982.6080521255818, 67.5608200760602, 905.7204921407715, 989.21942662421, -15.191806038239159, 66.328443304215, 139.06469580740378, 1419.5577208449515, 48.659791204816436, 997.5850453219903, 500.40010043661914, 1005.6828491283895, 998.3137096678919, 186.46896325850392, 11.207449985464335, 947.6167289923781, 32.184262188796126, 1005.3705274215265, 996.5494099262982, 1011.6521299045698, 16.452929638329078, 31.489085492801678, 991.3685215018032, 74.0808122070972, -7.9254378682730025, 1008.4705657843743, 30.035313208802837, -9.796359666928765, 35.27026492741134, 1418.6689487183994, 983.3066441007569, 1163.485993937961, 1195.3829535296636, 1009.0032377654794, 1328.6494406943598, 33.64626854851812, 85.30703750643731, 36.528307857010795, 235.19545135605293, 986.8659079879243, 1014.5995026440264, 32.882986131912915, 999.8188672755253, 1283.5858078490182, 1255.2966659249576, 11.717434840525673, 22.16262815867086, 1003.4174453776086, 31.432328141493784, 1006.4668187421863, 63.46098020832577, 26.297621510921456, 982.9124147009757, 957.4482148073481, 0.447628051525677, 1018.0728236881199, 99.24437609619919, -44.16766923707328, -109.35718000588241, 1007.0664340417363, 35.393607421143685, -108.46880360037613, 1300.8675284861854, 147.29326669962163, 83.55321278782355, 1007.0678870643529, 924.4721811118818, 1010.8681038098314, 1014.6294180809779, 536.7612992608027, 1050.9988826465376, 939.0739143907375, 24.715403922520657, -41.379242697494924, 964.1684404590912, 974.310467990875, -11.268419542345509, 39.62457828362094, 1012.0581469792966, 45.181207607469695, 95.26853237699108, 187.78589190556085, 1558.2179420319903, 78.30155793379383, 1012.6892106721997, 1408.7140709363796, 79.09729955358489, 10.074958865840744, 122.28081689363893, 1007.0472245157073, 1224.164293530052, 1260.2130783509701],