{"hopper_attention_no_encoding_sigma_01_seed_1": {"results": {"test_sigma_between_0_05": [-51.23827596988754, 42.787783436316694, 79.3990258904157, 783.204862304541, 78.5220208933162, 50.11912897187097, 6.406281759962519, 75.1856049029621, -570.7981590930511, 49.511947273076395, 12.264622235386259, 97.59457788880613, 98.39970648586585, 768.082649709141, 72.73319446104392, -45.122149467331944, 21.292468687776093, 158.34429564410672, 72.7177273173618, 50.43870172806036, 25.13332626667797, 80.857598823994, 7.067198177299851, 65.89117803334702, 73.79649209480215, 145.07722054382108, 112.61258665025674, 97.50266095051565, 30.89155164360538, 97.05402150775767, 42.717261473813, 109.57502708566108, 105.89959037716662, 17.204296398888417, 17.30766796320201, 703.9260930354183, 79.66136364547998, 91.69655709231029, 134.13409739428306, 75.05063926760927, 81.42713845221171, 67.80350340987356, 83.67317630237068, 16.34402726509253, 1.3322517267713763, -65.56692318961265, 49.285519329543675, 1350.5004448619547, 89.67164432033668, 548.9482349602266, 117.10365209145942, 24.93296454731702, 111.20981140396157, 26.826397963614877, 155.50066146219072, -171.63537992313132, 104.16683406804808, 19.613956859413328, 12.177426438221444, 22.85284512403444, 1620.7746247876903, -56.46693304367551, -25.871999074075205, 82.81053078163447, 2048.429262030742, 155.41117284062227, -101.90314849389561, 59.301847556588875, 49.69719492621618, -16.942021202171464, 142.48532668473422, 712.4259881560305, 267.55321565646847, 119.62719092645419, 16.92763145014149, -68.31111398654582, 132.97891233705528, -24.83351191938837, 98.57721429991854, 70.97724190399836, 91.31836268529365, 55.596815694121815, 1714.6198499631926, 16.03552173790715, 101.46099725915396, -13.651683262350776, 373.7762256342259, 1030.37670640017, 86.04938735590042, -8.050664883065028, 99.27867454342169, 893.99196421275, 37.193222095863426, 91.63947566064742, 42.98854747126564, 74.03855146729371, 67.84278955387533, 71.4537454910803, 14.072612092866905, 677.1360230913775], "test_sigma_between_0_03": [355.91665222988445, 316.05409454533407, 329.3541425754765, 1636.191301078547, 92.27272621647013, 17.16653111820509, 72.14969657455394, 101.14338068416001, 107.94918742801264, 63.03747198205272, 67.51583873102228, -45.634348389914656, 103.54377182729013, 186.04248810932444, 287.05624505886624, 1801.2546602589607, 77.24070518970353, 121.47532902463304, 1059.6682354388352, 1643.4962140320995, 110.97027430678303, 106.16344772884146, 1211.8210845906492, 1313.009847438605, 91.15794151208527, 125.32504918519535, 42.584131955319016, 94.0492486882718, 45.782757918736166, 112.23654452703873, 296.7561160384695, 275.87947547327275, 120.8864867573407, 96.30919821832359, 97.99141255063505, 599.3055749209711, 1851.3399334935223, 1101.5617927450994, 116.99041202628767, 94.66466965361076, 134.76969171870837, 15.16474999673459, 783.6856372780557, 354.0724131011754, 66.45898698780599, -31.095152824321378, 1641.1982635483778, 90.6192973678318, 99.08301457963401, 123.75221250537211, 252.56061656605107, 39.815808892614335, 2106.325090353286, 68.13257980728001, 129.8248029021881, 1612.875680808646, 204.02877984324488, 94.6179000724214, 763.7421367969554, 128.50823596990116, 1646.815369635222, 67.24459852203947, 198.5442078790653, 21.0117307565332, 116.73978050930421, 1336.2142116407663, 103.4555892013354, 67.7857889860182, 91.49171795527623, 142.02562852932707, 103.04429633464066, 97.42028753733926, 109.58612991433623, 2011.4208566284635, 94.56846330398058, 1680.3626788830525, 113.02958509897095, 122.58111378276773, 165.58914724738833, 1429.0890977976455, 97.27738098397975, 121.96889198819035, 1429.496232690078, 192.45987357688924, 98.6017450633601, 69.85885706722877, 122.29261545104453, -12.599979187947525, 101.17896893227028, 29.616466193266508, 43.15758829572701, 91.69907137938657, 1542.4254966268525, 955.1250198871394, 1933.2724520157108, 95.80216599383763, 36.242620847592605, 1411.2731446143648, 114.71098029820999, 499.2315089323273], "test_sigma_between_0_07": [95.20577214350398, 100.95233300448018, 26.682864524573795, 137.10972383563816, 123.26032228022146, 68.16019044785753, -15.219452310212269, 46.84917387851448, 85.7956567617723, -12.146912688829566, 749.7306086462444, 99.86205074695336, 26.343251098198095, 17.371022410440986, 150.28728325619124, 66.73618830800724, 35.792979907159825, -3.7839553367591785, 19.08971602948472, -66.90498066944524, -298.95204954436934, 144.95070106175308, 9.65126876926216, -93.27772302920374, 127.98173057091786, -219.3236248004301, 84.0226881664942, 41.450297168546285, 917.51848645226, 743.8516090908524, -5.440077099332423, 46.049460007207585, 8.928712548513392, 75.49715338732108, 51.902045977609774, 9.203460722424783, 35.291568449738946, 95.87749237570436, 74.89387302797253, 85.46312342535312, 51.68687854326181, 291.24870049561565, 130.8984746843631, 77.09151774012331, -105.86815009724597, 46.28541627624599, 80.15226311673932, 100.45110369948839, 59.259168380601075, 46.17054449186191, 136.8922899234406, 24.97603793524036, 77.54346646164585, 13.505206010988982, -11.548739474505684, 31.605372258049446, 15.76391531328803, 73.48967382370026, 102.4813731508635, -153.20471411288375, 53.32683955853117, 74.4025427448783, 12.799715921017881, 46.287940361926395, -18.41310912772443, -16.174732907859593, 11.075446122121935, 215.9619299434656, 60.15740845943681, 12.832335802527986, 86.28342726139297, 34.75057521243802, 1969.758644600947, -400.80151750057786, 785.4024299336511, -38.28708953129293, 2191.250627076443, 14.847697260383788, 59.20619327279494, 897.030588962531, -40.05301498750887, 16.300873916114206, 6.815477487311027, 142.89903945082227, 10.99088601333576, 86.92311475428518, 141.11861631492616, 14.671080584052222, 11.884339571622478, 109.63727854679703, 129.14962948213096, 91.10476804257472, -5.194925401301716, 2.9264873388786956, 83.75641589684287, 179.9189107400958, 59.016368735627886, 918.3022338876857, 84.50950840357662, 592.9585711496312], "test_sigma_between_0_01": [52.63587929841777, 2125.5633901040037, 118.80260140204801, 1630.3747499648389, 144.50623924612822, 96.43983802287325, 111.81457241420996, 113.94820754821022, 12.927086995239359, 144.3990869110956, 89.39153510574714, 2204.4630514149635, 2037.0175301649365, 97.73913964979079, 206.48832716211854, 1989.5685103986216, 130.1513340629757, 2140.653078674236, 119.36554732780479, 100.63420104289524, 2120.2742375335793, 110.97322638853657, 1728.4164339118072, 89.08650924689175, 2219.170066787444, 1831.4150452783565, 1910.325059692956, 1977.6793096835365, 95.566618629324, 87.06174824013559, 84.69090792396418, 584.2361769898331, 112.97494485351007, 104.64675322171979, 2106.852304676771, 18.117617530367433, 97.5937882206496, 2094.693483041489, 190.88730109111276, 2012.3631918504825, 114.0640138091598, 104.87857633483853, 2161.2672449669167, 2012.3180445950622, 120.68003033035907, 105.98383677501047, 83.32324606039955, 2005.2946089026332, 119.18303552698711, 94.40021940973996, 1877.2132235243091, 1733.8119667264634, 118.3361962369692, 1984.4980888998907, 109.96659481801477, 96.87139984403255, 147.31539192240876, 2060.563811142453, 90.9680570159364, 98.8770060615849, 132.71184473286274, 1892.1960840296324, 102.79466396207404, 102.6825689387739, 95.96806882485394, 110.59740479381126, 2079.3481571661905, 128.27085093575081, 2131.494406025705, 2052.577142509171, 2123.7382696790587, 113.54493183334763, 2156.908657170282, 138.03644301697403, 119.89596977548906, 125.80166148707397, 99.88682832299017, 140.03694159951908, 1690.2115382759296, 138.24233975314394, 2061.0174420148905, 102.78284764201588, 127.4057283195113, 2044.8609675166706, 1922.5967186101939, 104.76537913442998, 85.93824625606136, 100.8282824782423, 1980.3346549090052, 115.90154904962507, 99.48064908045336, 89.96586844142813, 94.93904334665761, 2112.7440651483826, 2153.1076711588157, 90.0673693049571, 81.25179689046605, 120.93395389085596, 120.71727171601665, 2152.950499799845]}}}