{"hopper_attention_sigma_05_seed_2": {"results": {"test_sigma_between_0_05": [886.4852949404735, 891.3171770473317, 1253.9799823782841, 918.9634931112663, 572.6919385626554, 1137.392369493848, 922.9675491347443, 989.915882739035, 902.2952924375237, 1015.4486128631132, 1209.797282361038, 1274.2490386304803, 993.4583099985613, 1205.456035400996, 1174.4537833726358, 906.0606714898438, 1231.3889865092624, 916.1559305365724, 1000.635034486002, 1052.3285513474505, 1431.268591953091, 999.033647730267, 1137.1116405247726, 1004.162727204564, 1367.411968723206, 988.7062157134326, 1187.407378683949, 1006.6508158393402, 909.7026750223166, 999.0053135299837, 1251.841408416327, 1016.2554309169428, 925.9872498008341, 905.71720822513, 890.6629837086801, 906.7840222923509, 1380.8126371694252, 1262.8800775795723, 928.987056499695, 926.3354023391898, 948.5330429850146, 994.5310662777533, 1233.30121616524, 1305.670239696788, 899.6885359249671, 901.8856509917907, 319.47150527438856, 1083.7072268429488, 1149.7156012888113, 920.5131681895847, 1030.1677874274897, 916.3492984717792, 1148.2717645690877, 923.4457420022545, 1007.6066930712724, 914.8469385254735, 1052.3593113047375, 1117.6105606313843, 1207.4240636653406, 924.0275420709056, 927.1127689636312, 880.1717784562721, 857.050993096239, 970.841258081359, 919.6507425376374, 1099.5365641413625, 884.8977016345934, 1298.569822791702, 985.6024546303474, 893.5845860168323, 987.4878749198062, 924.4189538633597, 919.2955113185807, 1010.0704219965476, 1258.6035995889465, 858.856627940322, 926.2506555078811, 916.2563169574127, 917.5840381663418, 987.6623175654953, 988.2782141964641, 1178.6966810554059, 1020.1021460429864, 1218.7454070780643, 1054.9396986734876, 898.390833435316, 1003.2883454690732, 923.8192252187133, 1209.028963996916, 896.9251769005624, 1064.8457787184702, 917.2752257376724, 960.0339445405385, 997.7049804353256, 1053.8626461110664, -10.947002275679555, 1001.6787014236055, 99.86114675880961, 1176.211659217114, -55.34625555243984], "test_sigma_between_0_03": [1344.084568385831, 944.4015826663203, 917.0692042875644, 922.6713582260562, 1265.8594384329963, 940.6357609658875, 999.7865271764839, 937.4482528240447, 1167.7912893717232, 1179.8252125177085, 1174.5844457988496, 923.1483605498547, 1106.371154646594, 1203.79897001794, 924.5447285248986, 1072.8345171135093, 1032.8244862327067, 925.0048954180427, 1150.4462743400734, 919.9379800556296, 1083.1993670560596, 1007.9706899990881, 922.4088986989701, 919.7249740866275, 1240.0478179377055, 996.7674065505873, 928.899191404939, 1004.9736472667073, 1211.6348989833696, 1251.284089094694, 923.1755372807756, 1413.9314667098522, 926.3011794914944, 1102.5332724089635, 1122.3803521306627, 1025.6178326586921, 920.4243122357448, 920.2982803604764, 922.573843276741, 1212.4235877030085, 984.9822990206452, 1357.7186670735214, 918.5511257404656, 927.3640128338818, 1338.3466161012902, 918.9699274540571, 922.0520532555618, 1071.9159620264081, 923.7403641981766, 1148.3595256082676, 952.7742971320904, 1247.323729915275, 1236.7471838416936, 1360.1107390150823, 1090.5616855750873, 930.1931743842038, 1243.3094618407808, 988.7414282277646, 1120.8667685377611, 1129.7528161310938, 918.2764065697216, 1206.2617911566783, 926.513893635242, 923.857767493098, 993.575794535376, 921.11478535627, 1087.9261124921798, 1245.1142480320825, 1155.3971820174063, 1389.6626136679834, 1122.740902702029, 917.5776163395193, 1067.5357352052795, 1220.214147381593, 1100.914577657671, 921.317071578543, 1060.3244903251918, 961.3283960752639, 921.794760487899, 922.5553593550848, 1070.143353188121, 987.3126917427604, 918.2420390932285, 926.6655221464185, 1262.7846507518198, 1272.1960677094878, 1044.2144821805116, 929.3014500768304, 1097.76307261886, 1309.9904815111327, 1164.6656225198574, 1265.4400035000917, 920.6932616562424, 922.6062040913192, 1288.2910896623177, 1152.2203474693972, 1169.3419962987314, 1184.2457943514983, 920.0976568275296, 1073.9966349419385], "test_sigma_between_0_07": [143.27600723467768, 999.8212211132744, -86.79354861254978, 975.0372923437337, 36.62640228641831, 1268.3568109597363, 30.617106083648103, -58.046783782017876, 995.9044198546741, 101.07302315571724, 916.0038026167539, 996.6100697956047, -31.28824268326425, 18.27866270873201, 1027.227649460694, 1234.5089866855512, 316.4808250488177, 867.588261488605, 969.8128261762605, 872.2365274634134, 871.4925181013951, 123.22885730422422, 26.415273643803076, 917.5963420607818, 919.5210995026451, 1.8380709791352263, 981.5393670894978, 1085.7665813558842, 993.9669629480289, 908.5025199695457, 984.9202288493631, 82.34133056093708, 29.599993093317615, 925.5806600551048, 909.0944923630718, -40.45377489392268, 856.4870551528348, 1277.3055333872596, 173.11925505267868, 1156.8907442084635, 1098.4179959398664, 1082.3774578921252, 1313.067930265907, 923.9917942229861, 72.31789073477265, 884.1067982222821, 987.9289232794403, 923.7426076833009, 1336.5897203091233, 59.40913524292703, 921.4366584085083, 196.8737585368056, 1206.8283571944792, 36.66122790191438, -45.12847796226851, 1008.2436964805048, 41.05564916580333, -54.41897122862283, 120.54555722422518, -92.48712789577114, 988.104299567618, -5.383481642037813, 871.8132165710954, 937.321201362957, -56.84772553898801, 21.510773578079537, 884.5652856840231, 923.5907300144885, 39.47969887631771, -61.18878794525372, 1150.4669629894142, 936.5460346687521, 1133.3008010206092, 912.9204661198675, 919.61774816608, 822.0843410389076, 1150.1624717532943, 522.6895345949878, 909.0627324238335, 926.4006402682083, 47.41880789839488, 19.8699771940097, 933.1642427661235, 922.1443388414854, 847.8443338676498, 880.5084920875088, 1349.1207267158466, -17.414094961955566, 1299.0816358127706, 988.6842686960018, 1356.9724166665637, 39.59740555255412, 882.9157332029663, 1288.5459188350571, 34.79882992955536, 142.43903549306268, 147.72262178666284, 913.2566728860515, 1102.5591450196064, 1258.314337401597], "test_sigma_between_0_01": [1056.5758792895701, 1115.4585240130955, 1156.1749110812818, 924.499279520864, 1200.40405511666, 1155.3390525009052, 1177.6548044672188, 1032.3951596831641, 1130.656301653913, 1186.5995046640905, 1161.553812588785, 1187.7677276493932, 1058.1963135758292, 1038.596082176353, 1189.4875724452863, 1069.2590896730926, 1084.43020824184, 1216.79538087144, 1136.0141864932211, 1041.9608028428795, 1167.5188546916456, 1072.8609211837872, 1097.5429743761931, 1108.732737684245, 1160.6821478712666, 1031.7399122851075, 1053.8718493612791, 1076.437698275904, 1127.0715265043025, 1188.3399571552754, 1208.5608708019768, 1100.5199415055436, 1163.2658158277777, 1093.1180999572375, 1159.0587214048026, 1166.7605776663381, 1067.5177367738622, 1167.5956576766869, 1089.3167196449697, 1049.8372964458272, 1182.0183444065601, 1131.4396078560646, 1168.0086889279519, 1058.0773218867932, 1169.149328255828, 1029.5643896929898, 1170.072914813292, 1069.0241654246113, 1065.734818727451, 1125.4533507158196, 1103.5843452315905, 1004.8323055686242, 1146.2380331904153, 1088.1944590294481, 1053.5270443174304, 1074.8381153071318, 1009.6135179048251, 1126.0479629193712, 1130.5024841125185, 1135.882847576149, 1061.8716173275861, 1040.0236500329925, 1128.1823929646357, 1034.6898761618095, 1084.9960998956674, 1032.9356356574856, 1163.0720501768485, 1048.517193937406, 1197.1317268251364, 1146.7063670486527, 1187.1974187851315, 1241.5684144304482, 1160.3162919499819, 1105.2124034539631, 1117.8656126009705, 1081.770128980721, 1122.6691808682947, 1114.3676914099494, 969.9934767195842, 1163.4164157446205, 1138.983579059799, 1091.0082678252022, 1005.9053240884086, 1067.674642948876, 1073.6226995749723, 1059.7845521256997, 1161.928183478364, 1162.5999519658076, 1142.2118724443985, 1107.3828366731627, 1070.3150297628827, 1089.4558539179056, 1083.475497347109, 1105.6223885316695, 1253.7328272261382, 1204.4936866298613, 1155.52920985008, 1218.5372345447504, 1062.433596534097, 1165.1166253755343]}}}