{"hopper_attention_sigma_05_seed_1": {"results": {"test_sigma_between_0_05": [831.0474650379629, 834.0896395666894, 164.12827724513775, 2.5980732900658037, 1046.6875539916637, 1028.596054274196, 1018.9889028417418, 965.3304265546332, 830.5945779372072, 1017.270505806207, 50.137265219127585, 1096.8289183596767, 962.319300604242, 1010.7776327229449, 1161.3687207342916, 835.4606783352493, 443.13878865435544, 1012.3915538152376, 294.2689076967612, 61.556762031995476, 1125.6296403141416, 1003.7669080664092, 998.4702340050596, 1030.346519232977, 1103.7885368769737, 1009.1633439911446, 173.52975605661342, 998.5770303642502, 915.1369674931854, 1011.5152432593646, 1106.4940482280208, 1077.354842234198, 1020.8142592140091, 843.2188125047056, 176.75039785107066, 931.3670854403088, 1073.2527241694706, 1098.001875383396, 1008.8406269441422, 997.8691043628565, 1114.123347070461, 304.1930779740856, 277.19525959689196, 821.179282519604, 825.2054488171142, 847.002903506546, 1007.1118720867319, 1009.9819938093528, 1102.887902304267, 1006.6159245478343, 1012.98980323539, 1002.5505865549644, 1029.5055682116754, 1016.8879267612986, 1027.7785034257504, 825.448839501737, 1072.145495663318, 532.9884540877943, 1155.7804864124776, 1023.5916584526286, 1011.394324245042, 816.9010837185881, 15.870382822018291, 1014.9287030280898, 1007.9906834112046, 1016.1357788279299, 827.7972769939429, 1081.632656381102, 1001.0954748801861, 828.8896720685153, 1018.5905903746891, 1017.349278634194, 1007.795071674403, 1018.1041856563513, 1225.8754574960024, 825.8323982605914, 843.4281549915146, 221.28198677795444, 1013.5195611164953, 572.2962092111092, 998.0667480816224, 1062.6087397545846, 1028.6462855078241, 1013.8247981102522, 1053.417313443936, 503.5720836264939, 1011.9869598134093, 1014.988434300937, 1117.2584299024875, 984.5092946447626, 1010.7070194529432, 1014.8382398315206, 1044.5635954494076, 626.3671705205032, 1007.5563247832674, 183.34115194308538, 1011.4812705988247, 407.61202076434284, 1018.1946933834681, 836.0398503851925], "test_sigma_between_0_03": [1023.3204498928865, 1014.6997768176351, 1011.6890725170417, 1017.3129495808736, 1041.9953203303442, 1014.8032754350209, 957.9218088259056, 999.4413521053, 1017.5258201291581, 1005.6234869971858, 1059.078634807287, 1014.4216815544196, 1053.3175003411864, 1023.1465548728721, 1006.9646318440655, 1013.3733093410962, 1004.0148014918736, 1007.9680174366415, 1011.720907850407, 1016.3098550416152, 1013.4206990963323, 1014.4093747169259, 994.3190310485772, 1015.2988174901569, 990.4977913474161, 1015.5518963307027, 1018.852183496814, 1008.8071951103137, 1011.123435070061, 1030.1108873807002, 1006.7255367705324, 1068.8728465195977, 1011.9971529278707, 1055.2115021636548, 1017.5455114261622, 1009.9458533606573, 1011.188081210874, 830.1869247229595, 1002.3481171891835, 1072.1121529331338, 1011.0414169972353, 1092.3100654436405, 1011.8118972832912, 1011.2005535317342, 1118.3006977559858, 1014.3731219291544, 1011.9410594576035, 1010.092461984438, 1012.8826784688938, 1012.0318602800635, 1010.86839255897, 1028.5573895257116, 1011.9179603723054, 1048.0650013829577, 1022.569286272458, 1014.9886214251834, 1017.4535217592944, 1009.6769165971875, 1011.8991491988359, 1010.5898290612289, 1003.2626533481117, 1047.9116313682805, 1014.2200709197787, 1015.8351709087806, 1009.7653030021517, 1006.7601711595654, 1018.0529045337571, 1044.9698840016295, 1011.7331798850352, 1041.7285566057617, 1049.0981639497631, 1015.5320967352877, 1066.9730716480863, 1013.8065385096983, 1036.2590603632793, 1020.8773710545365, 1011.7701394643312, 1006.7585109427199, 1007.9964058042168, 1015.9936213871664, 1004.8017316211688, 1018.1541555200826, 1016.0742382693082, 1010.9570609873269, 1084.1867807016665, 1127.4014449230501, 1021.648921237558, 840.4008321101034, 1005.7644518584962, 1019.8008381632549, 1076.923799914554, 1081.8756199755558, 1010.4705555322679, 1013.6416784071423, 1018.5595858473647, 1092.6259915112103, 1040.9479619327444, 1014.456897501016, 989.9757892818553, 1012.2406495404473], "test_sigma_between_0_07": [136.31219226067475, 1007.0804914586482, 65.33927051845819, 1004.2290403615517, 0.2929319577931885, 1012.3239057346354, 397.47457233795427, 76.97895794294888, 1005.2290555124043, 191.47493563075412, 2.9271992313661026, 587.9848514050262, 862.6920373812958, 128.09852289460977, 1005.0120165165213, 1105.8454161184193, 1002.1708338268012, -8.28111765402573, 127.00983438356923, 824.9848851827688, 908.8444888300271, 219.8104835630249, -50.23599400071543, 983.2295626273211, 78.28609987666714, 957.3172810906808, 935.8165487785873, 181.13231947321185, -234.14909943550884, 29.179839430766886, 1002.4151644982353, 48.11299267108988, -37.39622906824807, 837.7739398641353, 87.27603226394572, -12.141137902310582, 999.516314794006, 1080.2319106608822, 214.4725427252371, 1076.7303574911575, 1060.8760033115, 1010.9424130282882, 1046.9268215186903, 279.6097075299969, 567.8339636292591, 3.507040823269926, 1012.4394941860216, 1004.5152185134908, 1035.3163539555187, 75.14178000712567, 1015.7986731741651, 413.89901489452143, 321.9679367841103, -52.413706525084855, -47.931979192979625, 1010.9937370385004, 116.28117271975644, 93.26781496047188, 56.41504999689787, -186.45012471512888, 221.6398460861019, 24.48954702651099, 22.98875099014258, 1018.1396938425489, -51.01117658722361, 13.482704734879373, -8.235527404818278, 1000.3515215039296, 1005.7969782130775, -82.72424626378634, 1129.847744270166, 115.94647887898462, 1040.6338761227837, 1008.7709396910162, 1001.4331666228543, 892.617354858239, 1013.3840591801039, 125.78893057467212, 857.9010525507418, 1013.8918838618213, 22.692953677600592, -42.328706845946726, 1001.3357633920151, 1013.2956636944797, 877.9413840992075, 910.7307159218951, 221.30583218222907, 93.52769515128598, 97.15267660182144, 1001.1666610606316, 1133.0057153591, -5.588685668265681, 800.1463174234415, 1160.359700578582, 414.99937440897037, 29.596023773367023, 351.7773759731832, 1021.6665584046242, 738.8453683389339, 1034.3738734312876],