{"hopper_attention_no_encoding_sigma_03_seed_3": {"results": {"test_sigma_between_0_05": [4.585559114521827, -381.2457651348781, 845.2377553776154, 922.0329804169705, 115.78782656223144, 153.3722501205559, 642.3533655359973, 156.9030468681195, -26.11756980157965, 929.7069877621044, 46.83832407748002, 1603.6760418966287, 971.2310840121118, 1283.9672813053758, 1512.4656763865844, 908.2813335016667, 128.65924942974695, 912.7487839124514, 196.4091094318089, 214.47691854053784, 1545.8999929556649, 1070.2886520155646, 1374.8323513983164, 179.8526486158037, 1480.070929245673, 1176.9322749604498, 12.20988958160513, 920.3435018453558, 7.52536180691978, 927.4202995789386, 1515.6101873761215, 1174.4963503610918, 927.8259608427064, 11.80258244291251, -16.383101113739386, 923.5015729589543, 1520.9492389570341, 1431.8746381535639, 29.689149289514425, 998.817366404688, 1462.7568278273804, 903.3156574905703, 103.94027693075533, 64.9795431891202, 10.19400390777648, -16.956716271504483, 42.43180085495002, 1177.5814048483671, 214.28331673299382, 1156.1532469496835, 1189.0778161931646, 912.1049389268073, 1312.8151965394572, 921.7896458778271, 929.8564846727825, 903.5675047394758, 1102.0612172602598, 59.00137677628017, 1632.2855996415256, 769.1786832621433, 1028.9844230792633, -29.38717364031335, -17.921566211029937, 925.0059808553488, 1155.8624885875222, 1303.8759808666466, 11.065131799475687, 1518.359259417594, 912.5068665516014, 885.7004225654949, 492.44138914075074, 922.7661051434957, 1088.400273536696, 930.4576429189227, 142.1426996446528, -34.09728686625543, 924.5607198212069, 1075.250314409966, 913.1913377355315, 1036.0808696842812, 1178.5907646183384, 175.43879082440534, 936.3032073497781, 849.9302535130689, 1157.9490904591948, 99.47196642473838, 923.6682226731668, 923.315474911048, 281.07983339619113, 121.52826869077191, 1367.5971422325374, 921.943147498717, 1387.2689469564734, 889.1866805141026, 91.11524485628512, 143.88719784935506, 29.15352681825721, 126.31619098900674, 1163.7782531687533, -5.895623162927647], "test_sigma_between_0_03": [1449.1144699982797, 928.3622536202026, 925.1350286697741, 1163.5922436218589, 1449.795674417577, 923.9408021472514, 906.2001756998341, 929.1365922435016, 1224.1501497161632, 1286.4488302693085, 1394.088971603606, 925.600126024624, 1387.3592146238232, 1272.1088594262808, 917.6191908992625, 1150.2774441986305, 1137.3783209119938, 903.5581051943877, 1176.8429122360405, 923.726191236882, 930.9800489742111, 927.8344332276208, 919.6128887940138, 927.1854584852401, 1476.4230667428014, 930.0542252708207, 1109.1303431888587, 1187.3462222006542, 1362.0755180530807, 1467.362554489968, 923.8060839130632, 1511.2816228625156, 927.6060607615686, 1229.0369820511019, 1258.2610723665555, 927.0511933127477, 1199.8231968213056, 920.8443674118373, 927.2920411965055, 1347.6801294039108, 935.700067598075, 1499.5479108972384, 919.1491349811974, 1204.9051877427678, 1545.2410087489882, 920.0887511165423, 923.1245991449417, 1102.072259204493, 1058.3598277416986, 1226.934348917253, 917.7268001678563, 1381.8813810307656, 1262.6048009863382, 1492.1760281997683, 1225.9338466670915, 925.8589899891114, 1260.9586736102576, 1007.7841495068978, 1267.3527662752476, 1222.8076897270462, 939.7439564958388, 1354.3617396852271, 923.7009958197939, 924.4755419026257, 930.8436801799377, 1055.7673707316799, 936.1885973570783, 1389.480073438674, 1111.5449611039353, 1468.1530130819738, 1395.1716304459192, 935.9132573450845, 1260.9940242445778, 1357.284699391645, 1268.6251629661544, 927.89647146047, 1256.7242538174467, 925.2684778196082, 923.5380673398455, 926.5912073026344, 1130.4327656361936, 930.5761037798477, 928.4963196708879, 929.3958607255962, 1426.015931159363, 241.64971056914783, 1129.0910218465754, 918.6600030601979, 1152.2914513147223, 1350.5670604200727, 1417.57851864395, 1415.4768928647961, 924.0516802233806, 921.694166231964, 1316.9117006535848, 1443.795659996522, 1351.6507543692337, 1304.042496167477, 923.4267746690057, 934.1804817024756], "test_sigma_between_0_07": [36.45948106919042, 911.9917635797315, -6.59688245860152, 1157.1994240181373, 15.942787400867765, 1430.9670991498272, 1.9731074317487827, -7.044230993174416, 923.5103170239414, -70.79969557175025, 895.0012524228545, 25.06975813669621, 4.61457007904572, 8.334929389387634, 1150.6307585770057, 108.89937152922592, 66.89848487977793, 900.6294920179068, 1141.5494258497379, 7.2554636058617294, 9.869417122463682, 442.2692412452228, -2.7562980286939105, 887.630527483279, 21.66226633484067, 905.7071917463826, 610.7616405802783, 22.37697406848058, 8.88118146107699, 912.6362296216224, 940.743155797658, 4.1288173862438935, 6.747192290108993, 908.9338918749401, 909.5902838326846, 22.973560164382974, 56.3163310660954, 1465.8247071149815, 193.387263209654, 1410.805001547474, 1455.4833722486387, 1133.5780036179845, 1450.9928824921747, 919.8387415598243, -4.087910785536725, 4.967946779924258, 949.037086382059, 920.4551502690757, 1437.2641532055177, -91.81994123361959, 917.047387095078, 674.0796075747143, 1260.1200044657521, -82.32025520800391, -87.91120623391693, 878.8695723346237, -11.335108301740672, 911.3620967542611, 70.8035035076295, -12.233377544267384, 74.88163789020943, 925.2688340057765, 5.419097080447852, 919.8188644170642, -75.13849955960778, 17.03305895934106, 7.108054793714217, 909.8900813866595, 1075.495451946117, -3.3053178861960033, 83.3687160822916, -16.305179400374108, 223.5317436190763, 911.8923984107669, 7.043777916428445, 959.0205084212507, 1181.2280678456627, 172.0785809814487, 7.155534776171624, 925.901992532778, -142.9961410937797, -36.13975820456288, 834.6757309757566, 913.3083854878024, -8.07178976209656, 5.653433032374588, 1414.6293669046624, -99.3140794777492, 110.72797880626624, 144.437905999042, 1471.5072616640523, 24.99717652113207, -4.187647972020394, 626.5391910309562, 27.35632277749482, 8.110518433047249, 217.3257552161303, 929.4725092377661, 1131.0367535979562, 1386.3083071311053], "test_sigma_between_0_01": [940.4689130172538, 1171.1331644544923, 1256.7032730657602, 926.48879555171, 1316.8006133367549, 1225.417137426074, 1299.2764216765988, 929.2652060162354, 1207.3272917414654, 1217.3170792869735, 1271.5629050426828, 1238.5569484936257, 1105.8336806478737, 936.7270220318255, 1284.7754329167726, 949.1491071587589, 945.8806657454536, 1305.008593497044, 1231.5170513537932, 1032.8605092106332, 1299.3808342048294, 951.7107370036923, 927.254442446902, 1205.2815794315409, 1199.119657137345, 929.3551776194673, 927.6762158618942, 948.2511957491373, 1232.0392557859002, 1287.1489510302306, 1327.9548779921322, 977.4558745165818, 1289.9231670614568, 949.6809467191275, 1207.4329930103142, 1258.9136900190235, 943.2066481020136, 1225.3912270765177, 1123.6001052388106, 949.0673076624656, 1245.719945754535, 1254.8877756606869, 1242.8704084857445, 1116.5122842431074, 1326.9366795948781, 953.9235641972147, 1301.7899467722602, 947.9781538847564, 1130.8700885157944, 1243.2771923952253, 1138.394496899108, 924.5692646137651, 1233.7645112379118, 1144.9220677605701, 1048.6777695625854, 1136.2738808320014, 943.2747584274339, 1191.03404145667, 1222.7547422826208, 1195.8160550378132, 980.168879716787, 929.7020076942339, 1248.9679857285234, 943.533157959012, 1204.1505487962565, 1099.703444361073, 1227.5053951183766, 924.2157182830698, 1281.7820548036545, 1235.6813043619159, 1257.370165266548, 1346.0048668898498, 1248.223479461557, 1196.4054794995234, 1215.840610786145, 1155.6935582676088, 1236.500837821976, 1211.5376334974876, 926.7002741625894, 1268.988138435509, 1175.3128292698561, 1154.2797277758345, 933.0058879460769, 932.0264188124859, 1147.8921727924455, 1137.6071473825868, 1293.7485952203522, 1285.743317903636, 1200.6557667714185, 1163.1041441499945, 1150.2444961782417, 1151.7945293953994, 945.3144552504748, 1186.6836738231127, 1342.8988002256258, 1310.6935919966036, 1195.6883612823196, 1332.8474021423567, 1133.8308274610629, 1199.7932649445006]}}}