{"hopper_encoding_sigma_05_seed_2": {"results": {"test_sigma_between_0_05": [896.3332252630936, 893.6998503113387, 1103.0059034222445, 911.1865548236876, 995.5594224227198, 658.6216490663762, 1018.4669228224499, 912.2103433566713, 798.3033917558545, 1014.2236700688999, 264.5127111759301, 1016.3563966216477, 916.4672115317187, 940.3854048783757, 1108.9514153098696, 914.0010469023239, 979.0508937338496, 903.3103798182859, 996.5126789713161, 1123.03229252551, 1419.1042154134498, 939.7766114587204, 801.4630316530764, 1005.3018026287025, 1158.6767632883436, 912.5422216399311, 924.3707218025312, 926.6436440198305, 1021.0940528454831, 1008.9928509145822, 1200.5861956172835, 1009.1365684793162, 1012.2971647401437, 916.9128554858837, 904.3977015052254, 912.0144588801861, 1187.0979472849917, 1473.2274967155267, 909.706560726042, 1014.2768823660749, 1209.787207557991, 49.625210157744014, 242.0527955931493, 915.4367149479, 908.0989674362743, 906.5180713494959, 173.75295829135126, 924.3137294637894, 1093.7674182602216, 925.7019582475813, 991.6556079229928, 912.7081342336547, 1083.7953224435355, 908.5093035786704, 945.2943811970289, 899.4031214842558, 53.663581594469726, 263.39897198703125, 1177.1390427046458, 920.1811130903269, 1014.819071925655, 896.9887760651812, 884.1405365027146, 923.0886513340545, 918.6651555079982, 924.4369027081071, 904.2162695086344, 1040.6571970700295, 51.27529924219416, 905.7926349621879, 929.4686306178479, 914.8847872642529, 919.7300012598864, 1020.0483969506621, 1123.6717557245963, 901.3190424505077, 1013.4871325938987, 917.8642003092451, 945.1495615401624, 896.1387003150222, 909.6319194947304, 1008.4125436361692, 983.3080722280793, 1093.4774606317576, 1154.4251402150269, 909.5353014146617, 925.1053534610714, 1009.5916681051866, 1194.114330655352, 919.1237704076565, 918.9525969117174, 986.9801148101875, 1150.3214105198995, 266.7902588240772, 912.1618070201836, 1003.6390420901242, 799.2730332484753, 1004.9557987010755, 1019.5908729507026, 899.6646132254831], "test_sigma_between_0_03": [907.5586697249776, 995.7182626359878, 922.6338783458432, 1013.2622457979556, 1074.3226276927478, 1014.7705840299093, 919.8921415693262, 923.6909003796934, 919.9337514961617, 921.5508529052681, 1227.1066720605584, 914.2858681460605, 913.3344894217107, 930.810633072995, 890.9497778668109, 1016.0527509576748, 915.7079181170075, 919.0107147307796, 921.2046317803595, 922.9954464928329, 922.8780077746545, 919.4655772092891, 1004.808816491759, 1013.7053903070403, 1201.552298615967, 918.7144526173289, 1018.127103109275, 1000.3347376629267, 918.9120230112837, 1235.5586844842624, 1013.4646128257294, 585.5495366396572, 922.7091276731813, 1098.1880218702609, 924.4488857003175, 922.5310966564963, 1018.2573214803228, 1014.6151494098148, 920.980194865652, 1088.57262188921, 93.48170998813005, 1079.5890578237395, 917.765086598424, 914.2201570601175, 1423.28818435942, 916.9198369367294, 917.9271875626637, 916.5918654591361, 920.8367727366104, 923.3371002570265, 923.5695440437456, 1017.0757591749206, 1021.7857874841787, 997.1105933612827, 920.951113727938, 928.5034034010044, 919.3490766220056, 921.3172687056343, 943.7727395882836, 38.036137225381395, 1014.5359716532819, 975.5609479668937, 918.8038390638268, 942.5687321509189, 919.3085726865454, 920.1220631821601, 918.9245603713268, 922.5062085911031, 923.1195373567392, 1169.3965537353838, 993.712585493719, 1014.2527639844101, 965.7029051324366, 932.5743375361642, 915.7989090626608, 923.2101461206772, 905.9421931407302, 921.249893312458, 982.281809137176, 1020.0486502594001, 130.69425961187667, 47.82494513488782, 1018.4120393287502, 922.350417222092, 38.98279297496774, 1171.6791214286886, 917.3582196705955, 1013.1272980293088, 915.1935536469686, 1051.0202021865612, 1045.5078794136682, 923.8860938669721, 1010.7344530686509, 914.9754143470767, 924.4800728672707, 1194.6226002801386, 902.6115998029355, 1115.6876549578171, 876.3064222346192, 1019.3199781997685], "test_sigma_between_0_07": [140.18593801710378, 1006.4799541605382, 890.3964519826002, 907.4328239115474, 110.89319906152815, 807.1503185438105, 204.24415240338706, 56.77800060909502, 1000.271428096198, 36.69915948035051, -2.984443949049456, -58.95548233999871, 886.6927945776669, 177.6575841457525, 933.0767131310317, 976.207728828859, 803.9965523901243, 890.1022822325456, 29.473440775767084, 907.6111524733517, 884.1098726903621, 121.62167641528939, 60.57227612369315, 793.0268897050312, 912.5728304264056, 894.3806461475648, 52.347284525132274, 56.913141032823475, 43.498693831195126, 262.67478339670936, 33.97526334524009, 910.9363134974725, 20.35213456569472, 885.8211709108609, 788.0294419218778, 23.866006110265154, 908.3294986215308, 1095.0153936561221, 997.1404405121251, 1172.224034754655, 1245.3060177805053, 1018.3304409965384, 1235.6985087636515, 916.3640404333496, 44.84388498051193, 908.378372700488, 915.4899801149588, 770.8161847195582, 1084.8722077542193, 41.85737861249144, 962.3940543654933, 1004.6433678141746, 1376.7710604573158, 35.90923555175978, 788.4774136494813, 909.4806298496062, 890.6194151167459, 894.3789570727427, 27.255342842017125, 0.8378499565951638, 28.321901625730963, 12.053285270652848, 71.03815590974264, 1019.2391210162343, 32.39303842276867, 21.256428449611118, -195.58169501207885, 984.062172248295, 911.1251627127538, 8.65040654353652, 1084.6946624218087, 919.0260720116693, 936.4519055541215, 878.3323892336018, 804.7080230895475, 883.6569477011334, 923.7679683675924, 60.01351978736638, 924.515236413886, 36.99875072576252, 908.5938769600014, 14.321904200834977, 919.0355126849856, 1007.8823288503189, -5.2657845500551055, 808.9320509030691, 1230.2653358253976, 86.25458636727853, 180.07078473498976, 913.5303698191765, 1173.46262773359, 29.450783473647608, 900.3252455520675, 1239.8862151985306, 228.9702414920627, 894.7899219233389, 285.1316805090422, 819.8507830050182, 1006.1809308933186, 918.0403646615224], "test_sigma_between_0_01": [921.8117141671154, 920.9178088841134, 921.6137778951176, 1002.6467749245227, 917.166390021313, 916.3950588429465, 918.7853117418862, 919.9562021594959, 918.8644816608015, 917.4795137482128, 1158.728254698009, 918.1365579580596, 922.1984182578932, 922.8273908260063, 920.1386388722013, 924.4141068810164, 922.0035953366449, 919.5514024636112, 921.4160823044027, 923.456801347649, 921.4463353187772, 926.5368424544331, 916.1352497251735, 924.2160381435932, 927.0201487906476, 920.5843182580082, 921.6590627075936, 923.0808229420812, 925.7966264767654, 921.3378885211619, 878.3057078385712, 923.0146234091164, 918.0637837845808, 922.7090691447027, 926.4473156328386, 928.1657844986595, 922.3966220715328, 916.3335238767285, 922.1789295643523, 925.4885973995285, 917.7242709246979, 927.100528551973, 919.8953828683399, 921.8778536290267, 920.5739140407331, 923.0173161454555, 924.4498222461834, 919.7624450215735, 920.7620499714759, 923.6023490529087, 921.5045255371224, 920.4567766715668, 923.6049837084137, 923.3301194591824, 920.80931557621, 926.1235710955999, 924.1058610255147, 921.9852830855713, 924.5956921642359, 923.7592870671715, 921.6492773768774, 922.3244586359258, 923.0539470589296, 919.5838313710935, 923.3501121779927, 923.6825831166668, 919.7219837143585, 927.5213156904108, 919.1750670358832, 921.8545890878589, 919.8728083562678, 922.2337356529915, 922.6894889275751, 919.9493098112607, 921.4386452813015, 922.9439354590664, 923.3640590458225, 920.2769906957358, 1000.4551490493195, 919.9914597759334, 922.3676231401961, 921.1745934337314, 924.6378189882962, 923.5032444983052, 919.6123426278198, 922.8470541830128, 918.0490230216891, 921.4572268187446, 920.8619020876555, 919.7287418626598, 919.4471591108293, 922.456043398323, 920.5618647994812, 922.1495282024781, 897.0956259710657, 921.4955257186231, 922.5186188953427, 915.704175701226, 925.9712989174535, 922.3103457771538]}}}