{"hopper_convnet_sigma_01_seed_1": {"results": {"test_sigma_between_0_05": [-212.40453341553356, 1.1128072876774242, 162.25566289717537, 643.107369352375, 81.99678042791345, 55.06614194678551, 264.74600220223516, 138.63112551640367, -2055.772164539458, 1828.3605630070483, 125.73262469949842, 127.68177527258818, 281.5314456470308, 2061.7492581156102, 67.38283850630688, -1898.67454959433, 140.52759508641753, -558.3960114430919, 75.89119677257115, 95.78912021495198, 610.4170787225361, 120.32646439183443, 1841.9812558150954, 69.2136822248227, 1499.0009597302424, 1532.3532806775602, 203.8706189820237, 1.2688213149464014, 0.9426488523502476, 151.447794574083, 108.72027618358112, 129.60400376909234, 1438.5530586886111, 4.818472679551633, -2.9193988825776582, -1882.2896108737086, 152.6144343707012, 116.81159262509318, 963.2984250930583, 49.03183083893822, 178.22181066548217, 65.8860685851236, 50.29687853000503, 32.831956510533914, -233.5449298549736, -100.59744334116837, 65.88596570343651, 1964.6794967302887, 136.90209990881704, -13.525505131356473, 147.55976896682554, 50.49648462876211, 125.19651283459673, 481.9106049843434, 1225.2166001261335, -2693.8289630484664, 79.47110081175343, 58.05682843084363, 119.1222013031482, -1480.8488972712303, 1844.0446124577477, -44.110440910444595, 42.56725465570489, 161.03208011624082, 1901.6938201651847, 1782.307558331004, -15.185149151274524, 115.50345446687572, 271.3163504088428, -1203.221991953961, 1529.7350690888602, 111.60118335768476, 1876.5931229495286, 239.64133679341035, 81.94747484170801, -80.64089111330101, -1201.98802785131, -66.90915224306954, 536.0424417962188, 562.9947585767407, 604.014508724343, 15.992944937458379, 1484.1713443881215, 171.70279589660348, 388.0494947912682, -71.55106291580304, 177.8468194890811, 947.6210056701217, 202.89429865529962, -62.41311897358246, 1835.0771515961255, 668.6958465738693, 106.9655282999083, 129.3583651753055, 134.47770513188297, 74.51492959152822, 73.58912041163278, 64.34823375575361, 1730.2857530254362, -1317.255104409965], "test_sigma_between_0_03": [381.9583752319873, 1693.2138975092794, 1468.8704570162033, 1156.5041326018006, 2069.3941271450008, -1308.2170820736433, 109.98761363284869, 1840.9616272861085, 2160.683473024944, 2052.217570551554, 1884.8923065929134, -1984.5316881467797, 100.67125449501907, 1970.3551471325607, 52.49116419112543, 1951.9323460506953, 106.57826662405282, 253.06947694365135, 1518.2913563015875, 1991.0957870300888, 1815.0351271299483, 1875.3412828612238, 1674.7622917562321, 884.8273044415855, 146.800511566177, 1290.777814894427, -91.68231467666487, 90.5284928887704, 1203.8659043355644, 1952.1077354027332, 1005.0474074903232, 1086.288104798642, 1394.9682798942756, 131.77918162929998, 2013.9774146483921, 1923.1443889177149, 1854.062838609986, 1746.1041765857296, 250.06456052100685, 143.16590327668231, 381.44492178427186, 384.46144726739294, 872.5653527092437, 1060.0724851395803, 1512.6974241195887, -1601.047021179488, 1935.030460639953, 2034.7879796142024, 1983.0602821772475, 2173.4350487030956, 2074.547314188698, 2115.1183202603456, 2093.669974687587, 146.78943814936798, 471.2040749761786, 1700.4518411243482, 1770.1999438756548, 304.4759914107736, 2135.1788970157804, 1853.3289687339488, 1935.0148544528788, 2021.6627144698045, 970.1184303525397, -967.2723456867833, 154.70394721197667, 299.6999618585569, 1611.0482460009025, 2109.1849736106687, 809.0162150151273, 792.8467567507429, 109.72341642420507, 689.5439134995987, 120.0135455085736, 1989.5322396752251, 227.03609255922353, 1880.9903011251897, 1846.4466710613533, 283.81469958638485, 1523.1084684757325, -3.1682994927250534, 131.77485544019288, 1642.049373663759, 1882.6081089732409, 1955.4481553576256, 1971.8325522118278, 94.74969064390608, 731.74314275983, -425.32602575502807, 119.5227165418226, 439.3164305466318, 231.27939715900422, 2095.0768051646655, 1844.3527746329894, 1639.2384472853144, 1939.4624480831005, 1854.938859953584, 1878.7784808659212, 2097.836596992981, 1024.3375362128281, 1777.4825192938983], "test_sigma_between_0_07": [84.61183873794214, 635.7810943283555, -403.6074221954259, 1252.67853108883, -2.54803886779555, 627.9023429492166, -33.17525367270865, 69.37753292120178, 773.9795567420007, 59.68842110846889, -767.0614301285681, 918.6438820822663, -33.762694866707896, 87.76519986734495, 181.30085009571047, 63.210449862659146, 310.42489582304097, -2678.203024309445, 506.20637594909067, -41.102324949948525, -86.44052770399286, 46.44451082543382, 7.435630167485215, -638.9788243570687, 35.09709346007731, -2837.7517778823717, 23.048042672403977, -13.28347835266905, 241.9592536645665, 105.18320999812715, 432.9140885342321, -37.744029560119074, 2.9302858227863897, 68.70372125351133, -460.98107979210494, -0.954779931726808, 293.36863604077803, 1962.4129182755032, 75.92271235186487, 215.8630127997749, 67.86568711157595, 79.89332948968801, 1275.356280514479, 1587.5985718583363, 2.3256708553977656, -49.46703916134577, 79.06778068461425, 883.8074634881345, 1880.9222380737324, -126.31565557510046, 526.7067328497685, 111.76382445040362, 97.64281677674445, -19.11039125774842, -88.13423993398173, 266.5965043892312, -59.98322052819276, -1281.903634417684, 44.53979325734835, -0.4715893313928967, 50.913380049758416, 119.67387588983836, 8.731964915448042, 9.472337409270402, -31.309174455206083, 5.784533607159391, -16.463014892244246, 804.283342039146, 107.93200005738036, 0.6470864288508893, 808.5142374962712, -89.76040136455265, 654.3868474811723, -748.2058837786769, 909.8076144813674, -92.18868198336568, 2054.8353823604257, 54.70183519531567, 24.959355942480034, 817.2299201767589, -54.74525242371603, -100.11941500078974, 1785.9091260067455, 91.5870424539695, 146.0834626670985, 903.6474348296055, 119.75228437260519, 77.73408020595087, 43.27870144108017, 461.475027784516, 1902.2663015291675, 21.386994513102405, -18.511161302682012, 82.87227646061362, 57.25048672256527, 8.878555406966187, 12.751161751181646, 905.3405607880834, 123.18699800373285, 1894.584981043088],