{"hopper_adapted_sigma_03_seed_2": {"results": {"test_sigma_between_0_05": [116.27944150747061, 49.37430283056744, 217.6688034640524, 738.942786748672, 55.75873145654623, 1806.425942642474, 1715.1215412465638, 115.89096265387495, 51.42068344931613, 1425.2673086248542, 53.06646220447874, 170.28451278876602, 675.2973402682999, 1660.7392132463683, 153.2241194876216, 667.5004728958436, 71.42326163010878, 487.4912960908858, 91.2374740940504, 89.31965521666862, 1623.4327531525125, 216.91328719822633, 1907.173059629265, 85.17661573219814, 1968.5667153794564, 36.40302793016599, 96.27960952964058, 170.56917733512967, 63.80873175484739, 926.7500181060859, 344.69444617272086, 85.99477157648653, 1175.6012555079894, 32.75659178335773, 40.48854149339605, 822.2240015106514, 946.7278191319728, 212.00071251628836, 938.8020588645705, 397.9881501183337, 116.52064554148384, 26.558766296318208, 1649.2350727993048, 133.9294957551116, 25.956393195952103, 13.098842303907446, 223.0999706339397, 1846.9497149314097, 48.78378872859323, 1878.6648126698615, 406.44718539953004, 125.61758504835596, 423.90570236074257, 44.498909811764314, 54.47971920856217, 109.11429981820983, 47.033362522085355, 783.2740553899758, 72.09201205632706, 878.6477456392191, 1091.9333585480595, 20.579359764822584, -43.02329394553526, 1442.793661907942, 1741.2935786865264, 1938.5713458607463, 18.006919640600973, 497.94622456248896, 77.0086555571528, 81.33160954131162, 1516.8502277126886, 875.1608797773458, 386.72991145015266, -2.366671079301166, 54.088718322139165, -9.984570473364144, 1317.2713896159014, 1544.2234612744726, 62.30376401679824, 61.03704693493057, 86.25380948140662, 1629.531486047582, 1616.09826746672, 1408.1630543402948, 84.50065364023173, 447.5955854050451, 1908.3381208704675, 322.6596838996047, 186.9282727478727, 43.35355076402194, 1881.801835758504, 70.08265476765808, 134.34234652129675, 23.14244508556294, 1701.0613922403738, 78.5564164593903, 45.87218986816734, 53.49915479742049, 1853.539779387612, -52.55571947514836], "test_sigma_between_0_03": [1850.953412164852, 1435.4789060188084, 1825.2252185105165, 1658.2020512223596, 1988.9115181463344, 1198.884783974009, 175.41331391785343, 1480.402803094355, 1688.7965166745018, 1469.7387335588421, 1718.257680290509, 858.8423191104426, 55.73134831172064, 1975.8560856860304, 609.8220596296652, 396.4458137129144, 1137.4075352018085, 1068.1886945785707, 1733.2742226059909, 1687.7635615272654, 1626.80709592117, 1457.0086615273112, 1651.508784217925, 1319.6870358050896, 222.34195555494495, 1438.726374321662, 1890.1819057601851, 452.51435434384376, 1914.158154560708, 1767.65934303398, 526.7592401856381, 1850.9617437863762, 821.5448467773856, 85.00160108916027, 1955.0384183602478, 2039.774993442727, 1824.494295729167, 1835.28078358563, 983.7522110704631, 1026.316489068206, 1236.1740904089625, 1896.5733196573335, 1134.274450766281, 1755.672441147377, 942.1769175920437, 724.6834095964621, 1664.3705260731854, 1339.4193481082752, 585.1570791433784, 1907.6438988237444, 1474.3777231293388, 1179.1159322222968, 1828.822016675841, 1828.1989854795595, 348.3119194674465, 1745.186377785527, 1824.4763096547515, 1055.1153435177612, 2092.342033894347, 1576.8707987860676, 1939.5088959088769, 1666.5550714003837, 1019.5374602024727, 1436.130124416927, 1139.441592563326, 290.4565104354899, 1653.413145686311, 1953.3055592286405, 1484.511184571568, 1736.1551263185006, 71.00978417750159, 709.1013221370157, 202.55727375472924, 1889.188994723499, 1581.2577609545235, 1996.6534747977182, 1852.8037828238512, 1020.4196353186813, 1250.6081624360986, 2077.221965529862, 1226.6389557342782, 1419.1053759289664, 1784.8176856963503, 1496.9378228546839, 1961.721227146355, 116.8310475359918, 201.6562582094265, 688.5421374127284, 1242.5951275527004, 1501.5732921857705, 1970.5456861939062, 1899.140085951231, 1659.1674414937377, 1318.6961379875918, 1840.7765312658355, 1911.8724281225186, 1813.5655162112876, 1131.342191394667, 1273.47487705068, 1636.5881654464501], "test_sigma_between_0_07": [39.61198507042282, 106.08151654717804, -63.33455103132292, 184.9984535635725, 64.78354370233863, 1854.1919350373312, 41.21105194779666, 21.524730383711, 312.2992987578967, 69.37862135830076, 737.1452022806887, 77.28099123364085, -16.955243735866677, -25.74444574454246, 1154.8732786715952, 388.6123394236494, -14.74958179089881, 4.728045152466797, 38.51872727576266, -115.26810981997842, 3.359110359163605, 123.94858699381584, 6.132230922266899, 36.390628998112525, 301.30998755511246, 686.9262986892694, 68.72339037189231, 100.40777072052737, 125.1295698488426, 107.97180111913329, 168.99264885857548, 7.192543275195931, 0.8098383391319666, 158.40308828245477, 30.558315260928072, 20.264257069020825, 21.95942813643923, 1887.6266412808204, 50.85575073252694, 1654.3103490324359, 79.76887965170894, 1983.3343079979675, 1922.5568739026917, 1203.631522905125, -3.8514124537832704, 54.78035596628905, 1699.9531775369476, 22.87745941271132, 1771.9401449946347, 9.236069425403546, 133.16890920244043, 252.57709884157677, 145.45296654195695, -13.698752500176488, -11.982548003277047, 1354.3387130678339, -17.458146105008204, 709.5438949011842, 23.45572264691291, 4.640046326321317, 20.298590839182726, -64.86367685080475, -4.770528388499223, 1408.6729285732608, 87.92390899611053, 5.789306905820558, -26.434490186689064, 150.07809738851356, 54.96099850399041, -7.481562796443174, 1894.8012465441175, -91.98676411872, 1949.8344473706713, 227.08413193311418, 759.0633686801817, 51.91891653171769, 1876.2885442704978, 22.048900493975086, 5.48518528576242, 157.76771718082594, -99.38544390923926, -49.431418820991524, 449.8499498092889, 202.44159643538148, 68.97201477291676, 19.548251552315197, 1661.2382899700042, 73.14409801208531, 93.07652247923542, 188.79367542762043, 934.0434540283586, 23.794447761813352, 32.475494824913014, 80.3860581995861, 43.28166716178674, -29.019190708795207, 70.2381761904733, 90.90148770061057, 201.7481685654319, 1913.7761110752767], "test_sigma_between_0_01": [1608.4043569873536, 1871.1593799800944, 1892.9879386139482, 1727.8695413647727, 1925.3669950795766, 1675.1413093129524, 1952.9993549023193, 1659.442131316627, 1850.2363635430609, 2005.7903003217466, 1938.5267933744701, 1945.8980749852508, 1824.506206768085, 1556.1643814412844, 1898.0362307791074, 1628.994101189516, 1624.8067117821272, 1979.5034657666708, 1798.4523547628576, 1581.8493156096254, 2023.5789724028123, 1645.7983279233704, 1967.0141600471152, 1634.2120926365476, 1895.1350369109805, 1745.0925873211734, 1784.7035691467984, 1823.3028207109153, 1640.9216433591705, 1893.9165221192056, 2002.1153097323431, 1782.5242722588612, 1951.9933486011107, 1445.665358744584, 1955.6169562866676, 1558.1757470188381, 1390.007651390261, 1993.43702684246, 1684.2060289604897, 1723.6611579298878, 1975.412460619671, 1699.3031151078865, 1814.6892212158336, 1790.3861801125036, 1907.1895847243388, 1761.701519890862, 1967.7917022726897, 1807.5512440521504, 1767.6568836223064, 1900.5532094494247, 1879.686006602286, 1599.7024868899014, 1852.734049207169, 1867.8496165948666, 1542.4004244212513, 1695.3357369307064, 1669.3061175582686, 1949.7249151779083, 1887.5962343767972, 1771.093072957525, 1649.1170388686955, 1765.4810063126051, 1843.4238349558104, 1576.9469172334198, 1708.192759514932, 1629.3104091184755, 1973.0941016929767, 1586.6426457707141, 1968.7789539486134, 2019.6649215261727, 1769.518512931146, 1881.197190960133, 1942.7455434887543, 1883.1159225390918, 1883.6543368513928, 1822.9940949257243, 1884.6697607658336, 1885.3267777649323, 1603.4105593517106, 1940.1977559877078, 1976.3135679994855, 1834.7460692819266, 1553.579652429786, 1689.6376312441853, 1843.8959663389348, 1858.8411270155793, 1937.7415381063872, 1910.2324266630703, 1983.6318381559715, 1886.2234920436374, 1692.3689644388298, 1695.5295801127925, 1603.025074819917, 1921.4748768736513, 1928.3577677953053, 1710.369768612603, 2045.5828938930304, 1913.386519199167, 1728.8444608014174, 2030.4133208605276]}}}