{"hopper_simple_sigma_03_seed_2": {"results": {"test_sigma_between_0_05": [10.529061917260723, 735.9586127766238, 84.39145531581741, 815.9133179686396, 78.35594171433041, 108.24987988064973, 1421.7963322651865, 128.7072711660716, 751.9641782998624, 1295.9794851050003, 51.832200162408114, 172.41382863857874, 89.22227224439703, 99.23926728034422, 139.86272272442736, 881.4410569688315, -67.99589001100829, 775.467500369691, 145.10218952012366, 187.7836730105686, 1775.4562483935802, 18.243687008284905, 301.7534085152206, 246.82961341470067, 1752.0828243827177, 1295.2172408153483, -42.99719634165958, 822.1531496888408, 151.42637364683912, 1050.6976695202607, 245.46452425776656, 291.2295952869988, 1079.0997482259554, 23.600843879203598, -18.148953041367356, 948.043841818623, 130.10614229822676, 1711.442845034116, 883.062993756668, 1273.8575851479425, 213.8308467839408, 141.28145373868026, 399.72490027591965, 71.2882899740871, 78.36450919660709, 31.264935717926708, 14.82036603236338, 1607.0610897655595, 137.3858908748633, 1587.3233976807974, 273.2697397172553, 133.74600241415175, 1305.0728657757284, 311.6057184190957, 1115.9075156837912, 401.5304236994256, 129.59253554813623, 34.060565853264414, 169.6804185523535, 516.1500632172175, 1430.9594973846447, 170.92762628104379, 14.377977606521737, 92.18273691496432, 1560.9421345570718, 333.5358584094531, 270.8204567963901, 220.21775155796925, 83.77984374680092, 162.21739732015564, 1234.1606739666195, 885.5758156130976, 88.64258781638492, 1148.1338767540751, 171.65209916805176, -1.3048856022651556, 1079.5386546898396, 64.8436097222424, 73.85079691815336, 176.02915971658666, 768.2871777758979, 134.40493190424314, 1177.2654886602406, 218.0082518281328, 80.43406053587825, -21.048112132749523, 109.33741928988167, 1001.3008739285807, 93.67186463214459, 303.9538220288814, 62.640320641784626, 792.3719495889983, 78.48731148293152, 144.26867136307405, 60.11515295250426, 113.43775065088846, 191.54568608281127, 175.86593647915436, 1448.5350652809227, 928.7073354297561], "test_sigma_between_0_03": [175.32791473036926, 1134.1916156357806, 1435.366997978668, 1489.9696703403308, 1641.1090681790606, 1046.0966724927516, 205.3682829162616, 1228.3817775318857, 1620.1655999391417, 1590.6994305921069, 247.53823900645935, 928.3177512085166, 188.96459067453398, 1488.4210042041047, 992.8370180525078, 1454.5125146279602, 1188.7176408862824, 1061.9938875345622, 1613.6925071445546, 1233.3228048624292, 1391.3832496908701, 1409.9800699642815, 1274.7107009017031, 1073.8094493361177, 218.3913286101306, 1159.2793107714451, 1390.5260471568918, 440.49125130999875, 109.17105866639032, 1670.8781721532525, 1081.519691115786, 1741.7264005457048, 1066.5915412843192, 1308.777407930096, 1633.5930252792066, 1444.3347845862127, 1645.8109937941992, 1346.9873436007522, 1039.1000198326083, 1629.593206179078, 1179.9659768045892, 134.7018163955683, 1091.2297547081516, 107.40026744318601, 1880.0341194586856, 948.0985345012081, 1390.198100440157, 1675.3637820071945, 1376.622952019475, 1688.2737067022658, 1270.8394836172063, 119.13540107379957, 1597.5589632291023, 121.48946472704121, 1636.2308537692481, 1246.6527541856854, 1616.8895509248014, 1308.587647576281, 548.7358286844465, 1549.5206847947322, 1413.3018891516867, 1601.6892351118763, 958.5764863196708, 1072.5324516134542, 820.6671864159993, 1413.7466906428872, 1513.4471432599482, 1740.6158239517688, 1589.3290668584043, 1693.3481173552657, 155.12383218846804, 1129.8001335193808, 120.34222640386433, 1599.726302406272, 1640.8070051300665, 1398.1136802359786, 1399.0736121613154, 1231.398207836494, 1037.4628515311028, 1390.7915709643569, 1267.7358366644964, 1140.3244405812825, 1319.4460162407806, 1382.3308125759936, 1669.2267198494426, 126.56864559420502, 264.853890297361, 1267.9947752899966, 1339.0611104281527, 1666.5984942809803, 552.088540994549, 1670.4673964596655, 1263.8684053266145, 1084.8794310690919, 1582.8756346267824, 607.1735595777818, 1547.6350540826982, 1713.39626889232, 280.9404691813162, 1263.685975395297], "test_sigma_between_0_07": [53.8014213042261, 485.7645429997589, -20.977151106292133, 1263.812036048696, -281.20129007518983, 128.71722257833608, -3.7374851925458668, -141.58774065453326, 245.2987963750464, 85.6607361316579, -15.98935790139076, 209.62238760392646, -74.98608596737469, 21.616855280348684, 85.77906335058067, 122.58617295640865, 59.5827683066571, 20.15544727513626, 261.8962985868973, -31.048454096621573, 778.2044584597218, 117.50320420950443, 10.275871489668493, 47.72199732133887, 35.63886088865401, 797.9022017802636, 100.66666703096418, 20.59766491927585, 891.642190211335, 806.3720638422278, 191.05824358737283, 45.96714588978357, 24.186097473323752, 90.2783025905228, 29.052218729320195, -49.47196093675448, 6.981094643026879, 1702.6775041876092, 252.37194593232985, 183.44346195908585, 198.13562289532564, 89.76871473778297, 1698.9216145329035, 249.212660846705, 26.23921091915109, 171.1561347215684, 112.22345781752807, 714.5866692338868, 1603.3096453906003, -211.75053431989656, 919.368514196023, 300.1309730823603, 142.6458711992673, -94.2018594977242, 706.6903596404472, 1164.6256350118201, -123.24199874668557, 11.143435575535133, 55.65538022838592, -236.4190160224985, 114.52458630029867, 276.4486748026435, 32.74554869677667, 1260.7438011439397, -450.9114344151575, 37.537430723728896, -75.20969407692027, 820.8908822791225, 106.25641493317376, -3.2460555453159032, 195.02404238607713, 41.43702835505974, 68.16332395491918, 616.2439041781568, 855.4578820906161, 111.57523853294815, 1713.2697567296975, 97.37997067367688, 288.8893466606548, 892.6174865573374, -162.9859096130632, 9.981794940339752, 153.05994483869725, 785.8570809737781, 660.2248821241661, 163.7248173297223, 99.49805606941518, -5.531623495146051, 94.95293301774072, 137.4408118673091, 1744.5488956796478, 44.35097885582071, 77.17621955318614, 138.9547399207513, 49.79399204125511, 22.408845754925252, 466.1599205222475, 893.4169141964309, 1462.4073382131073, 132.686064140388],