{"hopper_attention_sigma_01_seed_2": {"results": {"test_sigma_between_0_05": [-47.445479804347265, 10.818477710822481, 415.94513281590787, 315.7470392631336, 102.69121268650632, 93.52249878336877, 63.55467039907672, 95.1284293373945, -424.6689762192968, 850.9676122059901, 2.11036948231194, 91.21791077387752, 162.92263487634776, 128.97670596585232, 1805.5358369402613, 40.15960948551803, -32.12409943359234, 193.92387138863415, 81.15005132711667, 92.76139097949925, 238.15962663967957, 100.94672685195691, 862.3463416643594, 110.78972666827468, 105.75855502063206, 127.41884478364368, 42.38533540385978, 245.06532917844459, 191.78307158242524, 196.9658451809023, 66.86455634311132, 149.3783461185594, 1392.7442194818823, -5.223860575936845, 30.082890965437404, 10.309297957424134, 93.46064918315825, 107.21586703532664, 173.7949269729419, 400.73470917476806, 139.67764511777938, 101.26846390728609, 153.81340408228576, 58.76812921930397, -99.43024615417089, -10.307204213224786, 51.31207836768737, 2061.038533011972, 102.10809382542504, 570.1342116644425, 107.1335233612379, 171.4768118454478, 126.5626220317994, 129.2064968255348, 304.97603148262124, -42.39830995887459, 116.45730265414169, -8.301201911420502, 97.34230530376662, 28.98063776168564, 1900.8928165364862, -103.92945987161802, -70.48467701154732, 93.68960860251536, 294.2159180374613, 142.888573907048, -70.12118527878047, 133.5018802027495, 79.22179640156389, 210.15130677015264, 1819.4328040555856, 102.01604686698705, 119.67911247006992, 226.81017648603589, 91.06222085785268, -116.8722430704103, 1031.0174761181609, 173.70913129636315, 190.2477823300143, 113.91847191615379, 78.10321144180635, 126.80302189522628, 1551.7077245631278, 377.70799531005025, 101.27284873192836, -23.457550727289338, 92.2946339050526, 1071.486290262423, 144.48444895890714, 44.262315679733, 2110.0531845214805, 315.14566779635015, 77.3654716541845, 113.00443087037857, 38.83606263425172, 92.54083522727161, 77.81352516264015, 96.19382266601171, 1198.8542097760758, -0.4118698281105102], "test_sigma_between_0_03": [74.41321291212664, 144.60606885911537, 1769.4783629693159, 1647.8101611935515, 2133.7188994638836, 81.72005362649364, 154.47642671197823, 504.33424676563163, 313.76802143999805, 2132.470827858688, 130.49309622169238, 99.00535186777995, 65.00623148559096, 2024.4000605173935, 120.15029912470781, 1990.4062526974876, 203.51202418195896, 224.18619551361917, 431.11349789889243, 1157.0289807549707, 592.7852930346362, 164.53152585007626, 209.81796570024292, 1263.2423734451163, 135.37033005820413, 542.6639607787336, 1745.6089501198019, 136.96699489891614, 264.59081989541306, 2168.4719528044466, 700.9697510357082, 1775.9753083965206, 129.91420819162875, 65.06339656351484, 1794.0818471060848, 115.83489224470539, 467.0526924864985, 1470.2895256130314, 257.85195374756444, 288.2244986748875, 162.66425775089593, 82.09445519441798, 951.2723215717783, 85.2860769033883, 597.0538259949009, 171.74775298368624, 387.7101280462142, 446.0472094690439, 672.6226467990435, 2057.8726629800217, 763.6907142162482, 422.3522535143813, 571.7767666530567, 68.50305317598685, 423.0240140681589, 1776.034202661734, 179.30310438976738, 197.02835773561097, 118.89071868020403, 2000.1621411937006, 1893.7070949169258, 348.2863193331113, 664.6022117185731, 92.75078341648187, 136.27879357426863, 1286.246963587543, 1767.4976675078115, 1203.0104416531365, 419.7117199469274, 310.89358700764296, 108.75982517666705, 1035.3010688164104, 127.72267920600865, 356.72309567627644, 131.99412971956622, 327.84958991642367, 449.5165866388928, 251.46561744758648, 160.25643257859923, 595.6675699766041, 186.21803771495178, 249.30339317934914, 1067.530369058926, 175.2483430381894, 2068.6575397239963, 173.29234734247592, 144.66200859233794, 194.13558114702028, 191.06856870449408, 46.466163624639734, 112.46479024059518, 1971.5647280155172, 1660.7819188341489, 804.0447481318706, 1216.3854796354237, 104.90661204471107, 2079.536449362764, 886.9235576151983, 253.68880981634138, 583.0436538022989], "test_sigma_between_0_07": [93.23298630140195, 78.61440768789764, -48.80031318930269, 157.211457126998, 31.93193290990603, 48.585152753337766, 11.374354142860101, 19.36662804210064, 104.33277264239149, -32.55758953383047, 4.4297584809246455, 871.0249465613971, -80.97163230898296, -44.11333913691197, 147.51402395323237, 135.96248984581038, 59.41862905903398, -32.91017639159398, 81.54039022088108, 7.331161959831662, -66.52454157978792, 76.3746227456446, -25.998604081777735, -44.642382094168, 67.67536287576513, -2.3396608225273656, 87.47362494444823, 15.301328247335913, -26.350640255799227, 241.5442045666091, 62.29515294561864, 9.854477076396869, 7.058624312159369, 28.133449744909004, 59.30258609340381, 22.588574430975132, 55.578480342094544, 700.5910992812944, 91.32623054547877, 2083.7272037678217, 67.56584946623626, 68.38533493566791, 79.00975706578467, 547.3025004218696, 16.07753544241131, 26.134709871620004, 817.9160743894183, 592.0818930235737, 1343.3196207183682, -51.06340456461766, 370.7946909074869, 42.18314215015853, 188.17373971553613, -75.19063612494647, -56.89591620102583, 249.06949212641928, -9.996796071071005, 7.621374572494824, 81.69202683947513, -12.757166534659337, 67.07568861308975, 119.51940383173057, -8.238302806673165, 186.89628530653863, 1.407568084115331, 15.268892283028983, 18.698878666565, 270.802295137278, 215.20799524661405, -49.72194945779192, 169.3594725785894, -12.55779433103598, 290.8603247974286, -238.8595704854189, 506.6222705635117, 8.840886117352067, 1942.5845216724315, 98.96435509478907, 84.89344408143953, 424.3599827369366, -82.39434967516281, -19.03030669968139, 667.7756277534968, 370.15558289075426, 39.83443307712441, 302.7761334681623, 122.48572562991032, -93.00419526270706, 90.82576361558314, 135.0291319082113, 392.28742220568097, 54.89700970178529, 23.111622899596114, 75.44496334717114, 133.88580496069628, 37.96520757183607, 132.9644888090639, -99.10285364358425, 145.21720522126418, 552.6714625433541], "test_sigma_between_0_01": [571.2233546581878, 2100.910866174408, 2033.5271487609991, 1753.550486425823, 2096.5465874346005, 1966.3156992908978, 2141.4790096649876, 2011.693890781943, 1980.1638910404754, 1972.0670973115145, 526.9353187942222, 491.6772725255154, 2044.488839961261, 815.4114611913507, 2088.0990443305227, 1911.9812133856526, 1834.708515006441, 1710.3223986444482, 2014.393010189393, 1709.9365429350669, 608.0233975938347, 1453.6945629356208, 1841.0179485367612, 2046.1084781809868, 1506.1612826271476, 1921.1635243961186, 1808.0089057500004, 911.8487261737837, 1084.8234326854692, 2048.498176876228, 2204.8994604685213, 1298.7000720458734, 117.28690314457634, 1781.1701795074002, 2054.841063397301, 1964.5901220897003, 1910.0710748595736, 1142.917928841815, 1949.355852236033, 703.2044016196699, 1659.0792915308248, 1796.8500229524084, 1114.0586770808195, 1986.7059164222353, 2119.7951183007576, 1664.6916548991373, 2101.1024052117546, 1364.721961068375, 2052.1836335416815, 1404.493586216554, 1911.7026221708882, 1635.2244959045272, 2000.7734821016027, 1492.7881166776317, 1934.3280979897454, 2083.8194543792165, 732.7600208847522, 1569.4393752961507, 2164.1370101546117, 1981.4827771213959, 1937.3253888555296, 1985.2961739544835, 2059.2194155528273, 1984.3420028709593, 2013.9170589368002, 2017.0961449897015, 2025.676969756132, 1865.4130525936052, 2169.559926239591, 1252.7706056799245, 1423.1152169761624, 1999.184752181087, 795.2309167087504, 1445.7709457493431, 1874.4851566098355, 2094.8327323158314, 1827.8599882278218, 2062.572734373965, 1620.2943279351982, 2122.994028380511, 2013.0615324279381, 2073.5000454933866, 1930.8295885852658, 1935.764624123054, 1922.9525913407542, 697.9450467711869, 605.5101576244659, 2141.5329466090293, 1741.240638507397, 922.6160170288757, 1955.0387621948923, 540.3266763939447, 1937.4249967707763, 2057.694796367792, 1248.2838104198656, 1836.494428365408, 627.5588328698344, 2122.259436452373, 2017.7283499832024, 461.89925219414744]}}}