{"hopper_convnet_sigma_05_seed_2": {"results": {"test_sigma_between_0_05": [915.9774390085565, 895.2053873862179, 1644.7639322355215, 907.440902412444, 1184.8718526172424, 1259.8004518516589, 1618.044418373201, 926.393861525854, 910.9257209854296, 569.4634027647212, 1427.1780855982333, 931.4432827485421, 925.0014689580754, 1422.7442394811274, 1186.116431684454, 909.7535234743257, 1394.3631700188507, 900.2547481645049, 149.61826312505292, 1441.7314161707952, 1658.256155469018, 956.5259104116868, 1482.432725001993, 366.72732115998684, 1713.0201960168456, 124.38721752308048, 139.6683868065782, 942.3100284729088, 454.1268192609641, 926.1954685981565, 1694.5197788664327, 1286.052938494454, 1134.1702979041543, -16.6305510672697, 8.632359400532732, 906.2847833619954, 1744.6681513614424, 185.7680195759415, 71.361439720451, 1487.6688927711798, 1514.6354780682022, 914.4461222128974, 1545.022797455243, 1483.3784960319804, 917.3423640833244, 914.5824327995674, 1350.077115441482, 1247.44592726419, 1474.1986277233923, 1173.9013930113526, 1154.3637251069479, 140.28513321827202, 1433.730608204703, 905.178543258816, 1032.2890492166557, 911.909877676694, 1202.8169173353108, 1391.7443037092612, 1686.096612277519, 873.5055070279113, 1164.229385375192, 914.3271063051568, 17.458146836629023, 1197.683022645641, 1240.2939621834814, 1457.6757830914366, 233.9358287086858, 1136.2543610826035, 1021.6709269077851, 912.5480602621568, 1147.6444076150544, 908.376471557637, 1092.4520531489813, 1166.276443894065, 389.1816608770868, -17.438905739103213, 928.0001472111852, 1463.043808240158, 884.3745006937622, 944.7741533925105, 1054.9147484626296, 1577.4778361404497, 1290.7632087413922, 1552.3378899395539, 1280.9269619959314, 1345.7832144101565, 1216.1201524095518, 922.0132375464874, 1586.230614278124, 1487.4787026993733, 1332.5329564585084, 918.5132113929265, 1328.3771893974576, 113.68274196315322, 1154.4028505243598, 312.6423706490923, 1067.6593731788766, 77.22878843591606, 1586.0546261730765, 902.032342765329], "test_sigma_between_0_03": [1696.789477572683, 928.2699794082614, 1138.0268745646142, 1551.3184808068563, 1540.5618337147816, 881.757560906207, 918.1587853039102, 1079.913145237403, 1490.8119093721439, 1374.215723040148, 1558.1029326419825, 883.6028929548755, 1321.0650076294014, 1589.8046141608215, 103.83768592015113, 1224.0193927297378, 1155.6511812094507, 924.1132836719761, 1363.8253543163466, 1011.1059126709636, 1347.9259257618603, 1174.1967320245626, 1027.5661675400036, 70.02451493943515, 1589.617234154517, 938.8519743693113, 1220.6023138126625, 1186.430695129962, 1376.907557912866, 1547.9907847179652, 903.4912722658933, 1713.2152812739114, 926.1150857882913, 1347.809732090407, 1322.8103321591373, 1226.9732296573889, 1206.3859144533997, 1033.8269512742268, 924.464546527655, 1499.1585482456812, 1126.3821223881075, 1690.9339483106155, 920.9420163092492, 1193.0541965817054, 1731.0919697330992, 874.0020685553806, 996.1318561751783, 1266.6870451300583, 179.90951469168795, 560.4132362491174, 1205.5839475575256, 1501.0945509948951, 1530.0697582376445, 1716.0790026793982, 1349.7681590013508, 1101.7642634688168, 1575.5243096138022, 1059.6552805857866, 1340.5261482044475, 1409.4868714551048, 1074.7138801128722, 1380.9041633366985, 925.5393256661433, 886.4808180272347, 1073.6279768260547, 965.9324163746037, 1364.6944757683834, 1438.0950968958655, 1418.126596653651, 1690.7813921810493, 1364.0229781440946, 910.8123011110381, 1233.527514929175, 1379.216242518968, 1477.802320164274, 1537.078078070276, 1267.6415219465769, 918.7778957065433, 356.65472624557725, 1224.0590117096256, 1251.0171233924132, 950.7004001079234, 1304.2180696634698, 979.7055020447295, 1656.47190682716, 298.00447143782947, 1232.8258919585148, 1196.5995441092978, 579.3672650018667, 1530.7074811436323, 1592.6604261887942, 1634.611209492062, 1092.151842664624, 68.48433567735628, 1638.0358578879584, 1569.5318392712807, 1425.4275579745506, 1449.2651187281135, 945.982570348863, 1248.4759155055299], "test_sigma_between_0_07": [60.91963361533999, 149.32617552970473, 12.767204163884161, 408.95182313674275, 22.644046340887137, 32.71708822818328, 1250.2972257278848, 27.348891297182142, 935.9316255989935, 77.72892819593108, 50.765673340809, 108.7526802488719, -42.0195181390678, 105.35930198439456, 1161.2370662034632, 1560.3226150370858, 1062.2475224081722, 5.380379420802638, 1023.652114555553, 911.6950260671825, 621.5236329956138, 248.4698249342603, 28.02714660374913, 40.79509833809861, 109.4120029003141, 20.72205104435416, 1185.2599865420732, 1278.2510411522617, 187.43979302300858, 62.457470018220185, 1077.9789641978184, 161.9059907483956, 31.68133173351235, 615.4423560349707, 46.413285386892674, -21.956921830332433, 1095.3991035577283, 1682.0374664863405, 131.35274019860813, 1618.8555014975443, 380.61353918649513, 1238.008641381077, 1604.1125162837252, 967.3101764256477, 62.58664008060297, 656.163128276358, 1016.8606422939846, 921.9497739312468, 1491.0063891241568, 39.88844550299835, 882.0356535293348, 1674.7837573875993, 1660.9927259553865, -56.16181317221926, 58.77082943439019, 1036.0244254202792, -9.009928422652592, 934.8797561698495, 53.898098725387555, -17.038250935060198, 205.19798496788852, 932.652143283453, 63.10244775955798, 1506.6170087798166, 24.00705287156451, -15.116540632037502, 32.96908537595154, 71.87487670528648, 1066.769058153993, -3.0500150505264174, 1602.5442499937599, 15.888198559732697, 1324.3704468160995, 907.7666930437081, 925.0809107904221, 886.7532276601279, 1228.628693960654, 88.91821566446303, 80.8899859227167, 916.9317792922416, 11.92044019428285, -7.279578023645444, 1191.2031171911917, 883.6204760444112, 896.6030589539697, 929.9280686194008, 1480.3275462080333, -19.00005311712739, 320.9979504399118, 1005.7706708088266, 1687.524985513185, 63.09019264180242, -1.96780736863002, 823.0917802746087, 108.21307339878403, 42.12062085839716, 102.78860276158228, 72.5232156590355, 125.57745952510449, 1666.0324562503533], "test_sigma_between_0_01": [1292.6530205386057, 1331.0840899013408, 1388.5134075069445, 1158.5968430743544, 1414.1085715656327, 1422.070964017227, 1413.2691715001818, 1210.7234198289627, 1379.4718191932777, 1555.0168133659151, 1344.6530481935258, 1418.698007821679, 1221.592439551783, 1253.2779083465884, 1408.170010747146, 1343.2747089627323, 1361.1013604329319, 1421.6400639363635, 1369.3275353121794, 1233.1549451691972, 1367.2562402342269, 1314.8263539838442, 1477.4957048230424, 1289.9445268715353, 1376.050037939102, 1239.5127812166163, 1297.8283110824918, 1262.2155823348617, 1326.202232909583, 1420.744604353899, 1428.6659601054039, 1398.446117153679, 1399.6358597382473, 1357.7805095957601, 1402.5283517031955, 1422.3944116697696, 1282.6322114238217, 1506.2084914465372, 1336.6885111658653, 1234.4324587778333, 1525.335699700866, 1345.4847220443396, 1437.1824777710415, 1256.2547925484218, 1399.2081609932122, 1197.0444522579846, 1381.1755349940026, 1359.6998542985657, 1257.143754194644, 1318.6941724693525, 1369.7846182174364, 986.1851177455991, 1402.4108228160526, 1259.1642073039384, 1263.9769092271663, 1280.251414923997, 1202.5028643221713, 1442.4852403910218, 1290.484627721344, 1391.834030634086, 1325.433991705867, 1276.6945802285177, 1320.7097776364963, 1229.9285369711815, 1301.7071225324896, 1232.6900357364539, 1486.7310358109407, 1281.2429337704486, 1410.460669372358, 1279.8928944617007, 1416.779032344328, 1536.3507420319654, 1358.5911973846075, 1343.8114356985577, 1307.6516586409064, 1323.0665487186889, 1295.336787503688, 1332.3379009801429, 1187.989795006447, 1357.9317740948297, 1372.1597719681183, 1239.2647982707526, 1171.7754717194769, 1284.3530178446124, 1369.5580914844616, 1230.0767006492185, 1384.7815902730636, 1333.6659948837555, 1489.0682637338093, 1322.722146684923, 1329.9508309831865, 1248.8183879171481, 1293.3223014161583, 1324.5975045687185, 1493.845227621195, 1404.5626326523477, 1332.2531461119397, 1426.8717189023425, 1260.87642133069, 1403.5529006663894]}}}