{"hopper_encoding_sigma_03_seed_3": {"results": {"test_sigma_between_0_05": [-127.65870389464975, -39.256549599648864, 1553.7620473623545, 1072.649895729346, 65.60118571177736, 1209.3089794138054, 1905.1929625271678, 101.36028480318345, 502.3047688449437, 1566.2376197643375, 41.47746447393, 1592.2291707023012, 264.99885816436426, 1849.6540888858653, 30.767070792402954, -334.35813414070867, 90.80489622571486, 40.57342612414068, 911.466372563269, 94.43907748302155, 2055.5426843698415, 111.9138924060971, 1908.758441857234, 111.41654868459592, 1920.281456753984, 1141.1169224182067, -1.6678637924647766, 99.06994985595811, 41.61004945340828, 70.59960932787799, 1811.3250374827376, 1141.326853067798, 414.3610504057854, -23.421128065146327, 117.0660078469853, -268.25538448021956, 1772.9634281159367, 1248.7946253218786, 1404.0986713761115, 91.75503877173178, 30.309374127759654, 65.14369183660601, 26.45966404446371, 63.63939380388184, -31.715697742922924, 619.832513383013, 86.32100494865588, 1858.7331463941969, 693.2521423401844, 331.9933683486044, 1095.6904877423913, 1820.0304306935204, 1965.5878006079504, 895.2122975205258, 51.0485678093537, 508.56067564665113, 112.12494870443624, 457.50149035748234, 172.8421483066137, 330.19183293705584, 1902.8941611412815, -52.19908936146967, -100.99533805764366, 1168.864063532765, 1923.762618415999, 1178.7812163060166, -21.632677428137686, 1787.8282783596824, 978.7888577036804, 827.0206417547578, 1465.9025472447172, 1331.0152811831504, 1960.0266487065007, 66.77550095654732, 99.79869614722989, -26.659223878310865, 1697.9636479759147, 597.5025358455587, 22.93642914830706, 914.7890832566928, 1007.2831452084768, 1439.376232497162, 1331.2772814406942, 16.09094460400519, 123.30218196051865, 118.01408726892984, 2037.484126310467, 1483.8815212472057, 1396.96865728418, 267.13117119965597, 1820.3815442469509, 873.487032012721, 163.2772908586135, 162.27580498386078, 287.02205482405407, 100.03764911716132, 83.12770449035305, 120.80082654821453, 1968.898221146498, 343.9526736201937], "test_sigma_between_0_03": [1779.8273766788143, 1651.576893211761, 1730.1778254094647, 1822.410302715603, 1088.7177348388386, 1580.8511142114282, 982.1979782019074, 1625.709261673778, 1953.3535123847257, 1708.4863666110584, 1640.1349247250591, 477.77554952448867, 1418.2959748297842, 1921.2442183995327, 1629.6788224466554, 1910.4556708089053, 1701.6371568962734, 1550.3964323153332, 1212.2669158922251, 1869.4376949383006, 1829.905246873247, 1821.8579960021063, 1814.2563674537503, 1705.9465081035023, 1529.20951021517, 1430.7383497449136, 1865.6893299656797, 98.24053917450802, 2051.389764047703, 664.1808259012537, 1881.446403876873, 2035.0694142726798, 1502.705281864041, 185.45597076220426, 1919.7608345905167, 1991.6931881124824, 1813.9070292325764, 1753.2834001440847, 1555.6414121002906, 1671.6489560091866, 1668.224714357033, 1721.4029064092038, 1695.5386743492031, 262.63282602291883, 1845.7303353658356, 1137.1105939131717, 1941.0424492330847, 288.6490451579083, 1891.4991753751606, 697.4770410724532, 1804.6691143667006, 1823.6479575668302, 1896.1474882883635, 1721.817594348094, 1655.497012775102, 1852.379555231153, 1953.9334231920436, 1540.1105908865097, 1955.1368096070678, 1692.749145895208, 1775.3373205523162, 1830.9310846549654, 1579.6380037850352, 1709.97629012049, 1435.673621308486, 1873.1661801198304, 1801.2887064323168, 1893.130173687743, 1826.7194595387803, 1759.9568467189474, 108.3827527867819, 1727.2435880710473, 127.83451681586881, 1187.3228354463697, 1765.9221250537594, 2030.4443308611208, 1579.5856330833715, 1503.797739850048, 1743.42315695842, 1790.0376315505587, 451.19111579550514, 1597.3029047122905, 1998.6855616390624, 1908.9907578961486, 1858.7940513562428, 1405.342319994611, 294.6537529931287, 1424.138098229943, 1734.6066167343727, 89.20090429248522, 1492.0779533030293, 1061.345557564272, 1785.320414288477, 1712.4023251415865, 1969.2996686035392, 207.8882689989638, 250.68613472941806, 1970.2535239562276, 1666.7306290934443, 1779.0000924014576], "test_sigma_between_0_07": [49.490964436452494, 1006.8755230584508, -146.48201992413232, 153.84020710767365, -116.5619760334026, 290.0550872576189, 62.525257791682066, -178.2670245745525, 274.8186670352923, -12.866563238241362, 810.9969988514208, 943.6991566554555, -91.73475667858874, -11.034796047041894, 1007.1715899735, 55.38805958045123, 56.04995034757011, -46.47815873948566, 139.93251949545228, -54.2809792058004, 724.0780076346347, 92.11968537815116, -54.76425911906117, 93.31025876165512, 216.13700241681067, 899.8543439863939, 993.0738984760162, 73.00446407684358, 8.945098299352686, 184.9893577786585, 83.73614930397306, 8.826962355754223, -3.757616041407163, 169.7675179401136, 51.36596106007351, 2.6651435647101636, 131.07216767674694, 235.38396019011995, 93.16512376733886, 1363.027639962381, 919.3759457768515, 105.17761400663582, 2000.989926357495, 1725.414735797429, 30.113889123742414, 56.88637849443914, 120.06348790842601, 884.3382359800249, 2118.070703424832, 18.90052764609718, 883.4144518232912, 221.47395810076122, 1696.9403569977108, -83.14161797387061, -76.75452365158272, 323.98426031899726, -3.062750105741723, 899.6622023213147, 39.44410457167541, -89.6093661173465, 77.607909001167, 154.41657644642981, -12.373284557460288, 1618.445031290965, -115.78179371176675, 3.2812292333022928, -15.809490420065412, 1061.7714682375906, 113.8327565512998, -118.02139938289766, 988.4433236667427, -64.02427368258941, 1036.5156046482928, 802.3847000620854, 807.1459977049013, 889.3467872379508, 1890.9408181112558, 73.34496365119848, 19.634588081717084, 1500.8889864917946, -46.86454054585919, -95.76260176135544, 214.41286857988885, 1528.8985965404902, 72.74231472661779, 27.714179007741034, 996.6112104297792, -70.44317926576628, 8.613197942703847, 1006.5460597565716, 1785.904813444735, 32.86627975479496, 136.80434185310756, 89.85797258368405, 81.31859914568486, -14.784481359813073, 44.04671747526153, 835.3598590022107, 43.30966717519332, 1539.0025420912525],