{"hopper_simple_sigma_03_seed_0": {"results": {"test_sigma_between_0_05": [911.9690536864879, 27.572549747800796, 1720.9678710570226, 859.4661628769317, 44.52227018261037, 62.63897237651255, 1466.120179258929, 175.15243537961223, 764.9668995658996, 1233.9740093373325, 13.09464943064668, 1762.8838504552004, 68.85688148766786, 813.9563390115144, 86.73744542894565, 998.3402026567959, -10.95172390732622, 1085.6065155825572, 25.38299473120278, 64.94800977159466, 1677.9236840637152, 97.89716859988548, 1499.5505900601484, 172.7534542023627, 1698.4440875653554, 314.22558815765774, 27.881035378751402, 82.12197244054697, 122.67609562129071, 229.4096578831815, 1790.6576218393748, 173.04152811438104, 984.7148593824442, 88.6796921668647, -123.37951544814568, 1031.2282500225529, 295.87237524308324, 1650.1601332735581, 1028.6185627438324, 458.9217135194632, 250.06722778579717, 97.23191933833006, 40.17067319337948, -40.9628652099811, 334.4437331981389, 29.017213693833035, 26.099299715262894, 1617.5629844649543, 111.56439267437675, 1230.7497511326387, 184.4244118026487, 73.56149654947657, 1742.797698512768, 381.2284339923425, 221.6178911885916, 970.99531069, 90.0221021076577, -31.268032264188513, 96.38125154272711, 434.40945545963297, 1536.596075600888, 35.19983168758917, -56.04770784261782, 1157.2754204939708, 1611.3797800332402, 588.9849010826658, 39.33122004981413, 1730.709820667083, 123.21722447018692, 898.2176466144799, 1557.4499845470973, 938.3634696543313, 214.27061830078003, 1088.0717231954081, 23.477816706731378, -155.45646830145856, 1103.9402872729813, 4.837927330061204, 1066.2462464729367, 75.51409386007582, 164.67315204761533, 59.12765261705063, 1233.7823914862402, 1513.7032833854607, 229.81878268313002, -14.430093205835146, 434.3604732378169, 1032.8247887324576, 1776.9572171196244, 478.9723144043282, 1654.04994460576, 797.1212466825175, 289.21748026858245, 149.48589090965245, 72.48324691503657, 34.21678625665664, 149.5296450736554, 144.67071141637865, 1302.2278890004864, 986.529281277849], "test_sigma_between_0_03": [1523.3546009193471, 1187.4735897364235, 1430.8509030117439, 1507.6425571807154, 1675.9402943211448, 1084.2673239799233, 103.18624077322019, 1039.1392758513375, 1556.6099645435247, 1682.7266162327135, 1771.561949719213, 1017.8175413747534, 242.84975885243782, 1561.2143454278669, 1047.199835351535, 1625.3985524749023, 190.5525464190345, 396.5111060865865, 1572.031455582748, 1243.6103859215702, 1354.0148610608853, 1407.2120580771991, 1290.362136193402, 1087.13395516389, 1805.6317517441428, 1142.9582704607176, 1540.5662930560302, 1601.5188054063867, 579.2319673290244, 1666.1083854525784, 1144.2707254688023, 1678.151431041189, 385.12779623658844, 218.7588602107018, 1703.0045178690307, 1560.7230245345352, 1623.3855068410276, 1258.8267649077495, 1111.0500829556538, 1733.6167478343332, 1393.9665935102666, 1245.0314316715642, 1065.446320041034, 66.03728629276594, 1778.6393708408189, 1061.5671714625612, 1322.1179334347719, 1625.8984809981816, 1447.400896622914, 1693.1879558792803, 1358.3950745951213, 270.2604849773809, 1610.0695352364264, 249.58061311698697, 1615.7700687735924, 1263.4553315006294, 1526.6976872475946, 1538.8736573098804, 1486.766465885648, 1658.3998416812074, 1555.7459968974292, 1726.7858879578405, 1024.767124118279, 1124.7301039735169, 1513.129138726442, 1534.2547350030268, 1393.6951892965287, 1776.169530553604, 1602.4487733333488, 740.1271740149231, 260.210791709002, 1140.6470635052438, 244.97929071978731, 1623.894653273375, 1614.460379769313, 1309.4983723657979, 1522.5554829647522, 1319.5534378192413, 1085.596916935394, 697.5136920042623, 1584.9695678693838, 1227.5040848011774, 1320.3104250148635, 1400.0521979615535, 1684.8266071838077, 389.69189773833233, 1683.2681266729212, 291.42132507674546, 1679.6371023858292, 582.0971825915719, 1557.9708448131116, 1706.6050624571662, 1182.1301341754918, 1143.8211131851635, 1544.8112475227324, 1684.3507173093456, 1681.4469690786163, 1540.8607146383583, 1251.5454325468356, 1226.455645284042], "test_sigma_between_0_07": [12.193898074327441, 265.6898516592556, -70.08277793661108, 1588.4160379976167, -126.9028721030307, 285.79051163675007, 117.85607353151724, -92.75181602664378, 394.6271610194934, -17.98446892491338, 73.4069099976012, 702.0982381413395, -102.03202930019324, 11.751806765174836, 90.22929240219237, 26.93232956749271, 33.002473175879274, -15.54159860442742, 261.3387926946961, 39.15994799948531, -37.19153035279742, 257.64809028918376, 11.397890839628232, 30.45243888532568, 68.69625804421229, 576.7208363298876, 69.53103549519872, 7.432079572664225, 149.1969142592308, 84.77618541409466, 93.2007973000771, 118.10594961481979, -6.714806676152512, 308.4827651774046, 789.410030322067, -60.83386165248667, -24.462410581849696, 1759.6995289316594, 132.73411392436108, 313.15752237164133, 179.26567541965335, 55.13470967818576, 839.0273822553892, 1304.1628087647719, -0.896046481936386, 536.9986842432671, 96.08343366063787, 854.4998204735616, 1546.927017248568, -119.9286068032001, 966.8564887601794, 417.20620256833797, 1555.3866651010458, -52.38280199815199, 6.866308338740782, 1545.279053367449, -47.72483630049682, -59.4221625902675, 29.09457974966207, -35.126603536101165, 33.502428943611456, 266.872512740748, 13.58116860540031, 1255.9295068863403, -103.39515324554158, 10.39834679861815, 13.524026866348867, 196.83890153113765, 139.24461999297782, -4.773078473910573, 123.29826830533136, -10.509968444616247, 247.75691307403164, 246.1974803113438, -2.67959536548151, 66.42659165006772, 1582.0890188471615, 30.51350736497698, 42.9850743671428, 874.6361234576419, -66.97366733388337, -80.42731878946215, 1286.1045701641121, 836.945489872713, 189.54375837975243, 32.62680410123139, 175.72456378926586, -144.09951406812178, -29.179464540597095, 121.75743375675523, 1749.9809327887897, 60.82400458089541, 154.5153213308586, 1757.7362868993957, 44.83112660385377, 40.53590098503627, 77.9632134023224, 680.7753206694205, 123.64748248556276, 1272.0762911940478],