{"hopper_simple_sigma_05_seed_2": {"results": {"test_sigma_between_0_05": [818.6772643149345, 915.9162702149303, 1651.3922271327824, -4.174846796918425, 144.66699610131616, 95.59020811749068, 1259.578162099415, 158.9301792940387, 824.8549557807195, 917.9800129898374, 865.3288525716291, 1723.4554675342984, 904.4601561450132, 1274.6950486931557, 315.6664522326944, 918.6813657400594, 348.9739671197981, 819.1818985037545, 143.7574357723206, 1469.765493460434, 1587.7584827599594, 184.00289321467864, 1349.9926833119334, 185.9504374758791, 1591.9125606298835, 1029.6524479503823, 1491.468982262642, 353.9140768983866, 966.6112282999055, 906.9327980303663, 1453.5455289357171, 378.8391356785826, 917.0471822566534, 917.4884131281412, 76.65062726408944, 917.1928471839614, 1619.4843738428344, 596.4162265670698, 912.5806243767815, 1098.3900303045252, 972.4130447397899, 126.74144041181283, 628.1907662943757, 722.4800440106194, 920.3258283936541, 921.1283144728749, 1027.5619542183679, 1118.1957613594914, 371.4738390348124, 915.0883269684304, 1488.9955597218666, 904.7708434001075, 1609.8816235520292, 914.7386502905982, 919.0325761084057, 915.2295007497515, 181.37357638443646, 869.6452284769824, 385.93319646548025, -0.345184445803169, 913.3417146149834, 912.9992645211167, 898.8621509805638, 625.3599754736379, 1199.4185133524988, 1284.3388219789488, 890.0183530497659, 1587.8211703855625, 1218.0115279738484, 916.0842006492816, 899.742384099428, 923.3888095242967, 975.538730852738, 935.9704996951594, 374.90720544474766, 1020.6176189039363, 907.0583029388823, 1388.4020588118403, 913.9835327512064, 168.22699721507672, 133.65250058447708, 150.41699685541386, 911.5295060600073, 1378.3619969681504, 235.8611564043532, 277.57960472122926, 910.1336504584245, 913.1903378462264, 581.6276496357981, 1416.270876029726, 1342.0504761388356, 909.1742724804429, 638.5883796428229, 184.26352654637165, 1139.7318251541112, 267.52719636591786, 121.07797304284614, 153.68932754187557, 1067.583902124048, 917.1550270258292], "test_sigma_between_0_03": [1593.5236340031238, 917.6514875281445, 926.5078493757719, 1167.7814033228642, 1611.147300858927, 916.537413161736, 231.47382279640433, 914.5928307019324, 1204.698359641259, 1206.2252912245633, 1563.8275465868496, 917.0689557742942, 1616.9855699440263, 1206.2298015709214, 909.4944805382202, 1001.7730062220186, 1300.544879059752, 910.8347645299502, 1205.4969253202855, 916.886182368244, 959.2457982040097, 914.1195432692406, 917.4482910536752, 918.9376460229325, 1617.8569637739095, 917.9785010972837, 1073.816385981402, 1245.7383673616969, 1270.2744058979056, 1540.6769384808022, 910.8356473031553, 1581.3596291977742, 907.5008649556098, 1271.6267142891454, 1196.2826977559264, 1074.6755481497144, 1245.8855714833908, 915.780491641162, 911.4935415656344, 1547.4202872477351, 918.1898430880597, 1535.6601038605038, 915.9584429040752, 1106.3237683561076, 1538.4323089297716, 918.4706037294245, 911.3693057191596, 1046.503756775631, 912.783895820287, 1196.3819519174974, 912.2194460841657, 1373.5640656282942, 1243.217107456617, 1539.0812406349326, 1215.530519905377, 910.500514848845, 1268.680149010442, 1221.118277326248, 1210.0229585674742, 1145.9336954147589, 915.2910673410673, 1464.4124790114158, 918.2568226385608, 917.3095743950483, 1038.6738204037333, 920.2015108859647, 1042.8849361175817, 1330.8539170931745, 1159.1483922426362, 1598.4410433173757, 522.8370939596365, 913.1478671080587, 1599.2513449584922, 1291.032188737549, 1197.591605577555, 944.0462809405194, 1054.6294364870898, 902.798705417034, 913.9984034367282, 1047.920325277739, 1416.177900811893, 916.0164930182515, 978.556861507355, 908.920801617793, 1570.5609735094954, 1655.0938077996746, 1269.8287136903102, 1021.5396810494024, 1303.4304101106684, 1416.9164088094942, 1297.9534040412907, 1525.9032600169926, 913.1824339384018, 886.967344865005, 1259.4135383620476, 1514.7910503002947, 1237.7198133994868, 1259.6117749079513, 907.5902104780328, 947.0728089584163], "test_sigma_between_0_07": [50.48649989472179, 121.18366415119382, -14.967881274469244, 157.11258122878064, 54.12808782275679, 1449.8627875384789, 1589.9475909334512, 43.3859285458413, 1082.8631868356927, 80.52721205484555, 807.9913810198, 168.2106199709451, 913.5469234913301, 37.647752238264346, 898.9667344473677, 214.2481923326065, 54.68503298682045, 819.0311444601928, 287.18073298003145, 916.099722762339, 813.0630597974322, 1409.9068219296967, -19.37325258391502, 75.84431493536397, 1031.650431012882, 810.7151690130944, 233.97948591932075, 1118.6185124801189, 905.5262426222748, 907.8197340735843, 93.27517773399303, 156.35535428979344, -40.56827183747083, 912.143697951616, 307.6231813824357, -0.934072242266847, 213.3678367052227, 1556.5287574671313, 162.436926239969, 1376.4410418371567, 348.2093577074324, 1082.0474326055873, 1458.09176937114, 907.9679946080654, 161.96833844728525, 802.254726311936, 906.9025360725415, 816.3498290980157, 1412.20331923924, 83.30334683394615, 916.2994415095665, 1301.3886459114863, 1513.962014562207, 39.52772948589118, 871.1157115024942, 1100.4410063321004, -58.09778357486939, 821.7978339964371, 131.26963318504275, -11.189235822082262, 127.76869665406994, 803.2806289590064, -12.185118177384716, 919.1313884554157, 16.008573898125913, -71.07896514013265, 35.21868238194147, 906.9904974955754, 33.84668995441607, -15.666942556116558, 1590.8106426700924, 12.95033138913131, 963.2893869502946, 816.92623535061, 821.6932865014855, 903.3810856838894, 1168.0688606265294, 109.53381484094714, 912.5148439953925, 914.2643692688016, 27.353311707307903, -86.09388018674072, 1186.5498848641876, 814.9149147808558, 876.7543615552411, 130.24518621950264, 1393.9721172114205, 171.62913568293433, 256.1239835296102, 184.49572136630442, 1659.388553078902, 2.396897732753132, 848.1841171130891, 1537.6158099800675, 118.99363124852975, 72.27038851713587, 422.06846668088247, 921.9666634055179, 1379.4908366659351, 1434.9200033039967], "test_sigma_between_0_01": [934.815456416497, 1066.8157401798437, 1183.6856130006418, 914.9327929616335, 1239.8185263307942, 1126.3942842365498, 1195.4794082702647, 915.7879719736198, 1101.469305592598, 1099.983720693034, 1194.7735086852072, 1170.9843626228862, 998.693396737052, 920.7917891258013, 1193.022607054482, 921.4536808773491, 1016.3540929961819, 1257.1069835073574, 1155.2534943917065, 1031.258087648022, 1228.2235180128512, 951.5617637453644, 997.4744214336616, 1105.4601125348574, 1122.7366476119887, 943.5861370548797, 924.2354228436417, 924.1806758667212, 1126.9490103740009, 1233.0168943238411, 1235.2276896423316, 1021.8712985975988, 1169.2499507908312, 993.7258187064535, 1136.128655169584, 1174.7563197781415, 1070.5416833040263, 1094.5089021820577, 1065.5292449797366, 972.5329592895246, 1147.9232058993643, 1133.2258928742096, 1167.2469986504523, 940.8223079350144, 1236.4245325887034, 986.6225388842058, 1190.974806259405, 1036.982676633844, 975.0862275454507, 1136.8859070741273, 1062.2566888533477, 914.2444345600829, 1144.313177055112, 940.4549063552824, 1050.4753204821764, 954.49719176244, 916.6062718547482, 960.6889610565102, 1108.0869062156964, 1103.2908705536468, 928.7373211484972, 918.2277306229608, 1158.8773750059559, 969.388331555924, 1096.9832957290816, 922.8692746572094, 1109.804469612124, 931.1877933082325, 1189.954626660278, 1142.3935721190785, 1249.1093815268391, 1256.3036976572891, 1146.4712617493108, 1083.6980654890497, 1101.0047337621113, 1048.8536587176252, 1155.26302080614, 1115.4614810137707, 917.2117811595757, 1158.6312642219912, 1071.2468746093984, 1029.3893843481978, 912.6363646674903, 914.5753763667869, 977.4972448016869, 945.5871171277872, 1210.3433733523345, 1178.0616911145908, 1104.6801889483913, 1037.1732969549212, 1048.7535771641471, 1007.7243100696538, 1042.199393229549, 933.1361073488204, 1248.9040277631766, 1430.008242565054, 1131.2112995747461, 1249.5710528129875, 992.5683008557229, 1114.424975646063]}}}