{"hopper_adapted_sigma_01_seed_4": {"results": {"test_sigma_between_0_05": [32.08211607879639, 71.23225144685715, 133.46741401707843, 446.115785619966, 122.54905099974714, 63.431350860155355, 86.85679507563474, 225.74424322079417, -49.06221090631154, 1922.5393429387527, 72.99307525918702, 121.0265942971892, 943.9131022764822, 158.46917872284533, 197.16308752889876, 13.906356476859976, 14.320635074205349, 1276.1667490290629, 127.72793235345158, 99.80959392336226, 260.6969429298333, 652.3134114090235, 697.0429344754995, 101.16660249461421, 1766.0565022169612, 149.7527144395004, 10.59577235348406, 913.8918104340651, 58.731462983944226, 915.6830438312658, 195.65210684770713, 184.65752820040072, 639.7087669877914, 153.91438884400418, 27.755102474379246, 64.42864228221151, 152.75764023558878, 155.1287872841277, 161.7149583073464, 116.07294936324179, 234.3077368770843, 901.5616024002688, 312.8103516281465, 83.4979722308679, 52.795350774643886, 21.55928669292479, 77.57158086211419, 1656.2010978880908, 87.36414188008345, 95.70586567686986, 1576.116224290152, 139.06714239337157, 1651.170975768728, 719.0639383034758, 1148.0050374905566, 446.6715703054548, 229.5987749399588, 426.3639295467872, 137.61320128346273, 308.2873273392779, 1019.9400727617431, 29.80146862871913, -30.337171643564957, 1047.204645763448, 1829.443748066868, 301.79650955119007, -37.18215968775621, 193.8953778020107, 726.3098473401766, 45.290737696415455, 1410.5484299469567, 781.2910632102911, 163.15312456198737, 1394.1277096275808, 121.78956930142597, 36.2105234329414, 1395.4242189959486, 17.50856269206851, 144.02281971468182, 888.9581199078337, 271.17338892933185, 106.16531690059203, 1606.687822607814, 137.174591671089, 237.06190718901786, 42.50772979466855, 1427.7258255825507, 1442.9515966326683, 464.3721456224826, 283.90296103744777, 1645.3377875632143, 876.0935155577026, 547.2205675668142, 911.0334762635758, 106.99512992724489, 93.38824617878561, 168.38576136924962, 113.54107647884227, 1611.3554566879534, 1182.7623494857228], "test_sigma_between_0_03": [188.3970370363967, 223.28933124049067, 1865.022728668997, 382.8828929912605, 1701.4085024467124, 1615.8476326455764, 939.3513316277463, 1801.4582956020563, 1751.6194108794164, 1797.253526791448, 147.16220270862098, 300.8976467116676, 133.95843324759625, 1784.7032665574225, 1022.2165434981786, 1631.0229172210054, 221.74252941011935, 898.604798444457, 1904.4692016783936, 1993.7227560079034, 1795.2734494301546, 1775.5257124766974, 1764.7714703176937, 564.3115269499878, 192.93439456488707, 1362.959443306092, 1737.0808109645727, 215.66290157028706, 1087.9130250101352, 1681.7964931198376, 418.6124961892432, 537.291634192316, 1349.6814857639188, 1105.8471967146122, 1654.9033574452255, 1563.8269365828314, 294.02632990351833, 483.02821039955154, 268.214644870526, 580.4611694434379, 1452.7689931717791, 255.89449066925795, 1633.4969484246644, 215.41007745713867, 218.33273810118115, 1004.2542590468717, 1987.421499239758, 1692.2220920189077, 1775.0866728155397, 1714.3544345509601, 318.6262438275374, 271.6458108900798, 1534.7098441026315, 398.2475827572825, 1741.5175448321693, 1964.0211760708967, 1584.6986712572314, 1553.0498925071265, 1530.3466857956619, 1646.7967428279485, 1789.5756650589258, 1211.814574271521, 454.473312531438, 1410.4452294742366, 227.6353675482736, 1725.5315155930475, 1768.2251225302803, 169.8907001316475, 1835.5633800069825, 812.5120572389602, 176.14660688800507, 1499.7505662178169, 75.35622844315074, 1201.987581947116, 1690.7505815338159, 1900.573579882166, 1493.950474390623, 1001.3824867996673, 412.22488102066865, 109.75159601312915, 152.7364643542737, 1377.56255396083, 1880.4162287598974, 1793.6110397491066, 1638.5950935654419, 175.86250636174367, 1632.6334293536581, 138.83640112574068, 1646.487131959497, 174.58550077070987, 1776.213174334863, 1665.1655171072903, 1959.2957479800716, 1802.475141197003, 1638.381182379523, 1758.101133805353, 1572.2986583079996, 1610.7464223762468, 1494.2091752975173, 1462.658436622369], "test_sigma_between_0_07": [34.113476222830656, 154.66094467751094, -64.21070804621995, 150.16393681627082, -0.13380987531563715, 97.2369162858449, 170.43983433132664, 2.72620729356131, 193.29103550871648, 53.973258634298695, 701.3823588606342, 911.5036580945003, -46.96832145503286, -3.057866634079261, 470.99460199420446, 148.64800507068568, 48.05858843581228, -11.566661680726973, 270.8559475696661, -13.90608993087515, -34.592267530920765, -4.853094676045288, 118.11522137012649, 34.969196498989184, 61.929427399605636, 84.75298905773967, 77.39682699765109, -10.03725184906361, 963.0669663094703, 141.6724782030491, 194.4066267477741, 7.762545481666167, 52.113082060960004, 44.976104781786866, -25.53203147995955, 4.794385543659154, 279.5229857411818, 1725.1316971461918, 115.10381334446576, 1820.8430779009832, 174.71704606251438, 95.00086312628117, 762.1715218405986, 289.2064051214927, 240.70677968140947, 595.2352110601761, 485.88766424530894, 874.138924751244, 430.3802613972541, 24.52344395295076, 821.722681751356, 66.95772581685887, 182.02079335822208, 32.66934293133236, 26.326944001902298, 967.9061763773728, 14.876205709812346, 642.6838293068021, 27.381877063792494, -61.38929129607278, 35.44463249875117, 100.6186066661219, 122.07215399885459, 1685.12078688539, 5.8399552159171435, 13.522067735878224, -38.35934709983412, 214.4957722432402, 91.43291665091093, -2.364123309029674, 96.73011053338998, -26.67975921131293, 81.54469023172133, 145.6186573452679, 825.8402853523274, 200.1259923866178, 1780.9741880786607, 90.50156980836184, 173.33717405985377, 906.021495464199, 25.528732848654908, -50.98211778201657, 1041.2893117254077, 145.37289589293067, 72.01736701214101, 836.2631986638364, 136.0065420982995, -0.08473480300308578, 117.36937656414956, 370.2201483201163, 1646.4708499061787, 53.319462446375105, 136.3423463215689, 165.65551680397036, 35.867639223446886, 51.201570084526615, 25.8673909051955, 907.3660966322888, 1346.2741524382805, 1538.8937200792118], "test_sigma_between_0_01": [1867.5621138033378, 1821.328589783444, 1702.2892999138878, 2025.2601759093222, 1721.4740435199526, 1789.07596363126, 1672.270438215292, 1899.1512990508502, 1805.4837620385113, 1732.480489433377, 1626.8440075611893, 1643.4354498550042, 1873.6421028156244, 1690.7364632850454, 1685.711504170627, 1833.386329887318, 1838.5246826272737, 1699.8780053205435, 1749.0137898995113, 1799.9504129393172, 1542.0883772256282, 1844.3337590338956, 1948.4135978587105, 1750.5453481302857, 1707.5345070419035, 1921.4610157969787, 1935.1897875552622, 1958.422187540961, 1736.6716918215518, 1670.8751669343108, 1557.1364867220668, 1846.195467785858, 1659.0160489121263, 1728.441435444756, 1756.2319090339354, 1738.8804301172725, 1727.2124976627852, 1762.1377337608942, 1832.9648371274059, 1886.1126340956814, 1793.97472238368, 1591.9918244329554, 1746.2602645889724, 1936.2607225082083, 1633.6320858260378, 1880.7484524530057, 1609.6197971391307, 1914.267531976635, 1804.707324825975, 1669.280504336486, 1955.5531758480772, 1898.0756010361886, 1748.5644667762213, 1900.6300160483945, 1757.586818953705, 1856.262537787198, 170.0935761970438, 1913.1337685098454, 1833.3186423231414, 1744.2583889723708, 1976.8774421897535, 1953.1747046324667, 1696.1535821829543, 1863.6324894122527, 1727.72995335136, 1812.8987060897155, 1447.8595492796846, 1824.118941484761, 1756.1821294156553, 1737.7020616532948, 1697.3661772811015, 1563.2824302178597, 1769.4192165707548, 1862.4007621812505, 1777.992493925848, 1856.139160367111, 1715.9223399595642, 1828.961477764341, 1902.0231493674928, 1750.7872919638564, 1868.3456839215316, 1805.6633971842575, 1857.3877355018665, 1966.780311970819, 1969.6640136272015, 1875.3468476155401, 796.3892203867892, 1630.8983947156698, 1869.034257019265, 1900.613258848987, 1817.9582759819175, 1838.2607359535755, 1821.7524963435171, 1838.2712121959407, 1715.839597268101, 1634.6516922025241, 1782.5140442307022, 1667.2218709955628, 1906.4939903629288, 1578.2610644677948]}}}