{"hopper_convnet_sigma_03_seed_1": {"results": {"test_sigma_between_0_05": [91.17998813398158, -10.809774214196661, 715.3281390113805, 835.6365137723727, 139.31023415706733, 1402.3212134876621, 1513.4527049375156, 244.9433491617978, 810.4117334482899, 1246.1692527448072, -53.33915874645609, 1326.9451346389872, 1039.613370389141, 1524.5920485669105, 758.1059148578536, 906.3712093235049, -4.018314476669179, 823.3498916281536, 978.4972943679428, 681.6096353038939, 220.32875692217064, 750.0216328090697, 1526.8595900460996, 1003.8476206539844, 1744.196198369427, 602.9650827499938, -54.001254439336485, 966.0981729152654, 96.56739644190533, 970.699568024169, 249.22665707937406, 791.8470237255415, 1138.986429950048, 82.9864043635243, -29.183471133834974, 916.9926382626174, 1588.6108453926045, 750.244379936101, 1004.1369929371691, 1232.1706309181138, 1430.8399745957415, 302.82810116472393, 41.775847891166656, 11.816595238258017, 38.948446765904364, 751.8904644147035, 6.908084456999493, 1411.258251454835, 228.757995946995, 1263.9357307175685, 529.0352046409621, 189.38032876928196, 1611.9899736683292, 830.2622365508948, 1118.0801858713821, 120.29282174612744, 196.21975055755905, 10.935714079112204, 274.6064935398768, 79.96867800678154, 1390.8004839275436, -6.88240310793481, -27.105979756973113, 1277.3357452758564, 1510.464450087121, 1428.063109317186, 4.061454032645268, 347.10648961902336, 62.59145046102058, 123.2324455997572, 1306.4754557572742, 69.60837113194722, 1203.8446263733404, 1186.6655383544685, 228.14834198323229, -120.33579891644183, 1168.8495345903555, 100.06923060562693, 58.14882318919552, 952.6805748909795, 143.0939445235926, 326.9960943126439, 1235.8734036125081, 1395.161366985324, 1261.444593930947, 77.55578873810013, 1300.224457290801, 1086.719194816698, 359.59580706921696, 1391.8999293570357, 1525.4371663307413, 911.1640670403069, 1427.3365906050135, 171.39207438566953, 723.6583313761578, 101.40334313546484, 103.32067133471577, 887.7458379180307, 1417.5771279695618, 804.4924505829903], "test_sigma_between_0_03": [1559.1867976835, 1213.2204512970652, 1393.6202912749764, 1368.3818777191507, 1305.2611774100958, 1136.8947517522124, 966.5572463566191, 1211.1047592430475, 1444.889149322504, 1503.1568293637617, 1545.1734226334572, 314.5177389555201, 1223.2647350276404, 1463.2753252467653, 956.3599655825711, 1390.9188769851123, 1367.144741441142, 1116.1977105272642, 1504.5923099455658, 1244.2469129966337, 1274.346325168821, 1272.0313906945776, 1337.773937752989, 1230.7414280061803, 466.7445153236138, 1145.9143684814253, 1386.398719445399, 111.8249392110039, 1456.8065158695783, 1672.2265841451012, 1233.0217716225739, 1597.7365962016372, 1069.3471564953306, 1387.378647750016, 1506.476331325959, 1377.1262707283802, 1411.2244297279904, 1217.7919319222422, 1063.897183944352, 1518.238621566213, 1262.0069577461534, 1605.2843952420128, 1185.135233896134, 1341.9424168527328, 1639.403157318758, 150.77447289231202, 1313.0683999473656, 1308.6790076492648, 1310.4040644340855, 1534.9355076299769, 1359.0958511926326, 941.429326015414, 1434.526224665745, 1520.1363284697902, 1329.0694232505311, 1230.7678825256248, 1419.7395323016158, 1203.4186460417832, 1467.3814452032886, 1369.6526680701472, 1289.5498376852374, 1314.1502720302713, 1051.6328645453389, 1178.3847268591046, 1248.895152271154, 1243.4551887949417, 1328.460110009, 1618.1526849602021, 1417.8961805797323, 101.24677819006612, 213.8711882716946, 1153.4437619075964, 1206.1756404483097, 1566.4454085298376, 1385.4997952100487, 1388.662408063318, 1413.3308477130684, 1153.5829141839804, 1103.8274818557056, 1283.233821660953, 416.3512405030444, 1215.2734843961655, 1381.1700207358379, 1244.94778169889, 1557.0037724299502, 409.89807187912345, 1270.2825600671897, 1083.858469725227, 504.1845454655151, 1467.0547015414777, 1511.3897934175673, 1664.4162192573144, 1242.8962925396263, 1097.1262100802805, 1470.5783644879155, 1510.232109130773, 1561.967108912999, 1522.3958511024807, 1205.4233902008775, 1288.019790204997], "test_sigma_between_0_07": [67.00691255882992, 134.0636954641871, -145.98541351390304, 1220.4682366878467, -90.80900989299408, 1526.2738009511863, -43.527208121118, -145.38920489006412, 196.4012311497426, -27.16946233917988, -24.577614901895863, 984.5678617092689, -70.49474892037979, -35.666176201899354, 1323.807493190637, 13.774059174771532, -14.10390294467507, -17.104881308892796, 676.2876683255865, 39.36595236353313, -6.2276726617914395, 1333.600796463679, -0.2413090030808236, 76.29942427061906, 61.49973010756656, 113.9519775411841, 233.39535570870936, 33.51681942174328, 996.881006257962, 497.9915663916898, 1200.888101892762, -2.4552684482347074, -17.835929375264094, 106.93127641101889, 262.56317702332683, 16.26970795906673, -27.640347438016033, 1678.2093428644368, 974.7521161362239, 1481.7023175019863, 186.79403150551224, 248.5718569763859, 1618.7335749498852, 1156.269668750208, -9.187801762300662, 21.43185528747562, 1260.8644206298843, 898.929042298553, 1586.7935918663072, -55.53068080096127, 914.3512212413068, 156.41212607666088, 1379.9417625648525, -105.09708530340576, -60.64608055799617, 1408.538648836623, -64.9255416441083, -24.938237890638998, 172.9193951282012, -74.43672580158889, 318.5171636194107, -16.580303955901762, -2.6520411637073265, 1131.4015681885971, -56.247871991759176, -0.9211474572148286, -13.410546384395275, 120.07851842290553, 1182.9664546826384, -78.68493192449095, 1438.467879293741, -28.041781038302, 1463.0358352212625, 817.9941391853857, 831.3049763240231, 95.61871076997632, 1444.1825653113092, 268.62020943694665, 60.20229233799761, 912.7685156010285, -50.29226618628745, -113.60074892983249, 1183.551868353935, 105.18210304988901, 272.65057647688957, 338.0076859252004, 1474.5966751849478, -44.23889665922033, -27.996512391502616, 1244.227385641256, 1654.082061767613, -105.3752069218986, 83.7683599874072, 415.47333051895123, 117.99429991171495, -16.00288690456945, 37.2297162694027, 918.0260905759944, 1192.5639753507392, 1568.0254138916641],