{"hopper_attention_no_encoding_sigma_05_seed_1": {"results": {"test_sigma_between_0_05": [52.36790089260347, -39.60957848657549, 1198.6195454535716, 1016.6454450979963, 67.75004886408668, 999.5734208408924, 450.2486147786728, 184.01643507552922, 764.0171192321401, 961.3010945821457, 480.63692677466423, 1107.3679020844397, 396.66837215603215, 1016.937720037323, 1221.8810365306224, 882.5067650942208, 482.9329008189784, 963.911249002809, 144.5744644126812, 1211.427397656527, 1158.449507731159, 217.9923440213294, 1095.8558400009395, 221.83300447060557, 1134.2381905204777, 261.8916667943414, 47.544097186185624, 887.754762917749, 22.705806438333852, 905.267296017103, 1137.1169584883094, 1244.2279883963295, 936.7244537298251, 19.6589886928422, 106.75450610765743, 660.7413761380864, 739.6927749958942, 1095.4592139203478, 929.7541950078647, 774.286736985531, 1209.741365902852, 173.97512079564711, 1223.155918764173, 400.56063773886734, 230.85542465351065, -32.25458375626513, 1010.2407777776273, 925.4561639892273, 1217.1983122695658, 688.3270639571579, 1040.5140916662208, 915.9797551845965, 1108.188463820788, 702.6809238194965, 937.6871267220487, 577.9271098159626, 122.69145423864295, 1102.6331941762235, 1182.5143931649793, 502.9885504317065, 1020.2834828948581, -295.6927856716748, -115.30769692195513, 1016.4524288612675, 1016.3203546164345, 505.3957499944725, -71.54887626492294, 1092.447047997256, 202.68143919608937, 865.545753446806, 310.64411043312367, 1018.29017798536, 926.7890190818002, 14.118757102178094, 172.89358635277304, -166.54575111417003, 787.7041974239737, 745.98005745146, 891.9487903877556, 153.37981283030214, 1246.2479767976038, 1190.4219577341491, 945.455861229678, 576.8826280786839, 1232.1560087135908, 762.6418778615821, 377.7145720484673, 932.5015948960922, 1236.3766128421385, 712.4424555622239, 1083.462023088835, 928.0006741480801, 87.06479722228907, 182.51811643183768, 932.0944594252171, 170.97791009180733, 1216.1118916784474, 230.95623619938783, 382.1802112674209, 899.9308483127951], "test_sigma_between_0_03": [1138.169942572573, 934.9106581785181, 1016.9957890703563, 1020.7890596160464, 1092.2596651862352, 681.6916917232459, 219.82042043767123, 930.3987044923111, 1049.1537977647029, 1096.2719183232255, 1156.1830804936596, 651.6036883249903, 1200.8646389430196, 1148.9859477722457, 1014.2510031644313, 1017.6865914898049, 1152.1489431730067, 930.0234220028418, 1019.1597405193962, 929.6623787784032, 936.3645250956522, 927.8874575379731, 1010.6211969996197, 1018.84343361177, 1214.2441917407837, 933.7545871767808, 745.653813105502, 255.01980627276382, 1021.9279605116076, 1097.0692958985544, 928.2283093018843, 364.2965475418628, 925.3935826566855, 1229.0676831656403, 923.2653479687992, 335.4291188330578, 1016.0599742977848, 1008.6971340851327, 914.7149343702391, 1128.0260266300793, 302.65855902367275, 1124.8898412118083, 1019.1212994427782, 925.7517255414306, 1115.7634736546147, 621.0495997311829, 927.4227013106813, 267.1184105320089, 927.6719330865419, 930.9103169677712, 921.7462943097419, 1121.0819222717607, 1066.4400746749593, 1116.6732687886338, 1206.8707576029417, 1017.9121458614197, 1021.9174274626322, 239.20925043761824, 925.1784670891454, 233.21532189533366, 1009.0711963204982, 1074.993747997861, 931.1923163511774, 587.0839935496887, 284.61543321001614, 1005.3192276252677, 936.9459642366154, 1083.0362751981174, 931.2896718112073, 1116.4464674056085, 121.69933268765188, 1016.9434831498617, 1205.6184785823398, 1018.8015362759539, 1197.6813855280914, 1017.1898185958902, 1182.540728858453, 913.0807751579554, 917.5508878563071, 1021.7823582359468, 1107.5347547441356, 940.0098070466319, 1022.7049900598448, 929.532328259196, 1174.6186769576655, 1155.8810910400834, 1230.3409466193878, 763.5242987217069, 1106.5990243236213, 1019.6662184661914, 1188.5261601813747, 1083.911702719475, 924.0964926507944, 925.2209423304937, 1040.2486968654202, 1223.720406458338, 1109.4510859725685, 930.537715763232, 925.6001034557603, 944.1704871774423], "test_sigma_between_0_07": [63.32532753834292, 356.38721163781366, -122.55649303418555, 181.215550625845, -41.617276022362525, 1088.8210534612256, -9.990604906231646, 3.482542712068499, 256.23404920251977, 47.23571857160815, 1009.4169406761264, 240.71822189812372, 22.03461337030389, 150.85085319743663, 313.0329489977919, 1217.4612821657745, 983.315249269885, 422.2211226204576, 217.90736780018358, -121.44184974626064, -253.48324250846647, 899.5102761566837, -18.15629356994583, 827.3434291910208, 992.654994216018, 506.9669949368941, 203.19237871557593, 689.8551622608027, 902.1436774203243, 273.7901321053064, 227.44301539422023, 34.98273148859834, -9.955525742517207, 967.1601654780932, 831.2106324336173, -11.483620591465343, 102.449076374171, 1103.9209354558946, 177.59619713601782, 1214.469012726522, 89.67367943534475, 1019.372474281637, 1098.6215466347717, 923.1383982451849, -1.4784315831437205, -15.828913996848339, 930.3078004816089, 924.7584341321774, 1041.3594246755904, 29.418517778285217, 816.8788738927517, 560.8050834336254, 19.582760938812047, -79.15704473426545, 897.7411812369027, 920.2260602844972, 119.96144817084273, 32.777222667043205, 99.06421830769966, -108.91781041319183, 155.06129971819274, 945.120829195132, -35.26115068318973, 606.8163182568492, -212.1162315408859, 32.23722780558042, -30.98973560723077, 1014.2167018839272, 153.27754802246625, -32.325101154491186, 1220.5169503869738, -52.45855054905831, 1132.1328478771857, 1001.8083874912015, 921.7010484954302, 673.4857884468278, 924.054463333525, 141.92318400988034, -4.336315824331683, 927.2506411440785, -47.32809903160345, -146.41780215557685, 1013.0124747171743, 914.2026891046777, 73.56086055314402, 300.9629819082486, 928.1639288380942, 34.06134468218708, 32.92111586330844, 209.31879209812323, 1162.3209266965896, 58.16836450386471, 59.316666755125, 1184.4980189474156, 126.16089271407378, -27.728033040566544, 57.87898116733953, 937.1111162652711, 283.6446491924955, 1167.4585454952844], "test_sigma_between_0_01": [971.5945449587668, 929.7127688723789, 1083.1776602588134, 1020.3510362647803, 1118.6808815032516, 1069.699437080472, 1104.4641557202297, 933.1373161295169, 1102.8869071723693, 1089.2027398298233, 1095.807815536432, 1069.9502792629075, 934.3505923864147, 932.5547821661381, 1083.3576843275039, 921.9066164767411, 1009.5912795749703, 1063.777359189876, 1137.3380337765086, 1127.652753182994, 1050.4519748647065, 1053.5476744593172, 1022.5212094933474, 1121.654574853172, 1070.6041668347466, 937.7112257235892, 945.6098040467932, 933.5397366803319, 1125.0917816410658, 1095.724571255308, 1092.6226936172463, 343.9770142339217, 1070.1156195011788, 295.68930282791786, 936.4111217667603, 1047.8134836765207, 289.92801383763606, 1089.0457626206749, 720.3259936924163, 931.7410569995466, 1103.30070339578, 1105.7718610396187, 1055.1349711108924, 931.1367070821757, 1107.24371581021, 934.0841113256225, 1099.7998638974586, 1047.751630919034, 934.8310268073975, 1070.575029595266, 933.4149663526701, 931.1842198774846, 1119.7433426088623, 942.9373371339351, 964.5092054647599, 641.9146488782105, 930.505815320579, 1069.3231526573832, 305.59022373023015, 1112.8667914323169, 950.0662758096618, 938.1895147311462, 1140.1608273101679, 344.1794271273563, 933.5676790519378, 407.5383106539744, 1097.4541611770337, 446.95010972370596, 1085.8702143029795, 942.9883083752503, 940.5041451203732, 1080.746956406604, 1057.411641342803, 938.0118319344379, 1113.5923525617795, 922.0840563387777, 1135.1225212726133, 291.0008275583194, 923.7209939339629, 1069.7224407906701, 939.5767747912716, 927.7697346010392, 930.4038901620204, 931.4373955488174, 946.6774711353415, 736.7657142712187, 1086.4359806452794, 1079.501431866924, 1019.3693395816193, 933.9782413323262, 314.06825946457803, 281.220641996341, 979.6486367363132, 377.7958338261438, 1086.2325333859765, 1123.645503159297, 939.0148528018555, 1112.8440332384173, 327.1450853034148, 1091.6464323442815]}}}