{"hopper_attention_sigma_05_seed_0": {"results": {"test_sigma_between_0_05": [820.1412164168177, 824.2331498555819, 1305.0212831786118, 787.1395018068029, 1192.8974118837934, 1390.4961733562604, 1502.621749595976, 106.70272970478544, 819.759314484953, 1226.6854672377376, 986.3769181232025, 1266.6790412958383, 900.7018629268595, 789.3332265295713, 1417.586769840314, 854.9499454767334, 1285.4907995357778, 820.4290106676351, 116.14243933802643, 1119.2416843714632, 1537.9691908988452, 894.452396053868, 1488.976705568624, 923.8508996893554, 1559.2852196518484, 1101.271622569936, 23.554417680505136, 898.4581161688952, 1357.7150428079726, 895.4023827264415, 624.0885336882086, 1109.8163036834826, 1135.7335643867032, 64.13701250494634, 72.5536979692508, 842.0099833336674, 1492.3597349728466, 1325.808007060697, 1020.4274380457524, 1243.7046574152928, 1350.5271179430283, 886.260508704501, 580.0850098017817, 208.4249500702463, 1005.3575995966665, 831.9259316770048, 626.8175073077115, 1278.178202595211, 1259.557047206976, 1437.4025463760208, 1337.7927663371636, 107.19489081895146, 1360.531582402167, 825.0903015404338, 1188.1903433958528, 821.1074465003823, 1198.1906845524434, 1325.5731331086376, 446.8923618680505, 1083.0507950865665, 1334.7229151972892, 833.8584444711427, 816.317341629981, 1325.3700667755704, 1434.4501931617283, 1239.8476420422487, 1111.9314522082866, 1359.5896120485254, 894.6847880363467, 818.9764496271257, 1280.6846997313814, 1049.4864850409506, 1219.1599537721136, 1312.7909399284924, 361.59810531918936, 1135.5035107980505, 1105.397110968195, 1384.695098545894, 1054.8275105057835, 888.5399345179338, 993.1650713179929, 1280.2464411970018, 1329.5986432409472, 1526.6361060207919, 1245.921802928999, 179.2510868880883, 1128.2667380666285, 848.430411434148, 1273.4494270464063, 1479.330768694933, 1340.5231413071401, 823.3069645326349, 1223.085223221769, 895.821999888316, 1257.1204676856225, 252.00010376014538, 1181.6050231618556, 346.921883391219, 1504.9540728518894, 865.74639465742], "test_sigma_between_0_03": [1403.5636397785527, 1301.4636729970869, 1319.7094673615375, 1518.4482401796781, 1493.6820377464642, 1110.056373799869, 904.0833762892445, 1125.5538332775943, 1324.8189573770592, 1318.2162539856633, 1338.5027646605693, 827.9097227369022, 1168.1798754859217, 1391.2460347542024, 883.5779789750306, 1328.1542454281516, 1277.6082844480397, 1044.8232369501898, 1502.89784280249, 1148.5341887562086, 1268.5974275662718, 1194.6584773192485, 1211.9835874807395, 1131.9566793568285, 1208.1203607476366, 1298.120754885506, 1431.728356730128, 1102.831621501304, 1458.9678280169708, 1461.4637586397696, 1215.6081010013197, 1551.773714302039, 660.1195008283437, 1265.424508636772, 1300.0234366414834, 1233.7115960005522, 1460.331355213578, 1133.3704977613559, 896.7943462459577, 1281.8092893121416, 1363.6793733542618, 1518.8574041895502, 1081.2054252157166, 253.14649960025403, 734.1308769226596, 1056.5697205856768, 1130.0656487733256, 1134.0761038253386, 1105.4684441823765, 1276.9286862495694, 1397.2996554303656, 813.8662856991377, 1423.6811571077571, 1478.1213300242312, 1222.4173508835956, 1159.091383903206, 1561.9068633764903, 1112.285111507884, 1362.2960541057973, 1212.700690005174, 1176.591211046799, 1292.0747779871008, 1097.291716711962, 1166.2063040075327, 1211.3599590199806, 1182.7062974382518, 1248.1547058459357, 1295.21793483114, 1225.620002917327, 1519.3737816950181, 1234.2408370010346, 1070.1424134007252, 1226.0431624321386, 1502.4563919562247, 1192.7106070479497, 1450.974119838028, 1198.5961484805478, 893.6580978784675, 1123.5802636093183, 1412.0883472191285, 1379.1739548897706, 1242.9798142701352, 1404.0658412784653, 1079.3001641476822, 1268.8583901873592, 1270.2134845252094, 1180.9194222780059, 1209.5473411865337, 1346.505901385513, 1517.1998445836255, 1284.066271775896, 1289.3391154548208, 1110.1093505874626, 1081.5561826979215, 1533.8886823271268, 1298.7606288182596, 1309.1977801473963, 1431.4252417564285, 1112.47905142166, 1464.2368155247464], "test_sigma_between_0_07": [340.4632861465084, 897.1033916372077, -62.583196502446654, 1128.31347573157, 62.07884166967268, 1451.7811814129661, 422.1592442414056, 51.67604979222376, 894.4207972121503, 68.02365606840024, 814.1218646083167, 904.1395628160985, -56.50126395626139, 69.88011114300168, 1096.8445675591151, 1398.9021424645325, 77.9481864031026, 815.8301561681079, 899.6767253807353, 1098.0518816289573, 815.9181496733512, 1392.91796050938, 55.286859195125, 900.539758118178, 81.48681932333274, 814.8926929523409, 894.4191562973134, 529.2219844211344, 913.971090440481, 897.2675642647365, 334.61420525264793, 204.79030791739203, 52.51113549901057, 108.91353164348698, 897.3896428474969, 44.43118147485802, 152.03202813620294, 1452.6531915578685, 888.3500351925726, 1278.3937999613659, 1332.571412722488, 1373.500812397719, 1515.4572462515266, 1123.6967866420582, 401.1454818276721, 820.3213976437173, 1087.1013549519928, 882.0585024422511, 1534.2067679646475, 125.22245693096632, 829.1835093241982, 1036.1578376458885, 1374.4550666729087, 94.6099575899774, 904.2061214977451, 1275.7209920553732, 26.387757018250706, 817.9036153624864, 80.8854838297382, 34.97728342889458, 71.66097808642809, -52.707741301701766, 356.38731755249916, 1399.5798367266289, 72.06244605604296, -73.72855158184831, 142.49100161459066, 894.6457513427564, 922.1200688258126, -47.03007234193355, 1301.5531580539166, 9.072458616121732, 204.3283374478879, 816.3849157272531, 900.4936961704958, 696.9035456523491, 1374.902050461789, 91.9415708277957, 1153.271567020886, 895.9782806568913, -14.955296323608488, -72.5266711135031, 1381.9449728180023, 1092.9873626315787, 746.1112223405244, 90.52894429783916, 1484.7096117971187, 224.58490096229804, 61.04791156117864, 898.3044826497729, 1385.0378395665293, 98.70970467894807, 823.8793588382732, 1374.2708812154538, 95.17781717993495, 731.7310181382772, 335.4112111773503, 915.4111918296248, 1115.3366974931484, 1317.4227454054214], "test_sigma_between_0_01": [1220.9652952776614, 1312.07663840646, 1292.7379296760173, 1272.9769459725192, 1287.1762503977754, 1281.5141514472377, 1285.1527927083541, 1194.5518761243145, 1287.4283125772406, 1355.9478421492126, 1249.8185497878305, 1358.6792462657259, 1253.127660822909, 1191.2416289203816, 1324.583637750861, 1221.299065263691, 1217.3757893004174, 1390.9923573508393, 1217.2759313396366, 1190.2118140274254, 1388.3893117014127, 1195.6515527011627, 1421.8335676033676, 1210.3121278542105, 1309.0999096931002, 1253.2084221614432, 1281.8452452577887, 1214.283265351366, 1207.0868257128968, 1291.2057756621523, 1422.983701448765, 1251.3987178101843, 1373.6500990725556, 1222.821906271239, 1374.0031487982553, 1259.042293372041, 1264.6161540569763, 1368.786576781305, 1210.1577406943238, 1220.0188097310731, 1367.49634215252, 1236.941191585502, 1327.3019990178545, 1263.845108047844, 1319.21237168302, 1171.70039281409, 1256.9187558126755, 1272.366881905556, 1258.1390227753225, 1240.8855406337186, 1405.0772941831938, 1262.6131806239223, 1248.217428327685, 1319.7771693721893, 1196.6153132755453, 1207.0938439884746, 1184.742384492253, 1337.683051686875, 1316.45731303752, 1277.794818679547, 1236.4354655935472, 1262.5977904705046, 1216.9290949450196, 1191.8259060587588, 1258.8395006666026, 1210.5936561253536, 1387.3290277105743, 1244.400611007079, 1362.3233997069879, 1376.707097866798, 1438.3152430774514, 1398.829529100688, 1338.8743937903396, 1336.6509905766102, 1225.1590842313315, 1286.3046023412194, 1209.9812793852666, 1281.3665917082299, 1251.839606764261, 1366.4226778562631, 1363.9089461229735, 1239.0498087330527, 1188.6930591484056, 1279.3111691545105, 1334.398440647597, 1231.7155906982805, 1326.1469394375504, 1286.2579627684559, 1416.3321448809556, 1333.8079248586669, 1201.6605487957484, 1207.8350687734296, 1200.2980370793712, 1323.0585481941025, 1376.8445670442777, 1234.9634603786296, 1398.860688032253, 1291.0515597435742, 1218.0552004566637, 1331.917515287153]}}}