{"hopper_attention_no_encoding_sigma_03_seed_1": {"results": {"test_sigma_between_0_05": [109.53059313212995, 5.210583686818876, 1703.5212379437953, 754.2682407432076, 141.09691300272124, 85.50325852435373, 28.831953054732914, 134.34049304625069, 294.1104319247638, 1073.3954352223577, -10.019675946256704, 278.10848850105344, 1107.7026192064395, 1401.93079916304, 144.89446191071775, 319.4046265959837, 4.502698490254621, 689.6382816360301, 76.37960138355857, 77.40900397247852, 86.1697971034615, 127.67540247266822, 1651.4175928531467, 101.65908673077195, 1784.7936447366533, 1404.968388645497, 113.3679579300421, 1004.7103131258175, 46.349389109725806, 333.87200304138463, 67.00112374417549, 1526.7396165647851, 1131.0299453541463, 9.213145131084833, -117.03416884087008, 497.0588054760827, 81.0528972002283, 1636.6974010519011, 891.7648441886724, 1114.9742756951996, 95.56982656289532, 249.3573575077096, 33.22323241692711, 41.23414718772695, 116.03698698928395, 20.822939883098766, -8.881118887963266, 1487.8783542540336, 79.07882228300129, 1022.3136092654513, 1458.3045800567513, 965.490545862034, 1607.736360518736, 662.7102605196375, 1135.3942639869301, 302.82949005782285, 110.74822780224211, -11.049150605473793, 94.41710113736787, 149.35573840101966, 1153.391911711447, -11.324655086445382, -20.587770373446336, 1255.8720060328408, 1494.6219084075578, 148.5705775472805, -54.2547437742104, 1655.6789982958487, 148.35406371381399, 46.610472553148426, 1601.873294607799, 756.2900580555381, 1354.0811748803321, 1295.587023291728, 116.04160328290175, 20.517365368584667, 800.7830131776707, 546.9707580136268, 101.59817098824992, 247.149214256659, 1301.4740018120872, 144.37308594816264, 1290.8156893250161, 1162.4888646225359, 1545.94142547142, -29.03440404193625, 1291.7587236034, 929.3925361351983, 127.25007916845345, 91.05660937027127, 1661.5651720551452, 721.0742173466144, 1433.6239679368941, 86.3308326469767, 57.79882728441849, 103.21961467256631, 97.91235467805109, 111.27364412602273, 1340.0023752849586, 623.9035192031633], "test_sigma_between_0_03": [1600.360923637828, 1181.0705031769437, 1085.4157475021782, 1252.4011819557334, 1701.5065866605, 730.539600946604, 112.42569547264266, 1257.8393824175046, 1551.3453685701993, 1520.6472118734155, 1612.9897420295963, 638.1828988627518, 122.95542100162487, 1532.1356027771353, 776.6649306726081, 1259.0584510310216, 112.83314074301225, 1010.8662677647479, 1440.6885559310317, 1112.4448654034097, 1477.4561063695085, 1443.572974410878, 1031.1236553260464, 936.1737590589574, 95.23419149405375, 1265.0627247440395, 1091.7306272446654, 1482.2861984794504, 1425.6931379294256, 1742.8097707443, 989.3886049735595, 457.7345241043892, 1007.2500582711202, 1605.3579641185531, 1565.290314067978, 1479.7087668818222, 1294.3771598492517, 1040.6699661813402, 967.5502680959886, 1677.6310979375064, 1481.39929134844, 1645.2196842231465, 826.5778975823623, 242.86605640369007, 1771.2172325475858, 645.7100647913387, 1110.1722759700772, 1412.9871985945092, 1166.1146190785341, 1595.54234564047, 1372.834476338994, 1475.8157302722154, 1351.5151928680602, 1558.6854515136288, 1578.3165947456973, 1160.4170430358297, 1493.5184186552906, 1480.4235120207284, 1502.3377280510388, 1558.8578657641108, 1166.1032816967186, 1675.1736739085459, 926.4138503670733, 881.7023728874514, 1487.537770762337, 1058.8875842541756, 1469.5562630017855, 1643.1272930142604, 1597.12191805993, 1052.6994852999003, 97.68369651230498, 921.5022574540799, 114.34378037660566, 1437.588399093847, 1639.0921584491346, 1182.5330245762843, 1760.073529824981, 1202.2192145719393, 924.6603875223608, 1118.671404596336, 1523.0532085779944, 1252.4988211308314, 1202.9988656188818, 1287.3619581957514, 1681.9686396929903, 79.34486331711314, 1513.4545884512386, 864.0557718857721, 1563.1572696406665, 34.581918055392485, 1687.8264146708323, 1685.3998706234593, 1041.0881046660058, 996.292348796001, 1421.930054486595, 1652.7441158642066, 1698.9353429634211, 1574.7992368142277, 1063.3171221086948, 1390.4998124823026], "test_sigma_between_0_07": [19.310721993867855, 19.154527759728495, -111.71635434466259, 1340.1441564263384, -105.57571867449694, 142.89298879300514, -64.94463186572784, -13.120691939271659, 1057.9342246157198, 22.942862318173127, 891.00191509733, 921.4178960839401, -50.80425595398775, -102.43517290118876, 106.79630250468209, 39.93338686110133, -33.8037635115444, 55.26716702648607, 1296.7027021673491, 6.9374517274013385, -37.151098942929046, 133.23964554420434, 9.889768921179614, 801.4899895018042, 27.193127260116288, 821.6369837607291, 73.55817969088945, 24.151365370527756, 925.4202368368535, 868.855583680014, 137.09273343372865, -3.668523240821979, 10.927066480295775, 22.41643796626516, 29.438920286997018, 25.73576591252874, 15.95777263839208, 1764.9820600235637, 90.72995428548109, 1671.7361333647232, 148.98954539397144, 144.72433745525123, 1681.271428578576, 1183.318511435999, -32.31092899700358, 23.91523519669555, 1513.1791837533456, 908.8621057742396, 1517.6587601222382, -17.081368695141222, 723.5987607728998, 110.09449040921616, 729.6889132851601, 3.6777579327892624, 880.9021354327984, 1465.8359687019922, -84.49170223836207, 637.2531480167977, 50.82399832315146, -104.36088906154941, 61.95080668087007, -30.5344342527602, 10.875281826716815, 692.7635578995328, -30.699240912532584, -114.93242464491175, 12.690921788377729, 908.8292715473822, 266.69990599311825, 9.35691690871559, 1541.9328156107622, -30.24409717460601, 296.4536936285407, 665.4603393806168, 904.1051727575258, 329.89212340859, 1568.369578115059, 97.6376758380661, 123.48150870892812, 719.8534744135302, 3.2424649172348037, -182.66170461550598, 90.70254716246438, 923.274415436208, 97.81355059672859, 175.50264860309014, 385.16818823365975, -9.86198615314645, 40.2099615894236, 637.4191166004064, 1750.4968992576285, 16.434506032998, 7.595209909415965, 1773.769891101697, 214.11686841017274, 6.951769153556007, 49.61126901102614, 907.4532126292087, 183.46077922524356, 1600.2829229332349],