{"hopper_simple_sigma_01_seed_4": {"results": {"test_sigma_between_0_05": [-95.44044214539608, 10.814338841963036, 102.00658362916874, 42.63198610918917, 91.16967033834956, 54.85457493377179, 164.95772538760644, 126.91300229244226, -133.17877399219734, 60.293163427563584, 932.2750890757478, 134.51786310837926, 148.55518914207502, 1851.3923086249345, 106.46915042975597, 24.173446731624438, 1323.8812075640421, 34.25045929871412, 111.50735133137788, 44.49620238533824, 130.19316092017834, 134.8830828211343, 185.25290078662076, 69.43250540863956, 162.7934598024774, 237.70650429547976, 104.6229919003439, 125.86138630387428, 64.92316268057039, 67.03919942461364, 92.54054874687716, 112.87351754897536, 146.74046651729583, 2.4637179768586, -51.3304931906503, 71.27009409070305, 112.6572476005589, 123.98657658759406, 56.75832540486299, 138.9950805717337, 100.87934303781806, 94.78579357416895, 47.36671504984696, 238.95116420640116, -25.501014630617284, 13.91159427426465, 59.66178182606527, 69.07846517048601, 113.04534146290386, 193.8380266688662, 117.14595789296433, 50.403284362923294, 129.4752565667557, 80.57603717743329, 266.7644707710424, -48.838386288378395, 120.67795174952333, 83.28277520983247, 106.57842638956063, 69.7068146874837, 58.69749363774318, 12.564220363245116, 5.337977673724527, 30.162091521111144, 2196.191484927789, 516.8946536467976, -107.84259854621632, 137.42619682902006, 291.49907813991297, -22.192854910796438, 1825.4478055021266, 46.835285881102024, 62.17256126127903, 178.21173126019863, 103.02593982453689, 17.157888247862864, 347.55705970602025, 48.084376297723786, 23.482940934237558, 138.97491364151492, 144.82754642264337, 180.36053552247753, 1704.330782668844, 93.16576037805203, 146.99425982570096, 141.77095287558478, 58.2423126360445, 61.1687503304871, 126.95075700670859, 342.8998804113347, 168.81060334274378, 39.598911919046074, 97.6161396468786, 111.53421336045575, 62.407516949441934, 93.6215637952162, 126.77288371081524, 137.34427910911327, 674.5547105806428, 51.14634388725535], "test_sigma_between_0_03": [1252.477183381675, 467.1319869259954, 48.69028839430977, 1545.595618455298, 187.38216720016058, 119.2437231961216, 111.40868203736173, 59.21738840108008, 2299.1678271701635, 236.71767009614408, 121.08639684534573, 46.02789701007858, 142.97548120874708, 728.1735364052569, 39.99388984714315, 57.76823373548687, 117.62012507414482, 165.1741696602433, 2051.3927524723053, 56.05638801953756, 2117.0912130593533, 1205.2661986198486, 53.747139742167214, 12.36012158549711, 129.19318707302884, 198.4452429233148, 792.2644298642637, 126.97120940638993, 1814.8359167349736, 189.62080998286402, 24.274964419985192, 105.62985866622179, 157.4179577913208, 146.80186404475532, 2179.9864672101626, 68.05364805406134, 1966.7505043353156, 37.045269279602515, 199.29877706378764, 123.41042766417523, 304.0555899479966, 2226.4363945329146, 46.64879661770974, 61.71028807039983, 103.03033364801958, 45.952314808173085, 54.0510150946895, 2179.435086362512, 64.83924276239559, 594.8625811279459, 58.80227063744242, 136.48553897751555, 2068.8674821609393, 337.8109488167423, 123.29698557037334, 66.23752474364882, 2157.5593349871806, 159.94963074814297, 135.02712124017123, 169.96716909361416, 51.94252248008124, 179.3047592488525, 58.27694719340798, 56.78657456718214, 144.24851220352727, 56.99825721175438, 195.55429766941367, 2381.736334054064, 2326.029930387641, 148.2015745716111, 128.09057038884498, 56.82434284068585, 134.77472589260725, 2093.979438947551, 116.70001140304373, 755.6288777010998, 410.7927609747377, 295.1925126488816, 57.73164022949932, 14.551491896870719, 184.59608174523314, 67.40505976924905, 1497.1112034703317, 57.43171623338421, 127.02450050345942, 119.31194831928585, 154.4324854036415, 94.5984305971055, 143.7343009171527, 169.4924775391337, 121.43673276524783, 2347.625451483727, 49.70839636486779, 53.707765025283166, 2018.6033495405468, 137.31091596298938, 184.69469710621925, 753.7519516200321, 218.04278206451144, 427.715826475837], "test_sigma_between_0_07": [40.04138705928781, 183.6759027585198, -149.28192692856246, 163.56760900770894, 45.887767374035306, 161.5789804758359, -22.479785363731203, -29.252613466784535, 99.40063312245621, 27.277546611246358, 38.879847022589814, 107.30177924580347, -38.20166590892331, 6.1838466781468, 177.62300809845036, 93.77116289020488, 96.17309776146868, -95.57951842722537, 167.64400398228318, -133.64214452667076, -15.901738500349168, 86.03906998904857, 10.723783300565266, 37.94473736183571, 40.01793736596883, 42.87152208624611, 91.77303488976031, 82.91326931351361, 22.780449110394702, 39.940877578969236, 106.3565528305378, 1.8582399398714178, 12.680947493332484, 49.92359617123583, 34.292864863529395, 16.467804687419264, 13.618048544520569, 143.36069718057118, 88.62206161905777, 119.61417327247034, 60.69269880569191, 61.85158111477357, 2155.8096541786763, 58.52526209537173, 3.009065814329372, 27.973653175236535, 59.1263587761292, 56.6647438528933, 891.0800526935776, 70.87301580637431, 31.63565523742145, 88.11145918370603, 112.51862871874327, -107.59470716911164, -131.30105921642388, 63.52005779424654, -43.95756693313595, 747.6429531895749, 67.93626077418304, -61.62803025174071, 74.61509378846094, 157.96729890303976, -0.9963482898223446, 1001.753968390449, 19.86865767023119, -56.492211401986424, 61.74315916006745, 44.78140778003434, 69.73709959690751, -143.3749835320195, 101.7689512295357, -64.99769329573175, 1333.8667196476215, 34.69964366081404, 55.54626113874256, 32.943455460776754, 398.07067520195153, 94.92137301241017, 93.354427254101, 43.97677592027612, 13.038893477265086, -129.6626844866958, 50.831953553580384, 53.77294010940824, 20.419358438017657, 80.16652191824394, 19.451448686132785, 48.855785869000826, 83.56289056164681, 176.50448228231252, 160.82307296783114, 121.84132683251377, 3.6048981000174543, 105.76142399038363, 103.84540264641254, 5.116542896266036, 170.01052898573693, 55.84927718624095, 165.6502164747348, 648.0966208930902], "test_sigma_between_0_01": [2009.6436619023, 2127.951934910299, 2180.325003556016, 62.66816273862787, 2198.8991234167065, 2219.900507694983, 2129.9986423528107, 61.33580590162602, 1120.0062104892304, 2131.9802410924804, 570.8837386853843, 389.9796975449442, 62.477340472668565, 168.19583981337632, 2194.2971840007926, 145.65050014226438, 2133.9355522158485, 886.0644402065269, 2194.7357543257476, 2163.7698642309706, 653.9918515861773, 2184.4996899630873, 180.9057316640464, 2200.2785471506613, 1746.627807244268, 58.43334733011142, 107.86282522717373, 2044.9675441716247, 2190.725360932602, 579.9166071953631, 311.7984135842373, 1290.7069882305461, 2099.3148614637535, 2272.4843066013696, 2085.8064603305957, 2243.375300948773, 298.65339032485065, 2131.387846846162, 2207.140207531353, 60.88023115830002, 2125.3838330028075, 2203.129581695524, 2224.854961710981, 60.19382203392888, 2200.5285708616198, 58.04858707621172, 2180.2549795664713, 2121.8625332222737, 71.66449383206637, 2170.4423867048445, 1795.5602192887125, 62.144789835342095, 1683.6521488230555, 59.55856291135133, 2144.7476272925123, 1759.0172295599505, 65.6895434073085, 2033.9911351419876, 512.2916905806691, 2208.2871544802006, 2092.332005582157, 68.10637640957867, 2196.7505892519703, 302.0463733109151, 2191.4837248068843, 2140.758320359085, 2075.971344788986, 1962.689885296372, 1001.7728179312527, 1007.0608801932271, 2105.299585410454, 1267.8165245635175, 548.7116340917304, 2035.76627044375, 1025.0704349965392, 2106.9767671917834, 2184.8987449243696, 2102.2341168792, 63.57549441482989, 2085.734249210523, 385.2661037545359, 73.66629676738668, 67.58485482337711, 125.75919756804943, 146.58568984320885, 2035.1396286165627, 881.4536349836317, 2159.2814814805533, 1955.1801155073865, 2048.305806452018, 2208.185276320636, 594.842015757044, 2175.712733656142, 2092.1930069921546, 1206.923775184799, 2319.106721595585, 262.2511484670656, 358.27615805929383, 2092.5998729081584, 984.9775278678961]}}}