{"hopper_attention_no_encoding_sigma_05_seed_3": {"results": {"test_sigma_between_0_05": [37.85565857435806, 47.15102402808009, 127.04240399436405, 1018.3249759521503, 115.73049459735955, 684.31597210986, 541.8167087688329, 919.7641748846668, -74.9760352401114, 1012.5271846844165, 231.069023792857, 172.02533957153452, 921.9204410276024, 1011.2166967316001, 224.51360829320635, 23.065249510522833, 80.68779596700523, 819.4856871504561, 905.9602577595447, 219.7289335218744, 1172.6902374010542, 919.849481470621, 1158.735076406983, 913.1232114336664, 1209.3476712600404, 924.5556732703033, -49.636078078739175, 925.3252178568251, 36.25623018817565, 919.47777995076, 256.7587113291476, 181.85886341445126, 1016.5835251576086, 39.592487195619086, -63.78819194692312, 149.36067508474622, 1153.2110098487908, 297.67051627759787, 928.7028604889701, 849.7544017626574, 130.15847041721452, 921.4163464322816, 53.53997209647763, 31.09265687251808, 36.58662809764775, 65.90710675192894, 171.1632563449885, 916.8071424238232, 135.47170448276714, 93.20033962291016, 724.0836399310492, 921.7730056758231, 178.8566153620453, 1014.181903237029, 1017.2011258804521, 126.54689830888678, 159.71127861870127, 241.8524062982261, 116.3867044529487, 447.3237759676597, 1012.6795881016609, -59.78903477183461, -16.746392073620363, 53.80845607910824, 927.6427826450953, 982.8815173017275, -69.7122543853735, 149.76028990253621, 915.8215191064555, -3.3515418476922427, 1004.5796807492735, 994.3605881107085, 917.3359746195708, 935.657645098412, 151.84335925396857, -82.61519657039781, 218.00482062764175, 20.320301900560164, 1008.6591090724403, 915.214171384262, 501.04696828114595, 770.0579895398162, 1019.0753478036828, 1002.4512784713238, 253.1498788893164, -44.01861584054724, 1012.1927568656716, 926.6839319595014, 196.26438368359916, 67.04359216756305, 1072.8601740619197, 996.3456479285799, 150.7937806224505, 918.1798814659448, 920.2749015940834, 448.0290591291571, 151.2693188772593, 159.30202767959204, 1019.1642002442169, 88.70655552269736], "test_sigma_between_0_03": [1066.3850811207938, 935.0184152324168, 1008.8996070391765, 1007.5942471459823, 1139.9148634549783, 515.0883478128072, 914.4043444690524, 907.4073059901475, 1011.3695507770072, 1014.5667166643046, 204.20566822102597, 243.0808220700882, 182.02046716412133, 1013.5384354068779, 944.5180651462294, 1013.6655321387287, 232.50627361908678, 924.9885451391225, 1012.8120182381939, 1019.9445392232112, 1013.0615886661025, 918.0520134232074, 711.1175140961931, 1016.6748299934203, 207.86979055974987, 923.3168651774461, 564.7486690110084, 914.9334933271156, 1008.0752432465118, 1136.2078798528457, 911.1645646688546, 1128.1053134800266, 922.6656670225132, 185.26016311305838, 915.7010194215461, 1007.7140648140911, 1011.5195507859144, 437.62516757891564, 919.7556157950784, 429.0796187692976, 923.2273738685027, 617.0488989842637, 991.5550836831549, 923.1060894078938, 126.35179373598181, 484.5204924728508, 930.0427560409546, 918.164550693984, 1013.2296000465242, 923.9760056047284, 928.8953337541366, 1095.8582134285873, 1016.498770853261, 1146.8906809588455, 388.87033388868247, 1020.4933865131007, 1019.3059418826339, 919.5004852151687, 925.8045367534056, 921.5818353015817, 1007.5631608591698, 1170.6177465772241, 923.6772918973328, 518.0950000692759, 911.5462710445449, 428.559087395841, 925.7996631049556, 1119.649520193016, 925.1348070505461, 1099.528712228785, 140.36153687713633, 1012.301133510573, 173.6751275531404, 1014.7859064029544, 1074.7228742657362, 1016.3352778877843, 922.8495088587412, 918.2573944714139, 998.1820794471832, 544.6939879873119, 923.1656155587002, 926.793490480518, 1013.6113388989954, 920.0515072872151, 1164.5113946910608, 119.50022995415563, 274.6099137758534, 173.0573583843943, 911.3105609163878, 991.012796639296, 594.6180761474641, 1113.9966536653696, 1014.691762030826, 929.0290556586126, 1013.3674688178608, 285.4744074937234, 1024.335541349799, 922.7294731146044, 923.2243247172953, 1012.3973600631987], "test_sigma_between_0_07": [163.0153926818771, 916.0122772920984, -127.10008819220103, 917.726985532602, -195.07100894106034, 169.75046077193022, -2.6868763592219675, 62.64873714728192, 915.4791982654326, 14.979478875315882, 900.0929277527334, 920.9785259324342, -41.071503002460936, -38.4923941509163, 918.4052406297122, 58.70839097909688, 569.5386221968419, 17.06250605549008, 923.8267586893825, -60.43185596109712, -109.44186116762376, 98.08962027777409, 21.13257537999774, 32.1568763040976, 60.96804813564881, -9.400012877295017, 183.04699406346657, -64.82110190906735, -110.68427039839284, 907.7923949431382, 911.4596637985477, 47.99704762044134, 17.52833022738176, 469.72218182916447, 43.3866277488629, 9.127201876741239, 45.85590498644624, 1192.710438212447, 924.7544918759852, 1415.2803014789176, 129.35908103942054, 998.3433585277526, 1131.163559799126, 823.1813392438678, -43.47513440308231, 24.46884068255267, 916.764877578514, 920.7307792609714, 538.3958187991846, -175.0350406573494, 1017.1274615676216, 119.69579386992997, 246.0058578446127, -44.9990211973276, 10.241520580709691, 920.2010159904062, 10.317172839048206, 10.345959707173149, 82.70194212024943, 104.28139192221916, 142.49940026626643, 924.097926918772, 30.4693101369838, 362.20986402502723, 4.934735011374579, 47.339293687089196, -23.021092053035208, 923.0956162008143, 994.8168883097936, 11.014024543397591, 103.01229500307646, 43.414662218518714, 1152.6411507638363, 932.4862161388335, 922.6112884235607, 229.7464509038133, 924.6645038705396, 137.4655592658275, 36.96551318847495, 930.2183267603198, -195.41149853013536, -238.61892454875172, 922.3878025339517, 922.06596082813, 694.0422583586517, 916.748641662457, 231.8486602612056, 32.24042946909634, 15.963685007614378, 917.3584599946503, 1231.4106213602731, 47.941871772955274, 40.157528215510624, 137.9778049057767, 156.25174720905528, 64.95942615675779, 31.269694996493822, 942.4118175659926, 344.9200971218376, 1098.3647410942797], "test_sigma_between_0_01": [937.9805240208128, 1011.2095280134303, 926.1326950204881, 1017.0681087530014, 927.9540098654993, 1016.6699937124571, 925.7594033489174, 929.6138487523139, 1016.2854800304676, 1014.2279963012211, 924.2317004202071, 1011.2550014566499, 1017.4327999174952, 928.9470987023057, 1015.5116520215277, 945.787753758739, 936.8635567907813, 1007.4049249860601, 921.1338925125531, 921.7369542903798, 1017.2802567614481, 927.3354403980401, 1019.4493157510607, 922.6701934135727, 1016.3646514952699, 1020.3936447671532, 1017.0588134500058, 1014.5447442718992, 925.7647467891103, 922.2406632948587, 1017.1689784217119, 1015.4110949228902, 1018.0944022508901, 922.0652645573937, 1015.0773612177794, 929.1954515192745, 920.9729351478368, 1012.2110509920833, 924.5011482921741, 937.8983270137801, 1011.5107928805717, 923.5676141133088, 1010.7688890008858, 1012.2771820857428, 922.972466440769, 925.4020627047732, 924.3530260098373, 1017.5886412023087, 923.437339266957, 923.5524920927515, 1017.9058502634952, 991.6809465396367, 924.7753107061756, 1013.6092616285869, 921.5810308468193, 933.692153951468, 1015.8587252737942, 1019.2989915900783, 1014.6948260342209, 926.9964242186998, 990.6806146062764, 1016.2286026905983, 921.0622384969797, 922.9459742806214, 925.349510196271, 922.0720266589539, 1012.8904257575102, 1018.0439060522151, 1016.9322069438092, 1019.1898431482953, 1018.9395486402096, 1016.5653541361872, 1012.0611572360724, 1019.4129181028076, 922.1600910836203, 1013.0624252136885, 920.1521409956817, 1015.4880695315975, 1019.2386112359361, 1008.6159932728077, 1016.8897939444731, 928.6099060630461, 930.2554851002357, 1016.92538505608, 1013.6536360440113, 1013.5347723522054, 939.3894950490062, 923.6598235562212, 1017.0344638630002, 1013.0941545040503, 926.6774790987766, 925.1509074102505, 923.9486607782197, 1014.789235889548, 1017.4646230975518, 535.3520256145938, 1016.1850202245855, 922.7265606514624, 930.3325779362137, 1016.3296972277954]}}}