{"hopper_convnet_sigma_03_seed_2": {"results": {"test_sigma_between_0_05": [73.04514026545948, -21.5540680107355, 1444.088021997348, 84.3713394550505, 86.78131741252437, 1395.7541683335758, 1439.0398897459916, 933.192960016143, 57.9463689301774, 1408.9409200036134, 2.705801579514809, 1437.675729172838, 952.3967054337911, 1800.337283159229, 1648.9046725902517, 183.41133553708644, -6.792846530032695, 289.3458269866564, 137.50582026990014, 1528.3307332028526, 1746.512267869343, 928.103240100958, 1722.3640037724292, 72.46072723619, 1692.0764145098697, 1061.7748144529621, 16.792378353027743, 37.70085722032818, 90.20795020334626, 232.9991083808199, 1861.587486281097, 463.0228918910608, 1186.8482883659271, 66.810302900066, -69.47506856778637, 218.00801825745287, 1702.401178633914, 1422.7551623047796, 979.4335694192994, 544.2863823271196, 101.1881173466943, 851.595175754546, 76.57493448051687, -62.17729642603517, 42.62614923685032, 22.4551381373778, 22.904216751665814, 1679.7919867509027, 238.0293834580545, 1398.0066684674468, 1371.9517235600872, 690.53581289416, 1483.0460865180487, 44.19116726648498, 1208.6189355763324, 42.34249892554506, 269.8625938673605, 17.945863218269373, 1511.3286430722999, 102.39536740351322, 1643.758570483057, 236.45628547732383, -117.26488630034146, 1605.2093389099896, 1874.7180148170823, 1318.3524123264472, -56.18441232158948, 1509.4107146226156, 713.5425470819758, -3.2129133355789294, 1309.810774714871, 529.6802057856041, 1560.4428134633224, 1236.5752160375403, 84.20982691617537, -2.042543817100527, 637.7833699940957, 82.29202177051485, 1326.217208376902, 120.18184520157374, 959.8635125624088, 40.3625635647506, 1354.4102869426188, 1266.5884118040133, 1151.9702681907022, 129.47940235138222, 1547.288958051388, 898.4494809216613, 1317.0680337087244, 6.275477502538712, 1585.071212103042, 357.9854635355354, 1194.8117739702086, 861.4145995639236, 73.7077295365074, 113.07710683833432, 1094.1807186114386, 98.93466323008035, 1530.9498406726912, 65.47713734692229], "test_sigma_between_0_03": [1747.1149490190558, 1502.3592475076355, 1609.6401414353563, 1804.8120219279224, 1738.653514730503, 1032.091323151709, 81.6089224037889, 1377.6453576442464, 1637.3802173554768, 1700.3466298481312, 1364.7877690250339, 765.7771499964454, 1271.7568710470814, 1626.1075457225727, 240.32472647877285, 1576.3967511936455, 1229.4792737483322, 1210.7270163706276, 1838.7797774053095, 1422.8136559939476, 1450.292816778306, 1590.188619632249, 1314.5404949539447, 1145.6079822167203, 1427.0017640806802, 1283.3719177556072, 1606.744629979135, 1208.2279779057142, 1777.8438989616711, 1690.7482027236601, 1255.1360722976522, 1789.2531686891987, 1211.9027024280647, 1250.7591718412248, 1777.5569138649632, 1559.545039622224, 1832.9809698466881, 1213.3730064079396, 1080.429522480195, 1445.3775982755653, 1277.5870720952248, 1769.278042209093, 1155.8061905950226, 1564.8973463074985, 1668.2251090475402, 985.4468671213026, 1057.0485745730816, 1411.5456124887821, 1475.160740422209, 1784.1045292364036, 1666.3155836523213, 1828.603166490484, 1724.7919370515306, 1806.0860530621794, 1280.0908767649446, 1404.63642350318, 1756.124807424041, 1081.8381970210423, 1810.9258556448297, 1368.1988409478613, 1490.4708462347635, 1622.9352463546622, 1096.0019863307652, 1038.8955233882991, 1228.4440642659013, 1372.3836170267875, 1771.5225115283877, 1744.572378184177, 1715.0677028034067, 1723.1247154072566, 1296.5387580775173, 1377.2078540908933, 1212.2896498422624, 1868.4887125814128, 1353.4658820619684, 1674.5789535989707, 1238.3273872774025, 1160.6703808977668, 1097.8332952464823, 1618.1858264878424, 1297.162080940597, 1397.7749164072252, 1612.3353472342833, 1309.295056686336, 1564.9618237496907, 1481.8649133188017, 1133.5243478041184, 408.65281284680395, 1295.2380571826943, 1784.4585167738437, 1430.4621573980485, 1699.9069363192784, 1467.0247665060206, 1195.2424050154127, 1699.329125508232, 1315.91029376541, 1591.269386358673, 1858.6910805255748, 1365.1735258454216, 1421.4194683267099], "test_sigma_between_0_07": [24.995136879872007, 939.863420979252, -243.06570300880554, 941.5044825786579, -60.321291481853386, 899.3791489469725, -37.38060875115335, -217.61516030753697, 657.9806914575212, -86.90515667578585, 40.36650621308656, -5.748745734974769, -91.45783585775644, -137.64772836340998, 1201.9136583817865, 67.2552816119991, -41.60025144889805, -21.908844798029165, 934.8409876498465, -38.18769955270835, -149.70669638365214, 229.24526462658983, -22.936170937374115, 202.65122789913576, 274.1013520555048, -7.161450583048281, 87.05299032018083, 44.27679108854649, 753.942182382316, 697.9155368004998, 274.332831261777, 7.219225322827697, 15.112329786410557, 1098.0717357494718, 646.64999201933, 27.190685558320546, 5.594676596576752, 1635.8861310465468, 123.38792014223147, 1451.0494865300977, 1466.9237179565137, 1631.4808767943805, 1839.7984873410448, 1154.9535992272406, 6.874790355432197, -5.102276512955724, 1372.277047705582, 547.9005587409613, 1818.976723499707, -151.90286743526664, 905.090643426731, 214.96457522132403, 292.3010240387752, -72.5753319804775, 875.8093640118575, 957.2966817306061, -8.671721649450776, 109.88767037900544, 23.779958845280632, -5.111729519419896, 104.20160786321217, -55.34410747573274, 13.516981492246849, 1198.047039009189, -59.31386623924335, 14.594615891108697, -42.059374637494344, 704.5591583958834, 1070.560780165332, -3.032607491618546, 1557.6789846600484, -8.004465076606719, 815.4303677946083, 45.4490764021306, 91.13775802464943, 94.12708375487277, 1837.6895741727587, 98.20211526779167, -27.129292144039933, 572.6599964544823, 9.293701342197892, 0.6011703400537929, 1677.6919572116617, 1098.8197839393995, 66.576972624322, 809.6598333065139, 1714.7559744136288, 5.0446276277900335, -50.371632876794315, 966.7784564065882, 1488.1438385883305, 25.482113336054322, 14.812201424353406, 1664.047108938754, 27.087663553794847, 22.902565356857675, 303.965598817647, 218.0182358790407, 1322.742392252905, 1610.9568139191194],