{"hopper_adapted_sigma_05_seed_2": {"results": {"test_sigma_between_0_05": [910.1081267235285, 897.8032142571705, 138.396710288203, 921.939675237286, 1063.76962644855, 777.9581658370331, 933.3492685958945, 917.0149547713576, 898.4492196998033, 965.329638016914, 38.86003245706416, 1158.9889230641293, 960.6838648332492, 91.09758839846182, 87.14274853442184, 901.7795959433923, 122.75201417844798, 911.0838226108929, 930.0594884160416, 240.27407082333664, 1238.6748781002273, 927.9561731726592, 1005.3656393934053, 1236.3384250298295, 1130.578285024661, 928.5770876562574, 929.132744528003, 11.41668327501684, 959.8961659593806, 922.939483902387, 1127.7882789200103, 1086.8000463549608, 970.3109885213568, 913.2874716224434, 286.1591998646603, 909.2300995372862, 1180.4771145149011, 1302.2692233151527, 921.6188875071563, 1009.3734984429312, 90.01143562080831, 915.9619949174013, 489.495990181729, 119.06785337132884, 915.4725088474744, 913.0562995152114, 249.7350785532253, 919.5473623834754, 58.919534986236265, 941.9625024904077, 874.0345009524058, 175.29952798995947, 159.10651908176362, 912.7716115180225, 958.6864705058625, 907.3284407098563, 1077.8047851912581, 90.51094749231852, 124.37429909196365, 895.7717943407301, 966.2238430298808, 907.0143369638896, 898.4665494991888, 151.19535262674185, 992.811584775015, 1055.7068320452308, 908.8182971587089, 1222.3938729759514, 498.69834222189115, 904.2602954392651, 925.6386790195058, 946.5024607329062, 629.3098529938538, 945.4296036057746, 104.2638799499066, 895.6663360046055, 1000.5266652043379, 523.1618491433921, 906.1334669621014, 888.8801888646709, 1039.7456553946706, 248.69717910668984, 1010.9445637045724, 1050.47600654985, 1085.1545735025463, 368.25663342946655, 924.9076628739018, 918.439294427022, 1257.9411087780147, 368.29750749433583, 691.5149353354594, 981.3376511223139, 885.8695986995398, 934.0857404517448, 225.4457538453905, 922.171613447771, 784.9493723323883, 124.74632452931692, 995.2024260987671, 898.0983939070991], "test_sigma_between_0_03": [1189.3221490322853, 907.1400871539581, 937.9323039454742, 996.9788903613314, 1105.6572557065297, 957.1158396187052, 917.1385304275989, 917.326263928962, 947.1240844052974, 919.7292331197121, 1104.5259676637318, 927.977771566471, 1176.6516629509667, 196.14173910663965, 889.5228030336954, 922.4567354556825, 981.1901865316056, 912.4110662019091, 926.0656339936345, 918.7880190732712, 976.0638240288049, 918.9175041921684, 913.0203319473222, 924.5405111203819, 255.81854528222897, 926.6891823260087, 996.4589430952265, 921.8251304582789, 489.5278512518081, 1074.8314894708965, 959.1767348361063, 1363.6215293613536, 918.0165315168002, 1153.9902389500176, 930.2647703060762, 930.9809308352244, 407.297749716969, 896.6112355527597, 920.1380397969004, 1195.7837158526743, 25.090964407697903, 1177.6616184916095, 971.4237953215958, 923.7185067933088, 1369.1727955313127, 917.7912368354182, 904.9858815649688, 924.2520672674574, 919.2224271851452, 924.2932819023035, 914.0712769417152, 564.6401582408374, 1026.8121932542049, 1121.8952191437313, 1288.680698971484, 928.6197920752608, 981.1975390455041, 918.7137333052118, 920.4158852953661, 923.9096642986876, 927.2222980064317, 1139.675025718701, 943.2717801682061, 912.6846267254415, 925.9382573437434, 917.3562669354077, 916.5082645771283, 1225.4636781693928, 925.8184990238434, 1211.152808922551, 1131.9515223603746, 939.5595571355285, 481.4627429186547, 989.0582366433927, 1200.2995233292183, 967.9972804590782, 1042.6602378902423, 921.7478101831914, 924.5465947646252, 1001.991146092346, 1143.0188131102461, 920.2184644933124, 992.4930766844159, 921.243696971596, 1141.321152747946, 1198.3100084814812, 1166.9994723739183, 977.014199693023, 918.5905411725478, 1075.2025437324367, 109.45703958283855, 1226.6632111836689, 920.7725857619935, 924.2115746356719, 1021.605234521323, 1095.5735513398026, 923.6492809271073, 858.8475708993185, 916.6090107911582, 1066.324925384553], "test_sigma_between_0_07": [78.03037169024756, 926.1784932849818, 899.5364652609754, 975.3594019787513, 52.88672992129578, 1012.1133177904753, 445.7621703081373, 36.5350109943043, 918.502305584317, 136.6147001594436, 791.9192974174827, 581.9849558016376, 889.8941866143061, -3.355805336443881, 927.0965252721534, 73.71679009953513, 114.03405222455768, 892.986153360823, 915.9041616143937, 908.0066552774606, 886.8376026494857, 114.20636065552395, 43.49665218433365, 881.9306479097103, 169.8602656499701, 882.0482804624521, 122.7525650295298, 899.7661134800421, 24.698935035163593, 892.4095906026737, 119.699913119305, 296.54873869083673, 44.64197256831393, 914.0640748562756, 242.43955482056478, 18.311893293364843, 309.98845764493046, 1139.0873554381417, 364.08681165215785, 1091.9379030942816, 157.87876035582298, 300.3277036770714, 474.6462920090868, 382.81492302701685, 59.39958209342729, 902.0574095868348, 923.5401423484026, 94.66689846961381, 1088.3054285841167, 6.529529134201584, 1001.8925496961566, 439.2599059131358, 598.8888314612082, 397.2236882799929, 881.6053876071339, 1031.715312148467, 53.44602451885729, 901.9034453057405, 30.496251182092237, -3.687691844020449, 115.4950096749148, 30.183669070139878, 36.41568069823261, 1006.5726541290044, 12.463574976442025, 19.80811275054875, -53.27604121166079, 876.1517350352781, 345.6828960985079, -33.023741117578176, 220.49068816366193, 175.02973552721375, 401.54798413721716, 901.6028032703018, 895.4608545168841, 891.6554678589029, 917.496703331326, 95.7132203671441, 944.8675380482895, 1001.5136315675592, 28.922708302017416, 9.463888685274286, 528.2415249670594, 875.2350628500983, 28.891447004371724, 877.9539028174943, 1084.5511582903205, 19.451261050053287, -41.767360492433355, 236.3553786131116, 1273.250867944124, 89.53603834991084, 889.6359431834805, 1220.116643556991, 50.09254972104245, 190.91012002377687, 267.69251297237923, 927.0426005842723, 351.74144218267173, 1186.814043338924], "test_sigma_between_0_01": [920.6211507796237, 922.9090093442153, 927.4131869432117, 954.9015253248986, 193.6198657075176, 931.8816504572243, 937.0875290400193, 922.132597484215, 923.3186893830957, 971.4722270921645, 920.826026022431, 920.9938840449935, 919.899096472171, 920.9452113655361, 934.2844734898362, 917.0552819318743, 918.7534916671781, 958.1937719216677, 919.7257244935802, 917.2719127381101, 948.6928654882829, 921.6887564945437, 974.669706298647, 924.6163156681216, 923.0390252954978, 921.5123946025948, 914.5743642153045, 918.3937273347478, 924.272017896287, 919.2868905517018, 942.8204708723027, 922.9819746391349, 962.7251966258764, 922.6590208422923, 941.0508377123084, 924.194323949556, 920.218523951464, 923.6282868621663, 919.4906179028006, 920.1281328025414, 950.6800399536484, 920.5450456354482, 919.5391508285255, 919.2453642270674, 159.63469041544596, 916.608706229103, 1317.4050048653571, 921.0774272317591, 917.312752131089, 919.9667447179856, 926.8637415346009, 938.2168628628269, 921.8568525760442, 958.7280804684914, 922.2927198007757, 922.051114841404, 917.6848943850115, 955.5831707282246, 951.4438706862945, 922.2134713966354, 925.0162254635601, 920.9691243018755, 921.8969369092812, 919.9797823158175, 917.6657709106203, 921.1699042636285, 922.7681982366644, 922.8344066991915, 934.4118490444704, 958.8785129116559, 923.9333742269264, 959.5985506560909, 943.4499942995537, 929.2675977530384, 928.5674555808064, 921.9283264832037, 920.687120911181, 925.6952774352919, 920.0787180320934, 949.151991944583, 919.9015239364866, 920.1189753253467, 916.8661187566959, 921.3850239319063, 948.3334053774314, 950.7693863513373, 918.776329500399, 922.8252147128884, 966.9308610250965, 921.8207911070779, 921.8527167886332, 1077.7008262712004, 918.7188394891012, 619.0268981727377, 957.7903375458861, 964.288091461845, 918.1737593201348, 922.6231137042506, 917.4420115881692, 919.6162409342995]}}}