{"hopper_attention_no_encoding_sigma_05_seed_0": {"results": {"test_sigma_between_0_05": [819.7814254380077, -5.47322825583667, 296.8459420320851, 834.3833817143721, 26.1397695887197, 63.039850232771954, 365.5936382041422, 115.64425806407883, 824.9150209613479, 832.2621114791222, 225.59696886693897, 34.927304708433006, 234.51237185705645, 74.37939269236243, 430.83112236643365, 886.1307023438445, 17.02829681976231, 826.3765445291153, 136.6956532513372, 178.46491444965932, 1492.113063502364, 176.14894377819672, 32.25097455446764, 178.8467256361443, 1480.641040210636, 31.155894231447828, 18.337162169750876, 161.05875555049965, 1003.9377810374228, 833.0506668944024, 31.760196601692737, 254.1499238287021, 827.8893280064391, 827.0263738203327, 48.93018601822154, 832.0601676388194, 459.9572131870039, 222.03779912312362, 22.89403132852448, 1093.400869091483, 31.274209616850957, 28.721681165493536, 34.30351449076167, 442.28250755400575, 798.2091899054802, 751.4413502629008, 53.894384038370774, 90.30043137394688, 200.84750471912255, 62.81357137936943, 87.40117909745338, 79.9039952809906, 34.290129352115144, 834.4451656483727, 309.07680160246423, 822.581874433341, 189.9622002811301, 50.94464659395476, 277.0759820347647, 9.288782915613945, 80.99840103275078, 807.8449595611188, -86.86127274700502, 81.0780112629685, 62.971610215040556, 110.00874949425301, -4.371919419511279, 1396.2826087864264, 202.80311324024282, 822.4249088686872, 131.52802671151923, 833.6132111908673, 84.11537276505364, 244.95562661626164, 205.00214332822043, 230.8505737598309, 826.75237712604, 25.768531248340942, 832.6979293476522, 120.19904447946205, 237.2584701382252, 160.40947852995862, 268.24291726228046, 1207.6333295894472, 119.11816680325633, 60.04414291512064, 86.87626809104393, 828.7163224390864, 229.37840323271578, 198.41423476679765, 66.3172969680455, 830.9922488591455, 29.727683364113034, 153.3352974119617, 62.51310411004344, 147.68424487677953, 162.70707319082788, 19.774360409950386, 278.3026299029919, 828.6712581509948], "test_sigma_between_0_03": [1392.7412380114563, 151.3347980623376, 103.9550244114148, 1170.3152056680635, 1392.0799585637685, 829.6243108322711, 163.60781085805633, 134.58948110964786, 562.0108391031911, 93.3307401454074, 36.80016558868918, 831.3697997161051, 237.18920048470267, 1259.3477793327704, 831.4560033700623, 87.11292328938363, 93.8136846971704, 136.55661949099886, 332.88284651169687, 108.39980771470323, 211.92665279587274, 99.76080559829454, 90.66237997075804, 830.983988516218, 217.49016786357174, 219.14232167353867, 93.22661772752728, 211.24504191964226, 70.70523854394187, 1366.8810772572901, 824.8211113081699, 1409.3810051415205, 139.2761195693101, 99.33705719795064, 82.67643799970493, 87.13370125605728, 92.56231126931331, 97.39089017270427, 108.50697704207515, 1393.5286385895668, 114.44238065305228, 1376.8690634804127, 830.9237038573146, 73.1678296509117, 1483.0170335797736, 832.0771040974217, 822.9114990338768, 111.38548773358015, 105.08726574232725, 94.71205297644762, 94.66847164913518, 137.0411001726081, 1239.1654336072247, 259.7607610146674, 104.94484809007024, 104.90475810156897, 1192.449778994217, 205.22916931343934, 86.92663629743673, 91.2590044664773, 89.4271545123147, 1383.130900790006, 832.1827607413361, 834.7824685330796, 204.65864854087832, 93.38100789904179, 202.69815193701336, 1286.2382879855595, 191.72140402664039, 785.1997596955396, 230.723507556964, 830.5915213442901, 283.9127935742643, 255.62342702456567, 93.03403531501377, 1175.259109286123, 92.34258036233078, 224.64066977440723, 127.07655337360568, 93.71865188781449, 225.91305803494123, 103.68208119521957, 119.45843698506997, 123.1703182673239, 1467.2813370579852, 309.7047900628026, 243.50182909156942, 1132.0295860074903, 108.33708369607939, 176.38755521608041, 76.18324534231678, 1371.2082933616502, 122.04756642984196, 122.29250390987399, 1257.007645200033, 742.792250835997, 86.85773988974634, 74.23122285451777, 99.42689606934745, 213.16529645764572], "test_sigma_between_0_07": [22.23301871751367, 138.09386444449282, -90.37252426565527, 303.5382513103898, 10.798254499530142, 36.663811438583096, 293.9635678476169, 17.230558525866172, 123.48760286997158, 14.291329613187362, -10.397862680851803, 177.28666513833704, 44.565741315412986, 16.21243678415665, 114.1676898497426, 1437.1860975945624, 33.22747934779093, 823.9548005166556, 102.0924472617423, 557.4808882113846, 755.6795375730882, 1315.0262740189635, 12.393829472326956, 822.5847996472596, 39.65826943564873, -1.1399245228149097, 245.82378787554907, 77.65433651871207, -14.935353832106193, 901.7387395144258, 27.953214639389422, 13.301524627196532, 10.062499109622705, 174.48949490723948, 863.2821404404774, 22.698234506374206, 26.183743283336536, 1457.9393842652084, 24.252718484913874, 75.06567281362096, 1032.2495937746523, 79.05778606632371, 84.23342476610263, 88.81185341106288, -37.3910942507542, 641.8529353863403, 108.12252930842504, 826.9692467118308, 751.3793247335999, 19.981356073784895, 828.8879602973142, 435.42889721850634, 1278.2245886500205, -34.94804961299734, 821.4976803234613, 85.84532782802887, 11.586454872847112, -13.417880402568322, 25.169074851901044, 13.160661344690272, 31.194242251981926, 149.6705019150746, 1.0848702588259793, 1149.7075478698466, 20.465363520796146, 37.15175487714893, -1.688856613884472, 823.8718362044218, 69.73574386642618, 12.43359056597822, 27.8002251903873, 17.976276833604633, 67.30530598519326, 824.3239945413368, 17.87982820124599, 899.8035886450152, 112.68513433366746, 189.22003761543587, 775.9963639052746, 828.8886418988889, -103.12029665787922, -39.041640851259146, 30.54007231606083, 829.1816159191347, 831.1731683474949, 24.872500429500963, 90.81714073367579, -7.414978837961488, 36.06790479975558, 232.60741176109613, 615.6695429635813, 22.54948672772507, 825.0951984898376, 312.78743518595127, 39.913069780382685, 99.93216268723421, 159.7388432777668, 838.0882092065066, 343.9574343503982, 323.81454014300897], "test_sigma_between_0_01": [123.90215925565492, 95.09128127448503, 101.52392702177086, 118.12837462093698, 100.72626969797479, 143.7970944883736, 97.06026742003479, 116.27136905731372, 107.34953520155499, 143.36850951588596, 85.13269637626986, 89.44011698211433, 114.1146408928621, 94.88497089375629, 98.75087018220262, 116.871827147348, 108.65265666570994, 1243.417773728115, 88.82544621988417, 105.8303048026594, 89.80804497477831, 98.82020998420245, 101.45962267701691, 99.74604418449199, 104.31669682985849, 98.06632320091185, 122.11504634871996, 105.96035103565933, 89.45072453572071, 101.63562882700887, 87.00054184492052, 147.0153483283262, 80.64862757376362, 346.5517838103054, 69.77773493452906, 668.4045842103368, 114.1180333752153, 118.44684715052574, 79.45627293993944, 121.36845695171758, 889.5758672177394, 279.8197862360293, 1051.9934080862936, 93.97022338143753, 93.8546228548479, 117.01493383899195, 103.04266942240463, 116.80178666587481, 103.2528186557075, 104.66834005957148, 85.88096429916352, 119.77563938218442, 111.85977714023468, 94.4095579887656, 96.8853490451603, 101.95126459888708, 96.57075586879826, 116.2184841514575, 94.35561852764631, 127.91095158216659, 110.75752826852495, 91.86308395930116, 92.79351166474616, 101.8423820959749, 98.22016291577248, 86.39648394784903, 107.06083595144317, 99.58536714965759, 100.61348455784972, 86.30268457650357, 774.9251046352172, 1285.992916689961, 84.98601269288075, 85.22975850875038, 85.98335541831585, 98.94508333776538, 78.97313078769483, 107.52372286280345, 239.79022680338997, 94.39694611569658, 95.76603673671721, 100.36600868214572, 105.49399857787868, 97.05969651071071, 115.29773672068804, 106.95049997964519, 88.08988286746886, 97.80935092509826, 98.79428918430223, 91.15958782513093, 111.47096034217475, 109.25272947688731, 109.44465215501532, 104.9173890514587, 95.04626672210169, 104.05807085461733, 86.42920194528949, 74.33086813764504, 119.46995898730377, 104.03042857425271]}}}