{"hopper_encoding_sigma_01_seed_4": {"results": {"test_sigma_between_0_05": [508.0812473086662, 72.54704032439328, 1466.8617624303204, 862.9871278220401, 82.89415907744844, 44.70477197945729, 1437.953750869198, 793.7844461264441, 531.0143379900207, 1804.4190773818536, 65.11143478457159, 1135.8006475407633, 913.1624330816891, 65.48600908841324, 22.444469299179037, 1356.948166228501, -7.538331778685096, 1453.7348722562933, 880.346192714375, 11.235824366207817, 127.51425453983398, 882.1864727264693, 77.10714047517978, 168.25853585224104, 105.75162673711311, 32.87199264692026, 92.84160365270222, 82.31095370334224, 591.7721141643643, 174.7839842654881, 1304.6284409010018, 1434.0580257722474, 1669.7702695151154, 60.238363633272805, 770.6397629478392, 1045.5298679769126, 693.7473622946649, 1382.9621338200009, 16.19258778410294, 201.1699611477278, 22.093916372775862, 52.969097795094434, 73.90343620729547, 122.72233599785841, 663.7324981058139, 91.07448136663297, 193.96140251921295, 1545.8889910282799, 22.223569963246693, 125.95484695701744, 887.9072490704397, 29.6583723744945, 803.6267310012286, 67.9545825326146, 1012.9851511458801, 97.92617692663195, 28.570557769411234, 5.2548511993358265, 24.379249793148478, 625.1217266844073, 1799.9766454507385, 49.47859402414762, -38.45992904502491, 199.53084446886064, 1555.1656968941584, 466.43377152837917, -55.73346095890446, 1362.515347584655, 38.30880705267336, 41.219890452655086, 1903.2661330135243, 1039.4354340420075, 126.61048275421925, 581.9546832736974, 106.67390618301539, -18.996323481449537, 2092.7228757323733, 67.35155191595551, 46.1577278421959, 27.627410562559078, 633.2472805261539, 84.54346720399626, 697.3415934800821, 1372.303945282388, 799.0567189605694, 9.190934344638661, 79.34909189165917, 1447.2020919782299, 1339.539130567521, 257.1211299777046, 75.8070365220381, 364.01998657005703, 28.332179217593506, 41.50780184344913, 116.47427461388868, 803.877343723165, 52.58462928743682, 25.943908864883987, 1424.1152196545095, 4.525967203798066], "test_sigma_between_0_03": [261.4597004036099, 772.3751287021223, 1843.4021234990973, 1785.617666812676, 1478.4609539716573, 1682.761504690792, -6.62061739419296, 1860.8537248564237, 1638.822366216299, 1782.0309379492066, 1074.3248353688607, 1519.5044282556341, 148.80646981313618, 185.92099536530583, -19.455917194172798, 1764.3371100497066, 899.509460065537, 1295.8276315612088, 1530.4635149550502, 1929.6882343241316, 1777.5673641653216, 1758.3195017620733, 446.6389920339863, 1827.0123638203363, 1320.2069105443165, 150.18001972933416, 1816.9267442612697, 186.0351654561221, 82.15522872750587, 1505.3558946474639, 519.6035818513324, 97.29429188028735, 1091.0619946381062, 887.0840653351787, 1629.4381817815972, 510.1362389425428, 754.5524058202893, 1745.7840546480386, 987.2807297340928, 1270.3471735219105, 1513.0306401325827, 87.24994344727017, 1862.3226194847718, 125.11653705089117, 1353.5190827189083, 1562.9167407884147, 1986.0471560487658, 1664.568985803119, 1603.9532092707018, 1588.0461337381687, 1128.778347816458, 88.68459095568399, 1532.6041786946207, 74.24511148408347, 1630.5575979851171, 1922.8087169803218, 1528.307140439896, 912.0024564606126, 80.78421203924373, 1983.7560528829647, 1729.0199482646487, 1463.1674738884853, 918.6886236387874, 1568.7858402986392, 1301.9858148252044, 772.0166430562476, 1889.0350210237607, 95.22000313415047, 1775.5352378872674, 272.3985096834745, 758.3527479231818, 1840.2578731447468, 807.0642444401951, 102.078857656433, 1579.0875011702494, 1861.0550374929032, 71.7994015234799, 1265.4508191573227, 646.9499300574844, 48.24742777435167, 1235.7063621367288, 930.6517846027602, 1846.4548692812252, 1614.096377715934, 625.2178999220879, 213.8728861267082, 78.23642205914656, 125.52204161948612, 1293.2508617053977, 362.8628458287304, 85.55244237656444, 1492.9238437226888, 1790.4384724879378, 1612.869564609071, 588.26161017774, 66.72861518850846, 1533.4477979144385, 536.112771848969, 900.9605552807211, 1502.5634778599076], "test_sigma_between_0_07": [-7.822342246530753, 226.0887074255805, -17.370731524933944, 82.19570219216399, -2.3306487520414514, 88.47539507407494, 106.72650053832479, 8.227232781398925, 894.9277707544369, 16.394426028575978, 842.8065893459772, 82.26129800193304, -60.301805885917574, 24.97838409919786, 231.85924359244967, 173.64450447345442, 25.008228523870642, 26.497749935647878, 871.5655680203616, 30.513499104259243, -4.828613192836929, 38.84824434852199, 73.89540842405768, 18.873439633936506, 32.819694945699304, 559.3053082937829, -16.868871841853252, 32.49734737442196, 96.97481226622328, 13.390624088987536, 56.389060001034515, 5.35400166863983, 4.753120741403836, 21.8651846069697, 855.2320403248166, -78.10940565731435, 32.19044378612161, 87.87892112140833, 41.673634104771196, 88.80023809646949, 27.101105418846423, 96.80395761388208, 83.76882754736286, 898.691158480528, 60.43846728993228, 30.885697739501484, 28.43619295730459, 794.8120209019953, 103.13246291176905, 31.45159638030455, 162.52778563458116, 109.9944162244312, 1296.1312897541754, 35.30507399088819, 74.00643502864551, 894.9003615615503, -4.1531013263724175, 64.35722367925045, 34.78627123857878, 0.7379811888473373, 31.795682854196645, 808.4845084592837, 52.148989658754715, 1831.0635055527553, -0.1488350238738354, -34.24638718673377, 0.024476020976722968, 29.016302697219363, 67.40595517978363, 24.758716885934696, 20.180316236574434, -23.560775967422522, 55.57828734275825, 30.280151221748387, 783.2194911173251, 84.18007299299349, 1646.118453185114, 78.80063047299922, 202.08442457441126, 901.8652137840745, -5.784448867340693, -23.980396629202012, 74.09611863461613, -17.310555172184834, 155.45330926160824, 15.657480262954776, 133.74029948278627, 67.89182231376033, 13.469193402228115, 79.17620615484482, 121.6840733156001, 51.96448226722714, 79.39694217237263, 1366.0317951938434, 33.209544777324474, 142.30419811065212, 452.3871930487849, 592.6242569720131, 172.48310617895766, 230.33881841501866], "test_sigma_between_0_01": [1918.5083485587243, 1866.2113071461297, 1764.725823388296, 1978.0364270997916, 923.3500514626015, 1777.1312426410527, 1710.0520757499648, 1893.2596801018183, 1817.4498167329662, 1855.4024081914629, 1601.023142011797, 1673.6350857731684, 1926.423077775463, 1892.6711554687633, 1672.7808961915853, 1978.5573995152297, 1920.4584085957888, 1722.4159486170213, 1744.9921002295753, 1787.9802796755744, 1571.837150755171, 1832.1119323620017, 1952.246334514394, 1712.2903088136027, 1742.6679345329783, 1941.0820820435708, 1928.6036163329202, 1960.613968998952, 1733.7104279010762, 1642.4451415480212, 1615.2513557298423, 1835.6986850151409, 1673.1409838067377, 1723.4435025769521, 1812.3325844773367, 1769.6944979595912, 1681.778081456232, 1782.301593422624, 1844.2793499969976, 1911.068447018234, 1834.5431395984065, 1629.5783913274397, 1743.4710783430594, 1921.8610641651433, 1575.237444115787, 1880.5734933163155, 1569.9782708167236, 1904.9005424403913, 1814.7981955996634, 1690.4829193717292, 1931.4904240488192, 1919.4683258878235, 1779.8382822994147, 1885.4338207447663, 1674.9369833922594, 1897.3609772818206, 1896.074551446878, 1913.9642234178539, 1812.1580057699855, 1771.6649496253497, 1923.3370259030933, 1971.3305174724637, 1682.1104286006591, 1752.3754788078727, 1756.5367579401404, 1783.339183102723, 1873.5702769691886, 1892.3045801571066, 1717.8211593631077, 1802.6092365590293, 1695.092164347205, 1555.52273953492, 1753.0068981384284, 1918.043404825443, 1797.3584435248486, 1879.6826776986477, 1647.4376535104843, 1847.9965251850344, 1957.2351154717978, 1681.3064319776447, 1931.451294093275, 1827.6773035917631, 1883.4875199234073, 1997.3991718961129, 1963.9114158010339, 1875.485792606565, 1667.6040015268359, 1663.2225519104763, 1921.4830919242836, 1915.0139265862117, 1833.9581386146765, 1864.5001238395093, 1794.556539482104, 1869.0441689689226, 1825.1865854877158, 1600.8290659989882, 1743.8421217275438, 1754.052494666577, 1890.5135379508347, 1791.2749265998727]}}}