{"hopper_simple_sigma_05_seed_1": {"results": {"test_sigma_between_0_05": [808.6337667158905, 817.278683653962, 1285.2293449536996, 832.1837421548862, 198.44295577817823, 30.429008789914946, 920.9046527704489, 191.90826229281956, 334.45344126689446, 913.0870705680064, 1238.2310755447247, 1448.1988686830778, 34.606800305322395, 999.9967591601124, 1370.8946762672936, 921.9241439519566, 567.5342725832684, 830.6296474466958, 233.54769434409968, 1046.93508837896, 1317.3055085162052, 905.7995215720312, 958.4029120996192, 316.6100622198892, 1328.0968726822045, 34.88049069419067, 151.63934260296526, 32.73654767100233, 916.7300493859315, 907.7945381227087, 1381.3521062250275, 1204.3674812926308, 924.6176330995318, 924.280963058332, 245.88629086208235, 927.3115573107673, 1280.2249974229055, 1263.4688689885163, 836.5411478638779, 912.2869640285787, 1364.7700711376392, 193.78844536721294, 1322.7082634541923, 1033.3937744590153, 921.9130002882245, 924.925849209785, 33.15247556080576, 946.2099317809741, 1426.4641105449969, 979.5659835865147, 1276.8412761220889, 32.318391468154736, 1321.0219603280689, 835.658810957935, 925.2077881024723, 812.8845244550848, 214.03554499991733, 32.39694949620607, 1405.077664340437, 922.7491198372935, 987.8689625546023, 923.7193265599574, 916.946737829236, 903.0344181400984, 993.1040069527073, 536.9208938006748, 910.3078349346292, 1395.1294960132348, 30.484671595877444, 145.5808370861894, 926.7722033869255, 5.369024334251296, 31.64189722894662, 925.703080111704, 1350.1236519156357, 921.263435997886, 921.163503805553, 993.549732246471, 882.8585214458795, 69.09357162580127, 28.83219758228806, 1179.2602104471603, 926.7338803404858, 1009.760609328597, 1361.4048195019086, 763.9658048143762, 919.3518001642007, 837.0884725461196, 1376.247087361883, 964.935075023922, 1095.3600645380018, 819.4972956765486, 347.92278210525836, 236.8098332204927, 392.13668174503533, 142.0916741910842, 33.7749089743811, 218.4891138704828, 920.3714565179098, 838.8196946682451], "test_sigma_between_0_03": [1139.0336209708487, 922.7415131136943, 922.1139969075745, 923.1081364749182, 1152.6395361269063, 920.2110030617316, 297.63955385429296, 923.161080047784, 918.1117901950117, 950.4060654606934, 1313.5108628350488, 925.8419303483488, 1390.7720348976102, 924.0955102029077, 822.0498526899621, 900.5172153753335, 1245.3406512440256, 910.1434300520945, 967.5736184646532, 910.5270934988557, 923.4869350221855, 909.4467749076346, 806.9343945063886, 913.7639538695979, 1354.1028197545825, 917.0507686161259, 387.32968138496926, 911.7601396825013, 943.3569999798981, 1215.6941788631873, 854.0463085563599, 1264.7838100475485, 910.9286845225814, 1318.2387828208223, 987.9171875246426, 921.6732372870438, 964.292136033798, 819.8567864184603, 23.09439619302138, 1144.9030207847313, 921.5808476476378, 1270.3726692442906, 813.1436783450133, 900.5471092006608, 1294.6337687258592, 925.1132773323062, 818.5585444280083, 912.2645666957291, 895.3424684914048, 1004.9479081408051, 732.1666440631642, 1075.1875342329797, 915.8094660368293, 1209.9781059207774, 1016.5315305749787, 912.3024382075745, 901.2899208488233, 910.545569285183, 985.1526582495125, 917.0898838352189, 214.1286865863192, 1048.3273804278, 832.0286156399341, 919.4671847349817, 916.2873717628129, 920.0247536537191, 899.4257556226988, 1091.332608555367, 958.7866865321729, 1197.8073302867288, 1435.3268340663835, 818.0944344206991, 1376.8791721638006, 952.9061995073856, 1098.706108595644, 918.3606900122858, 387.48425908194935, 904.0726058796295, 924.2818751746315, 926.1862077164553, 1378.407440849394, 901.1316141801808, 925.65832580091, 907.1461722871809, 1266.4317073830766, 1383.270051121485, 1254.808911222129, 924.559943445422, 1148.5418120495874, 1011.7739264612738, 1165.633726672871, 1139.6139686637403, 852.8108997437741, 918.602294660313, 919.255605182172, 1324.9720491174166, 1074.4496587658082, 1054.210063274822, 812.9277354115179, 924.0739590773031], "test_sigma_between_0_07": [470.6321767438973, 908.066114308807, 919.5050720218956, 342.7876383851716, 14.699209949062787, 1015.626903474014, 1137.7421642922056, 46.47115408311657, 905.8715151561368, 96.93018209539734, -4.2896634230346535, 899.1737868587619, 923.1480202035757, 863.554810788123, 910.536320128827, 1278.319949073872, 31.331866959895702, -9.929924909662805, 258.2030005302396, 919.208302648653, 797.9612123683507, 915.6651590226736, 2.819039388179955, 28.52467356686102, 31.69331426522694, 808.4675789451353, 30.960367423809654, 920.6602044055098, 22.43374912313739, 32.243288506114915, 300.50201822752297, 15.222813123390363, 5.116926282750501, 27.87894003737601, 26.33582750816858, 35.90861090668041, 29.66297695278772, 1300.188294858843, 266.539542092367, 1226.4755463021102, 32.908495608363594, 917.4999751733776, 1076.1257109948779, 34.273181179606766, 924.7990097732331, 34.39711201872997, 910.1780057056634, 32.883097269984134, 1025.7436933489985, 830.8659240599659, 917.4024288951377, 1000.7091372093961, 670.7810407329864, 919.1434160815423, 133.11424689777778, 1007.1810895488089, 919.2690252709502, 810.039908982626, 68.94067546745063, 9.968103474243254, 129.5655133128326, 230.04880433122173, 5.655921815220789, 925.4916543591189, 23.798790866511993, 27.99599420608574, 30.79846458198299, 186.70216439526118, 30.76657637958124, -32.07258941253385, 1315.88294233293, 324.0796612115344, 27.626128971256552, 78.79322123596214, 812.2282424281628, 81.77456970166098, 959.2412089161539, 192.63173293245487, 917.0071015832626, 917.8681327235154, 921.5974070610778, 29.887869824077644, 1129.5294563429427, 835.4323168765543, 828.7510508343536, 89.87685321733007, 1030.353855996876, 16.016418901486027, 378.3478436458203, 913.8345488366712, 1347.7580443509146, 138.48087573832308, 567.6802227507688, 1297.2911572524786, 34.39852110839565, 5.04344627611572, 227.73322740216824, 918.4592041010571, 920.9084506942538, 1088.4035817852316], "test_sigma_between_0_01": [911.4220772335755, 912.2966479670008, 954.6678145208018, 916.5782468269608, 1002.6954345814171, 913.6244626011056, 966.9576588922969, 917.1514935806451, 919.0993694959634, 925.5413651883646, 1024.631372628653, 923.0867335564581, 919.5739034248053, 911.1496928606123, 984.364731273008, 919.9336550020003, 915.1302815864095, 957.2476432248928, 928.4505912038738, 912.7908000104318, 973.1917720195241, 917.5705323624355, 911.7246285830929, 923.6614465573133, 909.2831168344027, 915.7449698382873, 912.9985506311872, 912.0735560333098, 913.5896571622603, 988.2998696400118, 1013.3317616140303, 913.0112651491105, 970.7509588133237, 909.0959862754435, 914.6920519157716, 950.9554864740707, 914.4039028490764, 925.8727671719338, 913.5213388139597, 912.3570325369973, 920.7185257070208, 948.4838810568178, 916.6971274319492, 913.9641618426725, 1006.1165065416651, 919.517326537279, 1051.6945067376191, 912.8732914783077, 917.5089160354531, 965.4993827736193, 916.5043179544124, 914.0032991469411, 925.6544424995291, 915.4111624069977, 920.0735338016827, 919.321392780579, 921.8728981119993, 917.7734604081999, 914.7893789151185, 912.1262280342953, 913.6132110656015, 910.6240449487399, 970.6378775561025, 914.4029058966682, 931.3347923698338, 913.3533474447063, 915.52109464556, 917.6170859663584, 950.7174882607071, 913.8749694446037, 916.2336109759253, 1119.629795449094, 911.8649546961778, 902.2460979682667, 920.0251690692426, 912.8161396898669, 982.7177685147352, 915.6421683519019, 916.1746231760919, 916.5597096557506, 915.8799002805818, 915.3775115623744, 904.4885164832868, 910.1080950158298, 917.6500984277002, 914.3888387465578, 965.7929209160501, 991.550580468382, 924.8334340497729, 916.004110810293, 910.896948286949, 914.9293919346608, 910.0514642616251, 920.768712731653, 1000.7512137284682, 1083.9035055263632, 914.2731730946791, 1020.9702107901464, 914.475139673451, 910.4569898239163]}}}