{"hopper_attention_sigma_03_seed_2": {"results": {"test_sigma_between_0_05": [-54.84925294232236, 156.64460539201684, 240.8540869729345, 818.7607666665028, 38.01948991582031, 354.59395338271713, 161.2855112956502, 208.87869891528825, 829.6133464394143, 1860.342617641953, 30.823192630443376, 1541.4205807766004, 111.90932200571264, 2019.361427877498, 212.85883207304576, 42.76598639920122, 235.19806607616343, 1068.3001988942349, 72.61481120753596, 184.43204416055815, 1104.0530910703646, 411.87009741166565, 169.9430806676057, 37.14876320106996, 306.64343041455726, 1402.6949850231367, 85.02168869154268, 255.29975392440392, 74.99560328446333, 1071.8459720862788, 190.13613655643573, 372.35623880203923, 1641.196180677791, 307.8633721625269, 70.52930382460181, 27.237470508797532, 82.16059948221663, 588.014632885545, 212.16568817480865, 1400.6450880318928, 332.4755347734652, 623.8755194085761, 7.663666212669337, -8.976336833277308, 114.6833311587979, -13.923568827573035, 244.69041532467105, 1092.4898206347457, 203.44215345970008, 1858.502995984578, 1062.0564888800184, 577.8931259082586, 1469.1394250480873, 688.9187674366633, 1212.2507423138634, 688.0809280376402, 213.9748384103498, 59.91715940979193, 397.80091989480144, 836.2264339653439, 2072.4727494225835, -23.996902331455193, -18.310098311660113, 106.96765541843051, 1943.3597736002057, 1812.4230204077644, -10.887335297210669, 528.4369656216792, 273.33152426664026, 638.0635214082287, 1659.3207737472405, 49.145424744847695, 1105.164669994832, 1435.8031950938937, 103.61866494818533, -153.7332229705513, 1485.8817579012639, 19.801473103936587, 679.9610296570498, 269.93292978573584, 307.6010668011005, 197.27639074622115, 1603.4241085583972, 810.3938392065803, 435.4830402636331, 76.92844233186042, 1870.097159051073, 822.9067260236131, 411.93692848792705, 42.99492609474109, 868.135412412086, -12.222281017781643, 344.13575680856155, 302.8495236200178, 1769.577484089928, 64.17714061139269, 174.05193368637416, 122.17517478929801, 1676.220642382462, 168.4773736086951], "test_sigma_between_0_03": [1501.9693908869997, 1745.1561553643205, 2119.417069166627, 2044.1602275133243, 254.23338778872863, 1451.3768571941857, 230.2830089945449, 1865.0839875462298, 356.6491315935664, 1965.5210314609285, 1044.5643063424966, 851.483503253703, 1081.071878782621, 1994.2512650928525, 275.41176078604923, 2116.287954915003, 1381.6462543415153, 981.7168049567886, 2035.993283401335, 1983.9234544832623, 1800.2590828318307, 1812.221565370021, 1988.3272526734615, 833.8582569464444, 751.8522850894356, 346.5655144317788, 2069.828007023541, 460.4885091565579, 1158.4249365718565, 77.36954749792348, 1826.1159402488988, 379.6308767730836, 245.61086249268695, 651.8338899730905, 426.9881667943234, 1998.5614433343812, 43.389182791202614, 1146.8613975761573, 253.5190785288913, 668.7919584980698, 1509.6294759953728, 367.6061242778047, 1747.840317241992, 47.50944624522236, 238.45552579637445, 951.1883811204139, 2182.954778995522, 1765.7236855615376, 2116.147307976073, 1894.6841839146637, 1665.0151580127163, 1870.493297815888, 1928.2105752177163, 152.58475984807012, 494.63164908568996, 2080.9820019309855, 2035.9588140878789, 1278.2061649735108, 1950.487272514817, 1822.4365838364856, 2127.6924132885283, 808.4380619067189, 794.3950735482637, 1650.053249016443, 1352.1821211581316, 2024.0896303526522, 1901.266373732379, 1489.8701385719992, 1871.3092184819639, 1009.3620106338916, 342.4058473213764, 1583.0338260127392, 529.071108228582, 866.4043825266168, 1655.7429350122484, 1944.6618831247151, 1723.0712111624657, 1263.307675803475, 956.6318151685678, 1976.233249543968, 834.7143113939618, 1582.5139794992297, 1976.409940415251, 1818.9208953306538, 567.0933716115678, 800.1678222709692, 688.9784577413152, 1727.1292998556748, 85.74676473850994, 450.59758697505185, 1610.4885148944038, 324.10692002553407, 2015.5000613021575, 1809.4137229976943, 2035.7783165509752, 1419.0545070383234, 1800.7152408952868, 1171.984219131522, 1294.6153532524154, 660.8718149497597], "test_sigma_between_0_07": [57.94933564662935, 186.53410105559897, -41.44498215249187, 1157.3401580685081, 29.835192011910845, 252.39176875006962, 18.27949158662086, 89.77998855918266, 1203.9817980722773, 39.87324956625817, 782.0526128861135, 0.1721655286295567, -63.31974618537933, 27.583424625561754, 1665.499495863018, 76.40173448924908, 1.9932894394863985, 561.8703456199598, 1222.4932947706536, -152.17472197165333, 21.556193351041284, 284.0504657809026, 38.788105022079264, 18.46497647188662, 584.2022815023024, -1.7288485969213063, 34.89094930986902, 196.0457455198048, 190.05716795677284, 338.07514858358195, 348.86636548209054, 40.11914235918811, -19.489086069888426, 283.5805704402752, 61.31571989443475, 6.188215646561003, 30.752416371899013, 1733.136885393685, 162.86227954446517, 841.0466074865765, 96.50854628752859, 476.49993353892324, 318.65220607863006, 355.8831343183948, -5.433882421704766, 36.24807275777858, 387.7175286009616, 816.7510990594124, 465.44041013036815, 35.27683368700964, 597.7693231324837, 108.3093900497595, 36.60946456674137, -83.5506554480031, -51.61654386382288, 633.0999292537442, -17.41168522301305, 793.9969248015503, 71.57093156458286, -2.0211576750822164, 66.30603968565119, 218.2977517221836, 37.965035301691394, 805.5361843500751, 38.30517963098682, -0.4549382986879208, 11.857026745383335, 143.50012413204536, 218.05925636011528, 6.036967193025342, 35.57868033795821, 22.73557056039572, 116.73121870950274, 872.0202552294085, 817.7279953123818, 1213.7098322035574, 2029.0091665993334, 103.48478605900891, 69.400494174879, 802.4974519662509, -35.41041866285086, -41.82312997891276, 1764.5806651249623, 826.0000554848773, 229.73555394547444, 218.2292908316478, 860.373595904479, 83.56943329136556, 47.92352396726201, 1214.093112719288, 1570.0233463300829, 163.1787487500362, -6.677499245721229, 422.9084154876181, 296.34158666939777, 12.612006435358492, 51.53919047170493, 900.6674418980388, 36.43141075594903, 1806.1682625982608], "test_sigma_between_0_01": [1130.9939716355123, 1983.833557537831, 1898.4401826151188, 2017.1616575309217, 664.5603528270086, 1958.44511563553, 1896.6558180112488, 1431.1220524982143, 1863.319402867085, 943.4048041810056, 1962.8154289261654, 2014.6772611594652, 2035.985751326867, 1879.3485503999061, 1971.841373616523, 1912.44134734465, 1883.234451467101, 2062.896420880328, 1793.5625473185733, 1865.1680000795764, 909.5527600636657, 1710.1876459112243, 2075.945458782187, 1848.037274690566, 2005.5501685607612, 2070.7818873860256, 1984.8701861059512, 2026.6732411148562, 1866.029874541744, 1872.612101156011, 1764.48194703803, 1942.8513425553438, 2014.2519403167453, 1751.93285723124, 2035.5532280383609, 1600.9678620677419, 1739.750205029037, 1078.004296208327, 1930.3676030156485, 2018.687328784456, 2035.0361395564137, 1821.7683129699337, 350.2135916109314, 2067.1829032557275, 742.7801551534984, 1188.6061924948228, 529.3585535425898, 1989.8121421776336, 2052.8548251774782, 538.7873495625784, 2019.2257289543654, 1973.4117302497862, 1828.4833652199384, 2050.535084314955, 1829.2844766004116, 1929.1257957950647, 1963.1445908799428, 2024.2286487110184, 63.631016519539116, 1889.1201272778924, 1975.2954456695147, 2072.766627841961, 1784.2990680738476, 960.8042732412409, 1917.9330661200665, 1907.9692129137918, 2025.2231464777935, 1904.3640540854747, 1119.5678137953528, 2091.840789158088, 2072.390595433758, 1290.039454713364, 699.4185257250226, 2045.8199642516133, 1857.4564833475615, 2018.1919239987428, 1838.2176809195146, 1994.1817170641848, 2053.7276307567995, 2057.366504446951, 2092.2532003598158, 2030.1165734130052, 1906.8890575594442, 1985.3134949874077, 2084.119854278024, 2032.4630411707642, 1330.2255883758983, 80.53628871736436, 2053.082707091789, 2044.3061338619784, 1949.0054682823052, 1041.3509591032387, 1862.4876437399657, 2035.1556620990839, 2007.2414697541108, 1754.6429919750306, 2069.063547809579, 1393.7712651766028, 1977.5830945692323, 2007.713753770831]}}}