{"hopper_attention_sigma_01_seed_1": {"results": {"test_sigma_between_0_05": [-54.12158187260211, 10.06035530200461, 105.0942808219741, 827.8129789145627, 24.504163065833566, 256.9960500436224, 172.38738164024406, 119.02588077870897, -1079.3453322291068, 1944.3561296900812, 22.970136947180436, 221.05893424278037, 168.89027682326557, 420.039564024398, 92.41423032976745, -328.2534310846882, 39.74491134535784, 190.19168043225352, 66.7046443302228, 54.475861974203134, 20.400044489638827, 112.37451566975942, 8.494392365563543, 70.8262958666979, 32.37563794983725, 121.43383590905573, -6.435851859318793, 124.17425923058327, 89.75596333140858, 160.72087013335542, 11.057861269063139, 32.18467387740675, 1471.9344045552357, -10.532398238561266, -7.638179307567773, -321.84739732698836, 552.4041843773085, 72.57072800309251, 163.46162168996383, 67.54195614203927, -3.362007791372889, 92.19261238272884, 352.30653539285214, 7.455423506408989, 37.01564851480943, -27.159713830285177, -9.141614021116405, 1966.8502104978722, 29.118810776581817, 1540.1317481602607, 151.62444821818644, 189.98133382431698, 89.43954836865451, 650.4381595125087, 453.1325213955672, -51.32991812868131, 68.02021933634968, 216.30392783504362, 27.5532007459813, 37.097994971433955, 1675.2584150538012, 17.68420409189421, -13.449635016173124, 109.65766018384744, 1915.458962852596, 553.222423822295, -71.29329704295668, 35.09878218509547, 87.6139155409328, -136.90568731309324, 205.40156878241552, -98.78195332827164, 1618.3711387238702, 1500.7227847747415, 49.75156513652036, -100.03603735581417, 376.42081085824594, 38.58158971809609, 2.326962853540317, 138.25431937976975, 121.50748179955409, 84.97779711850451, 1608.2188720867975, 122.5279648275842, 93.39048417504527, 51.394711894540514, 11.617815354205959, 779.717771715078, 23.968275933533732, -1.711462386502534, 284.7244814019199, 883.1272242300354, 22.527749636527734, 75.41336812197697, 0.13642837112274364, 83.05367942854066, 95.26160983358281, 116.71818363049823, 193.82247055647886, -240.6298826764585], "test_sigma_between_0_03": [154.94285602008458, 1639.253455027524, 1441.203097941505, 1961.6797989685583, 186.81404641947015, -67.84560157678644, 121.43306263654233, 1657.286203030847, 2077.689413556354, 2043.8497292565073, 88.15772184623057, -413.81217845889927, 136.09910027437581, 1984.9346432483126, 831.2988116800482, 1964.729227960642, 118.38987795804861, 189.90384961610545, 2052.127811429024, 1633.93516076614, 1822.963214655545, 1759.6695312664765, 1104.3190905050237, 994.4077659786885, 29.226107170610337, 1271.8771873621824, 1637.7063847081981, 144.13704327505403, 10.0918953056389, 136.9917913350553, 1437.7793701338076, 37.67940665074856, 166.91076780549048, 108.01623666050143, 1952.6717061727381, 37.689747263649764, 76.92222519612113, 1227.2625032869264, 308.8466736162605, 39.25763141481585, 266.0095100311518, 2.120011708851962, 884.2671638941422, 1629.012616924821, 24.778512321674494, -156.3076968933442, 1567.6022616128726, 26.227107283793156, 1690.4506738882494, 2055.906573178494, 1729.1487056216213, 5.387467921130885, 18.58876973783044, 10.09440985508409, 660.7506226317854, 1681.918396832213, 1164.336636625799, 169.9492640630954, 70.39156381980136, 1722.7325310854658, 1620.0987102222496, 50.89784278283041, 140.2907128779815, -204.84577718611845, 207.56100887161446, 1568.6524988097983, 1933.782776855486, 36.8627441240751, 1255.5927229564395, -7.206545426734375, 70.82814902593817, 807.0077679288862, 101.17200078894969, 2141.4525024990526, 57.09102537168799, 1955.2379056817103, 120.44086528361221, 211.46377280247097, 1044.6108482778047, 685.3629009530821, 141.47756539622202, 1608.5986233790488, 1672.3962716925419, 1654.7685898138354, 52.62775442236452, 67.86104959029473, 95.74629565703657, 1114.2529187479288, 94.4849613892744, -5.307522006974611, 97.58123864860097, 131.64358008470734, 1460.696064656544, 1299.493349417421, 46.84642031494442, 85.75149451416073, 1759.8050041366796, 20.16051682139223, 273.52495189703194, 1660.9090316584688], "test_sigma_between_0_07": [121.37747641788444, 149.92532042328673, 17.38923166918976, 154.72870452838688, 47.83381169459898, 1157.942498325662, 75.06220119409988, 72.26951650849368, 124.27039242325262, 66.32228695850644, 555.3797802066236, 917.1399491487007, 29.068227698672853, 116.74927817975986, 169.39286768845196, 119.73413815276723, -8.642618739514727, -18.209729607524057, 139.94100454991857, 13.771657220013733, -167.1121104255493, 33.00470825281663, -19.63295735337888, 33.43567868707322, 26.14661464696255, -59.18691924981107, 89.21718002457347, -3.8854428326565555, 973.2792683485965, 523.274462549861, 78.65777387543204, 11.172849961173778, 70.93234400106736, 64.92760527455684, -21.08112881668783, 58.198248918271574, 107.56215635025725, 55.925134061971036, 74.3146683067127, 24.38934139529301, 11.648499608600103, 18.678460967683343, 24.202788331432384, 144.90952312640297, -16.834858998002897, -27.28574359998019, 226.87253136657668, 182.7477155923115, 2088.696764081035, 21.575619654772165, 59.62770947685054, -17.46955949289259, 31.78053332073396, 16.713411430179256, 21.437501632058414, 643.3887028553551, 12.178998229921854, 92.68222600569935, 84.5807746261373, 11.858385364686548, 22.570836243679512, 149.635199629821, 32.34199213568499, 937.3747889029614, -18.67668373598863, 14.60228661565052, 37.91369857831305, 350.3404410383929, 326.09984522479493, -86.47989477406227, 13.093571612206869, -2.137608429417016, 29.752778729950656, -438.18895507274993, 897.2721852884238, -38.18324763469137, 2083.486405049182, 68.50918175837431, 12.576760522052059, 669.1257942625202, 72.3488378364171, -182.1995171017348, 1595.9053148753349, 74.35939441045917, 1.616085733118255, 54.92456721955098, -0.6166785237859607, 21.829640279237353, 103.21561438151107, 150.8702835510514, 37.58205623373652, 37.77668464033923, 8.83845096775622, 30.46264890596067, 79.75636319916083, 46.92418427063094, 8.346392671465585, -13.768548145079695, 36.20011367198459, 1858.138135787215], "test_sigma_between_0_01": [1870.7851591773572, 101.66642714949268, 1978.274826906718, 1706.8441982307509, 1970.742626976421, 2049.3096176326253, 1979.1544041385791, 1892.880059421318, 2028.7130639993934, 2078.2563256300173, 2087.6047946372664, 2133.9837591411438, 2004.4807627439225, 1930.3224065323561, 2094.191846146033, 1954.876548398685, 1892.873528424829, 2168.850169326748, 1949.7695451053307, 1882.5311242815276, 2101.0797911705804, 1915.1034220114936, 2031.8647920563544, 1967.8984130994327, 2147.490094904463, 1909.392364993001, 1994.2482725330399, 2082.8994123853336, 71.954973942801, 2053.5567618395385, 2013.0894346449181, 2052.6370431559453, 2029.289377775769, 1882.0898296439339, 2186.249411161938, 1930.1231141425237, 14.500664874342329, 2098.546732378385, 1951.1897164565628, 1903.56301445752, 2088.4763694185867, 1833.06993220738, 2087.8105571275673, 1973.4222913600688, 1966.6121949021408, 2019.2986209808432, 1988.1980463818022, 1997.2623314832663, 1930.7632249285705, 1977.797636195522, 2022.6262139750268, 1700.478635866637, 1958.6432271064937, 2085.665484484096, 1829.4332060522631, 2008.9381652423067, 1806.6552422172956, 2083.953761041561, 2101.2358786010814, 2061.9898567850446, 1917.9811824584056, 1931.7428245742537, 29.482533816917577, 1890.3728159272625, 35.147821866442975, 1922.0930541122839, 2038.0774675346702, 1807.0580578494375, 2121.211162476422, 2000.7485755263588, 2178.336603876599, 43.58152546039055, 2131.059486321446, 2094.66772285447, 2047.6064742882334, 2083.7063276041304, 1878.2725749269707, 1993.6933366244143, 1787.702152381276, 2089.938803299405, 2180.049539004793, 2075.312839225911, 1740.2687406861032, 1969.07223545185, 2039.9489961521776, 2011.1029454453958, 57.145924667126394, 1986.019616203683, 2165.0638780247295, 2078.2284541418894, 1996.3679024556548, 2069.135277328623, 1940.8508048034669, 92.70423635834014, 2094.221010280686, 37.906556142424236, 2232.8481624408046, 1969.0983160432447, 2009.7266182459066, 2193.3335402686375]}}}