{"hopper_adapted_sigma_01_seed_2": {"results": {"test_sigma_between_0_05": [22.380533657966584, -8.40573646309632, 18.281428027688523, 875.9158133520823, 89.68128564196086, 82.72333018971405, 90.23043185327843, 125.49541472963752, -43.395302165893376, 1562.6727730147352, 32.15767851726124, 105.24697731988124, 86.76195096347656, 607.7530523830094, 107.68866621954801, 253.45520550298403, 107.79543238810437, 879.2929834816052, 97.85927904294512, 34.70298371240933, 2016.048173231025, 110.28636319369834, 1487.3040829677798, 80.1585738080612, 1981.6373465994543, 246.147921123456, 22.603724412909656, 104.23626450129233, 56.23037830222892, 143.05573920277968, 337.96090469974166, 90.27592910975363, 1611.393726370253, 96.94497046292668, -22.632222779151927, 629.6708618127639, 238.30317687158097, 107.36442974030798, 1297.754982431675, 83.13420110012085, 262.79949342570757, 90.34742921896981, 337.4822262329616, 8.919370284040633, 265.6493125677387, -110.66352115562037, 22.52166946274519, 375.18278432520316, 88.31387642485498, 179.4579911380657, 1201.2194352621023, 140.9314062037593, 1844.0925547505572, 796.8218173578665, 562.2966172212239, 110.29535360310841, 85.73090738651663, 30.851462680989062, 93.83614487011221, 130.24095785820978, 114.6543956019319, -18.2320851671131, -103.2151700678849, 348.39279035293174, 282.70887387613635, 567.4825332908271, -48.23384400056966, 139.19103932039144, 602.4641609368379, 47.3801379561949, 252.99261712796888, 897.1662477613435, 1758.958923093057, 417.0296705614454, 24.37597764718375, -46.035222558392014, 1141.722158896751, 7.525292435480514, 119.71977613591005, 99.80701077664126, 258.1697612402685, 120.06898024990952, 1773.4732362848792, 361.6423121898392, 101.77098410043693, 11.715531513502361, 172.84504666703586, 918.1001955608101, 96.48739249786158, 31.178733211496727, 1666.3538850776927, 849.4193552169779, 225.20615721624935, 98.18043078862243, 128.8135429177389, 90.09731980540526, 165.50805089437782, 60.979222246419525, 1798.2447536681389, 770.5837866662771], "test_sigma_between_0_03": [808.7990145401839, 1778.2054872395267, 1718.4397928419764, 1833.0166103220656, 1544.5393815369566, 1216.1720027292567, 95.40926513213492, 1792.9808526850215, 1937.3236047294704, 2025.0914535822628, 247.3161474352674, 784.5164389549639, 89.11464618472674, 1988.3348444747676, 1305.9795095522272, 1880.045114396372, 535.0128875717663, 1513.3522504087637, 1913.9778870537436, 1822.58805680075, 1889.2321029396667, 1848.0261531485378, 174.54523221140994, 1527.9923891544986, 88.87388056089257, 1206.6351765957786, 1711.9305716553538, 98.95190154027371, 284.539916173233, 2069.1506496281813, 1721.0243443724657, 1971.1740845407373, 1536.6655672220027, 193.8404852434324, 1571.6861099045452, 1981.7969857154692, 1807.7338910443061, 1519.2377549039725, 258.6190446219683, 271.96769761859315, 861.9609730596727, 116.12839618253203, 1253.174853112644, 785.961026217217, 990.6214282987661, 746.3723771455151, 1685.5493219483715, 778.0210063351897, 1775.6231073906029, 871.8787425611192, 1016.424074971711, 1526.4574441389802, 1794.4016612662508, 624.8651867358541, 223.78872169780666, 1839.795872609773, 1824.9742352023482, 433.49482780379475, 845.6243316246564, 1795.074998992638, 1768.7224341627493, 1615.9291928899677, 1145.3865943218416, 1082.4977925750864, 326.7386531598081, 1145.4517684871607, 1903.1732884526175, 1952.602526543682, 1998.2380486129384, 1829.8789542832124, 111.21240726178078, 1080.3338925690005, 122.64844891126994, 2068.2909233859486, 513.0287904473736, 1902.9234245248529, 434.0307517498526, 1588.2735987774283, 1474.6859637266696, 67.55427657199618, 187.76617369090383, 348.22201232782504, 1907.1324663883245, 1709.137217687594, 1923.8476996405795, 107.3571946370721, 246.04111866680623, 59.18405710371735, 212.35742230343882, 6.009956822429377, 852.278676908085, 2032.3436910730943, 1673.9612493334273, 1587.295957353512, 1820.067832321116, 101.01562482191363, 2010.5638259173081, 1065.591465480663, 1215.160680384448, 1732.6844759861149], "test_sigma_between_0_07": [13.654064307129008, 751.4979135706493, -43.78175121515378, 104.83068091216411, 38.47836389062286, 38.40605635324754, -10.896541885533953, 22.470859317101727, 172.59461009833905, -49.84396027007171, 434.607971729688, 142.29935602285116, 6.04741380294581, 27.839101836466572, 485.7762752593394, 291.11558461288234, 74.13123101361127, 39.384565620041386, 119.36161174356967, -45.781176018812396, -326.8347591572544, 225.13139351307896, -32.25149886487198, 51.821316460829976, 206.18242583373217, 114.3031128404356, 172.0327672881483, 37.52552840431015, 938.6223269136334, 1012.0747675660833, 72.07028557667073, 120.736603084518, 118.8311651470634, 101.74055156956018, 19.14319503432053, -18.550130346074003, 134.50796133011752, 1977.563588184339, -8.31737034378457, 340.1622892649739, 115.42923836124098, 175.8471799120132, 2046.8114439502374, 1663.564186953101, -106.8264658256667, -0.7277944509449341, 1794.6764592639133, 675.7439561599418, 2152.6229965078987, -91.04405355849157, 351.7054593853879, 118.18681830503193, 97.83866899377317, -70.87003584884951, 26.316095736410357, 1177.6246622754238, -49.547471709702215, -48.60441165116791, 68.23647794362185, -85.67118563084513, 68.34698040616931, 310.1623277673542, 33.075485988870774, 1511.7895016031905, -43.84393794857168, -86.98836081428891, -48.48817129534727, 48.41635485404547, 79.4244719814218, -56.936556080212185, 147.85579417207052, 117.57791626261896, 380.6677632659369, 265.24989614351057, 770.3558592258311, 21.37985671998176, 980.2451202930129, 87.38815779340658, 87.63315603348309, 886.4374423419641, 8.24226922154049, -160.3384049711662, 336.38863081664175, 1051.6643818691475, 51.740718662798464, 808.5514150740404, 830.2870164072333, -25.666329749656132, 57.41563597577187, 387.3327710886473, 181.16180430009558, 125.03457553545452, 167.55858897857254, 16.992604486052002, 106.8812595854848, 61.08795377118804, -22.731505149087752, -40.67974505136371, 1297.9136321133446, 238.04740099298795], "test_sigma_between_0_01": [1987.7119823322769, 2007.896556057733, 2006.4859579642457, 1910.6373280236332, 1968.1295922355764, 1955.406431637791, 1903.721689903668, 1980.6621345888038, 2002.518124096701, 1942.1854761547008, 1930.096240726893, 1890.2425922038133, 2032.0746894144138, 1947.1023274288843, 1965.5318591046748, 1953.6478157647161, 1968.6629077882324, 1904.6500547114895, 1967.3204851757887, 1897.2684148781746, 2122.4019143625524, 1951.534073827985, 1962.9088240900871, 1920.5599139483068, 1900.5664789292446, 1978.762389032712, 1970.3161458183572, 1880.1489925040635, 1946.377685787824, 1955.6979587351289, 2151.2091580844935, 1926.1698076819157, 2057.905072970207, 1918.6841280801957, 1960.565212016207, 1994.693543235536, 1957.306695875972, 1956.9539976287258, 1934.3612669052186, 2005.6460577806924, 1963.8868809761336, 1996.3842977102877, 1947.087139790959, 2028.7000325743682, 1983.8895998910434, 2019.5691475999106, 1921.5752122670858, 1969.2721483842777, 1973.34494275979, 1976.570645263227, 1970.8050015356803, 1908.2823937437663, 1971.66771762855, 1976.7093357753286, 1938.9832898081931, 2022.1016413307068, 1985.8035824141646, 2035.6199852546852, 1312.4576774854286, 1952.26381708423, 1983.47521592337, 1976.4164860955623, 1948.0380243832176, 1928.9569137103883, 2008.1640925653296, 1917.627656589116, 2025.322224656993, 1999.5944525704128, 2065.6540139185004, 2049.5368520774373, 1913.2732540293525, 1899.6041187252802, 2013.5894661922364, 2031.9596638274213, 1975.607020608216, 2066.8136732113753, 1921.8352445384942, 2052.2009901824904, 1930.73353871136, 2100.7487730010885, 1961.5298959857735, 2059.6308857025324, 1923.8645954191852, 1946.112870579789, 2004.6662061698491, 1993.6414274137774, 2005.0431576757314, 1963.9116144951663, 1948.8764886931447, 1989.4845251926988, 1971.6671537907669, 1988.5085612537225, 1927.4071322651541, 2036.1627647891023, 1942.2418961902474, 1931.1051211567506, 1883.0837968738622, 1936.699526062492, 2034.040758821479, 1955.4711087497492]}}}