{"hopper_encoding_sigma_01_seed_2": {"results": {"test_sigma_between_0_05": [188.44910206134668, -56.457299688176136, 912.6726575628577, 649.5499787166506, 210.8072641221516, 70.20118827620608, 118.30849427873612, 902.879705333727, -73.85758624242723, 62.57285887278995, 122.06001468727479, 139.63961879757554, 1268.8116525608814, 361.9323972111174, 141.0808126881064, 513.035318160673, -32.59438632472301, 1141.7799700845292, 905.2576599650708, 113.27145726655864, 1675.5376087129307, 961.7971623543895, 141.06811626310088, 977.5814509360162, 1862.4187414181408, 1066.8017981489006, -23.15014696285653, 117.52788887838832, 31.799601355647624, 389.812058026383, 145.6175599869326, 899.3853947275619, 1728.795368079606, 105.66014197303738, -13.220649778997183, 354.6337545712913, 488.3940575225043, 121.72186628809, 1382.7741341311869, 1823.3915645918676, 1019.9862136869937, 905.395245672712, 100.48088790717304, -49.02637297932524, 72.09445564795314, -116.18977990694256, -29.67618572835636, 1625.4463121757078, 174.60795304552005, 149.88658575386364, 1566.0219553173197, 108.09083962324517, 1828.9450201829247, 571.2888654820916, 286.06432773362025, 89.55076628344979, 292.48566055825495, 31.01424104731705, 212.93958027103074, 52.92759012634634, 1134.756073921914, -20.666839227270973, -55.96243693787689, 331.2474508804684, 553.1785467294686, 227.6667710751032, -12.703710160792982, 98.37841681003049, 390.9361673025546, 55.82962091527732, 1671.4437416967087, 182.29141485481958, 465.02206393577075, 229.60672219032983, 243.22321021777324, -43.12136371210218, 1644.7490277950535, 44.53000266549497, -1.0184793830267092, 901.8043325732804, 904.8427810643344, 350.1676891072116, 1792.7081402173735, 29.906101311682143, 326.5955254316971, 23.83970124745756, 1375.080451598869, 1054.752059077456, 1568.449319176283, 75.90027693716402, 1765.59797716476, 788.5287431104796, 1382.720735195565, -8.552558265731209, 101.82993711381859, 946.8386226150051, 900.9359666619753, 264.89328219278684, 1827.1167144427775, 511.58594407943303], "test_sigma_between_0_03": [1452.520134367416, 1776.0282057386084, 186.69208826650578, 2010.5711151451778, 1916.311955926698, 238.54504947934328, 964.5693914978518, 1859.960330825768, 1947.0802962942255, 1916.1318666789477, 1526.457363533387, 802.4980998385385, 260.6779482081123, 133.33287223817314, 1410.584998334597, 1898.3882932647982, 402.53867381625463, 1299.784360148953, 2040.7604756874514, 1866.1168412936959, 1982.9935628289657, 1803.5818319238729, 584.7097220944427, 1661.9162067497552, 428.87842392556473, 1644.945822798141, 2001.1716598318758, 246.76289869192559, 566.3061837973906, 1998.0422770503312, 1717.1998289230858, 1690.065781138472, 1083.1866299883256, 515.0800334882035, 2011.0595714401072, 1781.1245106562849, 775.2130047153294, 197.35687568954992, 915.2619611092184, 416.4707058485276, 238.45174644841163, 108.063464238662, 1564.9590209676248, 241.13944243819148, 575.5150389047982, 1040.9958385031086, 1766.7150846384607, 576.0687187681641, 984.4203606095847, 1044.309040766626, 1866.2127474243584, 701.9955801586783, 1854.1900654142898, 977.8696686446201, 376.7552447746203, 1925.7129795490798, 1909.0550149203043, 907.4950882303191, 1797.670363730947, 1587.560623823982, 1365.9565312411858, 1419.4466143705638, 1455.3261204276637, 326.3404376123174, 257.9294416401695, 103.50020979534307, 2012.374991107271, 2008.2789397858865, 2021.7188701792245, 1419.3052656191942, 196.2536723834477, 1773.9760863266133, 344.1917156594369, 1790.9091630787227, 907.6387466813104, 1971.3963312930819, 1523.3776784441154, 962.0802856860042, 1616.647936640674, 2089.7054851258767, 170.57108026133645, 1865.811172499892, 1851.1480324412491, 1396.44420069069, 1551.08877764114, 236.14568083099294, 905.064763277331, 25.934220569956235, 193.13377023619543, 402.78969456330793, 388.1266895173175, 1985.590258330733, 1717.4787716702317, 1471.789264694966, 1729.8179464354475, 1595.548140770524, 2118.2341165277517, 1940.5540335503606, 1201.2136254835048, 274.4231185799915], "test_sigma_between_0_07": [90.86029737289348, 890.8746931185543, -81.72120321468249, 961.1393180114768, -57.76858239739086, 35.67585634968707, 37.86030190637684, -18.414197418841656, 904.1836207322144, -93.21907280269808, -28.512057109284793, -2.8003752518474356, 36.30192762530932, -67.08715232008981, 886.038827518117, 12.921925207330785, 25.3385571811581, 553.8447035680888, 931.2890746122582, 9.24375473225228, -43.211895819878556, 28.90475582772342, 69.67366898995826, 101.32099699821413, -50.764979547573596, 661.436898317885, 36.152392549026985, 48.94005409263917, 784.3512685961033, 1354.0235560857273, 883.6839587601966, -70.40664041441778, 9.579330617272355, -18.399928129167535, 70.090832105797, -72.03554621805671, -39.60157860488981, 2006.8696490301047, 960.2831437127476, 267.3627806326316, 167.57276628433758, 146.73006173344032, 113.22709014255815, 1374.3505581994286, -8.57712275176309, 56.20850056015478, 894.2002142364327, 907.6159406868546, 322.1558239145933, -34.51700329078739, 1101.2481171617878, 95.5245189037625, 136.66702250587844, -47.57616770858294, -49.79313818479423, 1314.9040597476826, -43.10473790579127, 400.7202784333044, 95.62869351841945, -17.23182035815116, 194.713194464591, 196.416357629688, -18.787060801175535, 1450.4367800068521, -126.83219187666546, -114.22879672802812, -3.9477243972971343, 902.2295747765287, 790.4144106503544, -28.090920157072834, 237.08536601950763, 20.077756670184314, 100.29714632745451, 750.6395799652782, 673.7658045350123, -13.236357017145203, 393.3272165930047, 765.9203994788354, 17.419451374185158, 885.67248304423, 12.939153217585407, -121.43938033965824, 1246.5823597648025, 319.32461862184005, 357.77701652397064, 852.9734718332311, 258.1010751973227, -99.9154444679065, -52.39390186910024, 898.7622061443867, 1855.965195143298, 285.8819147927908, 77.93216080266718, 865.368506522361, 927.898161777727, 80.60951540852403, 128.07388536221114, 838.6328836791675, 1171.8269508528338, 454.77346403724744], "test_sigma_between_0_01": [1971.688667784951, 2058.667469000266, 1985.64097836706, 1978.9325572472746, 1966.5083791237334, 1933.3539799440332, 1931.1495759666723, 1984.4483415716747, 1975.3114354934341, 1963.2279160436055, 1935.7289036424795, 1836.6959570230924, 2046.5474893466185, 1941.2449213649325, 1929.4025286313542, 1929.1190249034134, 1949.432640661352, 1880.8656098058282, 1855.320396661837, 1880.0884842173111, 806.9190058080577, 1962.038973228417, 1992.967443374786, 1854.602718894769, 1904.836149813204, 1959.6791284996914, 1984.2297227960532, 1913.8970322697367, 1810.8477921354224, 1937.1290218877, 2053.5105422617116, 1901.586018498163, 2040.229765828931, 1942.556297243678, 1976.6998075335916, 1981.7926197788838, 1922.0459949163496, 1935.204246174783, 1928.5704882702419, 1980.4513051489, 2007.1196640428475, 2041.5551846925675, 1922.7988088056638, 1979.0945557444907, 1934.1856705007153, 2080.062364077057, 1875.583635007302, 1960.4085322504382, 1994.1286268860656, 1990.6321746829722, 2053.8746416987065, 1999.707677610933, 2003.0617478206025, 1969.0383089093855, 2010.6833635591163, 2001.818566797856, 1938.5584450972738, 2027.3842723978296, 2104.7972841157234, 1896.6158751070789, 1934.3946741404784, 1966.2466200437907, 1791.9879177342862, 1869.5216355497312, 1942.2457581349825, 1919.9195086110874, 2026.1495313057012, 2006.5175583005025, 1999.0636621644237, 2136.6852047182047, 1903.4748069722364, 1870.8579000290765, 1988.5982442383481, 1989.0609625056848, 1930.3881190650986, 2000.657715453586, 1811.8741658319057, 2071.917876367846, 1997.6392358149628, 2109.342675377258, 1974.1964627052496, 2122.8367543858726, 1932.70367527293, 1965.8380270553837, 2024.1774985311129, 2032.809183816409, 2023.4522450563938, 1957.8487679337395, 1915.916097396543, 2095.227895063211, 1945.429942285975, 1943.5779924276542, 1911.2057005326963, 2000.7512933306364, 1928.9776132745365, 1869.3231703747188, 1913.9867086055542, 1944.5158289774297, 2005.9740835941207, 1936.0676077654855]}}}