{"hopper_adapted_sigma_01_seed_0": {"results": {"test_sigma_between_0_05": [2.2430740444091497, -10.350409513409247, 1359.0139650990548, 50.81246965132739, 21.11360074676777, 38.59644021545245, 673.1707954933333, 19.664981978236757, -14.96303990730812, 272.4408909450416, -0.837676986736188, 177.75011009826125, 91.33351046308526, 26.733284668605485, 531.5839704256023, -31.449860887527763, -33.68284866684117, 26.759208734150164, 98.06872075888825, 9.52888504271832, 2084.907138848054, 78.50753703826193, 2272.7420035183636, 196.93269039776638, 763.630420421739, 21.750563398039954, -19.780933518787783, -13.050328178262859, -83.73443003478461, 89.57020078626961, 138.6635017617926, 18.06366652498982, 71.21792384784348, -23.467121780202447, 4.74168861952494, -5.066793877462627, 2484.6021650615503, 87.91513815102952, 8.675132667392607, 88.15266423121358, 20.746375258677286, 78.59063200553503, 618.0257604058472, 4.292326144267282, -8.247171591086957, -1.8732931475824457, 11.839020236174111, 191.69804680139208, 17.336556251652652, 361.5408416507969, 96.23129679667326, 456.3842321800885, 169.79066639567472, 42.17572879207872, 159.0691945216677, 0.05174180733592937, 20.081012215737427, 5.8450328318926035, 136.9127262025795, 65.09541413760597, 2067.7697384145363, -50.321262336960366, -172.32493698868785, 105.07590280035218, 1024.9989029205585, 924.8950921381402, -4.064900158268571, 217.83689613465828, 21.695836266315016, -0.7772354185697604, 80.78791539688828, 47.88367904557236, 326.23594314913066, 288.3608026917864, 11.821995128667913, -27.40421590439509, 11.772287800397317, 26.72629417763237, 18.979938186255456, 20.46757839523343, 20.637259130606253, 153.32622892747167, 2135.183306044122, 256.12308397660667, 21.14806345200486, 6.586478682837332, 228.97957047511156, 48.72821293251037, 405.1040868417593, 190.59911343002753, 2149.7352334448765, 46.02932958372404, 20.41831338519405, 74.92048876762853, 6.496281926326629, 81.18473410201553, 20.789696602120237, 199.58141405502684, 1776.1844075723457, 3.756440087950617], "test_sigma_between_0_03": [2457.5047655570875, 942.6823434362951, 2141.8531392623745, 2255.431241926642, 1117.3904210587166, 50.40287284225923, 87.11433436621446, 216.29311177124467, 2317.5303321540714, 1134.787021319673, 21.217185140438957, 29.844650961678425, 93.81017914611438, 2636.032583981344, 73.6217258786099, 2532.6359449363654, 110.072601742408, 146.61963336481568, 2140.8186235519165, 149.11323845638688, 346.87035356603025, 283.0117261437292, 1914.1342341089276, 154.32653684710093, 231.98861401152095, 317.80578483210684, 1881.7321942833833, 131.27940212796966, 1754.0272267200712, 2316.296710327342, 533.464229743063, 1394.4462321266412, 168.81734055930565, 19.65241601270973, 2345.2588890310085, 103.47221780216498, 2411.3634081130394, 124.77286045984074, 193.30297303090194, 121.32805883359975, 116.12469382060371, 584.5148313802928, 188.6471346451146, 748.237625596669, 310.0837798139328, 43.19871039444988, 2317.715449024371, 599.8792730229383, 1281.82302448061, 895.3731973827529, 502.5982702761029, 1180.8924847535864, 2583.904088898801, 2422.6333177107995, 2302.5094237794797, 136.34385111085282, 2335.5547670572755, 107.42823377476452, 125.47646304360099, 2477.200742651504, 2359.9356329119178, 192.22037693413438, 172.3823814673, 112.59928226823973, 132.261079333532, 319.51040584013106, 632.9132994972505, 1425.8020962595303, 635.4290844578759, 2434.319630621494, 19.233987795922438, 176.87258150266723, 19.78200335209258, 2263.6055861785158, 1670.8935197635956, 1030.7134286715202, 2333.2717877502528, 88.3209866803314, 114.2551175458517, 123.73241796773361, 141.71091959016775, 105.87736297033118, 1899.1409812194245, 190.88258272433598, 2484.498283897419, 79.82985111535965, 21.052759082360716, 86.7929975550054, 227.63682295011384, 2001.0839507693652, 2390.847520324943, 544.5594834163871, 1150.4687308944178, 200.76148692640416, 2454.217030195253, 312.53029157572036, 2291.9407617255615, 364.67242451601504, 15.493679418202376, 474.331088994471], "test_sigma_between_0_07": [14.367695983797601, 20.72254048647883, -17.816038872218634, 21.730912943933802, -40.02386879978003, 217.66811565926625, 7.958747712073092, -204.23671607195286, 134.26293334124202, -20.63232404197188, 12.148544150003, 92.32759412609737, -63.05436659085681, -38.00009525910864, 302.00538803215454, 113.68464363229724, 1.3024371327162934, 6.915245298418448, 23.892461909553095, -3.4392460221686636, -0.1982682649511851, 75.62849673252498, 9.174523533614412, 2.9036134270005283, 8.625330130894143, 21.28993984619592, 12.654621123360993, 4.703260535748267, 194.5702814302276, -49.28451970906025, 19.679094618879024, 10.316341873594501, 8.296908746568079, 2.3662242342645214, -4.386281222749678, 44.599319351576554, 11.248591518582542, 1623.930651495037, 73.35359535429453, 20.28043021505873, 21.758815589158615, 74.50215913688153, 2507.797014126793, 182.97539612573453, 11.627565250407498, 9.36514688308089, 179.777297563164, 22.10286546438147, 300.36011716586506, -17.206827322512982, 45.44841025935314, 52.388809039072655, 185.77686496439125, -66.55415567653253, -57.51482325682737, 130.50122590193058, -4.188105918346264, 47.140291981074554, 17.48845577086759, -4.313167849533784, 18.274891129499885, 99.10791172912433, 11.104054401000031, 1271.8798782153276, -27.349503244760854, 21.09054044842196, 13.736934340400332, 28.851358687305762, 15.100542903978203, 4.417205500866112, 109.67119151144436, -0.029860547538555604, 111.88662365061316, 22.565831765587788, 18.542368544875355, 14.47316867416812, 1794.9307015726752, 94.12973577975934, 11.861745510480251, 32.64705477231619, 3.6346725615847397, -35.59886971780943, 62.64855954167724, 51.9729435207235, 32.477141288235735, 97.68667986319053, 217.15774946957674, -28.349614280919194, -7.7274420104047765, 19.661019350952117, 447.66274246063995, 20.8368864934484, 12.400416142305767, 119.3432711804286, 22.741650280146857, -20.838521592950567, 25.16042893509583, 61.62381101527862, 976.0701409695918, 213.33983884916296], "test_sigma_between_0_01": [2254.302838082231, 2347.8543902897386, 2353.368005541832, 2094.561148317749, 2468.886179606763, 2346.9379054125366, 2408.4626013483044, 2281.4341975077036, 2427.845566003978, 2169.6211522156204, 2365.2045397647803, 2462.8135221116922, 799.6709629451161, 1541.9431828637694, 2424.894533213811, 1925.1745772432796, 580.302617719835, 2492.7756500704604, 2177.673472997214, 2134.9259212644483, 2154.6438867150196, 2226.1663430172243, 1859.8613780456174, 1244.198752115453, 2414.96178948074, 2190.315319191544, 2277.9308531880974, 2323.0161935913484, 653.8568667565659, 2401.0116033094287, 2464.5261373426592, 2308.231524338616, 2407.8980344435568, 530.8292985924608, 1019.8228927252353, 2281.8300501498334, 320.6890072316327, 2360.7022421632764, 898.1360163622713, 747.7570789394854, 2400.1616315504643, 2277.6880353464785, 2353.852337684407, 1978.987815347875, 2375.6264913889636, 194.85098932616538, 2340.1463804335353, 2263.2386469094436, 2278.763272675086, 2331.071603543407, 2139.821195791962, 686.6722019379309, 2443.993074879687, 2479.366984853277, 381.6430021749475, 2413.6154943507336, 625.4805583405488, 2330.915268474829, 2517.576167015679, 1267.3391427439026, 2259.8887470709196, 2253.9282624669368, 2370.4641650715485, 301.96625980042876, 2262.6364248552372, 1990.6305058249784, 2414.3145407183188, 408.26131698635305, 2478.6407683645593, 116.76680739914735, 2514.2179113991383, 2418.0723376992587, 2487.6829576419996, 2278.639470275597, 2465.085686426616, 2342.7359157716874, 2294.64105729735, 2426.39812901526, 2061.586247136376, 2466.5878898455853, 2365.9810557482797, 413.6734357576381, 383.3694725130102, 2270.5156019046303, 2277.8790253937027, 2484.5611298995154, 2402.9173574201295, 2371.754138043223, 2474.5434006364276, 2423.7016121412603, 2276.396191632426, 2415.904167626283, 860.6378877938806, 2425.7190475368648, 2533.8836871999556, 803.5655768229211, 2594.170611571993, 2412.2562111620414, 2381.9271967635996, 2494.850079357536]}}}