{"hopper_adapted_sigma_03_seed_3": {"results": {"test_sigma_between_0_05": [-93.03915837839746, -49.071318857168094, 21.121752691516303, -64.28839695792414, 140.5238884498161, 142.5826633792923, 1967.9475159245899, 113.82884889029806, 6.378729858163569, 1958.3969385387722, 60.20150330927573, 1541.4051510712006, 732.7029285466418, 1805.9376659692307, 960.2593826375039, -171.05336456057248, 61.23789884985164, 1284.8760083564378, 906.2997891121128, 235.88940772651247, 2102.9246228341276, 175.94414387109427, 1915.2571226691362, 332.1976804550172, 1836.226150436785, 129.11156528594586, 51.4232937205903, 79.6722935633588, 159.20434365272806, 251.85654854174498, 219.12786294489047, 265.20652765735286, 263.0271638358914, -105.19249298304207, 48.36230705152848, -1.129304244942619, 1954.3675420488241, 1516.5796529845256, 447.1235572540942, 104.09561101489969, 41.52242635887525, 196.2215498438105, 45.795145674215746, 115.36165135014309, -53.52617551886507, 596.4550793675123, 75.88483556079736, 1955.9133102966218, 90.81874564914614, 1677.6289532832325, 1656.3021737348995, 226.6938855896471, 185.199924984503, 895.3656150667701, 140.1368849625243, 506.5293091858167, 148.7273337834994, -4.5242316591829885, 146.1262723813852, 92.03562913757341, 1911.7333034397666, -97.50893250230001, -177.37895110914545, 362.3968674781033, 1888.0765601620153, 1823.8156674471963, -80.96780047035719, 80.89471971744354, 233.8215667343447, 24.411442287199325, 1739.5675144075342, 230.53803084708193, 1995.5132944246343, 1181.5071652983681, 315.2142141873032, -118.14819920996523, 1708.257783759401, 14.731019541285056, 95.50312348696168, 192.2414195774909, 214.63079550950056, 87.14245027199068, 1910.398528430984, 847.4355773912421, 225.85678536900534, -11.158690187988398, 268.27162291951106, 1321.8962075380332, 1239.6147379110303, 760.9594351632969, 1845.0651482042513, 202.963956320299, 148.94241615996586, 447.05287765221317, 658.0081173607857, 118.51647065880239, 181.94755514802816, 73.64715455365223, 1895.3277347673122, 40.62472446442116], "test_sigma_between_0_03": [1949.9170270976174, 1621.2154137084237, 1894.279270687001, 1874.1000198293973, 1915.1345446682917, 1582.9138142213867, 409.87336348785453, 1783.4276380825936, 1968.69754636316, 1980.305301713913, 680.537492041335, 165.19893574260783, 96.70534093748283, 1999.276265000568, 64.35513353248244, 1945.0023272794756, 117.70375860070632, 1592.7435412381656, 1911.8844858320658, 1908.2941484677756, 1916.1983234205204, 1808.7179718020195, 1817.118568660287, 1799.6928417172708, 1593.237089590607, 771.2988211123549, 1840.8325223497252, 383.35324776749326, 2021.6988929121453, 1773.6245931179267, 1712.3402057958583, 2092.8913985693707, 1597.3955712622228, 316.1929908858407, 1865.9632088664896, 2084.066080879291, 1829.6097937422053, 1848.9723284512552, 939.6704666094461, 248.3878960602669, 1547.5368439379918, 1890.9603605935592, 1763.6390349577869, 196.38688364154504, 309.21339983073705, 1205.0014211017033, 1812.0701724188184, 184.41065353081652, 1858.9518333995743, 1865.9779691437702, 1801.3167068924336, 1809.7270882566927, 1959.9684066927975, 1803.7798217813984, 1757.2069747884427, 1998.77065950528, 1957.8966959855684, 1538.5477323204611, 1972.8554880618049, 1724.3504841672707, 1948.7535785687073, 1170.2705383226541, 546.2299128315005, 706.6826177597134, 1437.0090380314205, 1916.637367435346, 1867.5022571047991, 1879.4836090214553, 594.87915645835, 1859.0349609633763, 469.0999663338673, 1550.7953228138279, 106.05283749679216, 1882.9213735511255, 1560.3547808034264, 2018.7744031874142, 1784.892238326381, 441.22833788161665, 1751.358993587998, 1809.1929622603623, 353.558474545517, 1662.0477501922335, 1986.2518576845512, 1827.4359146290797, 1831.929507097151, 1607.260846685401, 105.55274845334348, 1439.9976479926377, 923.592992289287, 1820.4063456506774, 1096.129316161167, 1976.3174019023102, 1867.2345590637758, 452.5617274590565, 1907.1261969664793, 1046.8679962389344, 1953.5515986595356, 2008.2844886726816, 1606.9523068196215, 1795.773661907965], "test_sigma_between_0_07": [31.894952823096528, 226.30919681499796, -40.22740148099255, 323.7932495232509, -69.96101609285542, 445.5403530253215, 63.30886460357867, 35.98173031502229, 298.0007835889702, 74.5621201953705, 903.5125786252412, 916.464022579822, -78.02205412103211, 37.26320881465653, 168.18633528022477, 84.47591512655491, 71.13338526139124, 875.5240365951063, 160.36235188159776, -57.12383350942109, 216.24989982852986, 173.4309777317685, -34.1088718949919, 54.80827899183931, 290.02887439094206, 900.709498595497, 93.47259620168333, 109.39433395712544, -203.48636228169616, 102.88942989130011, 149.68899993967645, -32.50454995009786, -16.037501487322146, 60.363285808406374, 54.30625765719741, -5.13378741161141, -4.299448360191313, 124.20242557209279, 92.0743934938073, 1259.8206786596165, 83.42919606005454, 115.39546640856861, 1978.178096683741, 69.51591554389888, 0.4198495080476281, -13.373502651059244, 220.57986011575846, 883.8343961420942, 2005.5330709113603, 76.28997291636917, 198.97392391255278, 73.05775093709818, 115.92685970713357, -14.990460559254277, -70.97704226353525, 1807.588019580848, -12.901234570750965, 888.9727776300649, 26.429652511526363, -82.31482503591542, 35.22810391788953, 85.3618611627433, -18.973929103407134, 1837.7186706943712, -30.532429991132815, -86.66482671716511, -17.116501763314595, 58.02806642405341, 266.77741549932836, -2.9610071585178974, 99.83727926200517, 71.56160043818817, 1449.889401069963, 889.1264264544405, 893.2273635870449, 84.55613808156191, 1840.9399561948974, 79.40800705883449, -36.21546242180485, 1096.9313907655692, -7.236296739084351, -15.701835197664328, 368.21999627797936, 167.41117495451908, 291.3944955024012, 36.9234008236104, 1821.3084310166919, -31.58616201605036, 53.140323705849, 179.9935118096095, 1718.5175539865886, 147.6496076741489, 404.79214561902836, 20.24542927060538, 41.129162760573664, 0.06602978506707435, 54.72222418361197, 898.0849735205867, 357.92040697423056, 1780.2162288128611],