{"hopper_encoding_sigma_03_seed_0": {"results": {"test_sigma_between_0_05": [15.246145210789102, 3.9534725742967574, 1406.9062559522206, 643.482458020215, 155.22247109728198, 397.09583819021225, 208.2327356387469, 995.6863325506102, 185.58937636269405, 915.8613208620021, 29.785728891074545, 202.64752385679176, -36.67142760670831, 1463.9844088574891, 339.82564031764923, 228.4331089712024, 44.81881893818353, 908.8900035316622, 898.9707748883487, 996.2522406573586, 1967.7181126645912, 204.15148838054458, 1591.0165777116226, 273.13037418853054, 2094.6579168158946, 1295.7261851802125, 548.9344051278921, 867.9215444965595, 102.73044282212066, 703.7497074326916, 336.254784540922, 381.88174100617323, 951.8375725648415, 19.36463246063213, -16.570787198998733, 276.281111902617, 1682.1645050266063, 157.40877262617872, 909.6721102251178, 73.16399215553687, 192.35308668720097, 901.7142332184992, 39.22888107036561, 48.21853221388739, 81.81458208056996, 40.5549204974871, 992.8571830291643, 158.92857105259023, 160.3484626286736, 1527.7349663458174, 113.201788745496, 901.096564100291, 475.74016651567945, 227.35682070198638, 967.6699409751426, 149.3583901886201, 182.57671795316125, 75.20738482027808, 245.50723322078696, -57.09895001706601, 1603.3464391801028, -15.671317432569051, -78.20219471654855, 1576.7562225502847, 462.70815907498616, 1948.1543210244422, 4.6575535094074425, 288.0536558409076, 300.66393874755596, 41.81494664350327, 1488.6513731342516, 916.6127536047726, 211.82183910339234, 1140.2928182137168, 474.80043576127656, -35.84289986105869, 471.1388435810195, 206.89552877195825, 787.9978330133621, 178.8627383199855, 453.05174431103814, 582.5173580379841, 1847.435784881859, 1614.9253537896336, 1587.0964811678766, 39.50999358190603, 129.4368998021731, 913.6988446690868, 1883.4372020999008, 1408.7297585500085, 1618.786014277457, 608.8371320788559, 127.20105289421772, 905.5018199097077, 44.916089646336324, 113.63743348946738, 209.55148749165676, 153.65120512909922, 458.1681032067194, 896.5834387780534], "test_sigma_between_0_03": [1535.7158591655773, 1503.0383912789835, 1248.6661643873274, 1736.2272982304507, 2049.7639969458414, 795.8493238769769, 381.4230429938425, 1817.8158665799497, 345.82178678416415, 1516.0607734705422, 589.8836129944307, 302.39767436869005, 503.5367152774838, 1864.2250098263253, 913.4898041094809, 415.80968253049946, 307.8109892130786, 912.0233261472717, 483.5915584441622, 577.125285887736, 1950.3118872487782, 1028.5631181642452, 1412.3082622582106, 1505.0918428433872, 552.5612221623796, 922.3911904878981, 1403.1697123400907, 179.92844651019692, 1315.8487643471956, 1954.4518836006152, 448.93915447965566, 1919.6755630030493, 1031.6496320274475, 1597.7763029671344, 150.26871487371682, 1960.6707048190092, 1425.2550520817645, 1172.5208172930197, 922.2381772390668, 352.3712874575009, 449.5606138567094, 1073.54012644779, 926.7226843658724, 897.1801825015373, 1959.1481300737614, 819.6381024809508, 1591.801141467879, 1333.830457529917, 769.3912192259367, 450.6920620404966, 820.6508137822856, 1622.39231153406, 188.1429529854781, 1619.9840769456896, 1698.9520981622973, 2060.842233821544, 1883.5246154766746, 1269.8685114068512, 2136.0372477647693, 481.73264397619926, 247.62503279075025, 289.7408593758374, 915.2285075689017, 756.8597100300173, 1388.347194140136, 1268.3799497104235, 1876.4250322260636, 1224.65143160176, 1966.4690949418227, 963.7280567060592, 213.5350685092284, 913.3624225402967, 249.40718173496134, 690.2209133622611, 1605.8333871694156, 1813.9100379897657, 1932.1445307241029, 906.0582460281577, 1260.65091438008, 1322.8967301386665, 952.8447126300143, 1438.121917328764, 1764.5355825317656, 1818.4814012333736, 1999.0864344648808, 476.7805407949461, 1356.6718757845797, 842.173971157619, 294.801397085181, 789.4390774124345, 1820.5293246129875, 2037.253822475099, 1524.1105340076897, 227.53853693057894, 614.3638798298919, 1763.4980285373977, 1989.4721906521554, 96.24764320580435, 1044.1893326089944, 1475.825636271181], "test_sigma_between_0_07": [50.401441367113144, 333.2195650702284, -2.6416951394130606, 200.79117090903898, -3.5663409133747317, 58.32446071299492, -30.80502625486553, -39.46326009187032, 480.67853969682227, 104.31819798764192, 889.6343151218664, 890.889492322725, -11.11571662255592, -1.9436399865822769, 99.23267809750249, 151.4206550222531, 32.24229860043998, 12.342109757717116, 356.84788426548903, -14.97827349484141, -124.77237472146805, 82.77795861193879, -60.93497364608631, -3.8969375094515284, 341.8055036884003, 490.129845249004, 405.8619399859046, 895.8701242270331, 36.78538067573391, 845.7405765633838, 987.9700630008284, -18.622030363699018, -25.169634305372895, -3.6633865443189264, 888.8075897403755, 7.635357946572187, 999.1857645533456, 2060.5923561698824, 167.07072337052378, 1810.9066822228458, 188.19877755470958, 932.1823568148059, 2041.5504163336457, 141.52131724719953, -71.91399010156746, -12.905946604374911, 836.2445286520214, 907.4449686656268, 1049.1012414690317, -24.000040637455818, 127.52240736324016, 93.12683439654792, 134.59385640952678, -105.93950407834636, 734.6006035300643, 591.4440282825997, 5.447924280892766, -30.391200529359047, 98.29666731313048, -16.673935034922035, 46.21091677231308, 58.531352933066955, -67.15713833695045, 1143.4901306078816, -16.049954500021702, 0.22357904494274417, 2.4360623825938124, 908.1643322941251, 1431.3612593689816, -36.039651703667175, 161.2479499068126, 5.73034172019106, 185.20512096981992, 41.52733678186196, 16.480201660914464, -2.9192029149053282, 985.4858975623503, 119.03647296086858, 9.054185757623056, 875.4055971645134, -4.681125458715542, 1.1783180441430883, 1219.2193078433002, 917.4086872577877, 841.1047475506541, -17.172430789307693, 584.5785638716557, 8.754600416403266, 212.9902142280494, 343.15043720198287, 1993.3684472620967, 30.459190058920644, 194.9021598484031, 1776.3533191804415, 170.6361516499135, -270.57551258045277, 139.7523850436235, 870.2999811157605, 960.4348006002706, 1576.85993596196], "test_sigma_between_0_01": [1941.5950368648746, 594.5386432469428, 1634.2022442613575, 966.632508443009, 1623.096114328332, 418.7411375189114, 443.3238279561486, 1925.1010286601033, 1580.9180626938487, 1129.9115762191796, 1927.493665373024, 699.6271258294415, 2112.453481957959, 2044.496789922796, 1487.3106060994164, 1005.1146670154957, 1864.8201152305598, 123.28162050796087, 155.74692490583257, 818.7242368820031, 1654.846558281958, 797.5487710108454, 1808.4016236853417, 109.53451324659682, 1528.4788968560445, 800.9297235921578, 2023.3861643324303, 1965.251712133561, 1689.0112369936908, 1730.475777262455, 1108.0648204777601, 1594.2852237794987, 1551.0604064013326, 336.06688336855, 289.43623470502934, 1763.1183476770889, 1614.3464874815065, 1045.0309404311845, 1678.6195327300677, 2115.4941855765514, 127.22787830627786, 1925.6317520985222, 1538.6051766055589, 1784.7884556326728, 1957.266615714368, 1645.6121282933152, 1760.1297604797974, 1830.4456371867716, 232.93106181598856, 1884.775858170169, 1691.446333569724, 318.144249375457, 699.2434445431146, 1946.9790899150908, 1921.59912652993, 2025.8742164150478, 444.3422756011352, 1616.9064399603117, 1763.9296275599322, 737.915269350165, 2016.9644979963343, 533.7203384242865, 1603.2813787687328, 1709.3454447601025, 1653.4666134694971, 1812.9256750490972, 621.4055411817812, 2018.2413858829807, 348.1336322690565, 1686.594610905766, 1567.887708697921, 450.790582595057, 1568.0086375591932, 1820.2926159801848, 121.73805805405138, 1790.3592887091438, 587.9084400956326, 1896.6750891515471, 666.31255611991, 1480.3829069731983, 334.8735231478758, 1988.8510850614173, 206.2610521551804, 2016.061708655385, 1847.5184308712778, 1192.8763957479412, 1615.5289571188941, 1295.467690477339, 1479.4384215420685, 1550.0544285875533, 1661.3078714069238, 1931.9891985120871, 1534.7853221336059, 1641.3324039947652, 898.1570083220762, 330.0697761515624, 468.7353413332564, 1875.1703343231272, 2016.2163744869974, 792.7453769625346]}}}