{"hopper_attention_sigma_03_seed_0": {"results": {"test_sigma_between_0_05": [11.38149747719435, -5.121353821262892, 1827.4705957726546, 319.7213424370189, 119.59283319882812, 1020.5305078615402, 56.06765581986402, 791.825165316206, 21.905392930012024, 1481.5557917345463, 6.783512382640039, 1802.5770290654816, 344.46389239738346, 1815.4175977420402, 1651.780933986448, 39.779465754071126, -0.48602419647358897, 81.15739093640592, 132.09112341856525, 94.08186796478692, 2062.5757119963487, 417.8940882058306, 1813.9068778287856, 80.04072649436857, 1960.7232717131403, 1329.8585637357605, -36.7669120616163, 239.86084977365678, 116.3229658831915, 498.08500657736005, 1844.473381886613, 222.0455171562019, 1232.7136130144281, 1.0056316543064912, -20.086224294741967, 43.29143033759464, 1919.285203935655, 1732.0710991567491, 125.70908225980094, 660.6988162416017, 1591.2774176662608, 330.91625297121203, 9.900790100383176, -24.372773368751222, 28.336735373176644, -14.53994267526286, -27.745736168079024, 1861.474734113564, 433.00559533901975, 1827.4698964032452, 1577.117602903886, 67.66908343598335, 1660.6037312641322, 577.0502219475167, 1284.1293775154782, 86.75830639854105, 605.6159769484221, -10.585786668727813, 1858.984414036103, 87.12836343697424, 1732.774497713175, 2.8978586559460373, -44.18271249305836, 1702.2225812505083, 1861.5833185463146, 1507.086971210187, 3.951846518011007, 1885.5840811141104, 907.7727139937085, 15.661779667390508, 1477.1599232010738, 935.6556541727805, 1728.8028918451341, 1413.1900272719124, 59.2392447823877, -58.999023613969605, 1211.6145151423343, 29.703236263951112, 1077.9722012451641, 105.78722677189364, 1066.6408936759601, 100.73950002639761, 1389.7922705989918, 462.3192080775725, 1480.1885396555406, -25.563271861440434, 1679.976742181895, 939.9629607760423, 1720.6553080541448, 287.11217304457233, 1656.6348338506284, 725.3003673701786, 1509.1072617906316, 231.18433434625192, 131.11490737805144, 118.18806954384638, 191.9197313277677, 160.66220500757052, 1728.1789825541457, 39.01034831860016], "test_sigma_between_0_03": [1878.940459084105, 1444.2222706203195, 1733.3716162082699, 1792.8500617084137, 1850.3788333910336, 419.62728574280777, 190.50636777407342, 1474.9739875645612, 1754.763777929833, 1844.5703636691633, 1654.7639959864368, 1001.1703552680083, 1611.0924597379842, 1771.9230739521602, 309.6330396031743, 1847.9618673073392, 1620.2145010920265, 1261.9009988722519, 1165.246446760974, 1617.4628034650586, 1681.5333776555537, 1101.3573298770787, 1617.7846718146436, 1381.1767373018597, 1691.1273056202251, 1395.5729422741686, 1774.4424388656482, 649.2734959883193, 1862.2474422505375, 1829.2223952580587, 1245.759628788698, 1227.5290712385454, 1329.4014417381327, 1607.1323827367867, 1882.301706402551, 1854.5944321575619, 1898.9885242428707, 1350.4566611270138, 536.2121246014965, 1741.4512051380102, 1503.2800091287343, 1924.3699673003396, 1278.4230169237155, 1610.6389927363143, 1982.3494353094302, 86.40378440011992, 1656.4162407238605, 1683.7761702915886, 1635.716637787832, 1826.9240221068121, 1699.666834745453, 1774.5154261203324, 1830.6356872974013, 1897.2251731374747, 1775.5468497790212, 1432.6801087498043, 1803.9394546251374, 750.7957221319416, 1911.0954704004876, 1578.8352815587214, 1687.1648122863667, 1828.9512145601122, 1127.5282708241846, 824.2927671939491, 1448.2864732354512, 1558.4857875825094, 1681.702201453625, 1865.0577239543625, 556.2777858060099, 1935.0830228279906, 726.0356666263831, 1237.3311904832067, 1250.792443556315, 1914.1544767043124, 1768.6103089998146, 1756.411870263828, 1604.7545716267512, 1374.0522637841138, 1286.6381043061872, 1782.262023002363, 1533.3848793865927, 1397.634049503699, 1703.6019486481123, 1455.5699694492923, 1772.379431712312, 558.027422402297, 1655.2451291532843, 1607.0190603953677, 1687.094184103214, 1918.666317527527, 1776.1532163272898, 1879.5745419733455, 1579.134878738876, 1302.1555088930852, 1824.3759459750358, 1667.134735789003, 1723.2750956355128, 1896.2834490032856, 461.1499921860084, 1525.6673294694617], "test_sigma_between_0_07": [30.061823518096933, 109.55320900979864, 8.7838602649048, 1299.664742906158, -43.30850086882419, 1723.1427715040263, 27.525626439940236, 22.668300209693587, 583.3581451256321, -22.274438761296913, 19.842578916347712, 794.9457391715872, 6.6951614838442755, -33.55108049420086, 123.90855955605507, 93.55473827815437, 9.199235414824205, 62.75321640671754, 964.8026670754541, -14.058553077930993, -19.98607981901442, 1456.2274687627232, 8.073297032299163, 13.349683527901645, 328.73188125337765, 21.068425445767936, 110.80202975741263, -45.86566411267415, 725.6527299762867, 206.70977079112785, 1459.3578019290069, -16.636077968843168, -3.9946961518391615, -11.754863157092766, 16.0551631725568, 33.508877564224534, 16.895850481966043, 1872.0682885431231, 180.1241113238604, 1783.9282531896886, 96.4554857160649, 1435.1448930737274, 1945.3616762680597, 1255.7357768055517, -0.5274638358416261, 2.5578422201811915, 1528.56640956333, 764.7748921591387, 1870.1133241675223, -54.91328678110148, 849.7109712994811, 246.83338018894423, 721.5389283468659, -101.11629951707728, -82.93942374905306, 1608.3410372134795, -10.177260532115179, -25.4413043735214, 73.4892891933181, -35.505226864256834, 76.89833532818305, 155.80019981411607, -29.221464108688814, 1520.4328160456996, -24.63689072417619, 22.375572665652726, -34.65733450341359, 757.0971357296663, 1050.0443654768856, -24.19031206304208, 1462.027472054593, -132.67553479739433, 1402.4002115695475, 10.820582041473246, 668.297310347142, 205.43190386715568, 1812.408588542394, 70.52316748109877, -19.85730770463559, 824.3045025418996, -105.82356999357143, -100.95285047438522, 1732.0107511842918, 762.415646158667, 59.56872464589252, 149.36836479277835, 1267.4064885942391, -89.19480428343812, -134.46995597003118, 608.4979260341146, 1901.2926732979922, 170.01149391200008, 56.69610075220403, 1259.5093730457652, 161.00651680765725, -7.178523432041402, 114.7092932274085, 646.0297533775444, 750.6794653452856, 75.03941450509159],