{"hopper_simple_sigma_03_seed_3": {"results": {"test_sigma_between_0_05": [222.21803276991562, 187.4137956362831, 145.18531020064543, 797.0716954859038, 179.11202940889638, 330.6254235296045, 1233.8925154455344, 194.0836687522097, 784.5449054621043, 1146.2610686286046, 88.70695291665031, 168.47773800140277, 264.3032729923944, 91.33856128903336, 644.9566968920933, 807.5254768720773, -56.17410592385567, 772.4529746702971, 137.83059926145796, 177.57820937570506, 298.23293570497765, 170.5424441623588, 1221.2438932838104, 154.36501176161838, 1426.4439918775558, 285.2706298006217, -1.0589989064843404, 243.59054776010433, 561.5518968614333, 914.7159082108686, 246.45263832536588, 230.64606707803023, 1178.3098222186911, 41.34561560148286, -80.33195936162372, 825.6962443802096, 311.9171395213868, 1330.885358222149, 838.5508834022465, 1133.2179268051423, 1374.8870497950684, 146.584782249057, -11.775225029111612, 661.7444875152224, 229.19735907631852, 310.777371926015, 49.517962634361176, 1324.6134922392414, 186.58702846705572, 275.996136315052, 1325.1723858211294, 120.11605722175302, 299.1333199128684, 803.3813257309547, 278.23400029578033, 786.4349028791748, 148.43792822128603, -5.444066279685657, 449.73094494240087, 227.29415624751695, 1191.790413219292, 265.47063732654635, 596.2353910907372, 450.8479775723913, 1260.406866781282, 1350.3969294394326, 23.19404370475676, 183.70364624499632, 207.90387298263815, 788.164944887118, 1207.1567875835815, 820.3372365429165, 103.14196141358111, 329.4768811826408, 685.6451290620839, -6.091314021412096, 989.4115850111107, 60.13855646953017, 966.8649955687824, 251.86166650638052, 188.2334078579326, 170.88782045964183, 1183.03360156758, 171.81202720491714, 329.4882680627679, 79.95677027323984, 164.51671914038732, 831.5090209839392, 313.92549165961236, 476.9314524831804, 1333.3206581314128, 818.6701356251194, 1347.1137249218236, 190.73812622516863, 263.1665308503506, 221.62135069760697, 778.6509240417531, 167.67337654995933, 1281.8829856772782, 831.8431934129562], "test_sigma_between_0_03": [1328.0911751874955, 1174.334538010549, 1149.8217982437825, 1217.8101416142729, 1358.138490909926, 990.8658757095634, 172.74103729931082, 1155.7558448959778, 1208.7908493530708, 1344.0914362205385, 1356.849482771588, 823.4699900318908, 113.41286966707702, 1332.3422224434028, 860.7195974632571, 1248.8348144745294, 298.5319384443124, 541.8686219291926, 1229.753744866279, 1096.468327560752, 1251.5400371837698, 1261.2508851175276, 1077.113845981851, 1081.9075928252173, 1388.8651707634617, 1155.3863930266766, 1165.299677125327, 271.5644364117195, 390.4668001571629, 1361.944977645101, 1074.4802229007528, 579.0849188948182, 780.1191702071717, 1341.0006612591637, 1323.643490512388, 1304.6310390596257, 1259.1408121474606, 1131.1955499642563, 597.5499467464177, 409.7514203725718, 1268.3377564723999, 1395.5072282377698, 809.0517801431379, 105.40725671490803, 1356.7982956407611, 814.1809884672992, 1128.804136817886, 1307.1766399983956, 1095.20016023275, 1265.95209358853, 1211.202324027145, 111.8046016570573, 1239.8195222808263, 1363.7502909078073, 1420.8865385250485, 1187.437353695539, 1215.2299577572685, 210.86994610421394, 1245.4689993857166, 1380.048754429049, 1161.974770948958, 296.2199327770504, 828.2915624668991, 828.888606434167, 308.3961335400249, 1152.327179251157, 1238.8750522282735, 1315.2730881576124, 1306.4474664997826, 1383.415837399834, 1416.7195132639122, 801.767467285932, 1381.0224283989376, 1291.363079403825, 1392.6718709229942, 1159.7208526013324, 1406.841646540739, 283.03563072061075, 1058.8482488355405, 1180.8283171591142, 1316.4795750870628, 1212.0694706755708, 1152.6825213747395, 1214.0472422469159, 1345.5382981431042, 1364.7479120816754, 284.9099034818821, 1084.131079516404, 306.42298080929174, 1230.933325214849, 1315.5286885107341, 1333.500962241307, 1115.384867158197, 1073.5224922333948, 1208.709685507227, 281.93344593426156, 1351.4815759118044, 121.76607453482279, 359.9088130729564, 1091.7956019451958], "test_sigma_between_0_07": [176.83071702108867, 210.89123338943034, -193.65277605406445, 432.0753755010489, -223.8758753662812, 1375.188615618718, -2.627765612989603, -70.3979204721705, 202.09495730216443, -16.781446413857335, 785.3041752146133, 930.5178984235374, 4.751139020330442, -79.56063654618777, 1277.6833777113973, 122.70424004079398, 48.59787382308714, 17.29640163650619, 240.38898039785565, -3.4908966357397704, 107.07578465986884, 185.90174523108865, 33.165590084597355, 792.1285705506366, 104.07492942597311, 783.7916037700745, 179.54317258558152, 172.87497230995072, 938.4871701851745, 827.6138953489924, 136.45474086760657, -1.3331171429686948, -43.896833324202426, 297.376794813697, 874.6077541871982, -17.50534810423123, 20.483003073012515, 285.1036882421192, 121.08780663444196, 1274.8732361522666, 364.81662073322934, 113.17604808621978, 373.9078132946336, 845.6038086550819, -83.85054359027271, -18.47914183853281, 435.0863406505507, 820.9443219718354, 1337.33740786578, -96.80386994537693, 775.7422566361449, 190.56009885616228, 260.96458602202324, -47.96170788003364, 737.0012853277274, 850.3091227708356, -27.676160942425486, 794.3818780008883, 129.31429878145286, -133.44031879695683, 118.73356815432196, 247.2369121814015, 2.6517575227262564, 1165.2845607377194, -283.9635019052992, 11.388284046127227, -39.81366534663539, 919.2428280859272, 390.81533017558695, -163.52717546195638, 159.87750262050253, -67.96912824838073, 280.55403318708136, 792.1607524629467, 806.6062891246888, 106.42372508129336, 1254.9366613422055, 117.9782314027296, 71.91708244134207, 920.5929468593157, -32.345597783708946, -72.41675261978962, 195.26277791077732, 814.2307489521141, -6.6521606142123355, 828.662830451278, 681.763327196972, -85.43855916000031, 85.98758440077071, 188.84330422734934, 1443.121102728581, 158.61008695213962, -18.657616388051245, 1364.1109677471306, 187.71597736224356, -18.873853774680175, 105.4836654844228, 935.0240842299921, 1248.3420161568567, 1322.2922087412924],