{"hopper_adapted_sigma_05_seed_4": {"results": {"test_sigma_between_0_05": [886.8621515471272, 900.7090689938029, 743.1574274981216, 801.3539048994716, 28.579289943602635, 127.60678991040477, 1402.0524133613014, 187.5186670028547, 891.1903569206459, 1295.0925124306723, 93.97224845801249, 1469.2307610544406, 525.9849586714832, 77.02180659972655, 1260.1461805736108, 918.9324539689411, 91.14084405377359, 908.1618119008638, 142.95951202131405, 318.065458214251, 1683.0444871437135, 209.293032270063, 1420.968358381323, 238.66715593710816, 1687.709418594176, 600.9056232338307, 25.52634413723281, 431.5875448996606, 117.65229570138901, 898.3580273270635, 1581.6733332350937, 235.78700606578795, 1108.7272753525883, 889.9184027093855, 99.00867067253566, 920.1987114059405, 1616.7738362183916, 1449.126920221227, 829.034667685666, 1067.3362127573453, 33.21963734135352, 205.08165228975707, 685.0251153553215, 719.0446426698207, 891.975884384209, 885.8383785362184, 125.93566579059556, 1350.524357964367, 56.133446983624886, 1260.1555041233566, 117.72653993331191, 146.72035659064576, 170.8383306498436, 801.8694336424834, 564.7124404483747, 893.1948687672179, 89.87052996287817, 105.61977777604771, 678.2123375023448, 923.3391595174646, 1280.8888326749877, 883.8257653850176, 324.13848877577965, 1173.5994438778234, 1513.7177335285985, 1200.395017871094, 870.4830409163656, 1579.617970925534, 285.62900028995347, 883.3041288982, 104.6368119142804, 916.0743171775109, 843.8962241169326, 1251.6782381410387, 202.4066508962685, 895.7356308094538, 916.1532910077441, 216.6661682534236, 45.414921194247995, 168.76460531932827, 235.79408741500947, 670.6980615976287, 1239.9988052718315, 1521.3441662718185, 60.46223622333056, 132.48421935437656, 506.32410314956905, 866.811597287186, 379.0175781737605, 149.16768694760245, 955.2331503530967, 799.2388425394736, 1029.3901339870595, 16.14327373011183, 308.68378205264565, 189.65641674169598, 125.17055025238953, 74.42305977852519, 1416.7055883244445, 891.2403558369791], "test_sigma_between_0_03": [1552.9310270136948, 1214.2820189020342, 1247.0669981671301, 1418.1647482031321, 127.89169082371957, 917.6576646786043, 210.4607999309038, 1163.1140439691803, 1456.5983553826725, 1457.8927958677311, 61.816651391066266, 914.3460772604509, 524.9767456567298, 1476.5031282378966, 817.7819813059565, 1294.9293098207615, 76.71915251508906, 1043.9610400340769, 1481.0636226599254, 1140.0511864371265, 1307.2985926257882, 1260.7120285614674, 1183.2532772404952, 954.3967863481024, 623.3629160558017, 1039.6042204393486, 1322.3215604152151, 771.2728367205223, 1416.678231080515, 1634.9635191767188, 1214.4583169052953, 1606.0077016869304, 976.3615081868485, 150.6097421295257, 1482.3288762026752, 1262.8198796171691, 1362.1890882027747, 985.8959043001187, 990.7896440550821, 243.45479862123318, 1213.2078124753011, 1618.9849032813852, 834.2063342795179, 51.149550305874435, 1524.8877763071912, 910.9615050983273, 1150.0313050832074, 1252.031407564415, 1088.9764779844868, 1428.5969229734387, 1333.0367424632946, 691.6132001411208, 1372.254973291085, 1482.7134384689577, 1138.617021164437, 1086.9814469578175, 1428.870587951123, 408.9145336131853, 364.1792675896217, 1456.909839424001, 1121.6750037312831, 1592.8586922998404, 1017.7997399007407, 920.6135669507072, 1253.7648272859124, 1131.736830801432, 1366.2869921334204, 1548.7063254288596, 1463.9299368880538, 1577.3548805792236, 185.22841935233018, 994.5289234462174, 62.07376358739566, 1559.588123466302, 992.8342479784545, 1342.6746691354117, 1219.5780906758466, 997.0303823559182, 825.8126221003157, 1260.4948390550583, 461.09502317984754, 1179.8615794148002, 1355.5849690846462, 992.1340700960234, 179.95384183976861, 1396.18776374661, 563.6533599568284, 1086.6502790613415, 184.46022709225792, 70.81542072861481, 162.08286151669597, 1617.2266831056527, 1096.532814302811, 813.874707795178, 1452.799268042775, 240.19920246842386, 1584.8400782442307, 527.7631758116706, 1072.9999943239343, 1276.618122109543], "test_sigma_between_0_07": [178.70629806946096, 442.76076012156716, -3.722942712776421, 99.07261535775908, 40.071419881893966, 1526.3125667688284, 270.6586985816364, 11.013478615372147, 534.8234928202119, 167.45454074705628, 808.1932334969155, 164.35772784886498, -59.46809425079846, 126.4869736939421, 1012.223612816565, 788.7647836894862, 77.77160575788875, 888.8929079022703, 92.3459858132963, 869.0472285387131, 33.080547799635674, 1595.9217004558086, -8.350997031999578, 45.24898497715766, 185.5515812806, 891.0269683215172, 74.71293939490569, 1075.3558395821042, -76.1354542774513, 197.36863268665638, 182.02410231197427, 33.98980842003803, 6.433439897748758, 107.75305216421114, 53.6253268145156, 47.80328697837976, 123.76550419846319, 287.4517143042292, 176.91609032294087, 89.6470979592559, 82.11026615965963, 1116.333730313455, 1582.5864862329868, 1095.987152258962, -8.170419206844239, 27.773962748263145, 798.3942259986127, 819.3843066369767, 1645.587695432531, 79.27824110254589, 95.52153057214022, 95.38821395428677, 178.1123720821954, 876.8469580673453, -84.78845454904659, 1337.878831171919, 92.69328928743485, -47.16593883190653, 92.83745824436919, -5.6523504528668145, 57.02865265751462, 120.41195554599253, 5.821636335965012, 1274.3470916734702, -25.181541012330847, 29.7178568614152, 4.087666427332443, 102.7574762766366, 248.80103910945917, 0.7877486225072055, 265.38139236137795, 0.0714011247633568, 216.95887543697035, 875.951503369605, 816.2210446808193, 117.87529537971861, 72.09994183366942, 171.7520598312055, 237.29062188636098, 833.194509066995, -25.6489573614439, -80.11277423938155, 1309.775440768104, 970.1752674383719, 812.3971787182282, 112.45454259121908, 543.4809814033088, 54.68272561676131, 95.24985810889925, 945.7346465688503, 128.24485052779343, 27.668140190583657, 33.35780085041781, 387.74277364245614, 145.52884734866382, 1.0672978884744226, 562.3583986464579, 927.0089857375727, 1166.152041484428, 185.89351157940837], "test_sigma_between_0_01": [1325.291310081725, 1408.905708205683, 1496.2337307069872, 1231.663626361431, 1500.9374310398293, 1445.4089529161745, 128.54459353413114, 1315.2816427052917, 1420.318953715949, 1449.888933558358, 1468.828412667697, 71.57952838004422, 1324.4669808951435, 1341.0355552514534, 1470.9915025139705, 1339.8974396903823, 1345.9314244362868, 1464.6686549056383, 1447.9199993849209, 1350.8016663244111, 1470.743720336291, 1364.0979323148495, 1365.8281237582185, 1420.1780067115883, 1421.804783347877, 1297.0641584116029, 1263.2154827405207, 1267.1280912828745, 1438.5062145398233, 1501.3924607848871, 1503.544988686742, 1374.7919501554452, 1488.9769843112701, 1367.609018141812, 1407.785464519219, 1494.3348468782135, 1381.552578825, 1449.388407727757, 1370.0714502761446, 1318.5586419341573, 1457.0049504175786, 1504.7506680321176, 1456.6303074289879, 1360.2164380063386, 1528.909559933246, 1303.8082509510928, 1222.117224884453, 1340.8670116369112, 1386.8013561163868, 1465.7859687116759, 1403.5837805690142, 1210.3853898853517, 1456.5778233532371, 1339.8665292702267, 1378.0001651169698, 1353.178964693788, 1262.651294893104, 1419.0264918240327, 1421.0122662946883, 1417.5171069244288, 1349.474957286105, 1345.8792844453808, 1452.8738980934254, 1326.2555719008692, 1455.3471144683485, 1360.60577425528, 1456.1807871080898, 1299.3800978787854, 1478.287769331373, 1416.333185820076, 1436.4106352316373, 1489.8898260986948, 1440.5563718325056, 1424.888977054848, 1431.0439380707799, 1385.1008032188251, 1437.7141512532082, 1439.3955250451104, 1210.5000896889483, 1433.9638852481048, 1400.5524516333464, 1365.2214037579129, 1223.527042646555, 1314.343533549045, 1359.1488941294297, 1344.8774180759376, 1477.3703893997088, 1493.9500531809317, 1417.2882564235724, 1406.9032140057536, 1379.905815606794, 1374.155008451709, 1373.181785648296, 1403.6854209920896, 1495.7073836066322, 1499.831502709377, 1374.8301422489944, 1509.517826173459, 1346.5209668925472, 1426.5202521180918]}}}