{"hopper_adapted_sigma_03_seed_1": {"results": {"test_sigma_between_0_05": [164.24997075940374, -75.92560681139439, 367.4828343918881, 710.981284284391, 112.07760341816167, 23.662356248334973, 1304.651980702835, 221.4583231433441, 744.1716328427905, 681.2684863779489, 75.34363924167118, 85.95700618850098, 57.019438054719664, 1639.9736337521736, 1327.9677061230914, -11.941019030159806, -4.525788809667573, 720.8120450291094, 209.6439313687705, 62.49499845412356, 643.2989473822837, 99.88734862885902, 1419.898436630593, 1298.290283133936, 1267.8440683046053, 94.84957455321855, 4.995312670666317, 17.822879416224897, -24.080595333746167, 473.965977538763, 1410.9990840689002, 95.09067124309513, 1745.664547616681, 1.795985886359996, -51.91712663435319, 819.3275631471753, 1556.9415666714985, 1462.004738741462, 54.505966800107856, 310.905288244033, 194.0117012260104, 15.973069091539944, 32.49896439833392, 356.22231153568157, 3.564106197455839, -18.169738811985006, 46.14415386226609, 1563.4489450847555, 119.89847704907878, 1292.8434496827892, 1416.1251003688305, 96.9869176123087, 1286.3424669531014, 455.4325564160928, 1259.9288543535931, 74.7048892011182, 154.18530358209688, -6.443213617171568, 1351.9632423355358, 419.1906634112392, 1507.1413053769477, -53.06086790676199, -112.03092991005252, 1556.1387419724308, 1546.0358420080322, 1044.02171149192, 0.9689041886565981, 1247.0893292528137, 91.6989860370697, 367.6089878560316, 1429.2542979052046, 741.2452292612761, 56.38299710124994, 1265.9386457389737, 73.88668155546621, -9.34591593573423, 44.86939148955572, 330.06827784956977, 257.0045850242182, 103.65163364969484, 124.27651484521488, 1093.3450438748296, 1519.9827073152821, 444.0211875908209, 1292.6807476013455, -35.13305936836696, 1694.2583162408687, 107.0262964433292, 1296.4852060167734, 1256.161487471605, 1390.5055547772047, 561.0245243159599, 117.07087178208458, 275.5414754194208, 827.0421846336507, 144.17461067945695, 157.40227340210694, 101.1033147885289, 1588.053142323754, 678.0507614560146], "test_sigma_between_0_03": [1505.4587501855613, 1508.101611282963, 1590.0146073468168, 1417.9318791937033, 1345.6301106678754, 735.1209763684107, 66.49989942229003, 1584.6424257991218, 1537.6485182306437, 1674.770522451407, 1345.1389876092057, 768.7220858925862, 1360.2006373384877, 1676.7544684060758, 37.07918254973484, 1616.40461809693, 1346.2054744769687, 380.8087532278951, 713.4608639010692, 1425.2541473917936, 1546.6616987562193, 1739.5489801636352, 1519.5128449251204, 1325.603780975378, 1325.5225810245765, 1363.698306556585, 1478.0582682997135, 1535.7215211319392, 1439.587094359572, 1281.4391671985152, 1608.865137130587, 1634.535817183611, 62.219744585147396, 1404.7371404729374, 1643.0393493891966, 1662.883124831526, 1601.265584792894, 1396.5004657093339, 322.9962200133607, 1367.46947585237, 1503.2849884139684, 1500.958958974982, 739.9869370152903, 1541.7947408047228, 1487.9996942558028, 716.6852929374712, 1732.5328805543384, 1555.1957480440224, 1675.0431058843847, 1665.1550928044783, 1635.7673202806382, 1609.7746393685036, 1536.8645694260006, 1622.6750160418355, 1471.3320321072647, 1453.3281818673443, 1586.0352716560744, 1513.9500972420367, 1514.1530871277841, 1480.5306785285088, 1640.0918161119212, 1445.0377294676716, 1562.0150834488404, 1434.4933562287604, 1601.0253026434393, 58.722654289512164, 1511.9300700053013, 1518.1425272822307, 1540.8364617867135, 1603.5316086172388, 1369.7064959327004, 318.36935525741274, 1342.5818047240673, 1544.9083605226058, 1494.8496712175752, 1606.4055833142866, 1438.3722752757842, 471.1715364478119, 24.09823038361355, 867.248388986648, 1533.754694165008, 1010.6695454874848, 1515.8589144975151, 1651.751831854445, 1380.5815035722708, 1275.2379399665697, 1394.4160238173254, 54.37970796489098, 1525.044101178112, 1518.3820416577519, 1469.1542837569866, 1378.7686217051707, 1471.6729658533573, 1530.7675362426316, 1530.2892290088464, 1385.1035265487642, 1485.1782267608098, 1578.9460240747526, 55.97397894331807, 1528.2120937071581], "test_sigma_between_0_07": [105.13717841686008, 98.35006533690756, -120.7222155718584, 114.36179325230914, 25.205674254221957, 1301.3166119481007, -7.6917860911227764, 7.809150249921392, 159.9303252439407, -47.91410624574784, 13.923218835498847, 922.2774519258965, 15.243488627062469, -38.508369325936684, 40.81025836920453, -6.276488001702821, 111.78322945629189, 418.4460849180204, 95.39567328865671, -3.9567360065877426, -21.805768888611055, 64.35489586684271, 10.799111789367453, 57.09261861652921, 0.9338482734499882, 699.0118744403914, 138.8509164311254, 17.489968537549434, 10.95845989685622, 864.8389314709975, 97.66725862266468, -18.925253428422728, 6.856529983731162, 114.77306095560488, 873.2090818132699, 60.002132839363185, 24.714071472917563, 1311.3564329167154, 113.85581613376993, 1446.5675166051337, 172.2722815488713, 72.13796682031972, 1500.3612931355904, 43.7252726885301, -5.304438286522053, -37.755825410399126, 1584.9478260795872, 846.3269049344945, 1432.7260435929963, -11.654093827254842, 442.8208171008848, 176.81973567853862, 218.3813632479331, 19.102532913068718, -92.08992287376604, 1595.4119466119103, 24.853064535379236, 738.3486351592144, 92.09275746138738, 5.462348449368438, 83.42389662832647, 11.977737931373126, -5.6631829465928565, 79.65095340071568, -16.096877866942673, 33.32602845204238, -59.12135098885046, 56.2527990344286, 22.383256434697252, 2.041621677015792, 1190.279158007003, -74.16708985269071, 1279.9391705482278, 733.3001649581557, 784.1213380057222, 330.5957667888606, 1583.7976133006223, 111.26034521284599, -15.5582469904577, 759.3639075506096, -90.49177402629574, -7.402207714089308, 1369.1732759153301, 379.8228724582019, 40.91807615398429, 879.8990415773901, 1462.36761765264, -16.234376255628018, -0.9433434634614983, 242.26712866768804, 1355.7807194727611, 29.68775295045634, -21.030965030709915, 535.4611213723562, 98.65153430235218, 10.618532819928078, 62.37554013387271, 868.9990828038734, 37.77984908961663, 1562.858731457455],