{"hopper_simple_sigma_01_seed_1": {"results": {"test_sigma_between_0_05": [28.510101108040537, -25.530764387210354, 98.44893436731216, 96.81047697891042, 112.63934953159185, 110.0843431312067, 212.26030777898123, 126.64804483011247, 33.77706090392166, 89.04732463581313, 32.31215832429006, 133.60079283915402, 151.14752744644784, 387.0277719167629, 104.9093757975672, 73.99733861847784, 33.640440849204616, 69.1083591983959, 128.8918314182956, 129.8514750535687, 132.58204897190438, 162.36741700836862, 1190.8921048826355, 106.83544244356595, 114.49209709995198, 146.54189191158653, 44.2001120541725, 163.56300568361772, -16.284388071144345, 128.69183471517317, 105.07439512268607, 125.733213479878, 1469.5374481660422, -17.496369260578646, 94.45281286535169, 2.244823886599586, 143.5463771396506, 156.91707530167622, 49.52377230264828, 144.46118248947022, 76.56339103649952, 108.29568149563269, 52.98298985895379, -13.061561749936665, -30.72677889014303, 4.109168603281435, 46.70272605463543, 2001.4186202324452, 116.3452972929852, 368.0090497113939, 90.3435615205992, 58.86260304913013, 128.64256737761463, 544.9741084523006, 352.2425421705572, 25.27991113344033, 125.91696711052937, 61.56679047897923, 101.52731923896351, 302.9502588640637, 1851.388825747534, 28.121609441452886, 57.898019505842235, 99.33345958907739, 215.88189340346435, 200.04272308048377, -37.901241221897344, 130.91546915336954, 130.0513884914035, 1.3928993178080398, 2010.8864336897968, 93.508079289677, 132.02039919833476, 297.21870925104446, 127.98096634144457, -91.61638494258658, 136.89667044275848, 162.82776079019675, 59.99644425261068, 132.54358357483142, 141.04813524205383, 64.7009843067397, 1875.667473732908, 408.9363222764108, 139.47018548106718, 7.818213166782517, 448.99136674166385, 86.43408616679226, 133.30116641174098, 403.6970456301889, 112.78907935565078, 75.17839249001264, 114.43500958505615, 118.1319885286153, 46.52862202660035, 148.2808258296369, 93.56228750276057, 125.06432402987268, 2168.897978306752, 63.45897846148874], "test_sigma_between_0_03": [2233.3415229518114, 936.9143118314613, 318.52631378175874, 1942.5845301778572, 186.35315553012478, 574.7210932852556, 150.42062073349223, 1813.3554864903815, 2297.3754088108126, 2176.0625257424495, 120.56698752572703, 216.13200777289887, 135.37189362766216, 2062.3311721595564, 69.97651483388037, 1962.6745202372215, 120.92668581848558, 166.37169590120465, 517.3040761798229, 1734.111652336851, 2153.0487601097216, 1998.3382884037107, 64.11997416492522, 171.06689631463672, 131.7250482052419, 1298.6795507276615, 101.90357003713433, 142.04655687903002, 2097.5300513766865, 151.29558833287157, 79.74661352685796, 384.33586086944854, 142.32893570175074, 153.45845215352313, 2095.701202021879, 909.7998777814738, 312.90867900121685, 46.86418086561025, 131.1156062000402, 118.75115501322288, 183.1332443331644, 84.4447472522268, 74.80306119081507, 107.93806244877632, 179.00521953571737, 65.4517363030522, 1360.1447321342957, 336.12436844870405, 571.5540013871183, 2242.1892708826726, 1740.5627242764929, 714.3316597106107, 2219.0822591313786, 204.0397289651577, 145.92348230803475, 1712.6823217278763, 2190.3626692610674, 137.44095627958302, 2020.3450575164338, 2196.3411827947357, 122.450477310874, 175.7021059155304, 46.80284389805746, 559.8526842162046, 113.15180852943448, 448.0286375355181, 1978.088117107658, 197.98388214158473, 2149.996665981619, 2344.8037675236624, 119.60070110511587, 74.89958108583377, 140.96160133531376, 2117.743437976665, 130.97002553569618, 1887.827341954418, 2131.710001693015, 139.4956587134511, 263.1203415971103, 62.400089648900014, 141.53980451763925, 1687.2166432696456, 1802.8720837888955, 1708.3834734966308, 137.62297956916882, 124.74647481811841, 160.6566616690921, 66.80852641294041, 124.480860828844, 21.0083237008439, 88.47903127336757, 185.5191464386022, 1678.3957619241091, 143.63895294758547, 2100.838464745837, 163.85010902125214, 193.60871312441316, 2195.947267570356, 139.38079688940485, 772.9585746376519], "test_sigma_between_0_07": [92.08066320525542, 144.9203340465858, -57.344309576920935, 145.96818648721532, 33.384895664679064, 46.097265812364654, 25.162164356836005, 87.06687199027506, 129.8162040289724, 79.66488466541776, 802.5348670272097, 877.9584082596778, -56.284494520496814, 46.16875724042183, 269.6116522172817, 108.10020796924071, 68.37341183800744, -5.544451900850982, 81.05846936614397, -57.496685703487316, 9.9313385897025, 90.87374376948722, -43.914806714312, 23.28081865642307, 39.12608589465089, 37.37820003860688, 82.08491343312633, 98.49836437730116, -106.29512753333547, 84.36816587415376, 67.3741771504603, 26.336784806814105, 20.63206051631132, 64.01533641366696, 52.85014319514739, 25.737692646734647, 35.05303668091509, 134.41708941788528, 159.52697933898602, 199.17452302485623, 89.27879250625121, 69.57010787312322, 2410.8361507217546, 153.04427783235292, 26.174351872739496, 54.743591728837615, 120.21609838596198, 93.90327319394417, 2206.385658341827, 21.2531895223452, 56.9176975423892, 119.60941543568914, 153.36894275731325, 4.781915307542659, 60.136855898704376, 173.99599968371317, -114.73381944050634, 48.284889680740896, 66.28446129869553, 66.68164147208881, 90.48868908680015, 134.73647436593748, -35.759703197449554, 1308.2316577129398, -44.07675477428129, 14.089852838566003, -27.268510609235083, 63.28492366141145, 107.13212727687787, 41.415245233348095, 67.5788276459847, -31.85273130291899, 42.49889974567632, 50.30711684534617, 822.2950242087297, 58.07680416136719, 1048.4014927426429, 98.07346145517515, 56.20741015600215, 915.5376706070832, -11.200787799878166, -111.94345409777888, 109.72082283194759, 79.53867718926628, 65.80146158571591, 18.885296395652404, 63.127172057091975, 49.7705655482474, 64.15854953024535, 176.31069503768668, 110.49399604583454, 51.88572590011027, 46.14075979735208, 114.87515035575781, 147.05710806613345, -22.650400976206562, 16.716986071290737, 925.9032985318998, 675.8267570646551, 2151.6698913589644], "test_sigma_between_0_01": [2034.0023442983106, 2086.047207658405, 2197.5483061999985, 1755.2151844285916, 2264.362901466817, 2237.90596280513, 98.74922757149034, 2008.225143352969, 2188.290797447579, 2172.0829308837983, 2244.4613926060124, 2247.462348700103, 1976.9198001079058, 2018.1316083731472, 2240.5186431906905, 2064.101600931826, 2105.5224352100577, 2215.6668711842703, 2284.8233300186116, 2129.830046149797, 2114.4042255299523, 2150.2589518907453, 1923.718559157821, 2212.539831577691, 2277.0020347249924, 1912.2331805768738, 1975.7703464394008, 2068.6346418932403, 2232.6558900412324, 2288.262709420278, 2173.0588268658207, 2187.6002858889037, 2144.631384374122, 2220.979097695399, 2157.861437582385, 2256.5326323158533, 2223.838906730784, 2204.949599643994, 2201.8817222335833, 1983.9495415072638, 2195.7719570842287, 2205.1235407998474, 2251.8571598842864, 1979.9448667861554, 2266.211691517547, 1970.5322290737824, 2217.0039523774158, 2112.283479596359, 1998.452713517391, 2133.068328639809, 1973.1595381783923, 1756.0910615680466, 2232.649420838682, 106.14963809866167, 2164.7571240652496, 2091.2317904970932, 1936.5184455676765, 2088.770246976816, 2088.474911938745, 2299.3556732258335, 2093.614773686587, 1965.6700725035832, 2226.3546875163847, 2066.513936163236, 2105.995424882079, 2030.5446901332134, 2158.194075175323, 2076.6537896003183, 2173.7165845027826, 2087.6840467620796, 2182.5390373049263, 2287.5368303560385, 2152.7160415299136, 2075.093185616077, 2214.312672176205, 2061.6835688791903, 2252.4220397173663, 2157.522459503476, 1701.0143174458356, 2116.9699939461693, 2114.0462594012815, 2044.793483233833, 1942.952451172952, 2001.5497307223554, 2021.7967172858564, 2069.0833663412504, 2181.717665713545, 2172.473491049074, 2068.1784533520618, 2080.181353436385, 2147.222806440676, 2131.1458292100424, 2210.097901156999, 2112.80318180094, 2179.897149610655, 211.84907557852858, 2219.2497901590023, 2277.3516366788995, 2096.250839694876, 2200.3446521367414]}}}