{"hopper_simple_sigma_03_seed_1": {"results": {"test_sigma_between_0_05": [781.2175966209928, 777.9631197917337, 1487.8520207236616, 878.4644892955653, 142.90216559609397, 256.66882100712394, 1178.479861616279, 239.21237436677185, 876.084322517246, 1084.7606435852388, 6.123750590867719, 1274.8769100891798, 1015.2376103114017, 84.53090329741826, 171.51695611931063, 898.2517370609362, 2.2241166772830203, 881.0094188838701, 150.36228975844716, 145.49765861065822, 1452.9548850017266, 232.24178395617483, 1345.7720364822987, 127.06924108250536, 1466.066345864331, 1180.1243872466152, 197.15266821857952, 885.817705141005, 203.51560023928903, 918.9652114993498, 1482.5324873664829, 231.6558931877022, 970.340917866409, 809.5363030386725, -16.89024108050944, 901.9403147056664, 1382.563232148183, 1378.0975253323577, 938.6352502159494, 1152.3042723003778, 85.09814925209506, 199.4120289284824, 236.64992830824636, 176.10138695947686, 755.8869282936294, 790.783916549438, 23.39057412725378, 1176.3315928255167, 158.5159301349864, 179.89440455776807, 1219.541403741492, 133.1263480361566, 1349.543529328944, 866.5954241314596, 1090.1741144408106, 857.5162405884244, 218.32824151856914, 15.280664242789506, 495.89126447617144, -6.205752197143738, 1145.3060228627514, 588.5950742082108, -101.80061541241884, 1181.4457591312193, 1241.3348848645703, 1164.499102337461, 470.08511543568505, 1401.761648839936, 726.9490388799195, 215.6807712396011, 1055.2897728720495, 882.6003070572352, 164.36446988158121, 1107.872240980886, 175.49659154023976, 104.297452814455, 1019.6668843834175, 78.18485897979846, 191.4430078970706, 218.1894196777066, 483.27294764073406, 76.32913128901713, 1117.1611005021712, 1178.3932874606598, 266.24555337556956, 62.16693644612969, 214.78545548523985, 902.1048325817335, 221.05335880447672, 1264.623280533513, 1210.2964088331964, 849.421591823812, 100.81310704614302, 195.1732612012696, 118.16149882869065, 182.6658384555689, 171.02320080113128, 145.0852765849471, 1190.5345653303546, 827.3711537092672], "test_sigma_between_0_03": [1271.7086282352873, 1063.0912047325262, 1090.888697917265, 1147.619984082338, 1335.5418853327942, 997.1613396209889, 168.4438173236573, 1095.8027347331813, 1242.7442718034094, 1188.1554956449338, 1300.2486652708674, 877.9635616546636, 383.4896585122787, 1125.4272961272704, 955.4379826334363, 1110.760714323869, 1272.007623503038, 1000.6291056663875, 1223.3481793298326, 1098.1282657138142, 1147.7475566669505, 1118.675308839077, 1104.6883510353337, 1055.3857863709627, 1500.753271394368, 1071.750690768864, 1137.4522273718171, 1221.6655721144957, 1258.4160753825865, 1321.0011010009098, 1039.3975748791354, 1374.0497855013004, 1003.3952237410344, 1294.0823957625807, 1233.0975630106718, 658.4642093662902, 1156.8194944223005, 1034.3763652689763, 963.0690173198918, 1361.4556396134997, 1150.8924200598613, 1365.404980341379, 896.6463895439852, 1213.8135121844862, 1435.2708233903586, 894.6336326447295, 90.1497309559156, 1212.2229035410426, 119.28817850368648, 1225.4799162408785, 1135.8024619692044, 1312.1374419586543, 1204.9838701020437, 1352.2158936118658, 590.5765931409472, 955.2423635820945, 1234.3151002944737, 1195.3135844977335, 1220.6531631858386, 1304.0135865456743, 763.6754518915621, 1317.0878595989006, 901.9341566933269, 1065.9535465301597, 1230.3747660793945, 505.08651300658397, 1126.823992104773, 1333.2437824379672, 1228.1074400185207, 1332.9892110795001, 160.25772516545834, 952.4777898417818, 206.09577560242178, 1290.5431698716627, 1295.5219125706433, 1109.4501137336265, 423.3070595955764, 1084.5274269756076, 1019.2189763676358, 1124.4432314915978, 1211.8229424443084, 1111.5640861479083, 1127.8526863871984, 1033.4163108896546, 1321.482398877001, 330.41740762421233, 1169.6052668899158, 1018.1538248268488, 1242.0857937367655, 1237.1705684503827, 1300.9509139788436, 1351.1990319062736, 1050.9679535906223, 983.5420712829053, 1222.6373357841235, 103.90358766760477, 1207.371950820953, 1257.0039699598885, 1048.8771286690715, 1123.3509935726277], "test_sigma_between_0_07": [63.28394273272715, 272.4322926656212, 5.945508248721308, 185.81371228075878, -93.29503114492688, 1453.7241687533997, 408.4233423325583, -109.06790649957259, 295.6632138464658, 67.51878341662231, 7.637056395565741, 816.1986693647499, -38.562209164084926, -31.225987777701803, 184.3097531759732, 1140.0881950584492, 8.055068727344036, -14.72885036104417, 179.3164729276701, 648.9886330988205, 500.8324657709541, 399.8606166400118, 7.746120408925345, 81.5592682744493, 88.72700236514068, 861.0217606493687, 21.319811531485172, 35.365051194452086, 885.288105444685, 903.6639412736333, 211.96562255511665, 95.58824766625769, 10.787383445622982, 83.69422106952551, 140.7343473483955, 16.294389470761235, -32.93266716241929, 1395.4543974370274, 140.22382457991768, 101.37298125262168, 79.75785281791177, 1123.0621252307574, 1404.6248215632195, 1123.8711769731442, 71.00495389717109, 346.33512136175256, 149.3931291255125, 912.6716903760286, 1323.3878568680109, -10.863903764008127, 890.181300465744, 301.6618327642601, 1268.7846922553558, -70.07269850020384, 864.5531260613544, 1143.8169066581124, -46.841796255882954, 888.7608005233526, 70.85952877300878, -7.721989875115105, 91.46260546572597, 28.528291705096485, 14.804900490968429, 1088.1146695631592, -59.03214401568985, 33.27851257796283, 20.077935452760723, 399.86690772093107, 226.62101643923086, -3.0872172204166404, 253.68154220580178, -45.18997367927077, 209.84334262925677, 843.8919397494863, 896.4828123676772, 62.24490831232106, 1172.6804342405912, 141.76766049423023, 690.8474087720056, 896.3782074665438, 5.922548949575868, -73.95688722611811, 106.55215239994718, 973.4616159043068, 711.0298744879592, 793.6669452012254, 1268.7854039183476, -41.455262157472326, 147.59744561127732, 346.21143783544676, 1466.3075163807644, 52.14971350226406, 382.14041593554686, 343.57496911666834, 61.03267282673478, -3.554308173665776, 1305.1795466714823, 916.0196533143684, 243.96105473938667, 1232.6272101223972],