{"hopper_convnet_sigma_01_seed_0": {"results": {"test_sigma_between_0_05": [-12.95503475748556, -24.00376762836677, 132.22640702076316, 875.438642531608, 105.16192755720115, 1711.6108293563339, 119.71776543440647, 110.57075615944775, -5.806626743481327, 1912.7571995779733, 97.51454081819683, 163.93540231371878, 946.7806472296643, 404.6548186026194, 135.02796262220218, 233.9054979395763, 120.67120707373975, 1318.6384187562824, 102.32382921331592, 100.00250071812334, 1126.2240963446052, 100.62481956307165, 1956.3085207343825, 117.56613225846083, 1745.081929647148, 242.31580525341695, 185.25909749224954, 921.136496702185, 64.92271972654417, 128.664645275235, 164.00262945541186, 111.71627873428808, 650.5447312732418, 19.916621025688073, 34.72309609510704, 257.3250550547805, 1960.662556213206, 185.2338698520573, 1275.4962176652978, 1888.8850237502543, 221.0508277853252, 118.10566310374999, 288.88578815165954, 50.984155131141584, -12.578570729293272, -43.84393319864176, 57.72271047937102, 2162.1722190735863, 111.1068785170006, 322.54353962746836, 161.895643790526, 924.093014051661, 166.8530198169683, -25.36255189102958, 453.04838540240445, 0.7827164239264708, 141.99727604047507, 1119.930863237994, 107.69897945619304, -85.269029333294, 2015.509871270689, 34.253506361781916, -45.55600032925577, 113.89162372819116, 2002.9089110883297, 1538.6522192555215, -48.122892822213174, 138.75222027474084, 464.47757904193276, 1.3305316751313372, 1559.1875147286673, 1116.5450943153955, 1802.4431522553693, 1410.9058531924063, 135.3884184103343, -0.04706447079370246, 1536.2830157014273, 2216.5305473194608, 94.04526879339096, 98.32245653006395, 296.94809060591354, 1829.3810124196789, 1749.2840293407069, 98.09549842780838, 163.9838626560857, 226.96983294994575, 378.2155252881218, 1104.3117723646706, 186.1578358633997, 58.96880093580403, 1746.5960363829277, 891.4502455450533, 218.43776308214146, 104.2800859239622, 94.74017838610605, 112.891491889795, 121.81807382285479, 96.76205279055432, 1997.493506526976, 124.8858948732595], "test_sigma_between_0_03": [1976.890855380774, 1504.6098782680344, 2021.2150032980512, 2036.3495418721116, 1896.5102225550263, 531.9809145243969, 125.07369129196303, 1615.0107276967046, 1994.2360841093396, 2011.2506108630992, 195.97659606584057, 310.37339549742785, 120.46652611284809, 1865.6659618915323, 1486.3986770177812, 2166.6210488994247, 255.4505009820175, 1011.7241677229251, 668.8622736627425, 1860.9191241185458, 1885.1934644931637, 1654.5729785776227, 641.3186847757495, 1591.5995804027466, 169.77512837414253, 1474.396037920177, 2045.2124376482686, 143.4203055943464, 2179.7598604304185, 1877.1829836180566, 173.36115457158158, 2078.6446842734554, 1205.6207311489393, 110.62543044144549, 2097.832032450792, 1916.4916906000801, 2078.3565205338955, 2108.1922222467283, 259.9047130349252, 106.45693767959891, 1512.5818188762014, 2009.703309885704, 1404.404159184499, 110.72433434606941, 237.05830233568412, 776.6661475106104, 1666.7334548777835, 304.0647800871302, 2125.0019345679016, 2105.1943916349182, 904.8442160804254, 2035.799484755566, 1975.091383864739, 1977.3488704097656, 273.2387703292114, 1905.7677198903878, 1569.6296921428336, 130.0764345226387, 2149.7635311448294, 1780.765528331282, 2147.7045506507925, 151.0300673825463, 907.8963082605892, 146.293543909803, 123.23179821882223, 2159.9890069131666, 1781.3068426205948, 2061.1351958559917, 254.1996213058068, 1951.5340312631959, 114.0117046098472, 1662.276481779264, 146.3422986813064, 2185.709426713563, 125.12412450137057, 1943.5244913087076, 561.4454029727087, 162.1410320367402, 1820.979350642462, 2151.8510235574763, 123.29620353393695, 1501.2618555646322, 537.7974153206978, 1537.464994549751, 341.69151148270464, 120.32930173526111, 120.0177951388643, 211.52150338752992, 124.00305547733294, 1696.1038244900597, 177.9541826224813, 534.2948186572918, 1906.1314921954886, 1526.1598596485376, 2024.0271485281141, 157.20831978568168, 1891.5411960905235, 2167.812447007443, 1284.2359068615394, 1234.0519191193507], "test_sigma_between_0_07": [55.93518483824593, 274.9180312463563, -63.499585292808476, 293.37832362127085, 113.18632801604838, 1093.834448046704, 410.1892338795458, 46.52737847954994, 143.70138800414716, -17.822549673279, 862.3302135376579, 930.2175563574841, -58.36720836700842, 64.67667295971042, 361.5074279832495, 105.2554572485751, 107.35534523451061, 34.788684600933635, 205.3196794219695, -63.32485341417633, -16.966626341885423, 262.4775181235531, 9.621829283201073, 305.5491436603796, 196.0252878881511, 444.90958195926703, 147.73767727353697, 79.46836960415678, -169.5171623990885, 905.4538663566001, 102.18389393751569, -3.977352130912187, 53.25393664494476, 109.47612273026755, 199.50269759032093, 28.050751937426682, 280.58560779444383, 1964.7043989693752, 124.67761976247563, 152.73659715465763, 131.69273906347226, 268.2575752783829, 2064.8744540881403, 1495.7454795271474, 27.11088992304867, 19.18542317385581, 1764.932401583621, 913.1397189749405, 2173.3672384287706, 8.468740733728918, 584.2211808579332, 64.054590915848, 374.76544767241006, -15.72453299177141, 29.29522967184603, 1825.5104851366955, 25.155921476121897, 871.8143634051517, 64.97274702104622, 18.510285922477493, 71.3854622877552, 136.45206400640163, 16.957593577074295, 262.59523519438517, -4.274374980780708, -43.490650890582764, 35.58875978556899, 931.4644879829242, 607.7734024996575, 19.669926260066855, 105.96445995931718, 14.36469827189139, 1791.2126912190636, -2.936401754093823, -40.880347588265444, 262.31194265459214, 2010.367212384053, 103.17685112010807, 28.465814298465567, 915.5986186191521, -33.82360514090251, -26.440139241430728, 1515.3300279633725, 1342.1039653426556, -57.0720543317191, 915.2279591581611, 2128.628141193293, -19.27774424833333, 67.33398357897389, 192.70467816613234, 158.69645258158414, 46.7476526176004, 74.6482550916888, 141.12563561946303, 134.3344133453662, 3.5462591293311547, 68.60520051258209, 920.0590309260119, 161.41826182849908, 1834.2898127808446],