{"hopper_adapted_sigma_05_seed_1": {"results": {"test_sigma_between_0_05": [872.7611547992082, 810.3628240503357, 1405.4477251220571, 822.0272218533871, 1253.4143487332656, 1287.0259325307272, 129.69850058226297, 913.5242042252249, 900.1988870354321, 995.5058306517607, -8.510679394053298, 1395.8822914417492, 1002.7950391294547, 808.985246428678, 1347.7528451974688, 828.3107560627009, 512.1541825403693, 786.3165610699033, 926.9014569200718, 1307.7871283579027, 1427.637160446645, 921.6884633388506, 337.08722881679427, 690.3199566412737, 1421.205315320649, 1202.685462886907, -4.844750825727534, 994.8541240557275, 226.66863657148642, 917.476602240495, 1483.8011281977392, 1299.8967764126453, 185.6663399669195, 836.595701837019, 52.71753884167409, 841.003532568421, 1441.7537175782354, 1360.6463638901587, 909.075108352505, 84.32821159011655, 1379.9456456863352, 912.794469950985, 1042.7123257688258, 113.19074987863277, 819.484569704886, 823.0592716309059, 167.61403669453725, 1166.4931782575259, 1406.910956832196, 1081.3275423998025, 1189.1550162388323, 167.2639175690492, 1274.656606764869, 821.549777085464, 917.2967817895972, 787.8983502545611, 1252.8767116436838, 195.87286519101758, 1489.0168820662507, -5.8836550419277085, 1090.2459758148423, 875.2634367742456, 26.946433398296357, 885.1534648701872, 1263.6651933048026, 1318.0871359460539, 895.5192418615254, 1365.8572616693648, 1001.7487969531313, 802.9767456006122, 1048.4316815018708, 826.1924434108761, 113.73763946202963, 967.9559059262599, 147.8801252903475, 866.9019561712589, 821.3907160797405, 210.2046656924795, 437.1459372148937, 903.7653265895707, 212.57827122325693, 864.91627769458, 54.52633343203197, 1369.8383224107918, 1311.8724760712219, -12.448278742560069, 111.44012420758082, 958.6978538082111, 1324.6259781922586, 706.5198439737064, 1258.4016091819617, 870.05670691542, 1439.9754414657768, 915.5702357469562, 117.32912955258068, 918.4344080346154, 1145.5939917696294, 193.02694197490484, 1244.3768541752534, 811.7440233661581], "test_sigma_between_0_03": [1323.0419420358037, 992.3802213883605, 908.955360133456, 1287.5421812120496, 1296.3807420004553, 816.2164034828569, 922.2491508691074, 980.8145486078732, 1189.2525722826474, 1207.1558017720295, 1347.437690316593, 811.563425194366, 1146.8748943140922, 1204.5666086886033, 914.1724126380825, 1096.4409219714335, 1042.7144509878644, 953.2175382204214, 1245.9512443772974, 963.395590899712, 1061.9754467178489, 999.5507050194342, 919.1526364225396, 170.41578785387827, 1325.640264733254, 972.8795580140344, 1157.8959087413743, 936.9642059800348, 93.9366412249903, 1266.934004503584, 828.7361941361908, 1449.408489953007, 992.3741793199803, 1306.26081712961, 1183.8464096179755, 1180.4604781519204, 1243.777147017926, 84.4760147883251, 910.4756789894961, 1249.183044622374, 938.1394528968946, 94.14791716718901, 803.1927016032259, 276.4274162057089, 1461.2028654599508, 826.8069208976641, 993.0849244886278, 1133.8481206975234, 984.315008700814, 1204.2309287135304, 979.2923912644826, 97.47516008523087, 1258.0865122204564, 301.8458416952185, 1245.5216439513154, 996.5684641889459, 1269.4701031032077, 919.201838669585, 1200.0842905818402, 1289.3146850267608, 1028.9520038630737, 1294.724304292623, 956.1308753424915, 826.1314252753655, 924.0310134733421, 959.449959677176, 1095.945378214314, 1254.7133005607586, 1127.3921379762521, 1446.9952618704515, 1260.0495750303617, 844.1657381177969, 1195.7692867216572, 1274.8817240014125, 1260.516942413379, 1199.2081091765504, 1255.4458711712361, 920.6720547254989, 362.1385508918016, 1155.0730146354297, 1032.7637592868462, 968.5239260863517, 1074.1483926087021, 988.5084881238773, 873.2558798721954, 1457.9045687884513, 1268.140764953762, 981.2450487948834, 911.8870837376957, 389.44856523739446, 1273.1381394663074, 1331.5093607351578, 1000.4434664256704, 279.56401653427463, 1273.594544927427, 1399.0962822026781, 1265.4045844213288, 1202.8938152534745, 946.3381797270699, 44.849903593995265], "test_sigma_between_0_07": [84.06540790154106, 971.3172242422588, -12.939369865681495, 1114.5615019457819, 81.57880433273964, 85.8972294635227, 114.60917394986025, 41.90630033937632, 970.2102135872994, 135.4647400730042, 788.3192737382276, 933.5663148422832, -71.24939263021224, 59.52704610652726, 117.83620945411819, 1075.7220130180997, 72.59011610422164, 791.863029670905, 1096.3896197313907, 881.3810440872754, 779.9569048959257, 153.57441907124306, 4.951358823156626, 274.06220711478244, 90.9390050300252, 770.8139752665546, 416.52277955640335, 173.1832291069324, 43.051244794258665, 27.677422127258613, 275.67469410944625, 15.820261838124134, 11.236054052312102, 915.4391468423099, 175.578003930529, 30.504403531255956, 48.75652785325219, 1304.8129179524014, 903.2452201376823, 1367.4783353260375, 1395.5446259400496, 128.74358030660952, 137.46160661387108, 345.68760271223846, 416.3342728140774, 29.488864752410166, 938.628029047095, 843.62199429384, 1266.1130133122035, 2.2662321937328653, 883.4763272823635, 59.26260492711735, 1181.4334733214096, -98.90832011404126, 81.52814641509323, 1035.9886131575856, -91.98985373638132, 46.04979703486169, 75.12312362402739, -27.060190236404015, 170.86926440470268, 895.3939289222986, 6.780911415164882, 837.9224475052404, 19.882527604939227, 20.450633349115378, 28.019547805737243, 907.3122916513581, 364.76622478257485, 4.44142616487661, 1295.9195492077354, 17.80245865528122, 871.1752538049997, 791.7762775271004, 822.8716106627887, 789.8906707649631, 1190.3625754392733, 153.25534397974846, 66.71310783421943, 939.2550513924053, 13.021974241711716, -90.72970015173343, 66.52583137220934, 792.6573864367663, 52.33690051421144, 894.2354861228551, 129.19371991508234, 27.669381470195372, 155.61131898742744, 352.01938263501506, 1440.557690973761, 893.1130787513233, 8.306592189476943, 1422.2139078701962, 888.1739383172343, 17.89219886768259, 194.11975161156548, -20.318545498599992, 1192.9142588540092, 1387.5979944693136], "test_sigma_between_0_01": [1062.6469995277657, 1119.5990521519982, 1180.5767935354977, 936.3466143422573, 1233.5502140926367, 1193.61149908297, 1220.3073008121116, 1003.5147528634567, 1164.8937923387157, 1171.9216300164253, 1200.4112534576795, 1187.835528170608, 1071.9996268504756, 1066.8559505212384, 1175.7598619529945, 1099.6854038737074, 1111.872809596514, 1231.3347699855922, 1234.3771406729215, 1038.1406851295976, 1196.8993380621898, 1109.6813729818298, 1149.6276578698692, 1198.9201117849166, 1179.2408685986356, 1083.6009244282807, 1109.4258404837733, 1101.6800315352186, 1230.4732864568239, 1211.4699173105282, 1228.6080021669188, 1159.1244239529115, 1188.690174062102, 1096.1804279203975, 1175.59769073478, 1216.5262631589974, 1015.1378552280651, 1193.8730261466205, 1140.3682060918482, 1014.1552269349932, 1184.8722761776587, 1184.635668355882, 1174.377203241153, 1061.9713128715773, 1236.8156939150997, 1047.749698412304, 1225.206277155458, 1121.8086797072049, 1057.0575312401418, 1170.6659550418312, 1153.148148607433, 959.7746526238434, 1214.6362303819203, 1122.916387629406, 1024.9966626831251, 1085.6498865477272, 1002.8813376570675, 1158.9081750568957, 1131.2504980042086, 1180.8787480024673, 1093.5696106069215, 1071.4076485194535, 1236.1771189381373, 1040.0781655471535, 1146.6332634322807, 1055.8027026122882, 1199.7005429544924, 1038.0123004300249, 1208.4536633908558, 1160.798670657591, 1216.35927970157, 1237.7337488674557, 1156.9298781097757, 1151.7108775398897, 1192.4049551868866, 1105.3119021238647, 1215.3648222244915, 1139.4202128578895, 955.126753798761, 1179.083306753848, 1155.1186834782989, 1093.6152409209894, 996.8280284682447, 1109.418720336701, 1131.7297642589301, 1060.5753009138352, 1208.1444427501601, 1192.0166904568919, 1201.5824038812937, 1135.336172861133, 1125.1807849097324, 1126.6781700379436, 1116.7383491012502, 1131.2926896281092, 1239.1052882350746, 1259.7737272779048, 1182.159172730639, 1227.4134981622115, 1101.5082246897628, 1163.6955579193088]}}}