{"walker_attention_no_encoding_sigma_05_seed_3": {"results": {"test_sigma_between_0_05": [873.4541911257253, 857.9699484177468, 468.76445691769266, 849.5413726184594, 751.6749272952962, 891.7187160388747, 25.302555893313706, 52.15362877217675, -248.0645154952279, 867.3124084453696, 965.6133423552438, 387.84083808965727, 883.9134058710835, 921.4635009334185, 697.1846111871652, 100.37595154131968, 159.4908598020974, 10.350926782381501, -5.610243532138396, 840.8782229909227, 887.1804257724162, -13.263061472197919, -84.94425653656117, 6.272741423268511, 947.871387435591, 822.550777849746, 909.0230506475963, 131.80688454759243, 992.3773085811476, 978.3896156984586, 68.09677011586746, 27.17040289158563, 100.07473752216728, 72.28555081119407, 876.8425892048264, 121.68417866653215, 977.3316886120701, 890.9297776931542, 436.30642457379884, 954.3685586275358, 884.238446411977, 925.112666682045, 848.4346667437748, 975.0782128263819, 697.7722376496267, 677.3043402947828, 762.795644814084, 651.5427159354833, 887.520103332984, 985.5837976456348, 768.6384866156479, 791.4652920046327, 130.65964021738412, 26.6223238524152, 866.7793365320422, 178.06144464969026, 780.1668133266418, 37.055570026985905, 967.5795435621205, 143.36793195918818, 873.4278806527714, 606.689091980388, 810.3247950326066, 893.7008867641066, 186.20670978368634, 898.3261620768292, 845.2679787736081, 913.7288541590847, 249.86326297439547, 969.0918527176358, -10.972244460166936, 767.9760906802337, 907.3406336723034, 165.46198048179983, 889.8304134492234, 505.92749545150104, 790.7941780637341, -97.17901812304873, 116.06504451578029, 776.7488239846425, 113.95529752936798, 6.099017456403956, 115.45555776365931, 920.3245771115782, 972.8558830987489, 260.9545250040365, 69.29057977951237, 897.2179179942198, 144.4320459087828, 169.7204537548241, 95.12516178765293, 87.76078356187656, 895.341393364484, 806.668028076061, 687.5409746616431, 415.46640487761823, 799.6401558546704, 182.35612255906173, 887.591450940797, 956.6318589382548], "test_sigma_between_0_03": [790.5611145316576, 807.6731383259472, 826.6092233516786, 146.94020530806628, 853.738506127519, 991.535796989505, 884.7238670593032, 167.1784467757908, 900.5822127918663, 795.9083928317884, 332.5206200585924, 669.8432634926642, 796.942379986792, 856.0800701621802, 638.7471568392698, 185.86457539771317, 976.2336745332293, 989.7872916827698, 109.20761488259397, 980.8346687149321, 157.1413231610689, 881.6683000689204, 904.5943374072032, 54.31400116368987, 303.32348464126414, 977.9248466408435, 880.3596252637419, 990.9646964039555, 289.08581299940715, 145.90266791235518, 945.3586320851917, 51.76091740416217, 944.0041687349585, 903.5458168919117, 683.2348284781325, 851.8701736562086, 884.1984965024666, 810.6498407737181, 900.8957613357421, 114.03753022327864, 967.2300445277533, 978.4937171608804, 896.1544397115549, 188.52773815403094, 861.0446730988347, 906.0535288579404, 946.7609567246152, 180.07037353990427, 72.91344618087946, 181.00382448493625, 961.341972149991, 960.0809017767476, 890.9059650630408, 900.697804073731, 981.2708753051658, 62.783004713327706, 954.5571109299926, 897.7904898401657, 715.7561535911879, 883.8901156526649, 893.4096957340826, 873.1293847350565, 905.0743271071846, 602.2874406007509, 969.5378073178969, 898.5621050846743, 975.6438233595172, 103.35767168307244, 964.2363016429133, 887.1862465739039, 796.0046072122467, 991.7120657842527, 795.2355839520162, 977.6177271349512, 900.5227421116354, 296.63467694089667, 820.0415156951042, 961.6092352677019, 968.2455960731922, 115.77798755053715, 886.6557804751778, 997.6766256209881, 186.7027337593792, 897.9713203432558, 86.88774340387575, 239.4076755503094, 30.715830922310417, 905.7177284651392, 225.4186147906355, 903.4768616166358, 972.9718251394021, 809.2122187710016, 877.9024495417556, 855.2259407557758, 946.5120375196373, 897.4898587046051, 891.2358562003806, 952.5459797675338, 358.0146667380469, 920.4801534171565], "test_sigma_between_0_07": [789.7994464440716, 752.262345903795, 770.9169852096462, 899.9320965387626, 31.787608047111398, 104.4231079213726, 892.3286182284879, 130.22459113841347, 966.0982420828614, 45.68926909648607, 32.65588163899837, -85.96713396886344, 814.2389026728603, 1.8324453315646394, 868.0828989679878, -23.387418166096076, 15.707615048596873, 862.8203137702874, 148.47066459918494, 51.5127051570137, 19.25593639195918, 874.6579718048645, 570.2916545520152, 70.24581067645566, -110.05893695792945, 101.8241168244462, 2.893635584589439, 45.928094257731374, 146.93336537379622, 6.118814097647193, -4.46382799610541, -8.317268232624865, -253.25387979462874, 897.5829830031499, 895.7325418621126, 757.7092055564648, 835.3215137911881, 15.663892900879315, 77.1270364206757, 0.0670629437240644, 20.324187707769347, 145.86070971620026, 117.82999962447128, 767.5251706239468, -429.9062371898155, 8.899165831416465, 883.2518432124577, 48.240883968209125, 42.70387284715286, -36.24511014053425, 339.6974445123633, 991.6424993894999, -16.029807815121462, 13.305695154124761, 77.1817164604283, 920.169328924024, 757.5287902062483, 855.259958653112, 277.9911284434219, 68.88671753663965, -76.76343047321997, -38.80679818601513, 878.7463823636427, 24.975149617362007, 48.62804670441527, 859.6163118807447, 987.6766282369316, 86.53364182187539, -1.652690408313286, 93.85501038586588, 870.1863824573344, 186.48941176575494, 160.83521155374456, -32.33279965066133, 51.083731064026864, -8.24079666134337, 60.49598987862512, 69.6167820590638, 9.379148101639053, 795.9955062569592, 893.2503575285037, 9.655522477035921, 149.05747514915234, 950.7082977375084, 3.4573026087108456, 24.52588051614213, 956.2601730897281, 223.7691569184395, 172.9119229450788, 952.0234615489688, 888.9144450005717, 80.24613789539868, 180.78295931738194, 1.6129166031308957, 96.64509944262282, -14.783223118502809, 866.4449266520108, 38.045826586075705, 3.3395540330782243, 102.63074130044586], "test_sigma_between_0_01": [988.1335701899682, 983.5234766864406, 814.1377758423221, 988.0262773383051, 969.440017912368, 836.3446399145668, 898.206294627083, 828.8009614845041, 965.9345643961132, 803.2249275518946, 889.6157375904786, 63.30155914467902, 802.4863585068138, 984.5379525222382, 970.305707387209, 826.9504709223166, 988.9124639618237, 884.4369549229589, 811.9642458964224, 984.9618849686196, 972.6772981953637, 88.57447337583297, 992.1138992815924, 52.18432052016757, 901.5388685092968, 901.5034665654036, 821.5150002219412, 901.8578297346626, 1000.4014144404485, 899.4077503592142, 797.9686500059205, 896.0789158641707, 889.916928828237, 877.4670715753809, 896.1066981568148, 892.5874055169505, 900.0529376553407, 989.2807474325764, 993.6186515383747, 979.5841065889142, 783.7514694021495, 973.3512669742677, 798.4592825976487, 982.2054637675975, 981.0526333959386, 824.2155608965287, 902.1327325431572, 886.5460856234624, 802.1696417110786, 992.0755206502623, 810.7535435914718, 802.912094450678, 907.1825991570711, 896.776623268968, 896.2304575082328, 828.5997658079299, 989.0685852758883, 902.8937198255211, 886.5078060827356, 881.3059003961655, 891.1589612580359, 990.7718325363915, 895.566012735114, 999.0303229300896, 825.0970862866711, 271.0357071158694, 810.6696427283285, 989.1868057424904, 995.8780200711255, 893.7724733499791, 898.1837968013555, 809.0061359096981, 895.7400140128583, 894.9132844473986, 990.7992764314607, 800.0809560234776, 899.1166707894184, 797.553019778995, 996.0866349687542, 920.8441748598593, 867.1005707504966, 984.6383230335208, 981.3872776977717, 889.8592159998823, 345.31339308403216, 888.4066009188826, 811.7797942949747, 824.7342402921872, 930.7188795047286, 905.9190003189301, 983.0693030355721, 893.6856117975398, 827.0146090254805, 885.8352532879896, 829.0983706324114, 890.0265478647107, 958.8972114948189, 888.9302906119079, 981.0817350681739, 994.0888930332427]}}}