{"walker_attention_no_encoding_sigma_05_seed_1": {"results": {"test_sigma_between_0_05": [37.994029391177406, 67.76246833504791, 226.7733521847048, 69.09871834668738, 4.464650411371723, 75.28093714815147, -90.36469055703647, 19.76532465902672, -6.798031563782709, 53.33812393692656, 13.682997784553967, 287.5399902530841, 125.85188751470952, 742.0304360118417, 137.90910515090772, 28.967166812195426, 137.32913362753337, 14.095789540993085, 20.080692701574677, 67.51140100173768, 17.184504876125512, -62.43915456358986, -38.54601184954081, 772.042729952245, 125.4775663371818, 31.581293967173234, 717.0805799733405, -4.933413367008718, 107.08258646146021, 11.309753855036902, 75.31904446088188, 71.71323296594082, 9.991895861007237, 58.17857507053718, 77.80842103739596, 19.180621935087444, 94.33214107966154, 78.42034402823458, 46.598010683827376, 102.76168708800867, 19.875161360108937, 3.2320645265692782, -23.292591781099667, 109.90239038958613, -42.961232507989315, 102.59044289942565, 67.69793220809161, -40.4840241984934, 134.88802890947292, 51.0660684374472, -43.32541476810967, 198.83751427430883, 87.80025440757085, 388.4478299484796, 21.66132472677669, -1.7041875555158186, 3.2523316426847875, 100.39551505329425, 122.27718416237273, 21.011991472286752, 138.55478195239988, 86.9309659956588, 82.79005316873494, 78.56642965241414, -43.85418925502291, 34.62585753117292, 839.2032270384954, 632.7793623590223, 95.84549579061118, 2.75965275292992, -93.39314303847229, 112.79533319816834, 974.1600958530447, 70.0168516599151, 43.33663859086098, -16.759983246344067, 180.25835445613598, -19.508199830263926, 65.81755564899152, 55.47356015312452, 93.48782757122434, -8.369720833796096, 107.8970763843187, 64.96749554554715, 96.32839413017814, 92.21566460142147, 21.385336212956677, 83.47427345743768, 84.6731195759376, 118.2901271238403, 27.323845375606407, 212.6496593294383, 87.06431372337775, 30.263941836512597, 22.794872886812026, 5.0033925276611555, 88.59572828901351, 115.69608991482646, 95.54838668883225, 14.116216016366794], "test_sigma_between_0_03": [896.7164686814082, 67.97436205745522, 110.3789427128858, 67.04048858280102, 204.75938837567563, 102.78886793528238, 69.71722410037543, 121.89276767995692, 102.50284446885397, 180.04946327151475, 121.36154845739189, 147.48077813123678, 296.06198912006323, 90.11528163167696, 27.762828490516203, 197.62673559463124, 63.12783057244795, 8.915133324102827, 1.4383647111108542, 67.16526824186113, 148.98430780464355, 52.071786994319254, 7.355732284409906, 55.75138090459634, 84.33783789593839, 74.89896453501721, 83.16147292712516, 298.9236387204026, 75.50869436383967, 25.904458771036243, 123.64530714971754, 61.36626768359461, 61.44047323764645, 87.88584096573577, 116.11007241501949, 41.455956854952454, 58.2022042624637, 63.27335970292852, 82.48560209810906, 75.67775128526898, 94.79969970245462, 158.02520223156534, 947.7865275492413, 79.73860988061759, 151.7350538952818, 106.525896675267, 95.33481789577245, 88.76970911990672, 148.04497798937774, 107.70768280862039, 87.58252370083363, 104.36483130153715, 88.4547205312661, 105.25943364963351, 75.94510879163124, 72.4866656677444, 88.27537376561162, 74.26624412765007, 10.623659065533204, 151.27975365325364, 933.8070178080246, 48.86156622643592, 10.235234765085051, 125.4427292144771, 199.36402749523828, 895.2857919158143, 134.5227700773445, 57.78305156130128, 64.03506667081106, 76.519471294286, 2.6362875884881056, 43.98596266023042, 12.056947570948338, 77.75057482316768, 133.9388137879805, 50.94889189319086, 71.67334920339421, 110.56409615353371, 102.55791007339917, 166.87725692438113, 63.96174166779039, 120.79139132931302, 73.55205838507754, 92.69157499896473, 179.48694870093604, 12.633775750806167, 50.043975962016724, 84.22533719193108, 29.968999837690856, 175.1946282522041, 255.25866383648895, 146.19303501761692, 41.614027967447456, 103.8996539873058, 79.26684226949025, 101.43784052548708, 12.58538097707208, 171.47372067538532, 347.827614485179, 82.18744079538757], "test_sigma_between_0_07": [1.3106611345358492, -57.054831168639836, 697.6477140013145, -32.094064394539544, 953.7582140736727, 98.56273870598548, 37.209709876425805, -18.204199217227135, 280.48324924001287, -113.26306222591458, 8.256243187997661, 22.575188289345224, 448.7599520229488, -206.9506641984644, 45.601444397187144, -11.535087647285494, 8.410209033182564, 151.83803063971348, -0.6464794069070308, -10.102371934298567, -21.376167156279426, 11.49743107923543, -13.115535522053317, 77.74829105010215, -46.40007107588027, 71.27375367138211, -2.643466386288941, 363.2946240677611, 183.0232626639224, 19.636128346015642, -18.70287724269226, -23.678959520901177, -73.08235034909107, 49.79624382059784, 109.88848461710619, -31.921180581193838, 50.619685901368754, 109.39716819921681, 4.507771947975556, -9.727924604400004, 971.0735315936744, 8.455032858055322, 72.24302670054284, 3.3502918854203383, -87.49384441128116, 15.531804009301538, 761.1821893533247, 57.711439794722764, 124.44262617407055, -365.7373687479512, 106.0908476338663, 59.379060600490035, -19.510307504580123, 145.83091106334646, 0.16097482681645348, 17.645116504298805, 891.2736777323363, 34.679882419622395, -68.74152752575097, 59.77958478028869, -1.4392976303093903, -42.29012706981748, 12.921024461906251, 69.3673217431686, 801.9545640134946, 69.92513018104188, 66.74581817519427, 8.225957396573392, 28.741424089654462, 10.813523188420222, 68.6131847286564, 2.9226170739782344, 135.126496553454, -225.01831747388377, 4.133110205616163, 8.276954689683086, 326.0181847414717, 43.86510189698378, 39.456843766749216, 42.643767214810055, 64.7538597533282, 4.620297249285233, 71.14881881156252, 2.428934302608753, -9.634423943286652, 29.919297765079882, 112.94090352934275, 73.49413060829256, 55.57474358481962, 2.991244104385047, 941.1390717059281, 160.4401475297026, 101.09870664927126, -40.78285248386028, 5.2785746005778105, 4.985609571650508, -39.04352956100998, 683.0446114776943, -21.33271129573527, 7.584348521014969], "test_sigma_between_0_01": [89.09174194750265, 124.99837245857785, 91.86810210791319, 76.12815884043697, 53.24622426327319, 68.40005251633728, 107.90825245112336, 56.68183229710442, 62.170441209101334, 54.35337780243536, 73.95525159171905, 49.30163862616058, 119.66270397754865, 135.17204439713908, 90.81909876606812, 79.1776936959756, 3.9969778770897073, 91.3436092367794, 68.31052286269698, 85.23718468213738, 58.59076241085291, 72.13762522656808, 61.01340486262699, 54.34069198138288, 213.01881761288203, 79.72293556113095, 65.34495659710414, 143.86154944541812, 265.4357192020668, 99.12311019121077, 165.11856992450402, 140.21858721779833, 278.59535418086807, 77.79405503535942, 243.30380519282778, 229.31003280879472, 69.37925342600946, 109.0920543508033, 270.35587568082894, 134.63361130098724, 104.49825989108244, 115.16322572922289, 58.75616033607453, 277.4763973051546, 32.64862032932964, 115.53033147571544, 108.89989925342623, 122.73723686318924, 75.64293180916357, 175.70176366113046, 77.64016915658634, 252.64890279904012, 194.8323162053911, 73.74316206871289, 67.0033902401155, 68.84494610433387, 118.99221079174276, 69.1941748956395, 65.691093704883, 129.84074650239458, 102.79425480496639, 66.55383043810703, 159.02464711182822, 861.8772526428518, 54.07913259246762, 132.73138178148008, 72.50712062855173, 62.53860445888098, 302.4127831581047, 81.24156667052543, 140.84937848930045, 79.32500972717091, 82.05928098717472, 142.16573550030643, 78.17972667628474, 197.3089278091266, 196.37930878366706, 89.04119887184636, 78.04720375188212, 95.81147829577785, 94.50215385561754, 340.750084445624, 97.0329457952508, 72.12780192207659, 132.9786390398939, 70.9628379063653, 83.40048562315557, 83.60658919452062, 354.71405800667395, 76.32253387309694, 143.05729343893736, 898.0313341989782, 74.61718003913353, 69.79495027266748, 71.83756631801641, 79.71539274768993, 85.06296540375375, 98.90289397938555, 88.4245122135405, 68.84475098949477]}}}