{"walker_encoding_sigma_05_seed_1": {"results": {"test_sigma_between_0_05": [958.9265863833128, 888.8921504966303, 999.670735808643, 352.41895125933235, 988.6602553734136, 1001.7455987560592, 1.256592981015276, 791.437119953734, 412.9667634457144, 984.0391776325276, 905.8363844399913, 903.8675138282296, 995.5672203203408, 905.3101061898742, 997.9411786347272, 109.9626781727653, 991.377814809074, 977.0331626483353, 977.792057355577, 701.9346204980286, 993.6761812836284, 679.9084709139149, -15.233707162372596, 885.1503582073766, 1004.3447799722228, 995.2762822268022, 967.0668631178066, 87.4585220907611, 904.0777934494472, 991.3439262458282, 739.4048953255399, 132.01897013716805, 50.50461900992669, 67.48098651548493, 990.6032914216072, 63.93691531068616, 991.727466035263, 1001.7456587276735, 18.21515428129933, 997.1172889749084, 126.21473959583389, -22.645789623996826, 875.4043748227843, 996.3253700477848, 834.3915854089823, 733.7114734018317, 970.4752357636636, 876.690939254579, 795.7443851066524, 900.7660201131608, 977.65794750494, 996.8428945870148, 988.136704468439, 260.7326518716129, 900.8174178975357, 182.6062655461834, 990.5247622579531, 107.70764884649977, 904.3068759692695, 871.0168508674241, 982.7048368586527, 843.6833133508006, 1002.623231989818, 988.7670591076832, 45.33753886243503, 996.6131736012379, 1004.9844790722703, 854.2208894973772, 889.4820337623173, 991.8589620946948, -9.753824489167892, 885.040505338713, 910.4957674336945, 116.33642725897951, 990.2433221826961, 876.9024725939337, 895.4868228372644, 19.115873751709294, 900.83322521938, 896.7572120074559, 118.42031379882393, 855.0154200483161, 957.7708237059514, 832.462862865809, 59.4253539147074, 16.36365203221211, 317.2479011628049, 994.1638383218402, 954.4891930825618, 218.95222567101578, 789.0658375805965, 911.8349935255766, 999.1470346375842, 995.4545075360165, 999.9724110056518, 35.49756439185729, 865.8245889631751, 83.48058076666058, 994.8171171918292, 108.89493602468285], "test_sigma_between_0_03": [1002.693832461781, 931.87513092653, 1007.7727607708655, 637.5270017742903, 281.3622853331833, 1004.7915987121739, 898.2292285523451, 894.1352597190355, 996.1685429872331, 1001.3312963609807, 887.7279423024605, 993.4050209120707, 1002.0113100489611, 1000.0552775057633, 892.2464038103756, 999.8873627555141, 996.1575552242335, 976.6706918198353, 980.8482262928725, 1003.3792723255585, 1000.2762832548617, 993.0185787503422, 927.9518876625474, 891.9838794717236, 352.2393931618868, 1003.1349532472136, 909.2068448018622, 1002.5612897906317, 450.8804630774538, 897.0926045822453, 981.6579529898696, 907.4542884448886, 1000.8638679796294, 905.0474827617218, 981.4348539018509, 996.737951020175, 997.7151996980805, 970.7855690423517, 817.5002890199393, 992.4993536520321, 220.55237157221842, 884.3536499500678, 1001.3955148806206, 798.8950453335971, 977.1324825135563, 737.6526506615133, 954.5143182151644, 990.8344568857743, 70.50673863271805, 659.9953918745674, 994.43836641728, 1002.9061545715895, 998.3358579507805, 1000.4340808064782, 1005.5619973389189, 972.0857650123874, 999.8983709311694, 976.774710887749, 902.916184320209, 981.5433592277941, 1003.4729160037765, 992.3739669948374, 919.8232475871336, 993.7199499654872, 990.9762062052425, 985.0468342971641, 904.6198535390812, 989.7932736979905, 994.4916485290626, 996.4086847366892, 1001.6875135824833, 899.8418312460483, 1001.319475836377, 985.4234291890454, 996.9993163578798, 456.2362196946749, 996.0120976690888, 962.2270518556153, 998.3518860274705, 973.3459767850766, 605.8747534628144, 916.5042878613372, 900.6444932205505, 988.9078378559007, 580.7733275565158, 864.3070784144955, 458.14220010231236, 985.0615881652977, 894.2099850667039, 994.7497472297027, 994.7173995194502, 1001.1700967263741, 998.3650384230557, 936.5138969353496, 973.0619838663157, 997.5105297268922, 894.775157298949, 899.6043936497679, 933.0394169538138, 1001.6769413553325], "test_sigma_between_0_07": [890.4343094584393, -47.137602436417374, 815.3085878750885, 158.4777098368226, 18.52172066032217, 997.3124486236126, 778.2215102772336, 238.82367851289314, 186.09682929746046, 605.1634193080438, 99.16093478364053, -23.43550095129758, 936.0910876719577, -45.59612284845643, 999.5395684196399, 889.7994819611432, 658.9863942654055, 995.3922611902782, 301.70258951268033, 70.94657792072539, 883.5337263363105, 977.7243034592227, 28.610956617679047, 160.41906178664934, -55.02349693019787, 813.9215599549887, 687.9266379930201, 992.2200930718388, 109.73796277537174, 125.79641505468905, -10.62872243051388, 19.27091937946388, -0.25683154864818736, 428.8191492936817, 992.6946836155652, 815.4368275580988, 958.5674543595001, 400.5848917437094, 30.499422440188944, 51.397574131769936, 77.89320993351134, 80.57513238034444, 50.703590395869114, 332.06874768277896, 326.9412060188055, 23.601982304372356, 998.9030654460313, 899.202926065758, 313.1519010569261, -30.884196528437318, 971.3925260032221, 1002.1592920293062, -51.43863206821989, 816.9994934674816, 132.65311919179942, 1000.5758909418286, 994.9680635727643, 799.4828924412997, 830.4061680270669, 24.162321383044763, 1.1162466174486316, -26.191356769169214, 897.9146943559022, 98.4260216665191, 886.0446115763762, 1001.4295158552371, 981.8811944874557, 57.71283259868651, 890.6410125153996, 821.5401427193974, 869.2059860597515, 895.544535097005, 804.7909831687948, -82.41188099657005, 26.06656400061329, 50.41806274365954, 28.00639102770365, 876.723812642687, 774.9188132974142, 900.6324152246735, 894.8196063538487, 21.936207629073756, 246.44304069887022, 993.5070855339811, -37.72765811890422, 54.428738640787195, 996.5329309943218, 996.5057582865945, 988.1724002963592, 998.5313599645056, 995.5589748725167, 27.471354077810243, 846.6997036841917, 13.196006734459662, 623.7354144393445, 438.66535837584377, 895.5538992633107, 49.660594614791634, 17.019584907687385, 98.00749536756916], "test_sigma_between_0_01": [894.8934400146969, 973.4332323660886, 924.0956714328629, 900.8160609098865, 959.4241626748502, 999.7915440935946, 899.4873322850672, 1000.113676470405, 979.2015494746497, 976.1810656676735, 976.2239945721435, 901.0947112764577, 992.2131683242543, 1000.4210587037493, 995.2629195837612, 999.7066158931409, 997.6195719283135, 900.5762529709162, 893.4080525720188, 902.970695182072, 994.5943982794337, 959.0191761643883, 18.166873786484942, 969.1114443609356, 998.3834271978719, 1001.3672297632631, 1000.8043164281561, 1001.5760681038241, 903.4557791189961, 899.2197593707755, 1001.543423538915, 980.6992544107987, 1003.8193576755858, 995.3326039113166, 896.2920613557702, 1001.3522938495859, 900.4599039589538, 990.5980319849403, 1001.1608062733716, 995.8702020778139, 897.4185249909763, 1002.5127885327404, 957.4288748708334, 998.6057973605833, 997.3381132045531, 994.512779933827, 900.5781055608428, 898.3205814992066, 1001.2192978565588, 994.9938176573867, 1003.4679018320722, 1001.4320032708289, 885.5328618804766, 895.3743333137024, 1002.6038176805547, 990.3728463849105, 995.3951153143408, 899.7516958566727, 989.027080429174, 902.0881645852588, 894.7882927210622, 1001.5890054783229, 899.6095009959134, 865.9512955826937, 903.7167960763278, 888.2553112066489, 903.829774876845, 901.0310921757901, 991.0473346740116, 907.9186830773511, 994.4140577371332, 990.9396299731599, 874.9820954450322, 899.7945172261052, 999.266382340265, 898.416396531965, 991.236270251919, 1002.5108603243339, 973.288307535471, 900.9669802242944, 903.7573580793926, 996.0164873242978, 995.0949668670207, 899.7582097861634, 906.3204745276639, 935.9460208480562, 977.536295166964, 990.8854801750679, 995.817992541106, 1001.7135952371028, 903.5032348367728, 895.8823851185746, 864.0849173255534, 885.5227148863776, 999.7757203579642, 996.0170637970479, 907.3110376090191, 999.078427688746, 900.1770946640312, 899.2306665887643]}}}