{"walker_adapted_sigma_03_seed_4": {"results": {"test_sigma_between_0_05": [120.85601911563862, 297.939634637539, 30.25196788934699, 124.53035033148335, 1485.987123350949, 1337.9985542527593, -40.17439725656293, 378.37769587125666, 412.22853287711774, 172.53052307734464, 1174.7260360011824, 36.69149112138403, 60.3884702170413, 899.3033338228618, 163.66512714932472, 115.15233748486644, 0.5502248701304739, 94.88689295317889, 708.6952558799327, 28.175172955916782, 1942.9381396891392, -62.025060416090135, -29.787101382719996, 1415.428298473154, 1504.7417097355194, 1198.6444690671053, 401.9553887436632, -24.908657386274722, 103.28937000990847, 1598.3627926863335, 181.20925089461232, 167.10647770479846, 0.6993399949351491, 112.8939410134175, 1434.0150648902163, 60.40926605206478, 1503.6516498364617, 431.6725235627763, 103.71991158508176, 1580.3922293832431, 939.6150770743293, 721.8627496739497, 404.23551154762663, 1635.7979857973164, 98.66178569675684, 20.85619258433581, 759.2018077418496, 65.90888413851792, 255.7296739035591, 1608.389710929898, 76.68398224379345, 268.2724345210823, 885.8181827484107, 206.49857912595334, 1453.618285587844, 1447.2246122624433, 1661.082301379009, 102.48651501748972, 1491.8264313092957, 144.34491039178548, 244.42861727138074, 136.87445278775988, 155.75586602220423, 519.6101367179027, -58.47894906681175, 1549.6557368746423, 156.57567679790077, 83.74196455904459, 48.81848252148484, -8.420675106582351, -106.17179687877653, 34.96032430129708, 821.1881599764724, 52.38940950581745, 1450.121328074234, -163.7953322807705, 133.9670247634174, 12.237285448185869, 259.83250019706895, -7.133978771170952, 51.61287234202171, 65.18064779640993, 964.7468720184172, 1420.8335253364137, 945.1588408456531, 111.2928466350073, 89.13809525464313, 62.62781275013404, 166.2156878092778, 41.21077525210127, 133.14925262856272, 207.8351202504491, 1185.3570485748771, 1166.2094084204457, 1389.6515623618527, 65.26944669880757, 274.82725875440514, 23.657995080473498, 1402.432180422201, 53.62735023695859], "test_sigma_between_0_03": [535.459487765623, 860.7192807468128, 144.2235758855735, 287.5113819441151, 233.33127448920143, 985.3365632720869, 1512.0520720864158, 164.67901034997183, 238.48813713198186, 1724.912913322484, 182.59550749276224, 1548.8222588020037, 969.6924002758947, 122.1159525212963, 1514.9403350632647, 1478.94156348316, 319.03078152936786, 150.94853994590665, 278.62099001864266, 280.15832478232323, 490.6235315535933, 1751.9359120859397, 1680.2579942301961, 73.20436230896448, 84.31410349840733, 26.29772936656519, 24.576713817565174, 212.51688830835053, 179.6965046471596, 76.20263472963414, 1031.4971577003696, 1206.4548626606365, 260.6063155836921, 167.99494871828782, 1722.9657578754654, 1645.6369770278532, 1605.2685601436556, 181.56062463984702, 1545.2841019524265, 171.62291766605333, 1019.5718595191541, 249.1299928144522, 1689.3209209721704, 968.6849379979536, 1648.3405877329924, 584.2790864369124, 167.25930457753418, 148.53364447633652, 76.65176222708104, 115.28790109454131, 1548.458890429825, 1574.7487113081731, 1720.4750339680834, 1543.6193323667799, 917.3130959749388, 684.2615598044553, 90.98811033200182, 984.5514329054936, 1596.9039554429971, 949.6710115924421, 935.059651525024, 738.1363341239809, 308.7527934756073, 1511.8497921371554, 42.1073425229828, 102.08101611485179, 28.600759919708068, 188.84316962062888, 1626.5835859277315, 471.2866288346168, 1763.5745498252077, 86.05564626302657, 1760.937117120168, 554.8321984275942, 27.104930566054822, 149.94250406424845, 56.475017792679125, 215.34535902094788, 1685.0970455794377, 318.49996766641584, 1321.4227605488138, 241.50752262680183, 123.69777402010807, 724.847110049267, 83.39165469939468, 108.57898438932462, 122.6239772255518, 392.4186954573524, 169.00744781913681, 346.4078709516294, 1491.68509653713, 59.896269386423235, 1251.5559985681764, 497.95486330949944, 1651.5770231226252, 1739.3875304773596, 485.26034435454505, 110.43288730993666, 418.62771489438575, 1540.6553455276705], "test_sigma_between_0_07": [796.8486402170822, 7.367552566043738, 44.91213541452453, 91.70578378188219, 475.43269241499246, 116.30498338367471, 175.06506014066395, 28.10565936022758, 92.78938577962401, -32.67023397692538, 59.41338234392752, -109.51596956473514, 921.4979539513205, -14.308289474842608, 21.958162847062336, -5.597785788206966, 99.04234483585317, 1339.7179473898561, 76.44625806963742, 11.112260197055, 31.252691891082215, 1444.1430493809205, 62.56447950322035, 129.84964181994158, -20.738099988196343, -6.980029099785317, 386.47817768568206, 1289.365441030428, 141.4505891790439, 53.662642696348485, -23.019215175817948, -9.358057495004324, 13.767039558906983, 25.773724786906676, 1820.3590787065302, -208.39661930519628, 108.39222271836478, 80.7633208150786, 43.47019116485899, -3.7118627158299224, 88.70776592271287, 183.69734670200566, 200.20592616251085, 3.376607204487663, -8.020020249758092, 69.65420678037339, 665.3736501509082, 28.62014891909786, 81.24084725435827, -54.940397108042085, 175.47709462415366, 19.91758461941645, 0.9661420679840378, 77.27610992342674, 1.4160304111937876, 126.60441971018588, 103.94076339514284, 1073.059357107475, 20.27073081557028, 288.4537936362583, -19.190818441314324, -127.25469672835024, 52.306961621865135, 836.4772697414647, 99.67408390703058, 114.3099123941123, 441.6660876118156, 7.356443064463382, -10.842704195900296, 117.52072738890566, 60.39829078245239, 80.18972786378875, -3.617740409703398, -60.05668868162319, -15.481225256121256, 1.610829626859048, 50.73108053776669, 92.51811020129826, 418.32731044474053, 703.6134995520888, 981.8351194946414, -1.2712781537891735, 289.6815920849361, 269.93522795274464, -45.21687475565121, 79.11272779217106, 1617.2717650584186, 964.5343697312348, 68.42007207020359, 117.09215098534477, 1061.3018117518902, 33.28006144811663, 30.92506141529592, 10.564208223615424, 146.55120734846713, 3.9989316678387694, 368.2321195232319, 42.18974990663846, 59.08480923113529, 117.4102650120258], "test_sigma_between_0_01": [452.40528467818626, 939.3851115431282, 1080.8547282280224, 231.00416586102497, 312.977217219735, 429.1354606350956, 308.34421834368555, 1070.9324289172969, 375.39277463213665, 357.8810969163298, 34.53658188556729, 219.1179903809156, 676.9051844172282, 30.66992216403596, 211.5224325216171, 30.077335503476206, 716.0090270164676, 599.5262088564394, 27.989566587509763, 303.1635328274178, 117.52458392360423, 343.28053270861267, 1472.96083025077, 133.2428733005247, 332.7344026505379, 63.65096375495051, 280.63690422713404, 222.04060135064793, 194.0825293322443, 327.4248391143646, 21.632339502598917, 341.73799665459524, 242.33405887077677, 596.933458314331, 310.46169706570225, 232.4706739229861, 276.4057592716853, 176.69623325304133, 184.13910435729338, 319.0116630655858, 272.03277336061575, 147.26959288113727, 200.45288128337128, 452.63275633738317, 78.5547889921494, 205.2069797843433, 453.92029423504715, 28.215309962976608, 127.94501130715943, 19.849560909530553, 201.11419267568849, 1525.3882401283836, 22.02000856747618, 290.8907774863327, 662.0319211595204, 118.95139965047561, 215.49393846553576, 192.9948179018509, 37.27328557028522, 770.7875029090688, 561.5079493887049, 1602.343751598428, 232.29289377276453, 432.9455084004267, 329.6622812250848, 898.6708210016477, 501.6223141910872, 1677.7172474253816, 181.66259825358716, 583.9306748638821, 302.313043187336, 190.62447043597354, 202.43662401054468, 181.70873738424996, 144.53701704388075, 1505.840058801544, 1156.817407570671, 189.21439738572082, 331.21849209561185, 196.45583064703098, 207.06256181888753, 313.4753126514011, 226.44350857913383, 300.73017374301986, 385.03178648469645, 1672.4184028450245, 227.37638711551844, 25.081707728949546, 20.275753608529335, 179.27045618823473, 191.46205513747125, 22.726671077084024, 334.8102961989192, 1489.9033655743028, 275.4439866106884, 146.8043344348436, 28.13837275231926, 415.79212141670877, 393.1428323784491, 568.7652061651384]}}}