{"walker_simple_sigma_01_seed_4": {"results": {"test_sigma_between_0_05": [1114.262599493738, 192.29698073190664, 699.8865867620759, 2129.0921395987834, 24.96615992248553, 25.744293247649324, -158.5729543243026, 55.314324211482024, 94.87177572419601, 2209.8559032229036, 709.7726062770502, 29.25793276741751, 98.94271357571851, 73.65033670996344, 76.81842612417967, 70.95915986853359, 119.74864582285079, 90.79451667746183, 116.38455019732794, 1541.851013772059, 14.75727950992586, -106.21984407947745, -0.8859737990991567, 127.76874660264734, 991.4418580490906, 2256.6632003196914, 1291.519103681633, 31.224017861067843, 1659.67889568542, 463.22201660984587, 1522.8215363037182, 1737.8385932972915, 67.95377099720208, 36.879894567969316, 113.25992773751346, 64.56033114679305, 1914.3464690063033, 1854.008164683365, 28.029075737582755, 492.4898971642438, 13.756477715037178, -59.49020260678663, -69.37819287426538, 2164.1681712937134, -38.397450203493655, 95.79146489403357, 1707.8568587658965, -117.73071458349587, 79.76142944201275, 835.3186296177846, 536.6308325451213, 1106.2454163130521, 77.79290975906042, 779.5499995843944, 67.59497374617786, 30.413985923035938, 74.5130712183978, 27.113480403710856, 1906.8968645781836, 52.7895382708477, 31.348200339931644, 65.96745077995, 2236.1083546760624, 14.631448181551239, -70.31195079243626, 2035.2269597773036, 1877.0690938872033, 32.14840399566747, 33.52013164251839, 1602.7373811117461, -96.82271039058833, 109.21171870775872, 79.78522962524293, 64.22037292663008, 261.4551868481242, -26.17041212637851, 2117.8230957538854, 42.31760989108734, 1837.5784036694636, 2231.6584912810617, 46.277045400418864, 38.649240232026216, 69.53901574972842, 99.98181035359156, 36.15588420346758, 64.63838977345584, 43.50200050704735, 99.96126194673127, 65.69780800781734, 94.79173362230212, 59.42176115250185, 64.72517034453631, 22.17340795671479, 44.99257153102223, 1662.3089601913316, 56.79632953709661, 283.9850697290881, 45.38145530875627, 56.65963015732123, 42.49484197207931], "test_sigma_between_0_03": [2275.841546367521, 1178.8033202099725, 1213.8718280613498, 68.5892806699281, 1816.9259687379435, 68.92909954112694, 512.2150175697839, 863.4264022912572, 905.9394921558668, 51.65524648289427, 51.10053333860414, 511.9929986880512, 2160.648718529269, 2183.1287672562476, 13.420284658795577, 1950.9742195010008, 1884.770479653139, 445.66971014264266, 26.250833684866663, 2048.571408846132, 1914.8417695993123, 2243.790672325529, 2274.902594786634, 89.62497030143713, 80.89601760623192, 2107.284302206386, 2324.259675760467, 2249.9995009660224, 73.51527208119222, 2178.6665587629295, 2002.0516950335711, 1811.4817646196873, 1961.4610517187602, 1737.0550377984714, 134.9964863433677, 211.90281248293326, 95.96028659430593, 2198.443114445037, 119.69305597914352, 93.12992071195622, 26.805579375868547, 770.7088432500308, 2099.8927949046606, 70.27619376564402, 71.67838233380319, 2195.3896167382695, 2042.7848408303175, 83.81711550660981, 61.22617758752313, 112.13769353496899, 27.483706575879477, 1800.4999157257491, 118.17590017088365, 120.80426478605078, 1782.633631095948, 28.65620290393999, 1889.608910812159, 2076.3643780048865, -23.333100217266477, 494.78696597920793, 46.923502705428106, 2262.4563759422404, 1922.5402704686653, 76.4651753455706, 2110.179286423577, 199.50771523387237, 1398.9964879752065, 2114.7852038395913, 55.153709236066774, 2013.5558375372034, 2260.5855219891305, 2304.9993357315398, 1949.2306539766662, 2082.2486626941823, 2043.8699196893033, 57.592841178432, 2210.791732766001, 1013.5780837964403, 688.0648215065344, 59.540793505475435, 1664.9260745847375, 548.530454698262, 1803.7417811046073, 2175.7149974377207, 1825.5508459993384, 2133.9364731772557, 56.15984316135289, 722.4961401759723, 112.48024034931733, 2215.255468391374, 835.9422211311103, 2076.6241735709864, 1359.2705267506362, 191.105796588432, 2338.4415872825953, 2263.3253924261203, 729.6127709173411, 2357.9079684428993, 109.26634593544003, 390.2488216199624], "test_sigma_between_0_07": [190.1339462603108, -144.52766871656206, 66.69757315731547, 60.7118954463629, 28.56389764861233, 2087.92980499353, 109.14942076112631, 65.83640810427315, 23.079747306703936, -36.39401525927387, 21.997173692827346, -34.46670692586778, 1846.14138261016, -117.1331288129033, 1392.1811506385693, -58.2071790421192, 3.889002885841181, 117.71125774079847, 117.27840796361852, 11.541386797123414, -3.9759434198131194, 522.9091081176826, 78.67949579653505, 22.381370802949817, -49.8864554636821, 74.38680125459653, -21.390427053702304, 35.45372137280793, 57.62270622419601, 215.70468618040903, -24.142062351451024, 46.154136443146854, -19.90509113267035, 832.4755731639507, 95.1868274440989, -126.03545824168101, 2272.9118943208564, 27.41012115586345, 25.0838369990699, 70.40550640350119, 12.127973362532792, 43.11052054621832, 65.07454300409152, -4.02505938707327, -66.627550159907, 50.60237214054943, 7.2135380889623795, 22.11418406529701, 45.414981594141864, -66.67155924413092, 111.80011916017101, 1554.3154043284171, -101.5861926559941, 20.247089098772268, 62.12935360072443, 793.3171383397598, 93.30619413982785, 10.388669176593249, 14.013957325131923, 27.66072215614258, -36.25360244499314, -101.35261860504689, -104.39550029615636, 282.755298999288, 25.634997636215118, 1571.8998075372485, 1679.656119835256, 26.79694857321737, -67.60093913860766, 26.747046879721164, 88.2547023413703, 69.41103130850534, 59.80962249602162, -31.288853422705152, 43.49130102342169, 0.102264209736314, 23.603735261486147, 24.70019466069934, -2.4591054326927395, 38.97057562816191, 507.2398554233409, 78.45969402601331, 18.356109330251638, 488.67586565214884, -83.19372816858085, 26.529257461780794, 500.5014805779663, 108.93432039206094, 23.6372301998068, 505.94045680791163, 42.97556038157346, 58.231744124012764, 30.69992516960338, 12.603113030045643, 32.83786593778349, 14.089378169363771, -56.54646529036254, 25.764800227068193, 35.33861112630693, 35.0059292933467], "test_sigma_between_0_01": [2093.1695312262977, 2235.459980959737, 2099.719252480551, 2224.9357772583435, 2091.096534136851, 2271.102181097903, 2207.856277057101, 2133.981776011099, 2233.299765056453, 2268.528633433976, 2243.598427096609, 2259.236836526858, 2280.5434303554507, 2208.0446535113574, 2267.8724103034597, 2195.482193902335, 2268.9201429219215, 2094.5295903939736, 1195.1101002208966, 2302.517400229822, 2318.1020875744266, 2224.4900182908073, 2206.6796921463097, 2275.5966389696473, 2158.733207808334, 2130.623548923448, 2203.572516092896, 2258.7685581316305, 2332.651609378454, 2302.577591200023, 2136.951466012741, 2204.244206247868, 2193.5589317381773, 2236.466174030848, 2156.8121366551645, 2209.7874249662427, 2260.6376487407942, 2276.3403201729247, 2319.2513288037053, 2192.3564111567807, 2196.0741388863185, 2222.5562971336517, 2134.4255913262, 2213.8458904592876, 2113.9572074918788, 2167.9723965723265, 2139.9377150753353, 2312.923066722313, 2205.6993424404372, 2301.7618455500437, 2178.768406080463, 2239.0680207742967, 2227.125948842803, 2164.0615703859203, 2046.2120588428106, 2291.409158401095, 2212.3087192968333, 2335.5470622113976, 2188.0837809144396, 2250.803782579123, 2247.14702177746, 2308.669171145501, 2180.88339810411, 2247.1549407885814, 2278.2333285449313, 2032.8827107696386, 2245.245564699179, 2135.126362119404, 2340.4031788512284, 2326.680071833515, 2304.425101907487, 2183.075130760205, 2321.590062773835, 2276.8682929750007, 2275.5167377732682, 2180.7631862456615, 925.2819551416179, 2346.221613016527, 2354.5997472491094, 2280.863233663175, 2275.8484465802158, 2296.0656512220266, 2268.4887372130534, 2134.071883069774, 2146.4161140772903, 2330.8679245270005, 2263.648361990467, 2201.9547439905, 2226.5573960021075, 2154.374687997951, 2222.1084144811734, 2322.9624300464307, 2332.03880811631, 2156.94629541698, 2188.1435090244304, 2099.766225191852, 2251.631391671469, 2107.9697995047204, 2222.0645743546743, 2260.3742445477997]}}}