{"walker_attention_sigma_05_seed_4": {"results": {"test_sigma_between_0_05": [884.9116838503983, 867.5975153929289, 770.1916214163156, 982.6255119382191, 880.6009233151478, 980.1170797632284, 778.7544883909507, 983.6229872615402, 277.78506290857484, 976.4141597235296, 895.001208713767, 965.1973571780566, 34.48046102131338, 971.2548890572248, 954.3361073079373, 52.49127360112761, 975.6201911371246, 130.01135487113936, 871.1542039250841, 870.2655247791819, 882.0739411968685, 796.6117397259612, -7.989237177812894, 863.2501712618981, 914.4516096342043, 889.043987346544, 986.3344329782567, 296.4482776444346, 981.3016479705651, 883.6115297146488, 983.050349188024, 965.0629757512787, 858.0257092473616, 256.4846916792752, 831.9981817247831, 54.11486762411805, 984.1613613861207, 884.2136447102184, 527.7363551800007, 896.031188207038, 960.291874835865, 977.3443336201801, 745.510230103129, 987.1220422381504, 783.40736004244, 88.48966250325175, 862.4140728420355, 777.9542709542368, 972.8001602880735, 984.1251844406459, 866.8217627275528, 882.4086294547204, 324.1580176755003, 884.6043252378979, 662.2121958500206, 814.6943152206865, 890.2310483411952, 714.8717460772864, 981.1099208753589, 262.8242502279069, 873.7739047797522, 984.6190251663598, 874.7844711666407, 983.1067277435048, 713.5831470060425, 979.7446649816545, 874.5810407395511, 970.9393594699646, 856.816124261317, 867.9528818748299, 655.5879487225459, 945.2519696373516, 929.7770419319594, 889.3299729330255, 983.0986671469976, 734.178841640442, 979.6460439779429, 43.50809386455221, 983.1873371087711, 977.7778059796019, 136.01278264404826, 247.66712602369526, 904.7019027808966, 858.5787442503259, 895.20547992336, 333.25832074298955, 122.59550336903199, 982.4888844189179, 904.9582974439999, 454.5151357103168, 868.7156606547918, 952.3194298652363, 768.9335777100761, 674.9764092039626, 702.0260268537919, 861.2423019105006, 980.0364095020874, 849.1030132236, 983.4291096737475, 212.56717606612227], "test_sigma_between_0_03": [984.3213503388743, 885.9662156735036, 984.4648545770102, 961.843832766666, 969.163308468344, 983.8546684605141, 893.2382605339822, 977.6598860241326, 985.4301325354221, 918.9698292793078, 969.0824855349057, 977.0051593630341, 887.4884750811748, 867.8605712786778, 787.4190910326843, 975.4731267528687, 984.4830120803497, 977.0754224275662, 938.4666261136655, 978.6725461489988, 975.9648990330298, 981.3671847148127, 908.8558287955299, 868.9390919175577, 870.9273429124987, 896.8869866502687, 986.4115875862265, 888.2938141154638, 974.3777943657187, 886.0732868357543, 890.2117906272781, 892.2324559830577, 986.8285806746713, 889.3321043468361, 864.38399282122, 852.4161866237077, 898.1238165696284, 892.3814615284899, 982.0895463272562, 986.488100867608, 982.3526786253377, 982.0227570503158, 986.2826511665863, 866.7556533720266, 777.2727104984995, 982.9999611640795, 984.0197870455481, 242.42635861876195, 968.1634948915897, 966.4775417826633, 983.7108387310454, 985.7449412098215, 982.4879035002056, 985.041955362426, 899.9174501437551, 980.1534947258546, 897.1184104276286, 891.4673229507225, 793.2027151269223, 871.0809032916453, 958.7968551192959, 984.1410562431251, 891.202248333741, 757.5916593996249, 984.4477079352399, 981.2663021237406, 983.829984460785, 982.3105146385834, 979.901104881812, 984.1722846387751, 838.7118813470394, 888.2170308798808, 895.978939875828, 907.546002798387, 894.450487868064, 888.5387145273224, 979.3861425675566, 885.8632888047956, 985.5789696145264, 102.3473456728869, 981.673858076413, 984.3595574468424, 953.8104217173666, 982.1632594507915, 879.8872362640403, 972.4160966905249, 222.0054684912611, 894.685983837157, 976.2038323839548, 983.2800482703298, 983.9983941637397, 982.5238111202834, 869.3633727555558, 971.3695173933339, 801.805129546915, 986.2311996640069, 978.562474930332, 989.6146006986025, 866.617231369657, 964.9530343367245], "test_sigma_between_0_07": [984.2482652735802, 742.1905233134371, 895.4534381752583, 804.6974817089296, 884.3964370762891, 977.7033779289093, 841.2358425789438, 228.4172458754604, 873.2775733030973, 590.974402142303, 181.22964943186807, 706.8214098757211, 676.5315829936334, -31.930124628265915, 874.7916209996591, 599.132108144109, 698.8683403894286, 677.4517387084874, 961.3627116135327, 76.36141860616335, 310.1481715733139, 882.3684854970498, 179.75915372350568, 874.9103347427218, 625.4885545876795, 197.0707898747714, 66.72470668592143, 976.5050981943109, 235.73405223196903, 874.3001131389342, -12.347008474670293, 24.89487600674474, 491.59533529672063, 885.3799028396245, 891.9653898330027, 712.5673624581792, 985.2790681293203, 115.34502507562568, 190.7396156254734, 796.1342293743209, 873.8130788074548, 69.44051291620416, 841.4417130990574, 785.4374163867551, 477.77054679792826, 148.90875024580603, 971.6244821841059, -19.335938944297965, 224.02440403512298, -244.81193194674864, 976.352810931974, 202.49100321709128, 17.36013267954113, 864.418706099229, 811.4229578394401, 908.6235913063942, 988.0769341308567, 65.5361200949759, 325.1204553873583, 232.11444873775758, 605.6726474627347, -16.957460718540826, 761.8364382667336, 867.2564408997631, 649.8337570820028, 955.242378766303, 985.1418602225141, 32.24235748666396, 7.614402970188531, 199.00183179553724, 974.7116054594393, 971.1635323991675, 774.0168681153659, -277.672382454577, 841.7597506521286, 64.66206149894859, 473.34316308110834, 335.569448367649, 967.7205920453379, 967.9472538353217, 959.5313201468148, 77.528427554408, 852.778117280105, 879.260914573048, 39.69327317009157, 166.68429676749082, 687.4034709296807, 978.808770782359, 951.9319146178213, 879.5923429218146, 956.4221200613437, 891.8858153266917, 112.276629193213, -6.6455113546879145, 595.3690367910943, 767.2763562729357, 751.1154583575188, 52.41971153334018, 312.49903097500834, 38.56065056329096], "test_sigma_between_0_01": [903.7019223992528, 980.8004710768336, 982.4551992124102, 984.800386048944, 896.5067235866748, 984.471577561785, 983.8557982555662, 986.381836566707, 887.9523247211016, 983.5914240580987, 983.1718710380097, 900.594293243994, 887.8792443422197, 981.9905126794113, 984.1057614057064, 984.7054078163212, 980.6720572683481, 983.3811338358522, 986.009650197425, 986.1267075614485, 983.5633794718539, 983.6158903039609, 982.799371084014, 893.1052376369137, 981.0394875859025, 980.9856908457599, 978.3924112618525, 986.1216320874921, 985.1312992727911, 984.7222332486797, 984.7584042775976, 982.6734046151275, 984.8105991252595, 985.0335392462766, 983.892116146874, 985.2292137747565, 885.3231020544629, 885.8529791320562, 984.1771473771934, 980.9334179296549, 980.6262519562262, 982.4782116978342, 895.9484819054325, 896.1755252414067, 984.3713697437968, 984.2403081062401, 982.5213614787516, 983.5161524553318, 887.2980100924437, 899.8287604937218, 984.5767617391052, 982.4221543459067, 897.3778924852664, 892.7103365467732, 984.4323740561414, 980.9602331980914, 986.7576222049869, 985.8875575142955, 982.9155883674621, 903.0711797783591, 896.803407674179, 982.3841982648269, 897.081061000765, 985.9454751979673, 984.2455783333696, 919.1184097397896, 981.2120495970826, 895.0013862620582, 894.1819880081885, 985.6942060020771, 985.3641257545594, 902.8286738575531, 984.2514078212744, 985.0076311913028, 901.7148340399079, 982.5779261266719, 970.2892658723213, 981.7506395911076, 984.5866563705291, 985.3193040876761, 983.9115125008526, 985.0827048973414, 983.4693136233064, 981.8473455828268, 982.4293019924557, 982.7900522046672, 910.7621085152399, 987.5586284995454, 986.9387724625158, 895.2292679747443, 983.2119249565976, 983.9918255836371, 981.7469961266222, 983.0378573601406, 984.8833384014333, 982.2042594680545, 987.8281977710806, 982.8972594302209, 982.3805497332338, 883.6790494412775]}}}