{"walker_attention_sigma_03_seed_2": {"results": {"test_sigma_between_0_05": [1004.1500663759258, 989.7239929629241, 954.5115277548142, 243.07827419003902, 996.7063439191877, 985.1103341627829, -36.57494874823024, 971.6885455109672, 17.55953398948331, 991.4018822636478, 990.3599382745152, 995.9449444551645, 975.9734744991251, 1004.7039189150469, 999.5142322640423, 108.73051604476206, 974.0025014526854, 126.64101427940913, 134.0155791756028, 719.0664871804788, 962.5459362822687, -111.49418207063862, -129.8021099902456, 99.01254545941629, 1008.0716056230783, 989.11108898007, 13.234093533697926, 21.489398906131097, 981.3462961154645, 986.1622412538791, 1005.3187108307226, 977.3849380728759, 126.41036321957799, 998.712066416367, 971.3705932066119, 158.10267331569332, 985.2628136252126, 990.3460389693686, 11.514140828383095, 989.5825148859433, 979.8378914203453, -35.66993648821517, -84.10470248930066, 949.1931049586116, -371.9869927000616, 122.58741316457007, 986.9910892408672, -21.865513807773823, 975.7623920048709, 999.893977384748, 42.17919124378677, 985.2296139380798, 985.5656581144884, 997.4703657375691, 997.3867395434326, -61.24641907008189, 956.4498176167003, 971.5069459509835, 1001.2858319656151, 347.82465454637554, 980.204844362803, 991.6923374691387, 929.6560799745815, 918.5707276049601, -57.56911268126131, 983.4598119392311, 934.9089391901429, 794.430814802626, 966.9781120930826, 980.8549219428678, -133.89486424411152, 986.5708250746117, 950.320260130308, 106.75492224604967, 898.5014367865366, -57.239690783011596, 989.5194108088655, -47.132986445588195, 210.74093320419925, 997.1767303332663, 195.0056850701629, -5.748381186123892, 977.8302524954282, 957.3969409920976, 999.3545479007457, 970.7192323790803, 163.96732518721115, 978.6991389528923, 645.8049574395292, 833.7563477137202, 50.23513870464373, 82.67621670448281, 1001.6814279820562, 976.6218959772021, 137.75888488522185, -12.440477695626031, 989.2225768987537, 67.46302865019675, 977.8739262784856, 80.09343732293345], "test_sigma_between_0_03": [956.46408214603, 986.4734327947226, 992.8171818131757, 990.0995531143903, 996.9647391600819, 930.3002397042557, 951.8200979687434, 975.0856693112233, 944.1598406367573, 1005.647676862762, 886.7493260529087, 977.6308718998205, 1001.7289592298403, 921.4099365073998, 985.9540987382179, 983.9236410527742, 917.9597631777677, 1003.0999937783012, 982.8081036370861, 994.3380361676178, 983.1086504243234, 971.6716571502003, 1001.6074636187946, 992.8189539396126, 993.2315227480722, 1005.1427515549143, 1003.325491849815, 981.1304258818362, 141.13893734244922, 983.4565634941237, 998.4483591858146, 1005.6299357462781, 992.7284742210627, 980.2082289904199, 985.835582862445, 1006.8714328590988, 1004.852878045417, 979.0203937288009, 1002.4274404131476, 984.871415313109, 995.7246916119165, 990.6007167317833, 947.3315925189921, 985.3726679320991, 1008.1751217877148, 1004.4318661514378, 939.5299840150982, 920.1332282465681, 990.6554871010203, 984.4640386306187, 990.5188996740658, 997.8637895095103, 952.9955079213879, 1000.5089306834382, 1007.2669359463812, 1000.3913246412603, 1004.1639779917709, 993.9810788209421, 907.8169303005163, 992.8590557917619, 961.4942997347764, 989.8234569703783, 974.7761009041595, 1002.8979024538495, 1002.0873052283735, 952.4199936626633, 1009.1515483492843, 988.0985180129144, 991.1482837228323, 940.9088492738359, 936.3987294714382, 973.3598193770805, 1008.7113619592059, 908.989970989847, 928.3742465703177, 990.1184716042583, 985.776695625762, 991.620448500059, 985.4096310210648, 985.2053311166613, 975.3332975974184, 991.0268515271016, 997.0965916593365, 991.1887227749828, 954.8938466529432, 977.5907528709901, 982.9470329015682, 993.026011335913, 567.1022339450936, 992.6408076792118, 952.871496560687, 987.2721068628101, 992.2260713982085, 981.4687033759784, 1004.8369522270011, 937.0595766058327, 988.9844903381976, 924.9556491832892, 975.8398935031148, 969.7396069299142], "test_sigma_between_0_07": [989.8741184431982, -60.05973329763509, 984.2336207704344, 75.77548746221582, 600.338230984944, 995.8017209508674, 982.1948818919559, 25.671741551988823, 100.0793276384546, -43.74063661764376, 108.93117145089494, -121.23793544627405, 300.3400853391621, -85.11533895196334, 59.938617136604435, 131.9002466456805, 24.443436010714507, 1000.9495139492667, 987.9429499591442, -111.55040805519526, 39.28867163184037, 957.1782662533087, -17.419795533485015, 977.1097060840757, -160.58577033039333, -9.875966227908796, 37.339164602829264, 947.3878964646747, 161.4144180440446, -46.617814010642206, -0.9484609422070205, 47.721786258961956, -0.7681155570360716, 394.8467602218911, 977.6017560628338, -42.98091882783338, 1000.8466571352194, 68.30053298502752, 48.16472202585865, -16.989535321545556, 946.802934991269, 110.61354799678816, 211.0776894706346, -28.869111383603023, 22.958461135179085, 964.7616443336113, 1009.0524423410985, -5.752531663309492, 121.33414730443621, -138.73615131302213, 987.3269979012572, 321.5478107347168, -56.6270634893648, 179.80368427314679, 103.6975902786871, 1005.5638248584555, 992.8462589209722, 906.5539423873861, -34.83355994661543, 87.14072008642685, -76.95345013248733, -95.60267101916398, 920.5623091516856, 974.4129006123248, 73.77931225910864, 1006.4647025684911, 449.5415471266422, 55.3584955004524, -22.946811250067547, 27.660937456255496, 976.4229147842601, 311.30490885079195, 166.54916053651255, -259.6915858732552, -44.693839533574646, 2.8626275565708057, 110.62097308170054, 186.90802076054808, 994.795121194562, 1000.3598981933865, 53.92935465270127, 22.107592371878855, 980.3957472878537, 966.7631174482538, -28.619318858491894, 80.98719800740652, 42.19550205299747, 982.2204129819728, 986.6654897245113, 740.8368846849929, 1003.5920169566385, 922.6995861756151, 99.11489924500927, -78.58250742673117, 958.5064953111726, -32.74071214529249, -19.024005268495237, 85.97398194185082, -63.24053274302863, 39.468206018436476], "test_sigma_between_0_01": [993.2855725554863, 982.2791200154588, 992.4441672246405, 1002.8903238921031, 980.5756718524617, 994.9758608885119, 987.080707112764, 928.1760659101164, 988.8790724900928, 982.8923288970589, 993.5078598883556, 922.1918377144465, 988.826851370659, 991.6862025389935, 983.8345941262879, 997.9503980532628, 988.2266240210264, 991.7009783430722, 978.2616893335452, 995.9922797873837, 988.3971232165255, 978.4170916899309, 981.4371808799535, 991.8814700335809, 993.784544361467, 991.1576309510123, 986.1779763549195, 998.7657310206524, 931.2473964759505, 988.2154566213076, 983.4108529330231, 984.3776027126572, 979.8570368329841, 987.9715422382039, 988.0275876387428, 985.74628639731, 981.2377331084065, 925.1710104553814, 994.7334080065835, 992.1262639903745, 988.6402157742435, 981.3119768145684, 950.0192369045905, 1001.5914859520299, 980.6314302845045, 995.9567692518507, 991.9773141049529, 996.6290547884206, 988.5682627193796, 991.6172199717847, 981.6923967103946, 992.1158078554352, 989.6925653463538, 994.6019572650204, 942.7131970535692, 983.5452091643944, 942.3563232249414, 991.9054918046737, 981.9887893634734, 996.2559094400118, 990.048537376042, 988.2684109797432, 996.6737545658052, 965.7578789351884, 926.1006693025262, 990.5213305557589, 1004.1213855355205, 948.084846690756, 991.0509058893614, 991.7470854533768, 988.786231147708, 949.50475009264, 991.2318991705091, 920.5244450737057, 990.791283927488, 981.537103762107, 985.2046222298391, 968.6991136841989, 988.5702764480958, 995.0737117010156, 998.93909157432, 936.1219795024732, 983.5749502090486, 987.8147822557779, 994.3471142284436, 991.4650074959185, 994.6599236559697, 943.0812029385368, 999.8452600145984, 940.4797422353166, 993.601845823593, 997.0982609848585, 949.8860471786844, 981.0106996749761, 983.9572867003202, 986.6540348586158, 995.9380269569322, 983.2796210241805, 990.148915699576, 975.9508811970267]}}}