{"walker_encoding_sigma_03_seed_0": {"results": {"test_sigma_between_0_05": [785.7343932567442, 578.1301985083785, 14.899873102726994, 50.080471290064445, 50.96892523676505, 92.39564346214028, -107.17888036259536, 46.85080596519838, -4.82367210538214, 891.1377248045746, 101.31446850222127, 693.3326489111641, 18.647987423370072, 599.9863557900845, 12.767507769042277, 91.5864160004494, 776.1352322780225, 690.4947165234422, 54.350127193321526, 590.9437466856033, 786.0870140145134, -66.72798341592426, -256.2462509918492, 85.0885728669062, 911.8829836569189, 79.63736789819525, 893.068590515906, 31.895457715520756, 49.22068192584412, 97.39753588050665, 51.95142592675257, 97.0648488025108, 98.30457759903223, 816.2861756129639, 778.6278270379735, 35.06967735567451, 111.04385114804028, 880.4015554006439, 250.83827401290745, 883.9942688273298, 32.85831084929377, 22.807553225100868, 418.35653989080146, 874.8537426601636, -61.47754472607775, 16.4705363963847, 846.4127639462151, -127.24792116587342, 22.176802139192297, 888.6922325246677, 31.055559590330816, 877.9156046607951, 934.7951907763011, 38.95731930115872, 484.9881253646769, 383.91947313619085, 874.3941358953783, 61.56205112761526, 880.2430446668968, 848.9355316224345, 644.7749515512395, 27.967980649774834, 879.3223694271898, 60.177669708957566, -42.84709184781677, 884.1561593942959, 19.76385881708702, -8.624238285783216, 30.798705665783196, 792.6918167921011, -7.689449399204749, 17.178848160181953, 711.2253765534157, 49.896365678533044, 880.8383565088526, -67.2553213818508, 842.9437650212705, 683.527025147073, 65.56529681114482, 880.3190653692895, 12.31182784681296, 77.00265470115119, 32.762817452933824, 666.8438259574684, 907.9194482763677, 24.36380721944879, 690.944976547449, 53.52706930560526, 73.71109089561214, 11.196766220532297, 48.52114785231533, 76.26225279275818, 654.2694315396589, 778.5329247758197, 792.1236107091893, 7.633315844745087, 25.634512278175688, 18.404457178832676, 54.05371930261027, 101.00901053726265], "test_sigma_between_0_03": [92.5285925334392, 876.9724878554856, 896.2927584019229, 35.65239915433485, 884.8341290030008, 54.82534524196529, 868.315304320586, 879.6857967008513, 885.2962998396599, 54.341986256300885, 858.9461581977649, 883.4362427715917, 866.3419242149881, 889.0194732335792, 28.18399133920757, 829.3557509352725, 887.9274685463635, 768.0972643327489, 72.14129556696714, 891.1077799493142, 663.969849339992, 769.4551437200818, 892.477154860928, 653.3063439275635, 27.592251663868943, 884.9663407459841, 881.8765180348466, 886.9802119123998, 23.491543161733716, 890.3319403934602, 886.6240994858191, 890.7530592776617, 917.0261522889143, 872.5242661125257, 60.09572931196599, 888.6173799552652, 893.5866848329213, 73.9386939257427, 723.4763761182506, 857.7816813596206, 880.1220412876294, 830.2651715482584, 879.542861100988, 747.5673772532925, 59.522828276640205, 896.3053736659899, 48.10915286089878, 865.1274742452122, 99.52988800575552, 769.4057492444457, 894.4197131822352, 889.0311742653827, 877.7890422321, 24.231890826343445, 693.3349228206896, 890.3658740362858, 890.5694492244157, 889.36434426228, 10.19787603244039, 653.1327965931396, 74.52376110867047, 884.3036368669988, 896.4778036624715, 11.003203837318871, 694.5041563629263, 886.7635092337584, 886.4468617856832, 88.67852634245504, 882.7619073190745, 898.5634575411474, 884.9553174704421, 887.7213270613692, 888.0385419855043, 883.8811500087401, 76.38879177708728, 650.0624201127571, 894.6063136870349, 882.7011056266987, 885.1197424735944, 954.9818128354694, 886.6624765754921, 876.2012283377278, 17.052533236864832, 889.1426777645701, 658.350272942765, 102.97916162642944, 755.2796395533087, 886.7253338005218, 753.6957856902069, 897.5254364404193, 891.6211364081983, 895.5743745269119, 882.5820164276424, 898.1079989443675, 885.5060773781471, 882.2929502035296, 127.645042764739, 874.1412984815031, 849.7272465304349, 887.8603300219288], "test_sigma_between_0_07": [19.58104272046912, -32.12291677533358, 4.902896814631821, 523.4984863517328, 109.4916415826359, 867.9018586038227, 32.68273926347174, 662.018741683222, 50.665036259748746, -20.0705894101702, 5.915829587072946, -115.87996245057731, 40.90010711922658, -30.1125456197944, 692.7923992044496, -21.098978169925978, -38.860685282586196, 297.86819754834704, 13.58829305721447, 625.2254885011178, -16.369097511618747, 26.99852069313929, 136.22179548384884, 689.9663915475215, -78.83277661680042, 15.638906873358065, 13.59013030516362, 784.3167383992981, 113.63447546762761, 16.019970555354664, -31.24357694665087, 51.81973092965633, 0.36446918785514515, 35.96564404849196, 796.329394469214, 537.5061745146896, 882.5044202749381, 19.058554538585305, -6.110324513899103, 740.7053744073489, 105.38617323424116, 40.574448806748826, 57.89598672246791, 44.51767146272614, -150.0338054401523, 46.02959819826792, 508.4740323455465, 21.241285283697653, 33.75503785087203, -87.07295022525649, 882.1517124288238, 900.9068497791316, -42.02375211637555, 512.0252048396768, 123.97440992094924, 831.48844932731, 36.097428496720376, 13.974119405797683, -7.126617552175594, 89.80439924172674, -62.04374846063729, -74.0094036423805, -21.75621708405961, 869.0847027073078, 20.250218022272747, 619.13347318732, 888.7432097058398, 27.889811527227, -31.138277266705686, 27.232878163541297, 27.575509702102863, 70.39812313305012, 748.0662882233595, -108.16598198083811, 68.80801627347681, 16.978567481948993, 29.496436640767204, 43.54799501820089, 18.355262033651524, 620.8017312397109, 869.4394743105652, -12.463226926951029, 71.88582835967975, 690.915895616707, -58.125920782536554, 37.304625855400815, 48.423154690589584, 828.9005699860605, 25.493407994488372, 839.1181329587401, 38.70851299681963, 846.9107922992022, 82.67991509781278, 0.42809415186347977, 20.49272673441301, -23.304708230342662, -61.97100236359402, 12.223177596586174, 41.427217063926214, 21.779328561719737], "test_sigma_between_0_01": [884.8120202442748, 896.9525773053982, 894.4196814632129, 890.9045097304567, 891.1383350562593, 780.2796637216986, 898.973662038076, 889.6544976005406, 886.4167443898816, 890.6686580631343, 889.7777168091899, 879.2546234597561, 60.85387175409851, 891.253579274828, 885.9895129841727, 888.0575596333641, 888.6294423889805, 889.1830336485282, 884.2345942008848, 884.2980084034541, 893.0286801475823, 888.6759237247303, 890.1447594761709, 880.9278895502272, 891.8102336756973, 780.4819120610508, 759.6341015246677, 885.2772935806103, 887.1421238829619, 871.2266803500254, 895.5402299327822, 884.6959372368444, 890.9064953977133, 894.0607416507493, 888.3649604383037, 897.7259144611378, 888.9778636563082, 888.3620022985549, 882.6454043522704, 888.4408935394996, 891.3592258624482, 875.0600768210235, 881.6696495372154, 889.0209755513008, 888.9128485150756, 888.137009708614, 900.4900373561535, 881.571138437462, 891.3058816963857, 876.3065710344733, 896.778261838378, 888.9936327430239, 885.3245145166954, 889.3902979518538, 888.281839758564, 765.9062594441418, 883.277169700416, 880.8020703543018, 890.4032786882032, 881.8962435951149, 890.2762321558123, 896.6127849579455, 898.069274232068, 882.1747213180809, 888.9256758562052, 830.302180197984, 807.4885755574338, 886.7907092534473, 880.9769757069724, 877.3308965247321, 877.6076151296941, 882.8804829506576, 889.0042385034494, 875.5614633178382, 872.7701947239733, 888.2632335633132, 878.5830578864849, 887.3917960230408, 891.9792392654094, 882.1669932893973, 890.2802154070064, 887.0169536895354, 892.5766898953036, 241.1133145521687, 890.160363458969, 881.4171916182438, 896.638196611551, 889.3854747216683, 883.7602635078746, 895.0467181408094, 883.9669534047582, 884.2618124531659, 882.5123257045395, 896.1481267746927, 902.0102215788169, 892.1806196437691, 872.2405913483373, 882.3831704901822, 884.8130927912505, 890.9880867268234]}}}