{"walker_adapted_sigma_05_seed_3": {"results": {"test_sigma_between_0_05": [998.8224291137076, 971.5930454719891, 974.5697017381219, 770.4025179707509, 980.5519554989867, 887.8740502521815, -38.262689822670666, 964.8695559567999, 33.382656458634294, 977.4479435328478, 972.4393870984622, 971.5677386024757, 231.53999763416644, 978.7672793097512, 976.2173618669608, 334.65678302220624, 110.73875111649534, 945.2377364718542, 950.9681164362175, 575.3848173220143, 953.4534124605301, 1.275944373197854, 535.4701695114751, 93.9651398751783, 974.7189969082699, 966.4191951975398, 952.9249780518442, 72.73634374095126, 89.46429328706581, 972.7919193508385, 66.1309960374696, 592.657472082971, 820.7153838542627, 608.0526259211669, 879.3274875674798, 220.45334065581704, 969.1867112453734, 387.9349248304381, 19.530202460831784, 988.4568824175948, 889.2297713760055, 784.0486034373461, 855.1829498429771, 985.402152952658, 653.1185046475612, 838.4689735478081, 763.5358477457487, 10.897757824971631, 883.8135210007686, 982.2536861957827, 240.654154627808, 386.04844988039235, 937.3797744603999, 974.8847731173089, 35.7655155240107, 465.271794624516, 142.5413255686493, 469.8858428859301, 931.9931250002636, 251.88392031152608, 847.5938315525705, 972.1166045386234, 967.3619754467921, 869.0436197948716, 28.154464251355968, 984.0762942664624, 974.7201491110452, 981.5112277246409, 60.97363672982753, 903.5653808742048, -24.33850071107736, 950.6096084789968, 966.2840012832115, 785.1533063609054, 228.8051865729372, 6.870900967696798, 54.24913696959121, -6.347297523279851, 816.2934293368498, 234.98161242523625, 949.7672897715764, 779.8665031851474, 68.6736350942054, 959.2236421746519, 920.4478071646625, 89.10615374194602, 124.77879137156992, 979.0060257960021, 171.559420685275, 25.06047983749741, 969.1867145091455, 60.42509538851011, 963.7413501897145, 967.3299340411525, 897.7861137285068, 135.22078792660022, 867.8403081266374, 22.731239136705696, 966.0442310319228, 159.3551202526359], "test_sigma_between_0_03": [869.4498099235558, 88.72671799570811, 844.7665499340184, 857.6758212548227, 103.34601247111277, 877.502574680838, 232.66703606496594, 417.362244496454, 981.0742848004819, 882.9680681534962, 103.92798673440998, 886.0496131388784, 973.8482001943156, 963.1794169003014, 832.5720862843591, 821.8413214203722, 980.2111353074731, 968.309133942429, 267.22571690180746, 144.54551587028243, 987.4559594851763, 807.7043408778317, 982.4805996880859, 52.08842750085605, 100.05435877756102, 953.4713443291491, 218.9642412828573, 963.8255013722317, 974.4973113831919, 956.1432928583127, 966.9869643242938, 112.78022955674099, 966.2908650810755, 975.8432505849422, 722.7550628612013, 981.7120625861369, 835.635060676352, 108.83730403260705, 975.7500301263618, 888.0595132932357, 213.47333330843256, 879.1062444268729, 985.6538689184677, 193.60245413987292, 962.6432671509899, 134.06156611193444, 964.6865047533996, 83.36318774272952, 120.61540317419136, 963.2306248590293, 117.88436628394265, 982.2247293421416, 828.3322732957357, 968.9113387149192, 956.502175634708, 96.42802071574403, 967.3256973200245, 963.9381915936232, 860.4512147651484, 929.877246822831, 967.5587628130339, 371.7262851828464, 566.0519256919764, 982.0738316570255, 975.0171116928555, 986.8538933658186, 986.749719995916, 86.23765247557458, 787.552826716994, 235.17708522668693, 854.6610406307727, 970.7004267887581, 50.54943634692464, 969.2502062790905, 975.5147199896588, 933.169457942025, 987.9921166725583, 983.0569536178717, 982.7683839866286, 162.5448461493549, 973.0429344708986, 976.2878019285728, 966.0076148228327, 977.9987503969177, 65.61325572685745, 116.4339189447419, 103.84768198323577, 325.97055735315524, 137.87488611907906, 53.878591441214674, 962.3846140289502, 783.0453438371395, 965.4888530143027, 971.481160145387, 977.4058609566986, 947.2865380326373, 90.12825693957997, 980.7190381556562, 97.09364338473536, 957.5046401885832], "test_sigma_between_0_07": [785.3273573184956, 882.5040244681427, 0.9780508539726722, 49.25666981734977, 181.6307918131802, 992.3637753973024, 23.52769092733652, 27.53146940742591, 144.81258538421818, 927.3899908945232, 23.242662648760597, -156.40370384501296, 77.10498679090084, -18.49981276074395, 149.14819935839182, -10.927040841506097, 31.12533096046973, 969.6734528725987, 514.0562547578645, 7.667872880838693, -3.1231410930457066, 976.7101485213511, 85.39409635584742, 420.4115922097756, -15.722306601090533, 271.80452624055164, 220.48917648734636, 971.5206852876273, 201.1860554328319, 17.12377061086881, 2.1759414887332245, 31.40565437588521, 3.8674952547968138, 633.5904413162356, 911.3770637388062, 738.8357101802062, 974.8089240258171, 19.31608675492316, 57.99370521743988, 86.35672496487243, 982.0667367522304, 112.06350753699803, 30.740541200961157, 42.40805815328642, 12.233079924923366, 101.21588386371589, 974.5402032095666, 786.2787672556937, 207.4284859336038, -61.806602598178145, 77.90829431458407, 962.8297744062655, -14.417992079482062, 221.70546063316715, 109.55987350278157, 134.5269278434527, 812.2002087243942, 949.8665861189834, 59.39656456251833, 71.95614368102393, -26.59184403127438, -35.13255007767584, 899.649991372651, 120.34111583440824, 16.374997531593547, 986.2012168880461, 970.3238485342866, 45.212692457409865, 6.527727231096651, 40.23908207669738, 80.21774210634615, 854.0477039880234, 953.2553370504135, 12.015593246556811, 820.79131019092, 25.269806453336788, 38.371815917665664, 28.541237839066888, 150.5309191262525, 975.6893211507296, 918.7095884277079, 122.63924477180693, 92.65202321299728, 151.6739044414469, -6.596619578980608, 89.26641762713113, 900.7588082165219, 552.4338714655942, 178.7678086529224, 38.15742937661998, 719.6476158578909, 299.9674813990885, 22.9082594730542, -43.91177072722058, 107.90574562728723, 627.9475054596061, 789.5740103175955, 110.9186304782925, 15.996686836748271, 104.99302634483762], "test_sigma_between_0_01": [967.1071715970286, 803.8649186296791, 975.925590637171, 921.4326535604522, 82.90510142963319, 985.6659486196911, 204.74006502490224, 970.3381896153293, 287.6925967890973, 964.0091614129432, 492.6239603704032, 839.9276296490234, 975.1195651781445, 965.4687983195452, 963.4688322892922, 886.9564186170062, 964.4468338820308, 789.3350926751871, 112.34289151375265, 974.7140758776624, 974.4734448071275, 82.20351162820009, 968.0907678736633, 972.4097092800577, 990.1169060074639, 93.08049449733952, 98.36902295006733, 218.62902605424594, 347.33611269805994, 963.8567752460127, 164.1870227265665, 539.3132119060373, 416.44874317232177, 122.00367915510293, 868.7674291345515, 979.7739519121294, 984.7801753594068, 962.8409318826745, 800.440423781536, 979.4942982216708, 895.4396082384413, 168.0996808519806, 97.76390952064831, 867.3275588627615, 372.86692496820666, 156.3741220810595, 907.3174462434098, 974.1257024284682, 96.83701801052376, 981.1926235496568, 77.74354128167033, 781.8548269462108, 822.1418935549716, 983.0363553917714, 974.5212046989228, 976.4526550470342, 874.7317442358744, 207.2631247928425, 964.768797200383, 261.71071101382984, 973.3105426409318, 970.5537982827982, 797.4716254733108, 963.7517413565332, 919.0949196616268, 304.0371549026794, 89.08112403404668, 966.4735124678646, 919.0710712324757, 968.3466375874555, 976.1006216270774, 176.48511657180492, 858.3897135536743, 957.2401243310127, 838.9143009724388, 104.19656190667298, 117.7157502032045, 848.2642785654431, 133.52244103408302, 973.0539336665959, 95.92562330039506, 974.8971695146713, 810.1328360106071, 422.3368994682987, 978.771179527325, 972.9514264409642, 964.7861392936366, 980.5692935181329, 971.7675988003697, 838.9726561198993, 888.7468237118408, 962.7940810061958, 925.2097991573502, 962.1112460410421, 977.1039891584783, 962.6007357681846, 978.1046536186049, 65.66368451332526, 838.3286860619558, 966.7434785515564]}}}