{"walker_simple_sigma_05_seed_1": {"results": {"test_sigma_between_0_05": [743.5571342075681, 409.2464838827784, 876.0347613710392, 466.1125880288243, 817.3604699484645, 896.2111882832022, 77.10926722888254, 127.77962981009624, 37.084107577093526, 490.83433020160214, 664.9440346622944, 338.619904427616, 192.42637023292042, 207.60713933413487, 898.3704228416572, 125.67935395069945, 166.0565151729199, 97.95255040965128, 28.845417888525116, 124.4085469205456, 873.9239053475468, 670.8584020780527, -25.35599996548263, 888.6362549465549, 315.5004546764977, 154.43544735472824, 877.7383409713271, 59.905328540838646, 328.34219815569514, 692.9706898223145, 894.5192935022086, 130.54691298801484, 115.13372722143107, 108.69656893766077, 801.2605317273836, 806.5074299924657, 194.43400717451152, 222.51934030216228, -5.202043886932371, 806.2349560729181, 49.73581640629272, 883.8483295351339, 78.07350002210441, 803.6605816474002, 821.8650346913656, 804.5152361821787, 799.3774554059843, 878.4190977777725, 652.751363833573, 281.58001137634704, 409.5484566670138, 751.3156899973916, 115.6813972767617, 562.2794288555856, 232.3852248685217, 810.7445548345398, 870.3263292354343, 76.10668730103207, 277.37483237106636, 156.88209872201404, 146.93823067059859, 569.1631284461641, 844.3086657385576, 894.7551281392895, 758.525469559268, 682.4755243447354, 889.9123341750876, 889.0219891330961, 200.26120923855336, 79.62483265268236, 251.14119943486838, 608.5153605625834, 802.3615896872321, 120.58367074574636, 195.14798516299214, 815.9528485739274, 297.90757877394924, 76.06729134424093, 837.9761293070615, 890.3560061856001, 79.89494677839392, 525.503943680251, 82.2734994952392, 895.3877518078609, 896.5335878673989, 164.2957114953838, 104.96290255613717, 583.5812477538586, 807.7318886938339, 404.8391570479841, 97.45555328343615, 458.9378642781199, 901.0923399887891, 129.93701590046263, 900.0845388434818, 48.47184515605911, 772.5260117123607, 164.0832471256043, 123.00939376790485, 30.746350270678533], "test_sigma_between_0_03": [803.5780072203115, 191.24104311734135, 277.4253464638007, 86.17995697321314, 134.97154620042133, 783.0098616200676, 761.0099795379201, 173.44745945109034, 429.1415478806723, 892.8759921423596, 169.18687550889587, 812.8284720305036, 384.54789227242003, 900.44255074243, 812.7419759933468, 215.65924286446844, 801.7608563543091, 800.4572080328347, 44.82456251838013, 857.8785509333579, 800.356704302668, 216.84222317278028, 793.0572310739917, 202.48019232998348, 132.86827938523194, 891.8156005259958, 134.4373819500892, 802.0056803876557, 93.87132866202016, 800.130157281032, 226.37005506584833, 878.3111490235952, 453.1304306727823, 763.5339173281694, 899.0160502687513, 897.451181115554, 889.8066714777475, 159.82724663155966, 829.9685567405201, 427.7744164116412, 324.0183768887275, 720.1352260928571, 405.4771574387309, 794.0329777350098, 900.5897011841257, 327.73429959474885, 862.2249962689378, 86.51332419394748, 90.11870052005398, 76.94612795596765, 155.72718049404213, 888.7738614361552, 891.1771263580963, 893.4956328086092, 734.5268106528904, 733.8064792833467, 893.0738759197629, 123.1554323085191, 884.9549773886665, 112.71789012479562, 96.35560025707379, 150.4553513964594, 873.1148142870213, 897.051557784285, 804.6466292076087, 807.3303420139041, 479.4797918719471, 895.1174878811712, 795.3406804698203, 225.15483125239265, 800.0210814101166, 801.0018391555125, 892.9387190561266, 208.19170393455147, 732.3804637446362, 114.94883370828903, 803.3064425344904, 887.3810292067521, 802.9078035625814, 100.219634212277, 712.7950300194412, 802.3367033860114, 806.9140496514638, 841.5957617053164, 108.33187967234406, 119.36305576795283, 802.674095297372, 197.83472506533568, 82.97807195845671, 802.0616868439835, 719.1500953996518, 177.68600776786624, 716.4056505390872, 884.2128151381811, 682.3531793129757, 193.23767159373395, 119.36898193869274, 752.8986092413601, 98.09228305170107, 806.738988941491], "test_sigma_between_0_07": [794.5923865006471, -28.991745933635677, 657.9385678824543, 7.50661287769762, 594.7510492952459, 803.7574020252189, 113.38228308634277, 870.4664115207055, 104.16919245289607, 786.4708744758054, 79.37532507353755, -16.541608572308906, 885.805401679996, -9.448315754506622, 282.4672594108825, 777.6522859707604, 34.112499075518286, 32.85432686067943, 67.62684172912849, 18.715372735069828, 18.255720743571885, 655.7427139846748, 3.5797617836389675, 316.96652090743567, -45.088294233570934, 203.57022699742666, 28.107703035832667, 707.5322601189323, 87.43457837019378, 794.1072773233127, -52.81180091064452, 58.9592340920266, 2.3419320131855783, 213.58926024694654, 800.8055242399327, 784.8656736568179, 884.5276353995337, 117.66229099984041, 41.08936408972804, 896.6313259215462, 588.2239358544183, 251.77923005667708, 210.80496759622048, 590.9115476890798, 114.60853750735252, 51.22301691351748, 99.73418194706898, 41.422754116173024, 102.43137635264429, -91.58812110202854, 240.62623641457787, 452.7166395679673, 4.172761805192563, 62.71764527462946, 61.62931320719801, 863.0031820819416, 828.4465828808328, 63.66708047172726, -4.17547208476317, 798.0557774116808, 540.3705027584529, -33.67172752983169, 884.3116077621085, 140.57915940620012, 69.02657626987056, 892.8777009424936, 883.0191439687721, 201.64879424979307, 18.032547460329077, 137.2103121095061, 99.61608079432769, 63.55188957528296, 145.08822518632368, -10.830895871660328, 707.7182979432074, 151.81012764498018, 28.006012872008426, 172.5262169792884, 898.0482078913672, 802.4306768147753, 769.2227901342706, 89.34260151194903, 165.1212048010565, 138.91454771676223, 3.9595060472332997, 65.02614889630495, 880.7235632152488, 202.15725952617206, 110.76379298492247, 866.7504165584248, 893.2072296951626, 78.03872565001365, 162.60371791163922, -50.014421025861516, 834.9599911303603, 800.7028710626009, 893.5661968666968, 52.8015436746122, 13.81903456935398, 103.32757053644751], "test_sigma_between_0_01": [177.9862484855548, 153.80429794427903, 199.83620278406747, 764.4188382571501, 685.3372402221012, 184.52588499106935, 801.779138241332, 720.5484987692821, 855.3596101940375, 678.337366258473, 264.7961514976472, 254.12303532022193, 333.7626319983871, 647.9666875122484, 161.0876871784, 256.6347100951711, 194.95335205852177, 310.3407082011181, 665.6568625067322, 649.929247886334, 894.2242640172116, 149.845267653471, 216.2473900492826, 94.42282525041662, 155.35380899177403, 800.2734316741646, 137.05883530229187, 226.45596624896422, 233.1371839387838, 230.2972189126187, 802.438850446109, 169.54021422477086, 184.9218012821221, 185.1153471165002, 785.8721573177124, 236.3852108455177, 240.08094177981414, 226.7978861691023, 703.0741686990094, 247.61663450298946, 142.84690210239344, 126.04939004584597, 176.14396832404447, 154.28214761456036, 178.42947786713057, 257.1156753210218, 183.3492055312774, 865.9818541460982, 145.1183433962957, 711.8839619749015, 801.7112511187329, 250.24272684628082, 844.783153677288, 606.4288232791856, 761.657823862725, 174.94171837242902, 799.5483530732897, 246.55355620208994, 622.0453162876607, 470.46153675453047, 811.8657658651844, 216.47667269807428, 202.54334905819996, 885.5786833048728, 721.0635773422715, 311.4578510268738, 175.77741776006158, 794.0305334476134, 227.0706634303743, 243.35072472470935, 894.0602948318922, 308.6229897078936, 359.859091433961, 249.70462373746295, 468.0798755219885, 163.9468282126646, 194.242371616987, 182.21029200011122, 863.6962458835383, 886.8824041451146, 191.21000382033088, 865.4286137568414, 179.79542910711174, 134.59904968146, 807.6357212552783, 601.0257801006991, 364.63167799298407, 671.6665395314826, 242.97057235627307, 767.2508732385628, 183.6942484629137, 255.92984995131854, 98.8221319791948, 892.0572945371426, 206.84232950574224, 152.8883759724092, 671.0158109037521, 137.5828309403485, 364.785927593744, 67.317598423858]}}}