{"walker_adapted_sigma_05_seed_4": {"results": {"test_sigma_between_0_05": [922.4315764669985, 880.9228037937369, 846.3079709355205, 981.7729973560374, 740.7615932436892, 817.2712973228838, 8.005382950991043, 711.3525066068275, 570.8469771673474, 170.6378242055348, 873.4164713744369, 654.4178567693087, 826.8439253667868, 70.58614936539671, 893.7374207456555, 244.5692555220229, 973.0237044481783, 965.2804968821254, 100.81857764427119, 552.8939909551323, 581.0670767774604, 267.59039517975026, 33.282895641206416, 93.93832078372799, 984.106835043498, 143.6572172300046, 971.9885894015225, 98.89689320901815, 942.7665117395748, 987.7217228100649, 157.43332268281077, 853.9254148594817, 118.01082887382653, 339.5821488567381, 625.4943325844484, 77.89429253714484, 828.2568790025963, 980.4549366768094, 26.66607319628674, 108.78513741744541, 871.4613367238392, 28.76494865801215, 874.9776046440242, 901.8875693620496, 836.742155803729, 950.2882535976263, 656.6036561963676, 839.0223168548858, 950.587107507022, 933.4698398091647, 533.3045178527332, 823.4733868307118, 150.15123207836012, 984.9963682372096, 528.6552604028402, 45.72822952141868, 72.68780157572616, 37.74688439786695, 893.4036410241841, 235.63600645196425, 255.11228566600903, 840.6671390276528, 988.4091746396649, 883.1273624460841, 727.5589388606405, 212.953753951272, 813.2967081112076, 21.389686196210096, 151.51400374041685, 87.79150558214316, -28.128860162351337, 955.5561007526019, 952.7384825834623, 166.96695592940225, 69.81475565873843, 749.5660246506473, 161.18558284957984, -0.7489926017326063, 979.7542006163868, 909.9359994137695, 81.38992183733498, 55.14315566612348, 145.03415781906514, 209.6737352160053, 239.6099419327076, 35.80738752845645, 893.8347095931352, 940.4997454784366, 207.16162201509297, 111.26780197912737, 137.4757902125406, 44.33084412473689, 872.7114300038272, 470.69890507294775, 807.938564887593, 133.17839302290093, 142.07456830458096, 917.6720795170909, 99.27872695922555, 87.70086253108742], "test_sigma_between_0_03": [897.4603244868284, 189.9427872912711, 570.5255994756214, 928.1459540638069, 510.673970863609, 864.20522276399, 882.9237100134156, 971.7373453759508, 775.5480633705187, 671.6725962029404, 707.7360879478354, 886.6861636612275, 892.2082963303434, 822.9129233885035, 828.5731989653592, 885.5970545929054, 359.89194659156044, 832.5148911574391, 938.0281586600439, 832.2021376930172, 836.1265055462989, 911.1327465748917, 912.5475246541481, 951.6650902341504, 627.4001581143731, 995.3410842588103, 951.7113605802544, 973.7614178520877, 377.48730088379955, 508.2395198683761, 872.3402486273014, 864.9094280866886, 950.0007108611719, 915.6694016913328, 70.74242708886452, 90.17382309375097, 913.8420197860828, 863.0791287034161, 903.8817506763012, 971.3820438006143, 315.72855026952595, 878.8216094508476, 672.4881223889993, 458.6731093391703, 294.1044964358925, 279.4724325166345, 871.5312302976154, 973.3549791594381, 162.87658484288252, 184.96407348965292, 894.3521907300334, 129.45588716146736, 100.09362279225606, 367.0293962458016, 987.9409208988062, 109.91692236901869, 901.7586914296901, 888.1816264477662, 861.2450793969243, 957.9388713442364, 922.1880500503095, 197.10942230298383, 587.5701492022172, 632.7366635702725, 834.4461362000254, 94.90384034473978, 867.8753466722919, 171.60819621250403, 157.2594726382609, 830.3267688911136, 313.1511376471112, 521.2642120813985, 940.0464234272134, 844.4727675502089, 897.4220159899965, 949.5336683391624, 862.7229423539259, 910.721281174432, 220.26299315410435, 907.498572400609, 503.07547722778617, 933.5134099748904, 803.3144363281773, 876.1430889515321, 175.42194792955706, 978.3470142895375, 246.65410445730228, 866.3459837192405, 183.1433917981501, 984.7381845767788, 937.5485473074074, 167.5048805742874, 920.0333628954681, 944.5028477781843, 948.239469068089, 170.64576376480838, 828.8924223692725, 970.739590808327, 767.3837542669766, 302.918279281389], "test_sigma_between_0_07": [124.63193669613109, 762.423304857543, 854.7656349801273, 76.33281745504357, 812.7473552696373, 973.0639243621602, 856.5294787057734, 50.08021312586934, 560.4586254115461, 109.30648290417595, 31.798707187167025, -8.494041532053963, 587.0171808703448, -47.29458782677248, 809.0309066358296, 854.1020591783124, 26.35881827068807, 871.4761338000391, 193.58301315689604, 31.001880560717833, 33.987547770056665, 829.9153554047456, 410.94355495415357, 617.0259391228176, 1.652481292397713, 58.716586360498326, 842.4378111461716, 709.7072837625975, 76.65639142412985, 73.68661785814186, -23.99368681861524, 97.12232984379223, 258.4034637024467, 955.1895474649621, 987.8299666933744, 731.1802063874514, 986.889975206473, 61.177189106986006, 34.15330767494306, 853.9810701151927, 874.858112120558, 113.28202974455486, 935.7031918972236, 591.4080581511275, 17.3185968239166, 255.94657197116499, 872.2028390451976, 140.93662995497576, 64.18106746139529, -64.5347984159438, 212.8172470866601, 937.5225736418058, -85.2401452064223, 87.8075343773293, 941.6516914181017, 974.7899315513582, 985.3042079089515, 583.6780492401584, 39.320006776986695, 85.95968638766503, 723.3900653888868, -26.901484612260546, 870.4401682082598, 138.33406880317636, 905.4221289930567, 921.3874507788266, 878.3651531079439, 41.87483255708794, -35.17868813328533, 101.60384090691372, 77.39595877779064, 49.495744004139866, 86.2358193438136, -23.642280976005722, 89.10528124136329, -5.786710695644432, 163.54830653674142, 77.30983079072608, 37.862884657409445, 116.62511197095888, 145.94375030487566, 185.47330186705068, 85.64077085707537, 655.4013664033681, -1.7379205022720265, 46.36544090439126, 899.9295698299613, 963.6464715745684, 112.92788380827702, 59.645480471402706, 76.58003806550114, 110.68121198823935, 120.13515400075264, 2.632730465744681, 36.649176368907504, 241.41883304000652, 865.021235706674, 106.10790596677684, 69.0389014847286, 67.93611358205962], "test_sigma_between_0_01": [923.8197556213141, 852.2334296588226, 825.9055978943198, 813.0672176294435, 901.1898756121656, 891.9527658195597, 879.2142186194183, 869.8694056567817, 818.8911391113899, 820.615742830409, 827.663702958942, 990.3556689952003, 831.2524193448575, 151.44418409190692, 825.5299301662402, 819.2315445847543, 895.0326713819561, 138.06885966041884, 913.009995306911, 217.20772227399272, 810.9073802554077, 904.7373241048383, 847.3541815590278, 296.2524373180509, 139.1787197396829, 886.0061260842983, 842.1659656635964, 986.9435768646886, 990.377590225601, 821.1580750405521, 850.3759860404998, 901.7346791380138, 837.4503102295321, 340.13847963640694, 871.6928717290583, 908.7693859703392, 887.5714041366986, 855.4325249534777, 817.1746381606572, 872.3873879961186, 905.6386513369702, 147.0754875162485, 797.4539666279967, 819.2690668241871, 900.5350539372153, 986.8066510594495, 830.4555542561823, 157.54091184264394, 755.8029579546244, 817.1308692493361, 825.5382624310815, 881.5137765678562, 817.1230230362816, 820.3460175483375, 902.0322739509572, 814.5399049002641, 885.4646562419617, 894.3922151648709, 887.9117109681611, 918.5363575764892, 905.374965487123, 915.3772647693081, 834.2235817852358, 987.0279019917123, 817.7525654084799, 897.6419033517273, 818.7659418721487, 170.256597538582, 905.2384912753771, 900.1720625602701, 820.7834866867125, 145.84928024190597, 988.7528415904495, 984.7511071433123, 964.4035720232404, 812.8665071114118, 221.88282160281662, 908.5286829788423, 975.4931103080665, 987.1192372870619, 831.5617519974456, 924.2978912507767, 809.192116578761, 133.77474591854548, 989.4449405021485, 888.811418648833, 817.5289688266337, 822.5871647537483, 978.1051750278593, 992.4070332619875, 821.3311810909878, 979.3491352486006, 830.4098498427063, 987.22256076473, 865.9271291800503, 833.4312242229897, 784.2022413575443, 883.4380864871149, 818.62850071465, 722.6357765968111]}}}