{"walker_encoding_sigma_01_seed_1": {"results": {"test_sigma_between_0_05": [126.20891105847554, 121.02798396752476, 812.7883960609444, 396.97404509493214, 16.865817180763408, 607.4693217091957, -135.1337971844201, 74.34288550489725, 111.0939004881293, 497.35192318281906, 698.0852748050232, 78.50601168342108, 1541.6788620686787, 29.485957618095572, 36.56417890503071, 36.077641117994794, 459.9485198681356, -6.672408691378955, 83.34265282878042, 84.82835854569858, 170.05232260982729, -50.198796536677406, 23.3521042349923, 215.51428753124054, 47.19940338340385, 2116.3297255529083, 170.296916262334, 35.026775391517724, 163.1823858338147, 1738.1540478095942, 14.590013845900828, 43.86198555435112, -6.934495121831427, 76.74718173119182, 608.0520915665866, 400.37072940879443, 821.8656100032389, 1811.2405065998726, 103.84124946233933, 436.7724913029436, 490.2974479718803, 485.40410435823, -36.234076137315434, 477.26663475501954, -19.3219136203028, 54.86029350019671, 352.9646387436237, -59.50274238239509, 59.159297498980635, 55.61280923361484, 129.92982486927795, 8.611022835815682, 42.686615707738376, 39.11481792605918, 60.74520642333082, -44.81630483063928, 41.96145219864703, 506.84727009697235, 42.09180592491466, 0.008125982555793776, 159.862311985594, 150.37283200057573, 95.11267582350409, 46.94891158394168, -48.877258747539614, 1728.8954470992517, 2115.067848402158, 708.996305152279, 39.767266241890326, 14.117961057210053, -58.8663053989294, 49.811531017538805, 98.54045053922015, 51.59827971343039, 17.499035175278554, -42.53710275225749, 465.7312830847217, 365.21612126313704, 93.03219423039846, 2036.9875868013937, 374.15696591972073, 102.13564787936193, 69.31590244263062, 475.4505442257882, 43.30629013338331, 40.66061964157714, 20.562533955796965, 77.92746336066487, 50.71123200283911, 112.98832614372226, 461.7174371284928, 466.0507955233736, 76.95656845188202, 72.93655790148772, -11.70427475800534, -11.335925605618106, 81.54146720251012, 70.89453281869795, 180.7720213564171, 55.558147087181], "test_sigma_between_0_03": [405.46313635700494, 94.5930039393832, 448.25944745949016, 397.4975271567127, 473.7813601665489, 35.35863275716837, 1507.5962075180678, 41.3230734985991, 1729.471794398357, 1814.2084615824567, 385.50883384250363, 53.505900887450835, 1975.8482080617216, 153.2845333848265, -16.598525973410865, 1704.1341514108062, 1798.1312040615653, 194.72462332401196, 118.85852992331054, 43.11152993596332, 858.417821336863, 2042.8327329643103, 2159.3224362058036, 512.1991161343191, 462.86944966876575, 32.327765001924135, 2196.920635313715, 72.50983878690167, 267.105473863859, 383.2051724224301, 31.41725486262439, 397.63541050265627, 104.2119890068949, 1653.1763720917672, 426.58387857312897, 212.99081575344167, 1613.0995321262787, 2169.6525755646426, 567.9943940885357, 464.54650961350734, 123.3648060123727, 1736.5762407241966, 1879.5691188778296, 468.3759262493363, 18.89986819505721, 452.0017925182577, 942.6248805225832, 88.54095439889494, 461.65952291539475, 419.01220156380856, 121.86520558170163, 14.034494473641093, 1477.0382037395777, -0.8555981382058269, 2158.174287046922, 103.12121271792566, 196.61371105064907, 2092.660637752612, 3.718674785035544, 79.3555458540475, 75.40205634928425, 418.3260455334401, 375.63719647559606, 24.4600857262034, 31.96193550131866, 1696.386519260664, 33.194889357651114, 128.22546935821015, 141.23235025326434, 2032.7870937183316, 180.5948163689391, 1909.531485033402, 72.64635354859057, 187.3166734779836, 37.84712714231719, 461.28766238493415, 154.7824356598823, 217.895112659852, 1573.3426092342706, 498.7360777779931, 1590.5193269365893, 1960.6131753277245, 98.91679913139667, 2055.542730848293, 33.457838548164, 10.690352790532062, 379.82880940241347, 2261.423505055078, 83.56447262340664, 65.92511327763059, 33.21936128226807, 88.57773491682745, 442.25386207482666, 1560.475717244641, 2155.0401754942022, 2084.7947971714084, 19.55899263698666, 2204.5374647528156, 71.74856789140613, 1713.517001919453], "test_sigma_between_0_07": [47.015538572490904, -633.8339358535673, -20.243621114762202, 63.58281432188815, 181.07655869960584, 1983.9232941186183, 621.6735131822205, 107.27818916198738, 41.31036830658705, -47.56100542510102, 542.1694416613027, 12.179729972728817, 80.91925726596234, -95.33919701687846, 49.59310551109955, -270.00802839834205, -13.994331893054182, 668.3252602699649, 396.9909567817799, 365.1876650629832, 94.64932967335773, 243.01106505332572, 70.77910180712058, 87.79730201953501, -73.08155586049834, 86.90615038724356, -20.29244642919657, 392.6117760914176, 390.99279539051804, 51.706632511089275, -2.9086155052544203, 370.2997195110184, -21.036895253758125, 111.44816546079961, 1680.457859439183, 439.986296733252, 2340.690682847409, 393.6523870330623, 74.16048174550816, 11.273502696806098, 132.5194324326862, 52.723571342992365, 23.60219997298845, 23.86818936586351, 75.61440162902001, 84.61519733873864, 40.92957405014751, 614.8520204165776, 48.31739641600441, 7.237365652166768, 467.36146921628375, 30.581384853748016, 3.802268074938903, 77.15259347400861, 41.04747857769544, 29.805828452386784, 143.94598462556752, 43.855426703706335, 25.82565427812078, 27.832520360269697, 42.87661378994525, -99.31131902664056, 6.998619992571182, 24.809993669047252, 706.8319536983369, 2066.198094562856, 460.39395382218385, 417.22110646950176, -76.37848790021818, 50.533202853381226, 476.0556381027435, 104.72425177378464, 417.2907794610497, 438.64876206132465, 3.053872400445106, 17.293966895542688, 477.81848307758077, 413.4372138977752, 465.4236878777648, 16.760762334034364, 115.2093715569499, 59.968477393646005, 469.7980210299598, 2147.9580770018683, -131.74072394995457, 402.17383241080074, 135.00945012361186, 34.89386153322557, 40.68985235649452, 7.94775472975598, 27.774179508353697, 5.180740257837156, 411.87447943588705, -1.136502300952273, 657.3512009422283, -21.734757413589975, -20.853622707600877, 143.47671038883414, 38.31416998647474, 117.36856562618628], "test_sigma_between_0_01": [2113.22256720705, 2217.7042107352204, 42.18847502788557, 2236.89215976412, 2278.097592758425, 2249.8769676896345, 2326.5430581048076, 2159.155250368328, 2304.5657591077106, 2247.7552750475743, 2199.127937185237, 2200.1792988707434, 2236.9981569427077, 2184.167556225242, 2263.9856059367985, 2259.387111681331, 2229.962135330341, 2191.475646473471, 2268.7354821738386, 2204.580095536631, 2178.6104081295707, 2194.200127891897, 1868.6505589827937, 2241.648559083804, 2148.911382960466, 2139.1455963041963, 2120.6340808214027, 2189.4640583576984, 2201.8179477713397, 2223.20078219517, 2142.2951955752524, 41.546211699215924, 2195.609096196015, 2072.6021616542503, 2109.7636137609884, 2217.7017844143684, 2212.946153734234, 2360.3692493376166, 2202.9051243877916, 2036.3549601055006, 2186.0996730323745, 78.56343270422806, 2074.109750444229, 2296.420038886676, 2154.7416036489317, 2122.1531390863483, 2127.0736687840217, 2252.8264819276947, 38.30681043348159, 2241.2232017365313, 2149.8667436663536, 2194.9256631998237, 2337.9591087287404, 2085.3757554703598, 2017.6006126716954, 2211.769577854126, 2177.4845766930043, 2291.2238295101693, 2189.7892569265987, 2387.2834161744754, 2170.5802700383897, 2226.748895526041, 2312.296819825124, 2208.6518549715065, 2278.2373943632365, 76.27985139812954, 151.92216090098373, 2130.3946079830957, 2257.2097152122496, 33.78541783866677, 2296.002961695105, 2031.8936264386543, 2208.1066479729134, 2160.6066426843176, 2369.52015608236, 42.56432845980018, 2281.5657378410388, 2188.545398210001, 2248.8526162942335, 2354.700044824099, 36.04987940216816, 2216.890365310445, 2269.3132621531704, 2131.292457436451, 2153.6247262584834, 35.478946395062664, 2226.6346235684764, 2249.81714651176, 2316.558965186451, 2080.6744915193312, 2258.3213666962133, 2219.965292735047, 2298.194402027628, 2166.2050130585217, 2214.176410434216, 2156.7136393101177, 2214.339815902668, 2125.415617089346, 2169.799574272149, 2195.774443869576]}}}