{"walker_attention_no_encoding_sigma_01_seed_3": {"results": {"test_sigma_between_0_05": [43.392303323461086, 68.89045702349624, 77.74931415195145, 48.95492770787218, 0.1881640640325321, 131.86652164842482, -50.108282194256844, 73.28890107893913, -16.568338040686626, 107.11143910200951, 73.21168665371104, 85.34010627701402, 47.16337431085728, 691.9370681377693, 14.48636878698599, 68.05739194682636, 1.745294354955754, 53.031099238777415, 47.37836134815696, -0.49697814539325935, 10.641947932504845, -12.261926812657244, -3.0339020982790488, 26.413175058229257, 34.50501580677916, 46.150979683647854, 78.76347208038679, 15.897794282982831, 39.24324635806242, 69.08534060514569, 81.49927485003494, 59.75177625844339, 29.578378763335756, 166.05213039359657, 4.532841818725905, 61.22299007264639, 67.7851944668881, 59.55553928452958, 12.717298115862674, 5.9940235516356655, 18.553835573050762, 3.7789410470462137, -59.552712714541116, 55.348455610898604, -6.668133271881787, 52.70351706528163, -4.57600603588149, -133.01018848244212, 707.3140295853643, 94.88281724794787, 45.438843952941866, 60.44031337641413, 98.01609764657621, 19.087863420921366, 66.78250218484403, -66.74649613065965, -34.47996924876554, 47.28508301887048, 74.14360562715432, 34.475788959974906, 47.33486928245717, 63.04105001785135, 56.50262184950782, 61.2893671244069, -9.870824511871117, 88.64903105235574, 19.72200725536501, 54.391046489737995, 50.76880223076758, 33.08287539081969, -0.7865033986450023, 67.29029711960692, 750.8279671189252, 25.022002280823198, 22.254548507784268, -19.457752925216433, 69.67000575360244, 16.064825204444507, 79.59507419846398, 52.54432294504767, 86.82484734946439, 53.97830078040391, 47.94192004111921, 729.376548816772, 32.02724584060208, 36.62964097802182, 43.19228028034564, 54.396339175430796, 24.824878925784457, 76.522053052162, 54.23353136811051, 56.135157829157286, 18.500861447089036, 27.197808730501023, 24.17864531673194, 69.95769967069342, 37.97254299346329, 83.30677700434694, 72.08073488720443, 21.7789638007737], "test_sigma_between_0_03": [31.57235439594349, 90.98253338060104, 93.95102401676276, 64.51181666929465, 77.97646480510478, 113.84784809045337, 96.2264425273349, 57.95598304359525, 32.60447475480161, 27.51794816111282, 88.00128557207468, 36.26711503630802, 59.65502335415865, 137.63291419579747, 5.839115403337286, 113.82395624945906, 74.25083261781722, 59.408403978312464, 74.19788525216218, 65.73658718556831, 56.54061626433082, 38.874644614482264, 105.21423741121778, 71.61182640481532, 114.49750981916034, 75.86212402258646, 94.91420055576495, 69.96035373853934, 30.616129150694587, 44.296978956802725, 136.34603207090962, 144.66305487574314, 133.98629959315102, 55.801878748419284, 4.022298312025007, 17.550621468572416, 70.95646832991315, 58.73213294483338, 725.4581814689731, 85.54999123386727, 78.55282697272567, 718.7921663182727, 38.05902464128874, 71.12605542223326, 6.589465732165063, 80.87554770523414, 48.790739453553265, 11.93533051807066, 66.57148887645516, 12.954768512918601, 66.91543862651058, 17.23642780497707, 32.3601429856045, 554.3216652605778, 49.994219736204975, 23.15949754493176, 17.204106391099558, 68.90353664968316, -8.36149147138524, 99.62007415959097, 58.2199622858995, 53.77728427350509, 59.08126675067011, -15.705720201133445, 93.25165927427133, 29.157897064298588, 86.57787666729125, 84.35439666870356, 55.85871413519363, 81.86998999855335, 37.310948330711284, 46.51319001394612, 41.718180239252206, 59.7100131039046, 102.73880620899006, 56.50806957124841, 37.4285089260639, 124.52478316777231, 27.037858286449445, 41.91624265554139, 44.321325666799964, 60.33704931701104, 70.59946761662859, 126.47209909531475, 81.17133562938768, 67.93262794203514, 64.462178134729, 88.54180868449842, 62.500410650043996, 56.9529951017231, 50.98142283412074, 78.77841041255958, 67.68052333546544, 56.736544242753325, 27.982541384317063, 36.38001062874383, 94.6858068059082, 70.89081348261436, 61.593220358746365, 57.79032054283165], "test_sigma_between_0_07": [729.0524633468967, -56.19212374044122, 687.9983862191074, 12.078476409116545, 114.48085836971434, 67.66029289031913, 722.4346473122295, 10.956021465318996, 50.27959330273218, -0.2913400989032866, 734.849897116305, -128.96555884561596, 66.34541544220741, -116.4112534007407, 43.30738425503108, 515.8310201649384, -4.47269294425002, 12.210329852669586, 72.58459591670444, 15.984890821949646, 1.4265504457032414, 8.142465089289482, 11.3922425876855, 78.45976454298027, -15.85434513549029, 57.10238620679841, -1.4970601935698928, 29.792166330860933, 41.62676231263879, 1.1857500809826889, 6.128046452936806, 30.788300307114937, -8.918705028330402, 38.19158501838952, 31.925752390959996, -78.93085011627133, 43.38194959315373, 40.70636760759814, 53.822695188994025, 4.117526571707878, 44.69360205617305, 41.06279150599551, 45.166863756265975, 14.61003454526876, 10.94784458674364, 16.080531133383563, 637.8524968329149, 746.9712246921579, 20.921972851089617, -79.39782954348625, 56.29277799689332, 33.63148178297199, 8.971111872781385, 30.077854468768177, 65.50569518105004, 73.15937287088862, 100.12930895135784, -2.0804136632859964, -16.591657379154775, 863.1925974190301, -133.95368791234543, -187.35857822074627, 311.0064939966022, 29.746082972988123, 749.19102392716, 27.048036261678785, 58.319554532900526, 18.421998538267307, 18.881225532920507, 35.02880110417482, 71.29986077777068, 45.50473443638474, 77.37984390518359, -22.587583639157682, 68.09668267444347, 3.2307754361019905, 23.713095145060095, 45.67284938720447, 60.25957531919647, 4.53580379748027, 97.98294929774345, 53.631618400649884, 52.52793301491188, 33.846165627280605, -124.04442259436809, 51.838648724456455, 50.673840349574476, 66.03660648677001, 79.71495247386156, 22.643918530628227, 591.8428742580037, 29.210707183669786, 39.52136206574056, 4.600893930777426, 92.17179226183865, 0.09438242570495858, -194.56297002992437, 24.939157774929505, 6.646291001090125, 16.87584905180427], "test_sigma_between_0_01": [58.95035998698089, 79.542922847263, 98.24680161994591, 57.32653288372358, 90.76433279395208, 114.46896336998627, 94.90833881818527, 48.10317909766505, 97.81929894871398, 73.7407847316164, 102.54428374007531, 58.898884217544776, 29.03717454100466, 97.66054702642904, 83.63010244377647, 59.42552036699902, 68.17773393640417, 53.6913452402752, 109.809795645291, 45.35646922842018, 94.62129734878397, 67.62937327131759, 77.92532119180314, 76.28964276314964, 83.80868865952684, 27.235999531159653, 92.17903789962276, 47.65427998189813, 26.21308069628625, 47.81406457667732, 62.284936647755174, 102.92916877960778, 57.46292924815347, 54.510177066611455, 137.45780752318865, 90.47138721620915, 52.30983599087894, 100.96968767020223, 34.291082727454715, 95.49212877524641, 67.87680674609717, 69.52062605769439, 84.37131280540727, 51.261244121517485, 56.63778955360885, 46.6931862154749, 111.2444853157154, 89.12562241948376, 77.65270333919814, 134.56645196067979, 58.38919710191153, 48.063575680780296, 51.706021974643825, 63.27369731042312, 90.20182679017456, 72.78026523526978, 62.08574215131133, 36.33753326170882, 54.20724299842603, 85.30410345882548, 58.70134363030241, 56.26556283061123, 92.7441293804772, 92.4331630544682, 87.08005299478674, 59.22514663594329, 75.50326877128734, 133.23171742360944, 67.15248264894657, 80.50285616596703, 51.05893931956316, 53.50766100510213, 76.23960804526321, 52.33989314540506, 46.81546357157008, 72.70625104908639, 54.006287894596554, 98.94415409139374, 88.8202263639266, 52.10021909897048, 47.69606428332018, 116.27519964887313, 62.817739241997195, 62.8419159893798, 65.0465677638059, 70.07980515656347, 49.56415272337825, 103.8667844384663, 63.538746140867936, 80.01160438307292, 107.12466437280044, 97.22058691582498, 57.752628674024265, 83.33945775535526, 104.5498880416075, 77.84995913893283, 63.65766310363431, 61.87591678491267, 51.279953655031974, 64.95346311777861]}}}