{"walker_simple_sigma_05_seed_3": {"results": {"test_sigma_between_0_05": [599.0430792752405, 650.0513219246964, 688.7928806586052, 755.046588532429, 674.9610851813802, 535.0064256526562, 564.165776335303, 338.96730683185604, 241.4467633758687, 52.87096851365204, 788.4273359253466, 205.66598946530576, 411.37107015875506, 64.40261496607276, 669.7234452648738, 346.3077314121302, 779.7370568159093, 92.3187174913532, 28.92902402766922, 29.141440874447298, 584.9153878388101, -14.454894927691207, -53.53817337367655, 593.7068980746411, 686.8690810986714, 105.45902846421377, 119.79990200278404, 31.856301553639057, 624.0348075132191, 599.2263930322213, 160.49592475646506, 793.7458801793464, 275.75653487327804, 270.79150523166885, 797.2636768227355, 140.30677386537275, 782.0084143138562, 604.2892704662099, 32.0598924700913, 678.1084864029676, 198.06952584553213, 76.56342125637892, 80.30413157946752, 680.2077245070442, 64.52801597298094, 116.0032734751658, 603.8388240284003, 132.0435155082597, 779.0904354323714, 695.1052029564071, 26.092400332297252, 51.595079282174986, 54.87918026097904, 546.5945693829397, 675.1611928132886, 109.2338211520677, 662.2005635734162, 85.49507172421725, 656.5583140134074, 124.18263932777337, 586.0623299429415, 789.4203091640894, 606.9727783728182, 680.5645955084822, 583.9104622825001, 617.7102499569407, 694.1885702617261, 59.771404306057946, 132.5161198079884, 685.8141218680856, -71.25247710366092, 110.85559398368784, 147.37699457095155, 87.78865470076266, 779.1906342570337, 592.2340323992362, 748.9308256005577, 80.16679637352208, 111.42468165530883, 102.32199617265135, 791.2203183855612, 35.77270136600563, 793.0928457305935, 54.32992216808051, 674.8494114622298, 53.98851883411552, 101.54293266724416, 777.0312247993116, 151.23142689342788, 34.64243567883968, 84.09213609798319, 88.8970003946714, 57.516837780320195, 568.255492973281, 680.8901260344777, 646.7574316286637, 678.2619426694738, 133.33226611355786, 56.232334243170044, 668.4513789923008], "test_sigma_between_0_03": [419.7490675036862, 81.06795289992586, 159.49779830025216, 113.0377079253885, 192.20246708890033, 270.8097037024246, 114.6771869336837, 66.99009798110784, 680.4178559122049, 583.5036221249686, 70.97529999022807, 770.4043579681293, 114.11851422494655, 136.73373422966694, 673.9594312413624, 415.74249317748786, 48.96267380132922, 86.74206995445859, 52.904483220964906, 778.4793927633067, 797.8078331197421, 683.6995672139874, 669.4202275766202, 670.2470334826331, 63.06910316985741, 690.5275798484546, 656.3398841811337, 141.3015269345953, 151.35135282241828, 105.7015822508096, 674.3964323287099, 635.7359139946657, 161.8308109089514, 155.2586829478692, 663.7625907687733, 105.02338993579325, 691.8117287035107, 98.22414762495319, 762.8371938071525, 185.04299723768625, 134.90180603971822, 554.3138421394426, 732.9909982027783, 157.37616398781103, 650.246839991922, 694.1212058055394, 172.14392591695938, 102.75284263096692, 82.42922345500118, 706.6018516869996, 168.37435701766213, 603.379509899907, 624.2741620751397, 594.9934294832053, 688.5451391806209, 118.57806203361245, 670.523483582642, 130.72007192382299, 56.59017936455639, 683.5100257363606, 625.2007807040642, 126.87885005726713, 57.293394988201875, 116.35759862214464, 786.5281098033371, 669.7841288327921, 602.3405144335735, 668.9888340912755, 779.0696889150564, 785.5922737041981, 579.5828845306137, 180.90251070973036, 581.7615593778969, 638.3092121841152, 67.3892661538732, 119.9156792369308, 153.2405689694206, 95.93200745173229, 673.7251703012066, 163.45366715970587, 683.9840700720988, 49.095468528301, 777.1442185789347, 530.4972204212927, 241.87821509534982, 695.0041082378381, 791.551345691079, 598.1730715034944, 281.0851831516864, 168.45950987107346, 776.9476559369585, 182.58821987317057, 680.5046585578657, 231.84840722460638, 684.1410043470253, 729.8913595130747, 677.4075677971871, 558.8856195402994, 797.914695645773, 683.7371057167436], "test_sigma_between_0_07": [691.2848462208776, 671.1496549008144, 131.58333474055254, 734.5117542993374, 129.52528459551107, 185.35884479613446, 703.2533361312721, 79.87834435754631, 166.33267538854412, 653.809268069952, 102.9633834492488, -163.773791022964, 496.6813426273595, -111.13370969462996, 660.2512225685851, -19.858856104126605, 2.737512243885438, 780.6245747980287, 111.06479066448233, 27.053073813395176, 824.5307921763941, 270.2121570251664, 25.484276957034307, 135.75833539512095, -60.798328911101265, 123.60626974447214, 426.6657406492455, 676.2625691964955, 689.4105874301564, 615.1662240912675, 8.646822756483743, 66.57186819829512, 11.63198119892767, 663.3453049272392, 170.89926108070944, 61.61650696536529, 766.0954520134778, 86.98394190451364, 37.857478878732955, 769.5128366891812, 537.6617000159516, 36.99394147724669, 205.22968220414927, 690.5270685841482, 137.66692661664717, 766.8794990850739, 70.65679495351363, 78.20972546445265, 522.2326823794406, -14.596572509710677, 680.6920488766552, 228.98601224076123, 53.33347219212592, 727.4739781884906, 855.5700769482921, 671.7853962069497, 788.7149421231962, 671.0691846417062, 57.90041548137666, 625.9750096666386, -79.96759653708867, -74.2511699942319, 47.112833566348115, 67.59293726552134, 584.2570481577463, 776.1856997326989, 140.1403201871842, 117.64469720140478, 7.52971284568339, 219.81911794091872, 154.14487386565312, 67.66533666011529, 691.1256891928529, -48.312424354504024, 617.3045081917948, 665.6080178957815, 644.5020081802261, 168.18423270453715, 69.88672545802112, 686.9691762225523, 670.7456416001438, 66.1103538592317, 47.048753109728544, 583.073113718061, -4.7199102560451, 142.98917623750754, 673.7338732975215, 108.58901851853149, 77.12735616274149, 571.4432742777759, 759.8605790222938, 100.04599547055395, 537.9999520334967, -40.57218859558925, 695.1046750614117, 595.7265197385234, 108.70226884115837, 58.78342087404019, 37.7928119778677, 76.77341813002717], "test_sigma_between_0_01": [127.43535139564199, 784.7298909517768, 237.52190403776177, 685.7097107785335, 666.3442072981857, 778.0837372827518, 138.13415241412298, 56.83687964093114, 108.60196090920509, 195.3564987658173, 153.0349111713135, 112.83028183350694, 698.590272151788, 136.6640386326544, 321.82535416079793, 328.51897531925897, 154.77892072310212, 648.1265997161614, 212.23741376926918, 186.80062943244693, 768.4651198775395, 788.4936099769998, 150.0201472011555, 576.357646422259, 266.5997026220766, 786.8297504655515, 632.0608501317524, 710.8796928979245, 688.6145868019901, 587.6461069333324, 233.6015192943714, 129.49665859655215, 141.39016709552095, 322.3686114302047, 777.5606827981048, 758.8330069315972, 139.78969418080231, 181.5068372243798, 782.6658886404647, 244.33590381750693, 392.49208466357135, 198.28085740777604, 141.58491773888667, 113.20866950341586, 146.73494163550632, 264.450198750764, 786.180287585077, 690.1525205917334, 130.5497819562501, 548.6694069276078, 185.6287446535441, 657.2322454615588, 783.1932178739497, 781.1012884941543, 786.2609473878276, 402.2464274032709, 663.8168151257922, 280.25353695668883, 173.07938004610187, 217.4936771865294, 215.30818474943501, 237.99573137843393, 781.0078820935187, 687.3496004078124, 487.6555597854185, 213.12946830843424, 150.06630441899034, 432.37491562568334, 791.7818590787975, 782.5619801469028, 170.50110397396202, 600.6596656287145, 68.52003741083321, 613.1527963621058, 693.4042702095317, 781.9087371507361, 264.8076284829149, 198.0806221248086, 183.36080926927534, 699.2510363505992, 784.5131579436105, 779.7343839449439, 277.10830392781355, 684.2878864738436, 777.9445178081339, 609.2943637087801, 627.563755898464, 694.118680413902, 677.2434406079897, 784.0670122831398, 592.4726437050233, 686.1103257195422, 165.91845719454872, 205.85009121336634, 778.655338448478, 786.8563041650862, 599.0770774094239, 235.31346700140708, 784.4590221657668, 245.4127716811156]}}}