{"walker_convnet_sigma_01_seed_4": {"results": {"test_sigma_between_0_05": [170.29609603829306, 84.49112919215696, 204.657598032782, 102.9776221076201, 36.04232378959859, 1929.2817511772896, -99.22820257024868, 164.71186921640765, 49.888232055376285, 61.764065407362075, 12.775015818349495, 150.99593445502973, 513.3572001388634, 127.46886082598209, 245.49150223539755, 58.725336637743744, 36.10334086635122, 40.13015071354893, 38.13964140384197, 106.09913015360944, 200.40885082925382, -206.56837070585902, -26.973294424249616, 112.03353727477952, 1775.5850175633784, 97.86482544679895, 80.81757104195421, 34.590368065015355, 1714.8574304541191, 73.38903003845333, 1975.1405270438313, 1789.9961525332806, 14.336364894820147, 257.4137408717507, 44.69908090331735, 16.690630926546874, 566.9210510014004, 86.5422623414561, 12.40871208787721, 427.8956965483874, 1112.539713822647, 82.8413116507305, -221.66915190036678, 1067.4793950521416, -156.11345476468992, 45.60028175245388, 31.68400931810611, -312.05956055282155, 129.35651658652642, 2103.1864110758115, 192.9014663444584, 217.07252960945476, 63.62995906178402, 79.80119295804616, 29.48716729772714, 14.6625459696821, 27.39874911028745, 16.667256114234622, 2051.727879660899, 16.55884299100871, 178.73289070792816, 305.9603032900531, 283.09041986645894, 16.659674946806625, -4.228997277577581, 1913.427995574209, 1909.2575049849033, 101.27300506203032, 24.933687306688807, 262.44737587343263, -64.56485883585557, 22.430274518761145, 141.13937742267737, 17.783016655797834, 230.32460744012357, -137.949162820373, 319.33753993866554, 18.985775957490844, 163.04257937501103, 456.9003112759614, 40.712044125173996, 46.18565122958245, 20.61584306552104, 449.34906007512166, 1293.7920499105317, 15.811571423182615, 18.515241109067574, 137.39464327422175, 79.87995748397368, 24.49057370634546, 22.27859969427809, 27.363003880425826, 30.927020688768238, 83.14743209927403, 262.14162075327914, 50.477789075474725, 107.46457846897978, 26.372446274469254, 108.25020112455825, 18.86799578010104], "test_sigma_between_0_03": [411.4997573878222, 1644.72969863866, 2111.790647009662, 56.97632006017667, 273.79992539708763, 254.91926235842553, 438.44828740163496, 102.1870219356133, 1762.6275106888068, 243.7876954588937, 55.030793580865414, 1716.7680056038155, 435.9671945343461, 472.22814498844366, -59.05425194907582, 1925.1407399520085, 1550.4363783503322, 268.9055881762571, 43.98582892564737, 2035.7413642643126, 1676.6217468762227, 1036.325978006193, 2093.3217273232476, 44.1890428638755, 54.294741821773655, 2127.017965295602, 2295.491460755881, 2103.971382605402, 73.00258907435054, 356.0111680411995, 233.363450387356, 18.1398800644849, 1132.3876550308607, 1586.3917830791445, 435.299957793401, 168.49801431276862, 229.63419793450458, 481.7089190020168, 396.5191371399049, 113.97818094334798, 2074.041597465888, 1619.914356793503, 1814.078134794824, 60.03983847861382, 1252.1906633959977, 2057.727329229333, 558.8606405545781, 64.56444212030036, 40.495886472126585, 54.382963219305374, 2114.387741277148, 645.6479122402491, 378.8575932524487, 319.7246954360874, 2009.1077416808837, 1580.7429713478334, 267.17738884287525, 1945.6491575314717, 82.88761351382132, 222.1745753218433, 292.9227527894792, 2248.2098630878813, 559.1904994497412, 185.02951102473742, 1997.1520837490289, 177.85378804182406, 282.5935955932159, 2023.2368533164756, 161.30390648254695, 1983.4017607418073, 1925.1500666594234, 2361.4126654581214, 53.30655443228608, 777.7419341740645, 2020.1868456247175, 52.05431299689957, 353.95848514419043, 373.34531986995444, 236.2825100774862, 50.532183956389794, 1389.8435154083097, 157.78049137501807, 220.30718602528935, 1896.1456848634614, 1465.3443672740839, 768.8535038983141, 23.24672822173015, 2192.0568842328703, 63.39298475557588, 2033.0710194531205, 151.12882112725347, 2048.9880689775882, 99.27067023266862, 287.6630171286335, 2205.5087372988096, 1338.9541914685772, 1837.1057596791072, 337.08095012047573, 129.99674950364133, 498.90186647654195], "test_sigma_between_0_07": [55.09565087425145, -33.403927131250384, 44.11798598944443, 25.55738098257279, 162.43561113560003, 2012.095743564981, -5.827576482777658, 56.09410892071611, 34.76707262318523, -55.24770611918648, 19.62504099483049, -117.06145238777538, 1693.9368431353134, -127.82198952731852, 1834.8477268475822, -38.1651510839758, -15.705252259811122, 101.05809519953176, 335.63232116722247, 30.647024269191018, -7.781960223279021, 14.823150224779965, 72.43222280222398, 67.47412864029029, -42.48255774771241, 17.502063715504484, -41.7291692833678, 83.93115879741671, 17.95460080158082, 32.96398739717553, -68.23058936847083, -4.553088449504866, -27.079324962757525, 257.3760980360413, 150.33983925978544, -640.368498517844, 210.53662926039536, 18.614967293763762, 14.473022420352207, 10.242711004649754, 1738.954841866175, 15.566390209301606, 22.380139298235008, 43.06786215213796, 59.036872685280116, 56.022626412386295, 68.2738010146466, -21.44903570436145, 21.618901798993466, -21.817661992587094, 66.06510180077895, 1373.4211234473066, -41.41591679188278, 18.532839887669248, 48.80957481802617, 204.02413692710837, 125.45917652440694, 6.4539767202019, 26.357944429453347, 304.5377763939861, -147.60787868764453, -123.65737951877672, 6.193218366877408, 655.9179965443244, 16.978470090232438, 1775.0530923094707, 2106.331148486619, 16.268361075424767, -27.057939839411116, 19.472564553024135, 29.923326943548457, 50.51621633291215, 18.974531471704537, -45.34825213143631, 12.1479856075297, 5.603679863632715, 14.51656838543713, 18.77861937294511, 131.9984977952321, 44.03115658561874, 1280.2353582360822, 82.22794695217748, 19.725142118362424, 329.93255224025637, -94.35046512196134, 17.56231554485857, 127.427805429112, 207.57930649100015, 82.21322996693631, 244.80762057620154, 53.712523560490794, 21.476100160650095, 20.49937930273445, 6.1118154884883555, 211.858028221433, 16.774539850429576, -254.95828708645564, 21.903456941661716, 16.07132289158617, 13.817618322261843], "test_sigma_between_0_01": [2029.6266023449994, 2168.5630926585113, 2143.7461786582, 2207.838961203554, 2223.287104261332, 2216.6344522168642, 2219.4510179489007, 2142.4611587425024, 2229.762520936204, 2212.9607951865128, 2248.808809878756, 2212.5499877749585, 2183.364937011486, 2151.1520979330267, 2206.708773453403, 2173.9645356207866, 2209.7153794472006, 2238.9208688016106, 2219.366398238972, 2185.538462938571, 2221.859015972176, 2176.0667539203037, 2137.195383321901, 2303.3541707418462, 2070.11234295348, 2065.3469657746305, 2116.0330865680658, 2192.4831960727815, 2247.7972532956137, 106.1194349254321, 2075.1471507816154, 2216.5557122352134, 1355.2678448185493, 2208.0871222118462, 2079.718671513899, 2191.3915931071288, 2226.167709267885, 2223.6171060857546, 2234.4912155530296, 2143.5773312020206, 2152.4187827327087, 2103.781672630412, 2131.8643855676873, 2235.4483680742956, 2029.9625937738692, 2146.8348899614903, 2115.8656640450763, 2194.666652057718, 2158.2680394894537, 2239.842601552519, 2110.154679935013, 2244.963736924992, 2235.970524972013, 2124.673068088017, 1942.979759480852, 2203.5586824510874, 2196.2567839334906, 2248.256877635981, 2157.369688843871, 2146.60654847621, 2188.314944885487, 2200.4745131115947, 2192.055177255198, 2369.236378324505, 2222.7805646848824, 1901.1662061953114, 2191.2032472623546, 2106.1203530182215, 2203.9672262805343, 2192.646421258545, 2219.042325773805, 2019.8039042436812, 2243.0946319863824, 2224.163900516066, 2257.0323960447035, 2156.3548046112596, 2146.521549152121, 2264.79214480117, 2285.1755870448014, 2260.9291263683035, 2215.4823946020865, 2232.883382060914, 2218.313130963489, 82.30960649663903, 2077.284862500729, 2237.617722652913, 2244.8585720793358, 2179.1545381322167, 2246.81908053332, 2145.9625064728325, 2185.723430489336, 2345.520183523904, 2245.1391384709837, 2079.9114590458557, 2160.20174419324, 2026.3464358589729, 2246.4184769837725, 2032.983322740288, 2212.948334503077, 2223.07857133171]}}}