{"walker_encoding_sigma_03_seed_3": {"results": {"test_sigma_between_0_05": [1001.6572822899701, 78.12484034792722, 998.7368461841779, 981.8479993392235, 903.3950202538457, 974.6393621916704, -45.551859552081424, 987.9754572683906, -20.465232767879215, 100.83604036795147, 108.4438738896308, 200.99565416166865, 84.91483399829889, 998.8890686644434, 900.1744635513841, 73.7491903587492, 131.40902809978869, 214.3434785352236, 318.7730468820385, 43.4462582909371, 131.1513131442247, -30.794636937254115, -4.332811475794021, 436.31162356147206, 961.3579933301196, 241.30559386163344, 975.9842358795069, 57.92243156474287, 989.7567984044061, 969.7774927248565, 587.6158446546523, 948.6687695877841, 46.04725739823042, 156.95838215194962, 942.5095201442043, 97.9879878115928, 985.6635788987636, 989.3198971597327, -17.508327909086077, 998.7363436870096, 926.1538336070488, 987.1544988741829, -7.873490306671009, 990.0522665978727, 450.5911328897579, 20.06627343680011, 877.9721895786964, -14.177456503704892, 11.021642288169826, 994.7843159683632, 130.61442562994637, 977.5002914923606, 513.6056669591363, 993.1658626080666, 889.5542060614598, 231.78291708962968, 984.7957530772402, 931.3064801309444, 982.2885155453886, 13.500847203875308, 132.33759775525394, 855.033410421346, 989.096427300751, 985.3955677845873, -32.58081625253689, 985.969726888017, 976.4970108002273, 53.60958988089259, 159.73394858391845, 154.35932295122467, -54.78246758510359, 16.27184130538226, 970.1543336800547, 18.99437651277113, 76.70950286012085, -17.876040112870395, 986.7735313763226, 37.707821730252206, 981.1526144587342, 148.1753695644205, 71.12053852311656, 163.93903969904338, 55.23725448834157, 978.8022198134098, 256.4993713450939, 116.88028839033504, 15.52605523815291, 985.3980302695322, 118.80705217943617, 24.777786602714322, 949.0821177540015, 61.54585892202011, 990.3529231746764, 983.8092621709468, 887.9212335237096, -6.320859284755718, 102.13526911689112, 847.1855863418842, 995.2890066716222, 31.692724369875226], "test_sigma_between_0_03": [996.5924035605196, 970.2779664796202, 340.82667020463094, 969.6723547065955, 915.677428900322, 987.906304066592, 1000.1746628883383, 975.6533468969969, 996.6508225319405, 998.7134481096919, 533.121327168393, 345.3865709213993, 990.4155827678544, 1002.0203863554493, 870.2756270323276, 996.0576134633903, 998.462596033382, 990.9877089567445, 106.476039876735, 997.3529884005068, 992.3996225300738, 979.495383866864, 996.6426535546397, 177.0903523911475, 971.3725912893561, 993.0798727238118, 997.3347347545297, 296.97991102959935, 963.3263987160238, 992.5987135696877, 993.0033099014105, 92.62791791037601, 998.1653836604205, 995.6377874112183, 988.3672141708237, 995.7775376000559, 994.3478783521107, 238.37141221908686, 963.7351614447795, 164.46839061760986, 988.8370378613236, 987.626628598821, 992.777846455741, 965.5071712108581, 995.1285480972368, 985.0267168556593, 998.7050916549059, 376.81547414494867, 970.7202234696385, 291.99789342293815, 906.4547620876601, 993.2366560977716, 1001.4262074155906, 1000.8449616767448, 998.9878746133481, 969.9046755539968, 995.6069400296856, 984.1544753015739, 819.8939006314167, 135.68013087588471, 1001.6587204050172, 992.1255735995528, 998.8288877623869, 831.7083354407087, 975.7936114210006, 997.8503559164657, 996.6732271964183, 977.2969169047707, 986.5328798920397, 999.360002913183, 989.6187899086976, 990.9672800469058, 902.8539817976327, 995.3231500220392, 996.2931376116529, 973.6795089490663, 972.2905951418228, 999.3084098876674, 901.1493938211258, 86.38881102560264, 228.48967525004687, 983.5317884876557, 982.2124235156343, 992.7044016705563, 987.3045294950184, 345.06570559336416, 73.9156988753792, 997.4119479986402, 166.4730268906933, 986.7786171191482, 993.9095934044186, 996.0829207527078, 822.4097293140201, 853.8704660938057, 995.9371163729326, 999.2096383550693, 981.5189640357033, 997.594163858679, 111.30873003349116, 999.9203512866118], "test_sigma_between_0_07": [229.62051644569584, -1.1981177035195292, 35.2907520050765, 967.5449100227219, 23.917795378332084, 985.9916787863776, 4.023894173678126, -8.361656516992658, 944.6238004887891, 5.400576508577798, 62.197419516689834, -86.77783722685417, 57.010810375412966, -44.79468787232472, 31.589913545230225, -0.9083314029136098, 11.40796456244134, 30.60899929771549, 55.68516185381597, 640.2220427356256, 12.900344833418785, 997.7951457287526, 17.97351367580122, 876.8392039959358, -75.4614813997222, 127.22169383703293, -5.047701774389129, 991.1770608000925, 33.48976912118672, 68.77483880530197, -24.869196682881736, -14.036679930935499, -41.658193400716115, 113.19420985779146, 980.6466263435632, -2.6702637625203356, 1004.7687755950633, 26.155344224504365, 16.59235081689839, 6.358311918270192, 31.382987297777433, 36.36195514037099, 25.10116914855608, 15.551284539456537, -17.883464854430326, 45.955785281545836, 993.6098868728071, 32.95909187169163, 23.864798537782917, -52.13265549959034, 322.1723161825544, 130.5813861662654, -84.14145854379458, 15.327835840173071, 12.3877395337433, 1003.3629899984545, 997.1250259667104, 183.90217560615594, -0.21648142907652224, 43.9233787785546, -140.22276545790956, -68.56481963208208, 979.155723276069, 215.83398756100797, 74.85197821955664, 997.4888837639851, 219.80987975950106, 326.7482781272677, -51.353379997749286, 5.33760982769599, 178.58275074701965, 849.1046520767449, 65.8890272313671, -29.609316420102544, 15.68904361562745, 226.35245127552338, 63.96027669920585, 21.095208016794643, 484.937187272284, 987.3197031141008, 72.93364510857063, 13.448847669424145, 68.38311497064862, 79.34105978138398, -39.11311353694182, 52.73770161015125, 978.2607041360735, 867.1310205764977, 162.15408992713202, 886.5553073198295, 988.2529616687634, 204.64343149451153, 25.305271050181183, -50.21438637094543, 996.6465564161973, 121.45064040015133, 1.6329734743805573, 347.8329834408463, 57.538069698764595, 47.44907282857463], "test_sigma_between_0_01": [888.6233390239963, 997.9471881681875, 994.0096930598709, 997.2154896566095, 989.2135411794161, 996.4822960871961, 992.6226428411132, 992.4567817973812, 990.7717994800803, 995.3075762071505, 867.7103212175649, 993.0427974003065, 1003.2255843610595, 999.2561996634236, 991.2823901455752, 995.7713729091382, 995.5849886911257, 996.4119224187807, 991.1597883424746, 931.7674002364718, 992.2826572460161, 995.3309204360734, 986.2613215974706, 998.1029371102317, 988.7521375725441, 989.7436417127893, 993.80541258978, 990.2786829960775, 993.1363574277384, 995.8504495123004, 997.4657261078663, 994.0259867209269, 999.033989953473, 992.2690480519826, 992.4975855943308, 989.0726310730766, 992.2557655378265, 959.5096289390224, 990.4729055089148, 985.895930483132, 992.0137106476533, 988.3588767006958, 986.5368404939816, 994.9107251482063, 991.907534846882, 991.7788983463598, 995.3856755431192, 995.8359391286974, 995.350969698285, 958.6955739011308, 998.4504230127584, 997.7290951621844, 967.5457747223915, 995.7774228773054, 994.5914567811855, 984.967788375662, 984.285104463153, 993.0132125785588, 998.6587595510666, 996.3003679502908, 997.6878564827663, 987.8095245067888, 992.2649024551965, 992.3907081400305, 996.6083108338514, 979.4388502167262, 993.7111469906799, 997.7693315187786, 997.7059670706429, 991.4657657035864, 991.6283399031594, 994.2532535463574, 993.9017284947859, 988.0576471482872, 996.1405910195914, 992.317479167029, 993.1143594588665, 991.6202706838322, 995.2404446077605, 989.0990763144417, 989.1816628223455, 994.4562701703435, 992.4345554652589, 982.6904260333281, 980.2564026700522, 995.9757226498095, 997.7076456571467, 998.6084474414886, 1002.8205634768095, 989.3603495998868, 997.1762541349276, 998.0481476244546, 989.9508799826323, 990.8106621891144, 992.9869527766215, 992.4216034594746, 992.7696763252987, 984.5927937057427, 993.8682964789235, 993.9287180035647]}}}