{"walker_convnet_sigma_01_seed_2": {"results": {"test_sigma_between_0_05": [-19.271880009511378, -11.568372362022636, -3.434373808841342, 1.021374178538096, 2.364401563067805, 13.319778852695876, -51.857189479979596, -9.080763258488153, -34.58865917941731, -24.85672125545099, -4.447495177108797, 0.3198481864135698, 6.921311024845632, 10.399445050644857, 2.697296777110024, 19.84759702620355, -14.205155389534784, -21.79687187105156, -4.174207799312723, -3.588840974283812, -26.42810816048586, -3.3209128525006246, -45.232400678739964, -22.56774667592835, 13.092479033743434, -14.80839402084821, -17.556989888120736, -9.69006922564004, -12.652124669328623, -13.102741441241232, -4.471480867509678, -19.44388641127008, -3.775175463316568, -23.80182283732866, 1.990400012776079, 6.49661832924466, 13.004556214487813, -12.480142332518879, -11.009607035819498, -25.037276848399788, -12.494142172524882, 10.687262576438656, -18.27702614966838, 5.463376995403086, 5.303008572899852, 11.142574109182158, -57.092645460391964, -42.3735964890104, 3.2108345422413556, -4.744202078544189, -11.271476147383515, -18.063870202137327, 11.95067399752733, -10.872633199920536, -7.263626515313808, -33.353991625604976, -9.12992143548472, -9.078203313433912, -9.687545032825442, 74.87569350194974, -6.70754131534486, 10.894906693138175, -9.841471174426262, -5.3713772755203575, -5.9006997979304305, 3.6018322009185804, -28.645075374367313, 13.233801125407618, -9.044423590363307, -18.116351949509408, -14.521292297319448, 27.316712784320362, 7.048136994529339, 8.510978181146468, -12.379786451965627, -31.04449824202313, -18.754552879570113, -9.519746611267331, -12.568156328292403, -19.093063350635934, 11.936399588003388, 56.44610234975843, 26.641717316480914, -14.418431219196655, 12.635163775643736, 10.595752481016074, -15.881600159192748, -7.752268991940959, -0.7261088939150984, 8.484191438961693, -14.090099878121702, 0.5862468050283423, -17.02372854456917, -11.034801566823443, 5.1046198845040625, -18.65610571952566, 47.59833189928472, 8.969002808896743, -12.301504853424564, 76.37800983863856], "test_sigma_between_0_03": [-13.738903222879166, -7.0285104740396545, -19.447150179102035, 5.003232602604836, -13.972518300313103, -7.35726752010088, -1.4903978487316647, -7.751329000045377, -18.914059065999755, -24.09268350210769, -13.326550443426834, 6.199692109444003, -13.847514470198075, -24.31018165451534, -35.84837878440449, -15.321039705282613, -3.7585490261073584, 50.64247944295348, -5.040086091699789, 6.226501286950949, 41.89343071701877, 2.0236719464795883, -11.392820366493838, -13.347351047809937, -18.63384973936482, 7.4566937534546, 1.8519162747063014, -19.71414510293253, -14.313017719211356, -3.7048764478051486, -14.675177746526607, -18.702126770163886, -18.490837809647207, -2.7099097948899757, -21.003833032041445, -14.745689013236555, -9.16733800794173, -19.045661048129848, 8.149988430860681, -14.386699804090322, -4.376347946538595, -12.49746035827702, -14.009323420570588, -16.463370736896476, -23.672867200814665, -13.301794019286177, -17.616888260246203, -14.30431562950399, -5.53758928180469, -15.623871218344725, -4.768225088356125, -12.43629496899667, -6.250839693367017, -13.729437856872394, 9.155689701711522, 54.223323733790316, -24.84666571069539, -10.843829781490788, 4.513169218317489, -14.554020090053383, -23.220164995195237, -17.966283627113445, -21.616227254756094, 4.7942166321518025, -16.525512730586346, -13.890720375867389, -11.79543704634271, -4.0558376751010705, -12.902371056744606, -6.473854301920808, -14.220013309580102, -14.319206259876958, -10.2580468959859, -12.403951991850052, -7.55143737649051, 5.5795373555898475, -0.995102437440075, -18.383744379930437, -18.916792487591746, -15.003736994021171, -11.806316961548875, -12.709569296691914, -12.41330498098542, -0.6672730191217873, -12.73317401800451, -20.55347250864871, -2.6163111500587726, 6.18126083502284, -5.976978577034616, 0.34038347760069243, -2.8252092661088777, 6.189398730412355, -24.511342729795444, -13.414462340557662, -7.866156422793578, -12.780108722184382, -9.283489502886368, 3.845028139672648, -13.593315579085912, -17.45390498167981], "test_sigma_between_0_07": [6.653061081524357, -18.18809253537038, -2.2902151372400117, -10.954477111122104, -25.043645169324016, 5.57098547152418, -7.166922810021786, -20.599463364874833, -14.040909310772264, -14.992518423298316, 13.859758650444538, -41.0050202276951, -8.868570500783973, -32.25798793170688, -10.727783386986994, 7.695709256510598, -15.714244737623082, -14.501689028361588, 8.464298287424018, -21.830980290164014, -13.927725026009998, -3.1588823349855346, -10.846061935125908, -20.931158712992342, -50.6614001674986, 11.602942825757747, -4.923763497170878, -6.759257077614894, -8.95452658667056, 0.5804320501381861, 16.169412454988926, 4.403607856552092, -3.366868751645963, -25.701302075838612, -14.083290937705897, -15.18009687278391, 2.484921846793439, 9.152575443524974, 44.2830183733051, 1.6103640741988796, -20.055057806283, 8.871119215375805, 17.219217850039392, -9.920927585988828, -17.721388142432254, -10.976048951446144, -13.338715325042719, 1.917937312769937, 1.6450146651507427, 14.68587023982541, 1.5620899607936582, -11.912601381559218, -10.545620656371469, 24.066224066571188, 0.5911996845272194, -17.132807135241457, 9.194006821019862, -0.9946845312311794, -10.085602589274638, 3.661296650583958, -8.132773282181006, -8.214624802261854, -19.579158380809535, -8.022980937862307, 12.112310198816695, -21.109145752106283, -16.656660292492603, 67.63487042323254, 5.340713668071836, 96.35150762911506, -12.780669266504999, -3.771118404985476, 88.27322939348382, -14.621659247019847, -9.808477081268215, -39.11729328148214, 47.921097545717195, 46.50812181290678, -6.355908981461837, 3.304440976282058, -3.734677530240159, -10.646992426326321, -1.0317729330898184, 59.298051133503094, -3.7290273345191993, -5.5907794617509134, -12.621302375363296, 7.609143271733771, 9.946951651442207, -71.11198047519576, -9.79801588427799, 14.203279251564561, 91.28150913264108, 7.143848623317899, -23.056179311558658, 3.4373985817845103, -33.67988536646008, 97.54889051422079, -5.342362270498417, -20.81791626545892],