{"walker_convnet_sigma_05_seed_3": {"results": {"test_sigma_between_0_05": [866.4304844434848, 877.8608100372736, 848.2455765705852, 660.2611677907405, 878.3768511619174, 874.6283662731172, 696.1604520326858, 861.4924501352727, 40.56617581147003, 861.5940572696833, 864.981683721242, 862.5249476103338, 867.1720351904931, 876.4916491815395, 888.893874744064, 242.71665115686773, 138.24867066979786, 59.851130084201614, 106.53927150304517, 748.1811411964204, 878.5002562401472, 361.2070496551913, -1.4463123721667204, 780.6075123217875, 720.8578658101876, 862.2611212394999, 864.6563449857878, 99.04506592286785, 847.069370074176, 871.019953803592, 867.2315977916977, 869.1848702656139, 28.914874248062553, 871.9123170276939, 875.0159600453339, 91.08540893392494, 859.8899104516194, 888.1226490631166, 856.040649522277, 877.0710005113767, 860.3382569893132, 836.4120377425957, 716.7289766805325, 882.9738282626801, 727.8488295031759, 371.0995647539139, 869.9033173875127, 638.1515649988576, 946.3409326795752, 878.7409135152643, 718.4005136264213, 866.8205580835378, 40.40762652390982, 868.7268546600562, 869.5445932000889, 867.2984423991277, 874.5273642351348, 866.3583913058733, 887.2322522715492, 831.3103189298862, 855.6953620132773, 920.2641773573357, 879.2132321274216, 796.7134926996438, 726.636646366562, 874.2733452643861, 881.9062623962479, 873.9655795864828, 179.23176793711465, 857.5390103781933, 4.81327752527286, 227.2609010790837, 858.4520655989718, 150.30437590878861, 864.9566025538537, 678.8565376894898, 874.3909829107605, 42.17912742871995, 867.7597110974574, 873.8411127332666, 852.9057091202222, 834.8246431233265, 851.8949579036424, 883.1246779348832, 44.941320971070695, 90.38673640275807, 87.3333947451407, 824.2553401410245, 259.44221019877756, 162.50502357493096, 864.5144729497282, 70.84551798804603, 880.2335577084159, 875.9355760052757, 882.4043373810362, 8.1215808029563, 867.4844017166841, 184.11541426737674, 874.71708340446, 23.596872921078464], "test_sigma_between_0_03": [883.987647760271, 870.7509776244214, 868.8844215599497, 866.5392266415691, 874.0766146072509, 879.777872222533, 880.2542941340686, 866.6939322976511, 877.8982788528973, 872.6954184102394, 39.13891466071944, 889.7053143946216, 870.4117880878044, 880.6145941713312, 879.1074677321927, 868.8361836186415, 876.6980244533237, 878.9597398436858, 863.6714020259361, 853.6435239585984, 869.9974585575644, 880.7469982704013, 880.7006267577862, 857.4577645828941, 866.9819247869755, 868.9076680009048, 883.5625689187494, 867.8252091176682, 864.7109543542393, 30.932443487437553, 874.8236902764263, 873.8076354809408, 883.3564496243612, 885.0369740752043, 874.9022822225555, 872.6337155592917, 878.5506529714655, 866.8393965530905, 884.3603664541655, 868.1782439286317, 878.1374011027729, 882.4232074915192, 883.5704739932605, 859.072897635312, 864.9109599250262, 858.3177107888629, 883.5934943524688, 865.5001684479388, 861.8016474120152, 862.7711298522095, 868.8733097863122, 882.0043199693242, 876.174139159181, 882.8621796593687, 884.9093716322182, 858.0476227644976, 885.770967036206, 21.224509809071606, 877.9735330515508, 867.5842222700418, 876.3902242666438, 882.8522520283171, 864.6497694008375, 883.0831975847261, 887.60316205967, 881.6036587860233, 872.2490665203967, 878.4586769559529, 890.1151304560221, 880.7543265549679, 881.1464027782857, 863.987573133257, 880.0339337151928, 878.905285146796, 884.351885855656, 857.8338910300542, 860.2009295567975, 880.2119287920435, 888.3439440118146, 858.7433216866314, 886.2651618005832, 879.2100075168304, 804.9916011492962, 876.4345726022217, 862.4889033504786, 865.5270949918014, 831.3109817507445, 877.3338559598783, 868.3698720547696, 865.1537267002428, 889.9554825992433, 853.2701023661886, 879.9572995294413, 884.074034144499, 881.7558874586924, 866.4357734705225, 877.7223625092436, 884.2262589840494, 868.6773450259727, 870.5223313186482], "test_sigma_between_0_07": [875.5381998917441, 0.837872289808, 128.67911684864663, 868.5785963168911, 880.1407189830901, 862.4191030721788, 24.064377223845792, 849.5998837654038, 853.9708643537189, 702.9287564338732, -17.68150221934048, 11.902621843924864, 795.7937330130387, -0.4701443316065703, 884.788762501547, 869.2554401565121, 741.3281116130047, 724.0542983017684, 167.36187861758808, -89.90922049786894, 20.191243975221, 866.6147382489842, 808.0996387891739, 853.7304300388465, 9.10505753379257, 122.43999815037967, 839.8459038156108, 877.1169561679305, 833.9443574590032, 61.26003636038952, -2.891744218407256, 91.75580282443114, 9.008257489513198, 765.8935862038185, 879.8333644859248, 725.0844334943656, 882.9474321576321, 85.66532387192856, 63.4897268558154, 833.9494823897209, 877.9239113160766, 841.7542794286013, 18.561468081620117, 868.6664702392121, 147.33194511735363, 868.1602165612818, 876.3018700666383, 887.8279819993517, 32.96585265184984, -19.798755173943945, 858.5861402571131, 821.891040322042, 6.383774791714678, 305.06918375829133, 205.76126078530655, 758.8139789851977, 886.4167301315472, 779.5593050492654, -9.067052268311093, 277.05189076434453, 669.7333241236041, -11.964345924819645, 865.010280696168, 861.6769948594547, 874.515096581506, 869.1822080453621, 874.0403853555574, 73.93641360188482, 18.78688467993343, 852.7330548646943, 865.9321796408238, 15.867809525341729, 840.8301683503456, -50.58399311284738, 404.34316170291953, 7.076847765088315, 15.492315375112225, 430.07914732241227, 880.0512278888456, 868.8010389267929, 869.7442981865497, 93.47621808888219, 785.9331464314344, 875.980072082821, 15.879538731332305, 418.8181892377384, 869.7154058719021, 862.9827940019713, 860.7372763075559, 829.4543209624741, 873.1521461722293, 153.0619156795933, 268.9164344124293, 14.975135155435419, 868.6321520546877, 729.4926089793884, 752.1128204118419, 121.69627758748253, 868.9979707670861, 74.64343649816436], "test_sigma_between_0_01": [866.8784011933047, 869.910760305311, 884.5048832021927, 883.7670628895693, 861.1587122051792, 875.655213728114, 865.3238195843668, 879.7719302576453, 882.3573888246749, 880.2900748071902, 863.0182071262983, 876.8972872026962, 880.0419039248764, 880.8356614510473, 876.3971165477107, 876.9578895049533, 864.926205168517, 863.9142066878143, 875.8114417335083, 882.1289357031897, 881.5600380801915, 869.0440860361347, 25.37489445523679, 881.3566707242542, 855.8452185156001, 869.1639871127795, 869.5232416049128, 881.5444900329428, 883.5442318585696, 875.6834210194934, 874.2563328067521, 861.0487337331066, 878.7823940855748, 874.1655128274343, 876.4342534128062, 865.9054296458473, 853.534726762625, 875.9804559239293, 880.5986774076533, 884.3039364794001, 863.0473776675102, 866.8768300656667, 869.8402670925865, 867.6412278922346, 871.6015095992436, 879.5678655303204, 881.0908014726717, 884.4907049883705, 878.7325300977823, 879.6581174870993, 875.7978701751393, 879.3403155540495, 878.1450944035431, 860.6099914481548, 864.4283372017006, 883.480778380128, 874.3985070477945, 880.0368067626965, 882.7647956132269, 877.6444633679212, 862.9134869016508, 877.402080518586, 876.5706560874669, 882.853708648593, 879.8126555229426, 874.910592013905, 864.6700263072001, 883.7725479294404, 888.0873272497406, 882.7328997981291, 882.5306357808973, 877.4939632827915, 880.8284835804741, 881.7582131552291, 875.6176729579806, 883.1267742657634, 878.800376078093, 883.6367970098946, 880.2141093398327, 888.0886175248116, 870.9837123776366, 878.2330522336134, 878.194707253245, 875.2266474124253, 863.3387908288516, 880.4646525422517, 878.4480580439707, 882.2511383364712, 885.7881238232613, 885.6514856474348, 880.2994546218051, 881.7741852971145, 875.0799411771256, 854.4244170806969, 885.3160192530418, 857.9592639946161, 879.5470112529067, 862.5033483232384, 880.8623606876996, 874.2078509269273]}}}