{"walker_simple_sigma_01_seed_2": {"results": {"test_sigma_between_0_05": [235.67283844357297, 125.99295030484352, 55.56640177716616, 122.5825058246526, -2.079173850610096, 98.5698251154725, -107.19162131903433, 69.05202734647462, -29.856416577032356, 259.5699511483544, 64.8035710252094, 79.53222426050925, 193.22415444842628, 42.00009892485393, 10.13981903173116, 45.85113437685066, 63.85898541672067, 33.23147644716665, 60.03048903903982, -7.840421481353406, 98.50756031695207, -64.46181811401765, -5.71203518642724, 243.67315265223726, 236.74026362827863, 1809.1579303847184, 140.15651560239206, 30.653148376256286, 1649.6794411714307, 171.6978819030031, 1794.3166055217735, 82.8917159570105, 46.38994441160321, 161.59161076849847, 8.131688600379858, 37.707394513777395, 1556.816792219033, 1519.8779072227517, 7.982608717308903, 47.97445179601784, 56.97070625672059, -23.33869031533537, -38.21366781571705, 604.315192084458, -31.350487184105457, 70.6273654933684, 6.896492372550709, -74.37918266760533, 83.4726642875394, 89.82202813148179, 444.9715384451555, 120.79157326227144, 52.73392437109867, 100.674537675576, 37.813643927341026, -36.69136692812753, -20.05683637125767, 44.16755597871959, 169.3458581974162, 38.40412901616801, 227.68414940070218, 65.06776333362507, 366.8304376272311, 74.86695807314973, -74.20994529909078, 1591.269497269802, 335.071994263504, 72.3213206281027, 47.227578488488525, 23.469837471710342, -75.24075260051758, 88.03562716563468, 181.2506193695633, 47.19615519714716, 40.270904821559085, -86.94516394766686, 72.74998960774685, 15.691574479163679, 271.51529685937857, 44.183440296749176, 53.34111639560142, 45.80062511551513, 76.06902047473557, 656.4021760707993, 138.5066658194162, 48.65197645353329, 37.752654988825086, 81.58999357438877, 65.27776635153859, 77.00886904018846, 65.17747716150772, 55.64505306460052, 18.109823634100028, 41.397600986341416, 380.52116147207306, -25.685719563307064, 114.01566015875729, 115.82499312943406, 73.00642945424482, 39.306796408569795], "test_sigma_between_0_03": [1798.4473789148383, 1805.1005168442168, 174.52839666210642, 80.40153302387918, 157.1935327090541, 81.85713791839659, 74.75472495712167, 96.86511284989828, 56.2805927612382, 840.1229203068114, 52.3511683583085, 71.5857707530813, 1700.6038236433205, 40.212818648634126, -8.45109143772861, 1312.1663812518448, 1482.559860078469, 159.15887006311098, 104.70648979471883, 165.1285402753798, 1559.4532669528164, 1772.34015720615, 1801.2905499737367, 90.51659779465552, 71.29978392113405, 1739.2750667946718, 1856.3415074843067, 402.6314178726929, 99.74111442562716, 128.99668696291482, 217.04832334922386, 97.7936580178022, 125.55016556141493, 169.7818524802599, 480.96865155889833, 30.063571625798065, 136.7841984948958, 1804.79725420117, 113.27453964664751, 74.67772680150956, 104.41486559067855, 198.00275246637756, 1498.3590462252967, 93.03859147505136, -5.734852055017835, 109.68931041262694, 102.44686262309551, 63.08763700077397, 100.47005531094331, 61.30895381859734, 404.1763280085603, 1792.0950488332408, 69.32915632708755, 112.43202353470987, 93.19364694244287, 87.94748784380064, 153.27532678180728, 1672.5331703625038, -20.69183078290225, 88.88392358137355, 50.69315821958153, 1817.5401470604224, 141.06870085138218, -3.908338408240526, 1675.0734746504954, 43.92061196421273, 89.59990682496284, 143.8967526270862, 38.75585498431175, 1671.9098264495344, 1520.672810749256, 1868.8527334560367, 1677.9905846620316, 152.52860179754794, 103.25549335797402, 87.91868628331282, 132.11180054559662, 180.06448742271456, 43.03652852835074, 57.83501347157141, 180.26601922460821, 1029.356265305446, 133.60034627903372, 1745.925442156899, 152.79594875494655, 601.1658722191748, 105.93699718572319, 770.1681345508781, 91.09245585912433, 1691.8177945083364, 1553.2788466177533, 1732.564640482666, 16.31734316460788, 106.19520701715955, 66.2508652581877, 1852.9252189412853, 190.88474727818257, 1848.1196171515862, 101.42336868995046, 342.6931202769409], "test_sigma_between_0_07": [554.9724210120378, -30.571495677252827, 70.81729615343792, 10.815384283794266, 50.83427505111321, 1717.606254701598, 37.516482690173156, 22.34727658651245, 77.94827705890494, -80.50255924887898, 27.41241358550324, -7.616627703531414, 172.5496550806449, -100.56934679812402, 167.30143961609866, -13.305088701867497, 15.856655883514026, -1.1077047540718952, 100.3510385153961, 11.148352477038861, 60.02182562915551, 8.063653329122443, 0.270706142061683, 68.25924141284777, -134.83908165887405, 77.22906088338932, -12.251495651416187, 23.790481086792724, 38.032597842023826, 36.1890014565899, 6.3428188663107, 64.55590012555332, -33.19788302712114, 71.01347920357946, 12.757015199853049, -51.42581906919513, 1696.2247170004437, 35.65010770616791, 29.767613025111498, 95.46323300324731, 106.37062022169272, 34.00110793541972, 75.17542622628389, 9.659164998853523, -43.28558118482906, 45.11455653825106, 0.5768241563797349, 91.48139986481259, 40.808069174265256, -153.00030646243394, 129.9001899700088, 159.34375740469707, -16.12509712544852, -18.532386092180968, 33.71281018567241, 433.8915061090695, 45.89095569335622, -5.6176910156849775, -23.1040219759685, 111.85702273569186, -156.6125337114965, -85.01715307758568, -102.9538488959763, 149.3605909482066, 76.70169857947474, 174.279734868824, 178.56330951860286, 28.27445559113549, 21.074771742837036, 25.400643681718797, 95.05380411034713, 40.426265822457204, 82.72836141755394, -170.2908400472806, 38.58545113570726, 45.838621820222755, 18.57879089189228, 29.73589692175592, 131.75751614564933, 7.103822370756825, 104.0484517192511, 25.015088889336038, 56.023141972399046, 55.512904308440916, -25.96796486535605, 35.206039774816595, 76.62797309213354, 94.51364922612412, 40.40704487418841, 40.29530240050226, 28.646937681098645, 63.45404759741215, 34.09207016897709, 11.934455080317274, 168.72211258593163, -7.58708959059732, -23.8549955541268, 44.14336485132372, 13.23862287277152, 7.393793235027984], "test_sigma_between_0_01": [269.48623691448876, 1801.5482608567802, 1649.3514318271257, 1830.350342953502, 1827.0350787076982, 88.29944549093345, 1845.291777327701, 79.15847233289679, 163.52594756531332, 1812.0736366330243, 1844.4398704819107, 1842.8193771549568, 1833.4770995677334, 1752.0140810027503, 1824.7622094292492, 262.7476608914847, 1794.926000825517, 1869.6239524434752, 1850.4483356433057, 1816.7989691927721, 1781.8964201479146, 1769.4314492670603, 1782.6826864991326, 158.91742158170237, 1748.772710845767, 1726.758814703422, 1761.7046635528854, 1814.0555558429135, 1868.7241291594987, 1859.1700240773744, 1731.5394409386604, 173.72245320985095, 1846.8323104634426, 1783.039550563363, 1706.9848073829523, 1807.5422380045002, 1799.1149020337211, 1848.0649969646468, 1834.665138048481, 1737.038544387382, 1761.4407169214458, 1777.1446198157078, 1728.4246531699353, 1841.441472556813, 1725.4350744460558, 1755.1473034517364, 1750.4466317394592, 1856.5602222787863, 1756.4542451121376, 1798.2604504914693, 1769.5558934988449, 1764.5641630705866, 108.28338488869485, 1763.5004744712069, 1666.7188355396142, 1795.5317663441042, 1798.1918148258026, 1881.9370696359988, 1725.9094167671603, 161.66301982892475, 90.67615089617031, 1813.9539604073864, 1822.1696592193853, 1844.7878287620902, 1834.8568121400883, 132.33284331008474, 1791.5102582418847, 1722.528827170073, 1830.3205122760817, 1838.479320696312, 1852.8228200385345, 1750.6211098710692, 1860.6340326406003, 1827.8883854835622, 360.9552601771868, 1734.5232463527448, 1804.8571495970411, 1876.4519913797344, 1867.4148418005282, 76.80933074603378, 1795.5541242414495, 193.58516900944224, 1799.120755707311, 1739.773971223665, 1737.5094462376067, 1855.0599147455705, 1840.828732566559, 1810.9012292711845, 1860.9206541242067, 1781.1509718800446, 1829.3146708991721, 1836.230181144876, 1352.7211846766074, 1724.981338611944, 1765.7030701151855, 1739.8381403595258, 1786.9050295063025, 1710.2077026494198, 1826.882677577606, 1793.6046791315696]}}}