{"walker_attention_sigma_01_seed_0": {"results": {"test_sigma_between_0_05": [1.7681131878707612, 993.392558256171, 1004.7817202858978, 41.55042836338108, -13.761154657597947, 869.3932799018389, -67.7207624745948, 1000.381686537014, -57.371552122375576, 23.337608943224772, 716.3591573760257, 458.6532729675759, 313.9699421047759, 0.6268040402545267, -8.34565473878756, 45.41218261341418, 235.1780671837113, 92.86605576847214, 92.25745550933652, -33.11047862617415, -17.937995251160466, -4.555831989501893, -55.57409807452932, -29.542143511891492, 808.2786868902293, 27.631737025217436, 920.6028487215586, -9.805529825761916, 918.8694000847695, 983.664850022389, 654.771717044164, 95.70788333422819, 22.42400417332683, 161.397522766418, 3.735030059402927, 79.76020050063086, 385.45408672237676, 1000.8958866123053, -22.464159116381786, -10.410990727080215, 805.5328954630968, 3.4740713338979003, -20.26969232364063, 993.85583039677, -63.86670692386252, 44.61750406251668, -7.0254011916054875, -10.66076913188299, 832.8158623545132, 100.50526294921727, -80.09083309945271, 875.6841129679369, 119.6463420280357, 794.1118785340215, 43.343268423355724, -8.428127461124678, -14.28063740764337, 970.6111979008465, 190.99781371085706, 108.90893374237055, 97.50695166805237, 486.00911633509395, 991.3022871671657, 499.12253298972166, -35.71442944726441, 988.7392675852996, 977.4289722004556, 36.330096606326684, 100.06259654258173, 20.267092578540904, -8.40726102986082, 92.73777411951161, 56.002194518847716, 111.54814565181442, 15.27934947443282, -22.29267740031064, 485.6902553868138, -72.76824797489094, 206.4666428007548, 29.23157410197745, 64.78784431593812, 14.145859834403382, 71.7957172253431, 972.1368389011026, 134.5580234185808, 83.81472051116866, 19.717135167999373, 981.8833223253428, 149.85071125883115, 66.21800419204519, 153.4412441805731, 111.80163865342915, -74.18912671764703, -8.045571090286824, -6.898807501247211, -16.48674091322464, 980.0274821201446, 133.934079767918, 176.51905192948328, 62.56014380231499], "test_sigma_between_0_03": [772.9683185081402, 804.6397462214439, 997.5333060510917, 74.89725831389661, 322.181669132711, 995.9191527296007, 796.6282880591226, 155.59064800393972, 1003.7724995567053, 806.0399009035831, 91.67781888899482, 7.7446708440911545, 995.2925775781733, 979.578694917087, -21.03647421065398, 978.3377964484359, 986.736117719312, 483.58204209821815, 290.2657447945848, 983.4682463191842, 971.1697674370339, 972.6071946992911, 515.3631336176884, 42.91259155971783, 313.04638087716285, 921.9220672158871, 1001.473983566654, 947.6903789261362, 163.75784770016764, 989.4531847530702, 351.86822736880987, 729.4036219956876, 990.2354499159071, 950.3214487085505, -44.14834956101259, -0.8480628257616463, -34.19212444852163, 255.43820881551224, 44.40364626677469, 334.53866903149157, 828.979033522122, 737.8445825910972, 780.6876102804034, 99.96281269738391, -67.44774198840022, 864.4170483051759, 999.4332304279552, 178.49866278569246, 99.3721655935791, 113.22827063692095, 892.4030025121364, 22.57192356482552, 1001.8330860646529, 0.5910644830859146, 900.8029706650462, 741.5536996826362, 752.5214137933755, 646.3520262293104, -27.176659939302766, 437.48221718888703, 36.05763697315414, 986.1723192973824, 988.5966444269118, -67.49813261226812, 758.30963962967, 982.447708462496, 846.040713442125, 980.6096620170409, 996.9930904711301, 996.867433031529, -65.17411812598588, 829.4807428026301, -29.09331429593876, 947.6019803676718, 147.76637391137186, 180.85747485862078, 258.3733870773895, 995.9036666012653, 996.7750135845564, 85.87090351962105, 784.4340760649656, 988.1501898723042, 985.6006750473118, 994.8348470217109, 250.83429562280367, 928.8871686836872, 88.30810616500382, 885.266217118465, 706.6825536732969, 905.0295400429463, 661.584672543502, 358.45095534735276, 19.186563091966715, 723.5910583746695, 989.0089976094611, 998.6452071080719, 911.7358633386386, 1001.8144385853867, 90.831522993985, 996.5562654270275], "test_sigma_between_0_07": [782.6229636304333, -24.417294966982446, 846.4087355556346, 26.905964280600898, 874.4989793371808, 484.11691450954083, 90.56846614271055, -37.08444132706063, 53.45734002088719, -93.41047289373523, 27.77093960643833, -5.177513855168946, 549.048260705367, -103.81718809226875, 824.3887060125824, -5.06582875158638, -2.4933580160635755, -19.452881066178094, 97.55318762572863, -90.75951446390683, -17.05949218202004, 5.919432877587676, -65.4343811535553, 152.05447292345343, -54.109251939051305, -4.6686758409050535, 3.6567057667416525, 986.9066691290568, 98.43289963968422, -2.3616017997177563, -59.37162537731638, 2.863602070242631, -69.90357208971692, 664.3325568771805, 993.6826100602169, -15.483026125730248, 954.263145466097, 57.256032170334954, 45.59091745732002, -21.61175940565736, 863.9916519008545, 63.040634961269106, 735.8159394324164, -32.4875611491967, -106.5357298995906, 138.2139472979805, -24.417103956177026, 86.52362045141196, 59.684757198442824, -18.692591177466962, 236.2557707008018, 753.2094671330933, -7.206849357514874, 40.524332374974605, 59.44761119848408, 835.0658564682911, 1003.9375122748975, -126.17190036501566, -63.990265260197326, 68.10931520173328, -0.9861763257897114, -93.87353933459235, -95.23876227416181, 247.86197310496348, 38.626221175052336, -19.9881546008357, 996.480323818491, 28.402844650407488, -160.41696540177938, 62.22731263411697, 217.9684910185373, 156.11100723332788, 129.57126106556538, -27.19469034604116, -42.54958192628546, -111.48778945885277, 65.84781801631324, 88.29708020016548, 114.36276878972856, -7.031611454021187, 65.48712685234932, -5.127989856830389, 70.83051785450078, 838.8026035181206, -32.48523006913165, 52.721585065784176, 981.2849389579533, 113.7015995804919, 99.72802042287657, -47.76969847047004, 85.49992261782171, 48.98447217331996, 70.0411836623869, -54.164100988816045, 171.99616639778978, -5.196256036114939, -38.65733684348961, 47.14693258860207, -24.37922005585861, 57.076873535904454], "test_sigma_between_0_01": [443.83825464343795, 874.1396508784366, 988.7260004485677, 989.7847693056239, 997.3446787790265, 995.6772832527128, 990.1467995946276, 991.7435729353798, 896.1103581822302, 1002.7923440590922, 990.8644376017874, 995.3881009224722, 945.1998380612145, 998.964806928892, 998.392083255632, 918.6865692290024, 978.5782691999013, 988.022467374837, 911.3876914873775, 1001.8434665514504, 987.0771222139344, 901.2792922746182, 937.9533654214695, 31.53028179679236, 395.82768680535975, 367.4422914757145, 215.64525437665293, 994.2204804114692, 986.137286169039, 993.9531233112665, 693.728807385016, 1002.2292433739442, 992.6615541130577, 992.2142583609617, 1001.530693591496, 984.5791008418383, 980.8025444579104, 1001.3111592608384, 994.5250824151342, 985.0082992936368, 484.64285630700925, 977.7248572322189, 985.9062739615848, 980.0098644767921, 948.6536679672173, 986.7907542851639, 435.2875139977214, 999.1138583217404, 981.1967063135711, 846.2628234435339, 983.8438428968789, 978.5632465409942, 996.1780648229366, 988.7327192168697, 986.4412201646462, 919.2763943464026, 987.9607406945823, 1004.1027973884617, 983.220092893251, 1000.1556976411189, 986.8555116476562, 690.0013263800649, 983.9866724192666, 942.7425480664916, 993.8037031671475, 171.45171712713497, 975.5508661225929, 993.2310368868933, 1005.8262866106605, 996.2330412684314, 980.6875949623718, 989.9208640895904, 986.4115571183007, 992.9616532330102, 990.4474177578702, 978.0524107131957, 993.5714943304379, 995.0207925207491, 912.2937998092453, 950.4859101505025, 987.8944229658518, 996.808800726154, 980.2164376338055, 255.32419694202983, 316.8903356834285, 996.5456581119089, 355.28820169353116, 940.7048625325351, 1002.3297450149662, 984.3286893597458, 989.6412755612429, 1004.284789509657, 990.0320668006412, 980.242620682432, 979.2013885887601, 90.36587517815497, 1003.3246110252851, 993.6598874193711, 994.0626353569724, 973.8927255963852]}}}