{"walker_adapted_sigma_01_seed_0": {"results": {"test_sigma_between_0_05": [363.3112052483352, 74.42137084343995, 87.00835328320242, 7.478642438676617, 45.97547877476755, 20.74830841888907, -113.9944653016835, 96.50382054501537, -7.365057942736909, 5.430446456326171, 20.824194797119706, 91.19378587785467, 53.61412359123206, 8.721158490022937, 9.001394334829818, 41.23025650581403, 66.68140539394372, 91.86704459271276, 12.136282574622602, 793.5747999162382, 653.2402487097875, -80.67454783008144, -29.742069388367227, 42.388275048049394, 1876.714951033374, 41.28956805789348, 297.2103715013263, 41.46806009057764, 1757.6924912389663, 1925.499004779117, 1030.1173317258383, 27.790475010688528, 76.37068195858592, 326.15331197210475, 240.51336734718063, 110.3596405880817, 1572.9101878807116, 1952.845116889982, 52.69491177869495, 1870.2007794991957, 1503.828966871538, -6.596169203208412, -91.48375736240412, 2123.9411081446156, -4.516921039222507, 86.84556664512199, 3.501541074203851, -84.24033758895968, 130.8359276012459, 2081.3214927604363, 124.16556222754437, 118.77176333730313, 67.6968897195038, 2106.072043569932, 409.4655190026201, -6.076661093467557, 237.77869888841087, 14.361824647612233, 1959.1729693090872, 18.500068677720265, 56.97699450410437, 106.37759765491067, 2295.573306071387, 15.707576979760779, -1.839158479528851, 1850.4870032838073, 2045.4067078289938, 21.727696616735194, 18.59593090226408, 1.4349810148603863, -17.49739621721383, 22.419225643789105, 106.17245410853785, 15.940021220472408, 19.707910607398663, -69.86707908292881, 203.26273948022438, 2.306309754533867, 119.02235847808478, 2009.2943357390566, 95.24384170772979, 53.1520590559434, 21.191914803399417, 67.1382118485024, 811.7577982624292, 19.727883337241654, 16.22301705854043, 127.04826347579802, 60.233899813440814, 23.622174882903348, 20.2729321488252, 43.889171060836816, 57.69678797403176, 255.05013154751225, 6.159062341200479, -0.10273851950332702, 157.3592823275947, 20.72219038624753, 69.63638383403739, 19.11689055165334], "test_sigma_between_0_03": [2166.089385776278, 183.53685250132978, 408.53007506892476, 50.504075369918425, 151.59867976924153, 131.72232170526698, 17.76294813387649, 206.32094209119393, 1044.493039933933, 2008.4662871463731, 66.67750721859339, 1128.1048447222952, 2009.8059940689022, 1645.1460672730746, 328.9318583801256, 1715.0097143639098, 1917.2995749165584, 160.69551067136348, 81.73278541371693, 1931.7257730702772, 1732.5056303014944, 2188.7701382813057, 2185.725666480063, 107.29766971559147, 58.45314721286414, 1984.2626597260614, 2159.447717291274, 629.8282228820998, 105.44155137326455, 182.24037498711846, 2124.920338817123, 17.163302879639378, 892.0062614010201, 457.3153148455079, 1807.3406108397644, 807.9256394876546, 345.67266301784116, 379.3312030385409, 20.30790115415875, 115.4476500767181, 2014.1115091217232, 1169.6957280417969, 2033.2906248079173, 131.26357346123692, 13.04862082009058, 164.94092694603464, 2128.7187774908334, 78.13669109305918, 46.31083029027942, 54.90017562980067, 2018.1544200206206, 1931.4293264346793, 303.76249790796567, 13.917214910138867, 1952.206865877497, 590.7227504005846, 1073.8708094128108, 1810.6685762987695, 198.47570232027064, 151.43540315829745, 21.475504489844027, 2105.6322890261767, 167.88934455860144, 76.2814615642521, 1917.9757692405406, 1898.0315253095819, 2026.5990459778834, 1928.0044377545782, 109.60747951651867, 1917.3713920654309, 15.992778504797021, 2169.9766309826073, 2162.5391130346757, 20.411329128126084, 23.865973600011785, 64.47166082873592, 515.4563718885724, 2079.2193124455875, 309.54944942057483, 24.894239126030875, 564.8976011025342, 2095.2118672570555, 646.7233136940439, 2063.0884868231506, 1635.8913306746529, 894.4633072204964, 19.948074964396078, 2149.2834224460107, 75.50953664720582, 2163.8287864744684, 645.534384957326, 1944.096703703331, 2186.371662022634, 305.7770958806418, 18.07949273786653, 128.44907914393548, 1660.7046855861913, 2263.556502729659, 141.85950925120997, 393.5442201926969], "test_sigma_between_0_07": [45.95133793269053, -74.16579732992689, 740.1802592541469, 64.73592541010586, 34.05644839420855, 1924.4769916885343, 58.02029312635277, 56.41379596845798, 63.03272994301223, -7.439773798707756, 18.772857372464205, -171.66376134673342, 334.1374664094776, -162.09526611045877, 21.541566295939262, -36.819382316850536, 2.0366637193976205, 70.56063894569961, 85.04209103489842, 20.492210715280088, 17.530883203842677, 184.0872109974531, 89.69392606405893, 59.56849966801674, -141.79226051697046, 6.209546386919101, -13.797265501276708, 153.612405372136, 18.6749655578722, 4.460642947058659, -46.76649757201376, 40.06219695205508, -6.8689927889048725, 22.731807545645278, 1915.4235955932902, -54.41333670524328, 2317.0034402996116, 15.087448318072715, 8.907455315534026, 4.735641741803556, 1728.7444981269239, 20.588289264464404, 277.64903252061333, -0.08653273946984008, -99.50882364731515, 58.8428930703798, 69.6777265267112, 109.95613793100493, 19.192444974558022, -74.75039436858206, 65.52994323606545, 654.4383044259757, -4.520143978254056, 95.90794720972772, 20.579387025257166, 170.2995684173685, 145.37058693891885, 5.050688636310223, 21.253453905959034, 14.033600736076187, -4.9968758402421365, -156.88556441115358, -22.72443722927419, 1543.6857308929884, 17.97855456464167, 1900.9352707654814, 2068.267186993832, 16.572936474913153, -81.39147930152393, 20.31206074717775, 105.24133524120994, 47.17487568996585, 20.690398386814923, -111.77122441433167, 1.207078700127021, 35.05170014307804, 10.90563725336105, 20.078704556879533, 14.854838078361354, 36.766213232275916, 1484.743217041175, 83.03153648712325, 15.688794801147012, 92.03488776848097, -126.81004223514758, 16.249446488446846, 1739.7055371510387, 203.4748414657124, 133.97051959270615, 6.1845135828058115, 44.602234655291255, 22.09243768520392, 18.935894997406287, 9.422924590093317, 261.58121339617344, -2.4560391983992287, -30.648875870523625, 24.90269404090941, 2.124027254169053, 9.23255948915612],