{"walker_convnet_sigma_03_seed_4": {"results": {"test_sigma_between_0_05": [975.6081697350803, 969.8054856225845, 996.0600060232941, 815.4208082221884, 947.518066491395, 876.5286069255822, -61.5941286825546, 998.922450019454, -183.955832332428, 828.7949146813085, 894.5955952530189, 987.5611989252369, 796.5509131738077, 990.1427831328037, 991.3683109785366, 25.527909470524175, 775.5057705071538, 802.0524731518055, 26.042767414356057, -12.995145548922315, 981.6653126056002, -17.826315937441542, -44.923237803284444, 116.52382640357096, 995.186336344768, 1.6207970650560974, 17.33206440428621, 12.028938916206243, 992.7611792988496, 987.1555216888203, 990.0345060443564, 990.7141226323881, 50.00721160174144, 507.8844771108487, 978.8629028515585, 187.62266081584374, 171.5394528530261, 986.3481811944616, -10.330447615969739, 985.6315729961443, 138.0331784194044, 994.4790209896977, -40.65257665639803, 995.9183400990901, -40.09772370576538, 845.4338699457097, 585.4964042458083, -4.54986363901844, 323.56819943482833, 888.2992171159452, 13.393294506985697, 978.4402696969769, 967.2421976443309, 993.0633978793331, 986.6602265444486, -6.48159353430818, 941.8938334867814, 7.394916465147986, 991.1205989680701, 980.0894641747991, 598.2587391810257, 107.02274448232924, 981.5723331525236, 364.1595017630303, -187.582195854986, 971.2458117606976, 728.605892865016, 936.7959669478093, 99.92449930028087, -10.010686083753528, -107.2707960188025, 108.08495351575978, 985.3307297347508, 61.2657183295232, 982.5065069416021, -14.110733787796928, 991.7698208270582, -138.74913117710096, 76.73880969113233, 938.0499069557104, 862.9362656191165, -34.944520309941446, 974.1826717776789, 980.6091766839384, 958.492688735716, 177.4766242936617, 528.0543853920819, 994.8557190140374, 313.357659447605, 70.73987437467878, 127.19328487424643, 96.8825580541627, 997.8469879123858, 978.2357221308208, 833.2401511509404, 11.236539558632648, 978.053478785351, 652.8741380701899, 985.750658411809, 358.6212441488243], "test_sigma_between_0_03": [996.8495015003032, 977.0605315854431, 35.690079330025775, 335.13541880776904, 988.867109050452, 993.8308038887283, 883.290403013371, 903.7975681917596, 994.9330214861394, 978.9353502419764, 122.54941979631693, 988.7407094499194, 988.4422470350305, 998.2355913350926, 842.1105340167513, 989.627824452573, 988.3622529281182, 993.3142124804871, 106.40747143468185, 994.624928409837, 986.8096162031599, 994.0551307814547, 989.9370308369506, 76.30127067650318, 251.70336107291953, 985.9875183328729, 996.2873829973418, 971.0944179081449, 953.4140008847797, 996.2467581828295, 999.1062219337001, 990.8504487002662, 731.9868935364817, 994.1952792938329, 990.8700503487706, 982.7562530030973, 995.0138300709693, 989.11802422744, 992.7653529098759, 120.34986488801081, 461.0352420376234, 984.4187487150091, 994.3960320517981, 229.1988198636361, 994.9692896819807, 992.7385930823876, 995.9076163101765, 784.443824788381, 52.604136229767754, 778.9913413994567, 989.0904430012152, 994.9037827181494, 994.7390223498915, 996.6064845793327, 994.2841865096635, 988.2007821209446, 994.2120624628723, 987.9767535855489, 987.1845779810744, 71.36567571968769, 970.2123496350767, 991.6656111086247, 930.3200178509786, 994.0755011882486, 993.9385175660011, 994.7843828283014, 142.42951728304323, 990.8317159703992, 994.3605610432446, 997.8842227545074, 994.4234055625548, 894.1129934790297, 995.2627434142626, 119.85183567935023, 993.8258937691386, 984.9952145954036, 988.137920274954, 993.1859360933014, 997.0236084216102, 977.7988587404143, 998.9921377417631, 993.4549682496868, 859.713460562024, 987.9026176027126, 972.523628805759, 41.89685499612826, 230.6808836466923, 987.4127022166421, 991.8955221201912, 982.2514589050112, 994.0092633278879, 998.97881001715, 995.9699177497603, 989.4704481595047, 992.0427914089553, 995.8274970583359, 987.9445864448782, 994.2061604668396, 536.1887085274082, 991.3992696404832], "test_sigma_between_0_07": [986.5485587250475, -36.019141701824275, 860.6554868142587, 17.859921892620335, 100.76513714813193, 983.7220788521968, 515.2143233478433, 11.116599542488986, 293.68378418983053, 235.16652863009656, 771.380979240561, -25.71928054004965, 139.31074003960532, -35.259469975817765, 972.1839097925667, -23.01601075272629, 82.8446087180273, 995.220696810211, 975.1368803842598, 0.3016174455333398, -23.199563304967892, 979.6626443962778, -162.7579928430321, 977.7947497793364, -239.05139728154037, -11.90419771632296, 42.834174074966, 995.2123111950636, 56.43067007609934, 1.6309641193452986, 2.8249891350773395, -11.021578391097135, -12.18221497805061, 142.9410895856461, 988.0070200863914, -30.794695823376237, 994.6560314142779, 34.25417850792148, 25.1978409732299, 5.036158752760093, 919.057191672391, 80.44773317082873, 137.7547197977066, -14.110156881983857, -67.79192989661388, 984.9378981347617, 997.4420376335396, 981.5141678412882, 963.6271884656686, -152.08475150428424, 93.60098552140694, 968.8674859002394, -5.686410465123476, 121.19587454419819, 946.5607258331896, 343.971223991837, 994.8190829011783, 49.12369209484316, -95.3504608019051, 81.6255268287771, -2.0783076340507276, -69.56179256675242, 605.9954749882086, 987.4753440848145, 974.3188654371825, 994.6573836948833, 978.418881577475, 23.077610400493715, 9.050431419571396, 78.00233115109587, 993.5238660721736, 404.3421172273202, 139.3284089864843, -50.59326757155214, 11.897696197312321, -5.85783747337846, 45.06068650927627, 87.94730056280386, 46.72748300622626, 990.1170229376786, 955.3451557699821, 22.16952138799534, 958.4222046895907, 910.0993538990864, -28.52366905653907, 47.47736668158178, 92.29625358225894, 850.8098837046243, 926.8203028117671, 407.4765132333059, 993.4680765694982, 76.35494122168454, 33.648433714218854, -45.94949034755264, 4.431206457942607, -8.196381234277217, -43.65632150436283, 49.513643568276905, -83.73284947308564, 77.94555112841628], "test_sigma_between_0_01": [991.3542746043663, 992.1323008345444, 992.4716579152869, 991.270593329042, 994.8722200131749, 933.6943708104498, 992.4209182871977, 990.3214665206169, 997.5808899488305, 991.4836596898305, 980.6378655362415, 996.1003496765175, 991.3264860015645, 992.1705391663551, 982.9766686237156, 984.081156332867, 986.6317029938916, 985.649929455271, 185.93965984600942, 990.4787741476457, 985.2996780169937, 989.0852747586518, 66.70089439400469, 993.4289648514754, 987.5495005128021, 988.9853704161662, 986.3844960347166, 991.4885948371123, 995.6985498570355, 983.1925897578004, 988.7335238835234, 992.598514337577, 992.290957227129, 989.1853594612119, 996.2590342242445, 987.9614474860806, 984.8675439887355, 989.1500266555984, 995.5792906858234, 978.4797818538282, 998.6903301253171, 988.2256665177978, 994.941462184917, 994.7917255282148, 126.86524577157111, 989.3268847098444, 993.3400510527713, 994.8729551848828, 994.7021896884681, 989.3901517510445, 994.2862616279504, 995.6571260355782, 990.0101681128808, 991.5479743819375, 992.4522023653016, 993.2687913920192, 993.9336903119755, 992.5084454229154, 984.7461791261497, 990.2232917651703, 987.4473390314002, 982.5506735650124, 990.5366859941115, 996.4473911352173, 993.4943211493681, 993.0199255747639, 995.8543162201663, 995.8927479904137, 995.5178715358742, 998.0025863873647, 994.906378718996, 995.0342979597366, 985.7782773792047, 996.5505075327789, 982.2348145829221, 990.2863610682233, 997.5195970777706, 990.7645296630943, 990.5136753255921, 991.7550818377916, 995.0003274621449, 869.89416339245, 995.9763396417533, 980.3512591549951, 984.5973419865195, 994.4424974215017, 991.448628218366, 994.0347636059755, 994.3548041471835, 990.403320907499, 994.2031129616139, 993.4661861360215, 972.8271019493612, 983.639407509338, 990.7199770194655, 1000.0264304102458, 992.6666566206644, 989.6853202961813, 988.1139297453492, 986.6416402733566]}}}