{"walker_convnet_sigma_03_seed_3": {"results": {"test_sigma_between_0_05": [20.91125271994533, 14.283877237718842, 690.2633910721761, 579.8155248585412, 184.01600764719177, 790.3906183714698, -54.59782984736084, 697.8485286850603, 45.12032408148078, 8.551813105422479, 695.5113809919487, 816.9735749284297, 757.7584911184687, 61.01619322002953, 8.439578198657545, 95.20617395041918, 38.16444210999323, 9.697998172008374, 29.327786050661228, 10.590856973455812, 10.25263984685589, 7.362750467327715, 535.4615385306267, 508.771305110144, 788.6843322333443, 706.9010095857645, 21.642892492756072, 839.4434450759823, 789.0826121274863, 778.5502863167803, 819.975265592536, 73.93089688523033, 645.2047753495309, 23.98841969227652, 681.3743148237259, 141.0366749959678, 13.47941287575668, 730.1535395422, 0.6899653142972952, 9.887612639770667, 646.7972923531555, 8.628061810278448, 550.721095420581, 779.933974167345, 503.11827083803223, 9.144407299655725, 510.7371655857926, 2.6564378939205193, 67.94817780688028, 799.3235519222516, 559.543380706835, 555.4264075670781, 728.4917639667894, -2.826376288711618, 724.2841910397116, 491.1499000392304, 493.8890149039392, 15.301547321963875, 824.7242506897381, 832.055503990848, 750.1176339802786, 9.510127643623854, 829.8395633444915, 693.9578924301612, 0.6139914594969005, 796.6189490617794, 523.7444300622427, 13.90314841772051, 808.758388328892, 8.968298243914614, -17.42406243417936, 54.19268238639779, 656.9346722028604, 36.08005385442524, 709.1014643636282, -94.1570627177003, 476.752220384787, 625.1612608146489, 842.956057087458, 11.368377352131937, 79.73783472673968, 15.77912066280987, 28.70400635956175, 667.7337724965005, 786.8424149385208, 30.864730366632273, 82.78166402673956, 13.504481583627056, 79.09337941710547, 83.35715625510636, 823.7638839108289, 108.4155615610173, 207.2378196855162, 6.8909272295059045, 564.6288151123221, 21.642685054623865, 22.916747651208432, 46.46236030098372, 686.6156750953784, 54.059846190390786], "test_sigma_between_0_03": [16.433886616564994, 847.6423137079161, 572.8397226732208, 843.9134045329258, 819.8692001175225, 44.90949195662687, 704.6048194247502, 807.3557999229033, 44.29733393360075, 531.0771729209869, 746.485893230211, 686.5091622428413, 121.91809105027204, 707.4331219298122, -2.866165728084161, 727.2403058259998, 12.34489337628038, 834.44263868054, 839.0547020233664, 828.9017486304102, 13.419988976565948, 9.217992402112577, 693.7215396651784, 20.732590715504195, 827.5752209778665, 686.3722929039321, 716.0630968473362, 808.880213450223, 811.7649540252663, 815.8630978787409, 86.51704398200671, 28.6659189545724, 558.0990537551093, 690.0945471539654, 525.2060496680552, 20.68655300698883, 495.70127741773604, 805.1228493230193, 55.84200873968654, 807.5679820893814, 9.723788713512473, 771.9034266739802, 168.5102890886439, 488.0671389534899, 518.5727657665904, 725.3015806396002, 817.828309974801, 739.8875000948997, 842.0589273935163, 809.014764932027, 839.7141689076759, 221.72290897299686, 12.426271810835168, 64.3906892755985, 726.8408231880843, 832.601757335967, 533.4567564305374, 811.8340225213759, 524.8150848157937, 836.518615170063, 649.9123386419755, 835.4335827540901, 16.566602394942315, 10.4669068203817, 641.2693328210141, 790.4457517336881, 820.9896913004454, 716.1653798800943, 690.1626851933185, 803.6155540086071, 520.3121766333163, 804.0971500210743, 632.0391583373271, 805.2864194109168, 803.757698985547, 29.655731860034578, 835.1317967524401, 841.7264113933775, 7.0859334339853355, 842.5132742451639, 715.5661398092506, 776.1789976124651, 724.0435818611185, 14.868651188527293, 735.4619912491621, 792.5810531687937, 366.80662121063665, 15.726851993401946, 776.8961727875848, 808.265663024822, 798.1601170984362, 804.2459185134543, 547.3961706960642, 597.6964921110317, 801.844126077918, 11.689461685289281, 818.731427370335, 694.0677805068427, 830.4843620340828, 6.772307031354284], "test_sigma_between_0_07": [694.3901779514968, 12.21912555286398, 3.1137434715798005, 7.130004519526846, 376.48536198822677, 842.0149892585029, 596.8610339377017, 263.62086671649155, 32.86270899506053, 158.95911839229063, 29.46991370993637, -148.37132263177767, 549.894701202835, -103.25642538950054, 524.4978345018988, 8.018230582517573, 523.2649398804153, -21.0250847577976, 58.874159757724556, 4.022089274543395, 60.827041803044274, 506.8028929989798, 12.126035325453266, 15.108174686702839, -5.046977840962018, 67.47647073240661, 8.137562280139534, 738.7333358734428, 65.35071350154902, 522.155874491232, -28.891267679358137, 4.990858766231397, 447.4608174106641, 38.52617186380521, 3.6795474590791852, 464.36228850155715, 788.9627071187688, 280.26711283119386, 550.0696106108516, 4.844255728300779, 127.09771179299572, 368.4701905548183, 815.9323540781713, 509.5391509985748, 22.272461015584128, 190.94938053986257, 675.3942101342004, -40.5019156605238, 812.6553578791526, 34.92180554356747, 568.3994313778925, 46.95905524074333, -72.5009446417127, 16.168681996276433, 287.4659132673304, 590.545569705065, 10.039278527551504, 502.87051745418967, 22.0248680470133, 11.163145169467318, -33.07809662941727, -39.23505120952177, 5.143208235208295, 845.9553142540261, 681.2022968132883, 544.0704982384754, 523.5521446523472, 111.1572322392545, 8.215668252520842, 167.4693241214234, 17.647219490441785, 822.1444407232437, 86.89275375863363, 42.169216679861705, 19.201004827309227, 6.007427305035526, 208.64147909667528, 80.8548646078634, 87.78939959842387, 1.8597476509006814, 17.12837210451544, 75.2808602884121, 177.35981374792607, 14.089569019810003, 5.061928832283592, 155.87118552366596, 12.786326134795674, 850.8686914784455, 36.43745668538758, 14.761136331420857, 669.0151111248161, 724.4554876288806, 13.597431897289065, -6.615859185751469, 736.8891910030561, 2.89001439010026, -28.41089501498791, 29.214835179450162, 59.23070482204347, 24.69852519136621], "test_sigma_between_0_01": [726.0394280277292, 807.968168063216, 740.2198739154815, 762.794619600126, 729.8236031864282, 16.78512576995417, 738.0528137331158, 11.913528843106175, 812.3839768357387, 820.0333889023912, 761.880233171152, 801.2785675065013, 788.6394642371141, 736.9089454934739, 842.4505448785534, 791.6231959013527, 15.187017305725023, 737.76274139769, 733.5746908958539, 697.503828548661, 789.1251710263593, 63.04805745834311, 721.1174534411099, 789.8865329347211, 811.672680780616, 15.314087570877746, 782.6941156894006, 788.3078568441247, 794.4392179829908, 793.49673554042, 841.1455829748544, 716.6607037362272, 804.1328174389168, 736.5768457215054, 747.3600995881378, 5.2323070939673935, 726.1967104565952, 804.0575867841862, 703.9311947858769, 786.1264153544288, 539.2415737576565, 718.71005459039, 753.6518588284632, 798.6653525463828, 855.5866738590178, 14.529134600849648, 772.7661770236557, 718.4520996164124, 838.2112381719176, 709.8249983146352, 721.526165180361, 19.258002629461405, 724.3900089811639, 782.8384998036252, 806.1176544558974, 817.9973657990274, 842.313457523049, 725.167450819185, 833.8880773281439, 13.43383720691636, 14.145116940964362, 765.0644448205471, 798.0369018168557, 733.1151787489495, 706.4646401281484, 837.0749242439931, 14.616839522149533, 15.633910086454124, 719.8485263740356, 687.7773695963322, 770.9205837912234, 766.5172328496013, 815.2760006388354, 726.8297452518619, 797.8544887764372, 19.686965003245852, 727.3098147676985, 766.0230562335897, 14.319495766278123, 718.1397003460982, 803.0591780318159, 774.5664220936638, 708.6310550474047, 811.499664240874, 849.439952376586, 16.981531314819588, 802.0827399225955, 701.9092203123265, 780.9572228894025, 15.271739367066765, 765.1480532361106, 18.222529318513995, 736.041767627347, 790.6797028575701, 796.9362356784707, 730.8011052411465, 16.075083827658094, 783.116463540462, 768.8436137640423, 797.4602463187846]}}}