{"walker_attention_sigma_01_seed_1": {"results": {"test_sigma_between_0_05": [625.6850560665674, 360.26774917044247, 855.0620140760609, 895.8550132311367, -55.89652634805825, 992.8134889476563, -20.152723554694965, 993.7003012535329, -11.988569244605603, 589.6479257748599, 115.64920641135824, 320.99065896280695, 975.2344409911358, 575.9960699139538, 100.36746601209886, 61.71013085863378, 970.2206559552966, 70.70269779984231, 114.73510701566994, -196.74286236298212, 92.58061674201012, 1.1937349598942089, -113.52679855032623, 11.946596997737645, 999.7250935159341, 413.38477685691333, 989.0345496918495, -43.33224070873549, 88.888211779701, 974.7288753945327, 135.61759727675232, 87.54116085739665, 54.581697886004974, 77.36008614937307, 989.848003483487, 71.81772173574137, 983.2625123620584, 996.9184087360102, 21.68797283817111, 60.57478579709569, 403.27824553681154, 735.7498298900166, -37.72873603971093, 995.7801058246271, -119.15932525689718, 90.92685191592902, -73.41929864288107, -100.50671468795774, 971.5333154098955, 979.304276428699, -84.14098316788733, 174.10617150536694, 70.90247094481455, 995.2658384568965, 764.1606985050724, -39.74426475437503, -55.544396199130254, 110.46525242624479, 192.57086469037603, 61.25804883329109, 346.66845974523903, 747.3207983644198, 992.9289248028418, 33.59000538294349, -60.93799990990664, 170.7094492372518, 751.4201353455959, -35.350377755233794, 44.82641237742498, -31.333057584005296, -84.07914952291758, 80.38744998774929, 969.3432607527525, 70.61937206020956, 961.2493747811856, -53.64799280439912, 975.6355591830719, -7.78579391982494, 871.4156445787057, 972.7585000798882, 83.55635453595019, -11.23119010271184, 38.98829911244683, 423.6608145463263, 75.57269807316915, 69.29469569801877, 53.96379614835606, 996.480043708183, 118.38182919681425, 115.49878974241875, 97.2173007657417, 98.88256486145255, 3.346511547350384, 983.6765591754004, -88.37341289357718, -32.26008133104042, 94.73590134737604, 64.00306583760249, 961.930813446757, 38.021063418187275], "test_sigma_between_0_03": [995.7056400735678, 970.449019668753, 987.6624870085195, 61.347808652630185, 245.3038843240925, 998.6473881433776, 67.49843686428066, 961.3430276694983, 988.3149426848728, 452.96596038705445, 54.338254988359395, 543.3257227635058, 996.2946688520623, 1001.9705317849695, -81.80732856271203, 890.7319451506426, 998.004898794798, 961.2109920907837, 968.8874705676316, 980.0696346890207, 210.26373515046885, 992.5844506375048, 976.783948732122, 58.061697919550326, 419.1844621455937, 998.3585080117688, 974.9908078705444, 975.7658134409543, 83.46261400972436, 969.418957034755, 988.2905282811803, 308.457059572804, 999.2286132479538, 996.8344584954788, -0.01891101201617995, 512.4852128013422, 200.2458857666512, 973.1783275715158, 64.07062816845719, 241.588311588549, 981.8082119022147, 998.7512867120256, 986.8166489116022, 56.29268936892474, 54.2201680411366, 978.7152250624885, 990.4623367565335, 136.16438730590022, 48.741357357543876, 101.52724886921494, 84.76900806615156, 974.5708470495568, 977.8256852941844, 890.4962635442417, 999.6035791227038, 995.5910478792733, 984.351408670528, 962.7338588320875, -238.5206364202997, 73.40386903094915, 609.3242939632287, 998.8486444711357, 983.4938778450354, -14.59669510770473, 993.1851998230206, 991.6944958902742, 957.9631254155447, 990.919787491838, 994.1792549697241, 971.3961144921477, 896.1256476790106, 977.0740736058384, 720.2325360415585, 989.0433653381285, 989.6207613685126, 60.23245701484266, 966.0305844618292, 991.0856215603052, 993.843496819311, 104.01413139725044, 968.0813667325829, 966.5332195598559, 966.2953621379877, 986.5064968238416, 93.91713108625406, 81.25991783732317, 76.85593767557145, 957.9032675861816, 181.00831337232654, 979.5418885995504, 1000.6106039318995, 972.2227534214637, 928.065484113674, 790.7343703536209, 984.4693217747382, 997.0697666812955, 88.49179637155466, 997.0621630498752, 125.48219213541743, 936.8309901104893], "test_sigma_between_0_07": [961.6828811048707, -37.42755477884784, 805.6868224210491, 90.72211319695482, 26.554919440572842, 958.3993529920425, 22.445321619264732, -78.31451253644043, 124.16688138271576, -59.67946253769916, 39.76137007677317, -86.63204081094158, 109.33399406806714, -65.91232853770634, 517.8106245397186, -11.987698153358359, -2.6257340497395516, -118.89657278240045, 243.51913892135934, -34.73201504144673, 8.378442143452414, 47.156446223864606, 4.304094692799848, 70.81933042931637, -63.394856430838985, -6.829145805866575, -25.251957422861594, 991.7767312382367, 53.854061039270896, 15.506418652793215, -11.88198092331877, -14.430088052115753, -137.76277771561868, 966.5136006965276, 997.6068595303997, -100.60011640518204, 985.9581394338741, 36.13021536643065, 53.781133262369245, -33.12596544444823, 194.51244895005385, 69.86375744090185, 76.81325284577032, -9.7268074183914, -23.474729691383267, 110.75336448887246, 512.7269473141469, 61.230345425273114, 51.62732051803907, -32.238064669557204, 84.635374615778, 996.3703412922771, -57.71049867132678, 18.91078277373454, 101.238206861385, 996.8394266018687, 1002.3815279546744, -11.701120942295525, -51.109018262132295, 30.13663773715815, -10.438144549971915, -119.56045503202185, -125.14943065981204, 28.387308464027587, 37.81301132466178, 118.68154270223893, 516.9830316131364, 43.5706828075985, -60.270633573715166, 52.87823226124892, 77.00046159214254, 125.63292482768159, 80.78454494243633, -135.23153562603989, -50.62734084761178, -8.256338621623582, 62.93159206001291, 45.26573808415268, 40.96912094955915, 195.94688355675632, 967.4698492524442, -4.286245663181763, 63.85181052336701, 382.30057938313996, -18.663359575608045, 31.653385056370453, 852.8023737759214, 182.6231063669824, 169.99940873282898, -88.60502124265764, 644.4066318306077, 46.94683788782276, 58.25741869809281, -123.58594080913608, -23.58082877709967, -12.117018364169054, -62.52400030909921, 32.02066177513334, 20.211647573742095, 45.58534040145749], "test_sigma_between_0_01": [987.1444038256486, 959.9343703399555, 981.0170721385322, 980.8362719767426, 605.5614451167148, 985.4697459603233, 959.7434907811917, 970.1528357581393, 973.3347476705102, 975.1764262444015, 978.5774597708722, 976.3567099495572, 1001.1281423252184, 973.7267646061616, 967.209406263463, 975.4875727848951, 996.6555411349299, 999.8006983401369, 963.2204319241263, 999.2148774627123, 977.2916569801839, 990.2041085483963, 956.1654120075441, 992.5478842236928, 987.9528232977204, 956.912518112071, 960.7826920550084, 1000.5150125250892, 999.2333788271357, 977.854571715126, 983.0110637591843, 974.7890471297293, 970.5371340685365, 978.0026826249807, 999.9564039996196, 958.1838431571358, 998.8927465980838, 962.6153569458586, 972.5644593549972, 959.7488090198531, 975.252091879121, 974.8060077348107, 999.1859580472509, 962.189093766348, 957.1044493672335, 985.7207358158777, 289.46212431447907, 1001.2318646792692, 978.4669692750151, 983.9925887753478, 965.9796031948848, 972.7431245171407, 999.2288251695545, 1000.2052575750026, 957.1308504435747, 964.4259419692759, 985.7137945717166, 969.3185485167908, 972.7725430577347, 973.3977175040063, 967.6997864455693, 973.1599264026661, 965.2913385502836, 1000.056486834105, 999.1662633478908, 973.9292891004216, 971.3133141315749, 1001.2353671106542, 997.9368424056245, 973.4017754323237, 962.9824525363133, 997.2861420263414, 958.307864053288, 1000.1743548730519, 997.8522513864901, 983.504598292507, 966.1567355662695, 997.7198304469549, 973.4108551107504, 991.0385470364184, 960.5527507736833, 997.3799796699453, 974.3653117681472, 52.25511064539896, 957.8899112023382, 998.1149540669934, 960.4026801178914, 1000.6562561106349, 976.889603055624, 958.505831308155, 980.1468197978834, 991.8288193093197, 999.3242360707261, 994.9746659656115, 988.516867176688, 973.5641588308177, 966.6220823556102, 972.9940337584877, 983.8174437691187, 340.32978162837975]}}}