{"walker_attention_no_encoding_sigma_03_seed_4": {"results": {"test_sigma_between_0_05": [123.17053719207236, 29.889749027354082, 770.6272931245836, -20.956402732508074, -24.689520186787714, 870.0438440655464, -3.0228297639490878, 787.729949155174, -9.124426799782091, -10.411248044810046, 857.22772253603, 82.01728760305443, 17.105096420282248, 867.3745139777468, 747.9091684242375, 56.2641073863251, 71.74433277493704, 2.0641756007557492, 27.057665819010968, 22.695844874355412, 5.988297699363963, -43.163346015250326, -2.0635936713525673, 14.918804559488821, 860.6883497818764, 30.49833405492116, 423.53144082135225, -10.621767519878905, 199.55961651268365, 32.14307011835249, 240.53114677642708, 181.26330625982922, 59.96308814847785, 734.1022904898686, -10.180437856959099, 3.7580499123719493, 226.97674584617184, 126.75506928574127, -0.7169693829504005, -25.630089189611304, 105.72949479375278, 865.4896654555052, -13.672095620256124, 187.2490962579022, 635.6522594628008, 48.917731811728565, -24.174014858741494, -17.85915223143859, 107.6853321277583, 856.835971768819, 45.065120162481605, 13.800051303470937, 12.652455285393495, 826.5341111824873, 856.2557294078125, -26.98398355933743, 4.563832322734937, 43.64641464239449, 155.5284415726863, 54.184729444852444, 1.3406440139082139, 58.51799480592491, 858.7757048681271, 130.86603294456742, -111.13330302721216, 171.81369894128298, 867.0948625403861, 858.808657365577, 80.33110089548458, 58.69942554284208, -124.84995893491438, 131.9281157947019, 854.5122144627845, 73.12552812826895, 7.906323294421826, -36.03954012480314, 201.97385414050802, -18.797113091577867, 20.25150778245395, 10.874246620309606, 86.75834221370533, -15.711312357882202, 97.01853479884583, 868.0829656965926, 23.79879712716579, 24.393107807589953, 178.0645202828327, 143.68796494565342, 84.7567674294151, 86.11178335817311, 445.0906087946661, 17.095386170079365, 852.5175787487093, 457.01307504348466, -10.08243913062852, 31.246598732632194, 86.50540521140738, 722.00765923713, 837.781319247163, 54.89843108488178], "test_sigma_between_0_03": [866.2972207720076, 49.1851858876717, 841.143176270211, 65.10773507380576, 122.17029055672118, 747.5977279989185, 788.5222996022812, 129.8500451848407, 771.6212404182894, 767.5662418230725, 65.59853044086512, 778.0601881081562, 158.92608315678666, 841.179305916041, -96.18884884742732, 101.97604375644593, 865.4367502354896, 76.77256593894074, 51.7072080018712, 862.1159675117813, 259.6458352686821, 60.64034070604188, 857.8802928783784, 22.487911010465886, 105.9552006789299, 154.90886357830126, 150.2835747201059, 262.3476302805516, 94.05292709869782, 40.453337098257244, 114.24615483380671, 784.2278193571192, 72.45374342565873, 167.89258955703949, 27.114050571566743, 771.9867353588022, 776.5023821019678, 125.26921816895612, 871.0584784368924, 162.07361985831307, 856.5353116387433, 857.9432450546806, 165.7673447538315, 59.58038273969372, 828.6593325661498, 36.798309975639334, 868.3802732036477, 54.04602936098514, 265.787996198672, 39.98082105679358, 90.8896034894962, 590.9669988427555, 869.1362912818215, 864.0556542010324, 868.0955269037981, 193.82471401070492, 838.3328141816208, 49.21047269892524, -14.472423757159193, 71.26404768330052, 770.8768290384174, 854.2537816986278, 8.460333110761097, 844.3268761997485, 854.026319937865, 738.262536481775, 232.96485658533734, 89.83350155810889, 844.2558976272085, 400.89076487967515, 771.3590623173249, 51.032601076735446, 768.0092165112153, 868.3452275732576, 857.6820518737026, 70.26168683603184, 11.645067206737318, 866.9814246128938, 775.4569843535972, 64.33867131149235, 837.0443230828074, 854.3739323722582, 85.42713703309525, 236.02756861015968, 76.72366736905845, 78.0481259328196, 72.97536416806138, 112.5858563557513, 49.50346638075123, 58.127167110449825, 203.88256743087518, 163.87927683371493, 0.8054329330690471, 859.3588642626999, 870.727840210751, 82.53552247086252, 164.56627652716062, 864.1739365279283, 76.18262788997717, 864.8105151162677], "test_sigma_between_0_07": [781.0012170379104, -26.52736896050857, 89.27660523948559, 801.5408882667932, 234.19491436463358, 99.85199355173623, 181.74729896661844, -9.030160007057656, 91.53016138234241, -63.01356306389309, 19.607666951656892, -13.104275359121516, 161.84804705064874, -62.883372906544295, 137.61160450496874, -10.37291942752911, -9.285571289221506, 753.5660051224677, 82.7635917276988, -2.1351415207727564, 44.884185680162794, 637.40319845736, -57.696679622365764, 89.33064581971666, -13.988312924674966, 47.55109619874738, -68.6490306012043, 468.1268543748329, 10.042254813175775, -7.615534176586752, -14.17695718794765, -3.4090167540880905, -36.588377656603996, 216.7796821996702, 69.8525391002378, -109.75030297732947, 518.3326712573471, 59.148736353193826, 46.58644899849787, -10.04773921306111, 655.1337813771773, 15.262146064469333, 13.761439003523968, -9.858860984470134, 18.901302649233607, 16.781769505381124, 862.0445147691067, 210.68604284738726, 7.22993770631986, -191.92307778944465, 57.95855323393668, 657.1372701133234, -66.93905859171058, 93.93446917910003, 46.241419115222, 128.71172814374194, 586.9163867772512, -29.660976704574015, -99.99312445284811, 125.47299824638093, -7.745008644056745, -57.77011625509142, 2.9499445021770034, 844.3616257462776, 79.26465975156638, 876.7090734182902, 217.4520551787229, 77.55192774590616, -3.940903275994847, 64.47707416441509, 71.96348768641697, 33.86331454975454, 11.860495973980017, -74.73295401557583, 5.165986456355714, -4.469401941722217, 53.87615483763971, 100.26537827811565, 25.09808886651791, -17.166232096035998, 179.2587658084479, 16.934225232138317, 75.16227998129266, 25.177677806082727, -27.820098408811877, 96.23097238433331, 624.0532575899978, 89.30715821868941, 52.17154525104139, 52.00069291393793, 809.9126618718888, 175.28614139772816, 8.321341532043473, -28.175198970557254, 188.9689501909908, -7.650734078617727, -9.20505060180988, 30.79582862942928, -16.91973223744685, 1.302806569748498], "test_sigma_between_0_01": [855.3175848557961, 119.9337862576354, 90.1898391955497, 860.9812350434117, 859.8148318521723, 149.034478224365, 743.7687778286211, 405.6561482093337, 865.9053265906423, 170.38105447649212, 146.673892166152, 305.018173120913, 116.55531663248196, 865.0632015723876, 862.1951904127002, 307.3205019146148, 102.31556009314728, 855.2426506875345, 104.67813219971585, 244.517947654514, 94.79987917292976, 174.49091869501294, 79.92861060302978, 868.9519206356474, 270.3194206846682, 858.7684588058157, 190.01174238290903, 863.6389084279742, 859.7933981175297, 60.11292396501299, 187.2737069478219, 94.48601427886905, 852.7614894066113, 130.6122806176185, 860.8720198436606, 738.1851396794128, 87.63698685108554, 66.94302673641586, 184.53448927733575, 64.46131154725346, 67.17803737625279, 95.3794346024579, 216.6247971421229, 189.47706790204776, 147.0391748354654, 862.6540695002734, 119.5870468413816, 861.632504466602, 154.78618695304394, 354.9570270082967, 219.2529408480907, 191.58749570419675, 407.542162373449, 866.2354619673416, 243.96029525787748, 48.28403177714375, 866.3548030639572, 863.4482180428193, 67.13814923618628, 121.03596806039769, 61.797651278434145, 171.5197881291199, 314.66863144468226, 863.5961309483242, 76.835128685051, 177.82113954457887, 167.4051234564229, 844.7394308170926, 862.4289330625083, 116.42481337102645, 110.66487863414554, 255.09047352682757, 88.2417050864326, 137.62675645718693, 753.6201123669496, 217.85547407999957, 190.51879472606453, 862.1316590597113, 88.00951565339156, 861.8455858542914, 188.01431948946967, 188.94686516787812, 186.55627861138072, 197.60701307228254, 167.351029586863, 116.17667529491361, 166.70787172394276, 350.869365380722, 861.7137378666655, 264.5443135266947, 859.5694357079402, 864.6015529372045, 214.97233075346324, 196.26280217099324, 118.35182664265376, 169.55312553525718, 772.9526398066206, 82.71275295179932, 109.68451374355416, 169.42562468673137]}}}