{"walker_convnet_sigma_03_seed_0": {"results": {"test_sigma_between_0_05": [430.1301928397775, 896.5489912595475, 125.4230746881862, 98.26670021894822, 150.7249420829554, 803.3066694549635, -9.387487164880438, 88.90690734202363, 45.463627795431236, 40.06087428652096, 792.3064302115241, 134.05830877998233, 325.7042504695204, 84.35241610508679, 795.3503582354151, 859.5399867344738, 150.4054367975987, 107.88026833854092, 136.0232151484233, 8.936022697664159, 44.976705404276416, -11.936359502030243, 53.941001631053226, 32.76557845850767, 987.0871261465657, 38.13396499969385, 144.9947282361638, 151.7169955989667, 204.97931682989875, 80.9426744236989, 34.20683598445611, 260.2236543232734, 790.951110494872, 896.9821769790134, 68.99989181704149, 133.5285914061256, 189.7938935923346, 22.53601185159931, 85.70859370121902, 397.4311941573931, 73.86826971302939, 986.3660218008938, 1.7685610685759454, 378.743789345691, -12.53083882886567, 75.76694190528211, 23.67695469693281, -22.871114960455454, 147.03259326895065, 322.2295578365313, 104.01027349501967, 124.22382547261518, 64.40874787983044, 58.32655209769001, 50.6244981217329, 121.88968727948749, 49.491423989865865, 38.19920116943396, 58.984009415515175, 38.98605267155367, 92.72696803632279, 170.61502457566823, 648.6644025818241, 71.74328794365428, 25.024217560471158, 185.03108246229817, 287.24752857360875, 991.6401870073415, 226.74257569047182, 33.44333378255542, -4.23998294351477, 143.93977492615087, 249.42611151770984, 124.04405279581553, 49.52558562977937, -2.3576626416470394, 219.65211335013, -4.974881837543217, 196.1986900027128, 15.245992742374078, 134.77123963258342, 86.15317017232734, 65.59222713543419, 876.9221429648096, 69.665934756583, 101.09643201580768, 40.3814199210974, 182.40526412389156, 174.99914800360997, 127.11408944717549, 117.85910825186728, 28.469467298661762, 70.54860098319767, 40.64914093928529, 566.151578404315, 19.050680811972406, 791.6032321416454, 175.95274743725457, 990.2069722748919, 93.87726834496861], "test_sigma_between_0_03": [885.8481909903032, 245.4833795250466, 31.52238982630806, 29.093380736642562, 119.11314938749126, 189.0870905609626, 464.24268758218847, 215.0625533808533, 662.5262084728172, 75.69415135271844, 198.96356115959944, 984.2841373024796, 537.9142507388871, 378.1176658066558, 60.189674874643956, 251.2321342882496, 176.48600683943076, 38.360748209817395, 33.36242040928629, 158.73560876927655, 181.79928717777952, 430.60563333558116, 234.51457158015546, 53.774817750990046, 112.98292200813302, 207.13132778559367, 209.31908126413035, 603.9253238589067, 156.59296579146175, 139.24915235356744, 655.2468834467538, 92.42780789574032, 176.65539625267547, 124.72238555001675, 117.79623146716767, 984.0626576083291, 78.72401637477596, 515.0388320437792, 95.25842652146821, 193.1267526756201, 159.99735068584857, 60.13799779019754, 86.14622267056838, 108.12548876868236, 91.5019127818771, 254.9747199318124, 385.1393245885251, 301.74526113431494, 927.9496392906589, 16.63223168122349, 176.83311379212097, 990.4096270706, 797.8420072180362, 87.84951101393523, 141.30774308452231, 183.0083592172247, 185.57481744346444, 95.6945961944395, 178.14430907089857, 7.625881897215726, 88.61858871492296, 355.5313166992291, 355.86751316954746, 228.659778910842, 198.92972803534354, 332.84944518018045, 389.7960814978796, 248.3334218014803, 663.9969255764212, 175.6871967694285, 68.97649045680588, 105.91503393330355, 75.01512249310471, 569.9767855308439, 263.1079001644174, 53.3759134127322, 112.20768571329674, 210.55966724955803, 974.9209659595674, 124.99186549861625, 171.39700718053803, 549.9790437237357, 190.54065649712138, 241.98064162414954, 104.00139804824283, 122.57637501097052, 664.4707568265887, 82.92301641933739, 225.95080481453763, 225.19687802958956, 367.03788476873297, 218.92554235202687, 324.89682349118965, 102.77096053744313, 624.839882727621, 221.34742324910053, 108.87551992475204, 130.48272361830314, 147.61533206674932, 128.93508363083964], "test_sigma_between_0_07": [669.9217323790672, 7.1440044676855905, 4.97879712705908, 55.08971423151671, 49.09347596691079, 422.74846112064625, 776.2827262421036, 28.67495228845943, 77.59231796854876, -15.445646599904283, 119.67105563239747, -22.655283006533864, 804.0936799298017, -37.09992898115742, 44.64418424175819, 6.41448472315096, 26.548505840712455, 968.8783424784098, 40.60215959403576, 74.41978546706231, 14.546984831706501, 76.4654659137857, 29.410604265485013, 51.43788837133614, -1.2426316843004304, 28.040327168512167, 31.81002815816028, 204.00013204395225, 32.40957245164463, 25.195172292039185, 6.5810633742526985, 60.56766525104177, 31.620380118997137, 129.44512749405692, 142.98936698986367, 23.161465676466477, 908.4985370280472, 86.61325404112141, 75.4911986402221, 687.2403385181079, 51.77242233403667, 92.12031667693229, 248.7148890271622, 29.8391922338953, 52.0924062142818, 304.7902501610721, 67.77513605092678, 10.26577205877693, 23.136624617932824, -67.69277326750743, 620.7792402377993, 197.9934719324679, -28.6008357152954, 37.715391255247226, 90.25663745239292, 253.754923880304, 738.7516524954431, 34.773253185115756, 5.911199461646903, 203.01748853852183, -0.018849638663231527, -23.113975119664975, 19.624986917164644, 107.93954150286443, 35.904294103459684, 148.71178269264198, 288.86167137437286, 136.86214400098396, -21.52940519505355, 100.02714058820717, 88.238010646982, 29.127739444647148, 201.51325736890283, -26.33389345391769, 13.120358830054466, 1.5831898311560502, 111.73146441819117, 80.51869453552499, 76.13777188821403, 880.4419983486391, 108.29433444090678, 37.72167358832957, 77.27851626247283, -1.0400086658948622, -6.493442142842104, 64.2166950482031, 68.18603249304434, 750.6094475466176, 475.3229323649313, -9.113941183187137, 739.3246792379449, 39.54727628319378, 93.08005640071639, -56.639825438328266, 369.497856122901, 154.05176365146463, 12.403532864284351, 8.615957188472384, 80.04242001973178, 72.19739201744085], "test_sigma_between_0_01": [289.10541341550254, 365.5220195121451, 988.2529967081988, 229.03368863007196, 308.8519794604623, 129.40039170602395, 192.48873713628282, 177.64791610324312, 429.9051474853812, 410.17806957384454, 203.2132952704312, 153.0027944313014, 21.910123818927964, 165.02263908221204, 171.52550986712743, 302.00979923849934, 736.3577890214988, 188.49921241669935, 545.4099753637656, 147.71971085561523, 126.84484108842295, 70.27988561416568, 163.0457950540716, 287.33563920282313, 246.7757612805509, 217.80080371419024, 607.6300718159671, 239.4082931572601, 248.13304607308967, 170.1657968088505, 194.5204061810233, 176.70318736647454, 448.68205597404875, 268.89615765800704, 456.8044789991257, 218.83413071462417, 725.0438376604498, 234.44684102942844, 217.05915793652542, 199.15479682992301, 140.17857223031322, 133.61040552592164, 174.9326761754695, 236.2457985560642, 261.8560798973354, 377.0384385108017, 150.33209677421834, 82.8081080910182, 107.16614423670107, 152.1222816653039, 238.46456940981872, 112.51641969804331, 235.68110800536815, 190.85361594920835, 233.68803480488876, 148.9455851395396, 908.2281385579449, 337.6372743966349, 245.42061534481044, 444.98424144539604, 221.65932276696407, 143.96462163495454, 302.53863314949143, 436.4920079384801, 221.04921794510014, 205.42356898736466, 188.53467636079583, 66.74182956864966, 151.94794961260635, 272.0091819355091, 168.48202703407588, 440.76295783817517, 234.16888100721843, 649.6684995535063, 118.95606918072592, 632.5162747629969, 434.59054575394134, 175.2414888485451, 115.50081723206092, 533.3227415976204, 76.52324459902731, 140.31888080999346, 227.5873769697689, 195.02061010963655, 241.1001583293284, 329.0652858576027, 187.04117501602306, 132.58732722578574, 253.9402011316138, 312.9387298552029, 61.42842957122778, 992.1791530868231, 567.3456672053236, 200.85786084653964, 500.72608513342715, 168.03441314687657, 214.16914546801712, 288.40252863117644, 320.01306192836034, 264.5108090087845]}}}