{"walker_convnet_sigma_01_seed_1": {"results": {"test_sigma_between_0_05": [104.38649193327728, 87.93070010993249, 94.4271671841765, 47.05763486599753, 167.042512356388, 117.9510683887769, -146.68848002579762, 15.667858168676318, 41.42383485360334, 67.43688371928872, 71.1521229347898, 48.214822661841744, 75.09459805459483, 702.0162513680903, 444.21172950948346, 49.95643276573682, 119.71691806310122, 64.27423257387417, 35.22964873075977, 37.183359806044606, 42.07703209103056, -86.54795567997792, 12.578991488847532, 71.41577467200698, 206.03707077725107, 10.914820751658404, 63.85480221832988, 2.775912064283329, 121.20197391033875, 27.83383609831798, 182.6983650071954, 70.79068531871016, 107.3774505033536, 296.1378788560134, 77.75235836333158, 50.78308243503999, 60.79613189713128, 55.70408503259532, 37.978599720115014, 58.84498626046843, 102.6058775154292, 627.3821365697377, -182.43075753732717, 77.44142797248203, -14.884094202320561, 15.329984089767095, 25.16448084379372, -17.2410300187883, 26.156159064544774, 171.73498418011008, 68.76303043116788, 68.54933487314845, 118.71045581843934, 7.2852165662887245, 26.724243403982836, -101.72811360004997, 43.00053818299201, 69.05765878905514, 96.08165760303088, 60.57279640110209, 69.90806318291288, 63.69417054062651, -13.357330129790348, 44.128614741182545, -44.783653618305124, 23.171718729735584, 20.135302898970266, 675.1882567154794, 67.68643441109597, 71.67749555386398, -32.152227301140364, 62.69616821273666, 113.71154636920548, 70.52174912562914, 49.326390473065835, -93.87118108030843, 14.87293139486283, 38.09525233962484, 83.16713744713341, 51.23394572593389, 138.31904638407875, 22.173197256417183, 84.28067979138721, 249.84358277272247, 106.74008234687064, 60.71885911492427, 31.860140089831837, 74.81266055023879, 24.299614000963636, 29.89155053962604, 114.1040848664576, 41.98222112468647, 584.7030581239432, 77.68667539603629, 77.65845206392551, 34.347057155883526, 42.359503090166235, 162.5452852028204, 712.4253289931783, 45.35104887427733], "test_sigma_between_0_03": [72.54471926526602, 143.29242218583542, 63.27148876882129, 71.55063953805076, 70.78926098736848, 99.0738017582218, 90.43097059451829, 56.212257175247935, 93.16283723326197, 403.80359998026233, 66.38566850025965, 597.4780020509033, 63.68993506844999, 61.264625093319054, -25.777628801329424, 40.58199360799771, 5.33944350985839, 29.69090091456311, 84.8715801468366, 68.34224007440353, 329.88377250278575, 51.44618036608735, 101.20987852257093, 650.4726883606315, 73.34473258691433, 85.62024204837508, 83.70085881689157, 61.44686098528182, 59.26838299372904, 51.30134896649981, 162.82974043265708, 126.86526964039513, 101.18536677992961, 73.23057074276291, 64.56371697193536, 521.2431828433166, 242.29030129338793, 59.53652574216975, 189.33224780110902, 85.98373733748596, 86.02397890249995, 127.80960356820435, 177.46567793399166, 32.2201653409691, 70.99991012103855, 55.78624303984543, 227.85427185815058, 54.90257379276882, 6.691473182468328, 79.90383631270956, 75.89395399557255, 667.203634863584, 140.61428500717014, 595.4608030816814, 133.12747653871915, 29.75355914934189, 56.665768455740185, 96.17253717195851, 26.655061008578933, 73.88021356250974, 153.03834376019213, 30.958175215846857, 32.156301506207086, 327.0982149041579, 95.41933681555236, 140.878027433806, 355.11118179391775, 72.6517415933442, 226.57684547578663, 238.37222145912654, 48.97262695457903, 55.468884105293554, 136.41495566100645, 118.97996442767472, 94.06360598521276, 26.389962885651045, 65.17618128005705, 13.304112067991824, 223.3393175281119, 46.67103195345117, 71.48925356101682, 269.1587666819468, 70.42034888482739, 72.7528028278073, 66.96705796077879, 83.74224109423521, 66.71293799964332, 227.9776329676737, 65.3650335232058, 110.22306333526066, 84.16498052507373, 46.13666595411049, 8.081373977147448, 635.7930036288311, 175.32912359723127, 71.05904238195507, 73.12421688547764, 182.10488664698062, 67.58797506578412, 165.78417312726802], "test_sigma_between_0_07": [759.3733958131924, -92.25483111526992, 573.1836777879025, 42.22042907340509, 131.7723148769976, 77.628939063588, 702.8709367881927, 51.594781782447534, 139.24490846057887, -38.66138265784973, 12.963925978062617, -145.79517999187664, 6.033924182447663, -40.461433220739124, 147.44483763259333, 1.3758998745499407, 52.50626167983865, 446.5834957935252, 64.1463835589675, -9.79001284849219, 33.146464113664116, 230.4309804220932, 23.320758581333212, 25.84531634462038, -14.040208951912065, 16.28469718382403, 16.695446460838138, 399.4210735386559, 58.29232675104576, 14.632091201149159, 8.226197948133631, 39.19978022779833, 5.172158926281554, 69.79727323796105, 739.6141144027413, -49.932007274130605, 100.81144953898328, 13.10793066785991, 45.129593420555466, 79.00342331388819, 171.31489617977067, 62.092256666869794, 82.38347904504188, 81.77541788670206, 93.69553919022874, 98.32887840878539, 562.4642385963359, 176.20552361623854, 52.4612772229113, -161.3107817417928, 147.7028045660496, 36.83903283725377, -27.999654390185608, 89.17558154334982, 42.1997958062144, 28.909773791377678, 136.67860647777422, 197.7735383180553, -11.459493908108563, 100.2127583483685, -38.04280055316194, -64.15419759439101, -10.94238360753662, 99.44470437979327, 327.03574250474026, 121.88177343331485, 108.38967470058995, 15.10572771814186, 10.663229914192925, 50.25410858703108, 92.53661334514331, 34.85479727426283, 64.50298183536069, -23.684736449307813, 37.21398780204035, 15.545978992269372, 46.888394754630276, 63.613834368549604, 93.70838268762894, 70.28704212544544, 85.27080592535931, 72.91431929283861, 14.430242986172377, 43.809473798252284, -56.2884115204506, 35.216169669159, 68.01113709960627, 36.10629643112334, 66.22982059833885, 50.22852765405406, 447.96497407914933, 41.6527665323636, 49.444906306923095, 13.212517561894494, 271.4503016012766, -7.1314653056630055, -879.1000273043621, 81.21547811866766, 84.77889042925668, 22.79390147125669], "test_sigma_between_0_01": [89.2497387268697, 64.47943902269037, 89.25139295770059, 132.50837181409588, 70.15660067757123, 21.961394028805074, 101.32979780456661, 265.91359377589254, 70.59232536766065, 97.93854836666142, 84.70768893196366, 168.3497088198579, 68.74601775941409, 81.54738184867308, 95.40303853311924, 100.21733314646413, 107.39909170813198, 53.04162357662572, 104.76459870443651, 86.66495682819075, 112.14169855416846, 175.91371124892896, 54.50364923717716, 150.34473468329085, 63.92506448694911, 76.86989404519996, 63.732697780083996, 54.4781838403258, 93.59049591299552, 233.78037940416405, 125.57507846056252, 111.44769764333036, 88.75557225032684, 51.93722524787446, 78.11236785356884, 84.57329360388538, 63.472327275968546, 120.95688133125219, 109.83127029559985, 73.92374238386546, 590.149360124789, 22.09171579195389, 67.26504812065541, 102.54289174290024, 63.328159982133364, 83.89887705493312, 79.46154249561951, 190.1566654639203, 18.641988011728966, 71.47889999703474, 68.65725969256745, 86.53139028447183, 100.10283618978723, 67.34135094328667, 136.88691711853167, 128.3908605781791, 75.08096338045725, 66.3165647284768, 88.5812124384858, 59.55261436616419, 53.84731083505612, 64.95136221626889, 59.128955901213345, 155.34356415003572, 106.8119754058076, 22.62094893799075, 81.31960392478358, 297.87743419152713, 81.54030994811765, 136.1758629242279, 10.213087844103573, 53.65589142421962, 15.472834186647376, 91.87574151325826, 80.78958389643958, 60.284064946560825, 88.1741632995603, 47.81194076990069, 61.77792787975922, 271.98548948814556, 80.5486628698738, 74.27423013896768, 81.12407835005868, 86.97597838375079, 55.74915395012212, 104.17905396177669, 49.11047410575993, 99.02575470379237, 117.56023764865535, 136.90969864701614, 88.79557777191806, 219.25510844160908, 108.32235570947668, 55.33226226894185, 90.52166916479473, 72.15002888936289, 208.6650689636925, 89.21947699979644, 181.5705221156167, 25.687999896807007]}}}