{"walker_convnet_sigma_01_seed_3": {"results": {"test_sigma_between_0_05": [1058.7508840196547, 38.19993767808628, 430.18102915899806, 49.03127523766889, 77.17320754999963, 1158.8447457593757, -89.66062411969614, 1293.080800475521, 53.78238403846479, 151.5692702626008, 1209.5671765144666, 57.24593936755991, 1230.157579568976, 941.7504915596902, 104.74412307012099, 35.21052795317373, 102.97948087406985, 29.858538183140627, 47.94370305421762, -10.468640117939506, 800.8564225564578, -97.53404280359246, -62.83289418559288, 63.48396117863885, 1199.8512394014913, -8.188481416391735, 1163.5951337207687, -27.47961762175982, 1105.7269473897031, 579.8609885261714, 120.51119134982146, 1102.877323450462, 34.02495960083034, 60.62344810366775, 86.35370492903895, 49.99443715262459, 1300.1666144511134, 1277.2137011790592, 34.41806483499531, 24.40531493265297, 1171.6663973914315, 882.6085614538256, -221.51006133763892, 125.00901655837367, -35.21681572820237, 106.0405127300313, 99.79196950649649, -65.59884169912111, 143.73247100616717, 1316.4868456599559, 83.86641609316283, 222.47494148784895, 99.3864202544515, 1178.7626722067457, 1162.4316993436282, -33.11406120622998, 84.68279607075517, 29.13695033710537, 1276.0359868222795, 18.577422352462598, 37.60299116601527, 1115.9780625601925, 565.5125087399327, 1007.5343323310727, -72.94319407707954, 1359.058321860709, 1144.4569620705724, 771.9440398630588, 27.80352170535189, -12.295481527940138, -89.00146339504865, 780.1428738570767, 475.1032737501765, 36.46236404813971, 86.4666392069936, -89.39550447390647, 73.65632101444349, 24.705956077361765, 69.9238623472338, 65.08579114288585, 36.9315988261631, 31.93351398000668, 46.39584672568162, 1091.5590211930983, 1114.375000915541, 39.215189719734184, 26.78130682527553, 1174.513164405786, 47.1149409097401, 50.20055124956996, 34.73324328901072, 20.718761329061817, 1078.3327384136755, 514.5696962390682, 31.150008806023113, -21.03400123591127, 1069.9845887711713, 741.7279664092844, 1191.3643213472435, 20.549533764201627], "test_sigma_between_0_03": [1015.4406699496471, 1399.8231137633002, 287.49652150617203, 38.219196811279105, 74.60465918567645, 1242.3950123795305, 1255.1140654142782, 89.14701619544793, 183.84458074476277, 840.3803486829972, 45.41778344969206, 168.36874276346649, 464.9869283820282, 677.6506395686789, -16.894045141772953, 1185.840843366684, 1318.0723475370462, 67.82937178421125, 34.92154262037075, 1346.6974404599189, 1149.1298864620426, 591.5318188602898, 1345.5122320680457, 35.439058563654534, 52.20231714081164, 1299.0282564829056, 50.678782593063104, 100.60678666657479, 38.70256617521082, 416.22749520301426, 1313.0352496250766, 1265.029084816048, 1232.4311802330649, 1136.1794327166751, 92.70667624444323, 972.7028842337845, 1294.8395082227935, 406.4267413881449, 1258.5850934066139, 62.739272439376506, 1315.3999190266559, 1169.0563335428565, 1118.1571989924676, 54.90502935303958, 125.06312838668092, 307.71227433607856, 1317.760516060992, 62.404442210755946, 41.319335037350534, 52.186100217036426, 1273.610923928028, 1240.3758498517684, 83.37739572642457, 1281.4340728771322, 1314.3724014797, 47.54376135626807, 1254.063095670353, 1190.235169553446, -22.94502186986065, 72.83443155617422, 1239.7168456772802, 470.3330932112008, 238.01379135545298, 50.25592009406248, 1369.7018945821596, 196.65286121475953, 1364.188634341911, 1302.6437941151057, 195.8444908812322, 1350.748138105715, 1222.4239304621221, 234.5047089155371, 1242.1448340847364, 1316.196997728414, 1306.6190135624554, 44.68647200124978, 88.43419935881249, 1316.1614704034027, 120.54507642139215, 44.63848839110142, 1251.8454132398135, 1277.8310228526786, 1117.074579741379, 1359.7323763270579, 1127.1509242317, 1225.2472973282345, 34.236162196498476, 1368.9446670009524, 70.56174302806465, 92.59615761712197, 1273.7995790716316, 1354.3607026075615, 44.19488853840594, 1250.6202732688546, 1319.6054355501992, 161.71227814398742, 1190.5811697110507, 1294.6460060090915, 95.03450947295495, 1281.2164424818209], "test_sigma_between_0_07": [1036.7056002888644, -127.1403230674987, 180.7237232445317, 163.73824293521767, 246.71216404686842, 1283.303941074237, 770.6268886973315, -11.020953788521002, 39.27901424303272, -46.03736502495013, 204.66352353889812, -8.50264004323108, 130.5427214347903, -114.2804012130102, 1226.259632866247, -9.953826740376826, 9.60917818236485, 44.02310095465362, 102.00781225158568, 18.65047266203037, 80.11747386094503, -14.747008845665547, 20.30631086459907, 45.42711499759315, -64.19712481934111, -7.802522685898294, 52.40975254245425, 1255.7958583723116, 27.786274448575572, -3.001328484948318, -71.42265073787276, 24.807151607571004, -31.81580061804998, 1077.194577682886, 121.0220562017494, -195.34686936704676, 556.2855682979018, 25.81766508106376, 30.456751090659225, -4.204715069991652, 1048.4997671576582, 26.232473515535823, 24.220636005708364, -1.4681241900805617, 13.576904683093009, 70.98795607492359, 462.6290928870786, 31.87986015033238, 19.73637484383507, -86.96675696452002, 60.79407630156636, 1083.6042234167378, -61.76845565280529, 146.79200707644776, 64.99233100980929, 160.3308935227528, 413.69014919835, 794.504133460752, -11.182622718387574, 778.3945740949257, -123.41407932276633, -92.48709199838925, -9.695762604827245, 1015.4855757337477, 42.725616560841445, 1202.5364792928171, 1203.0571663906026, 25.166045393183595, 2.72616560611059, 26.61844327647413, 83.65370801371465, 40.732809488868234, 36.098191936853986, -70.21089899806401, -7.313563115966099, -8.244915017891616, 23.039851466816614, 28.220761530664458, 814.6565414552928, 735.8586118095976, 1100.044066757639, -3.1572279410582307, 30.21492379277334, 150.92483482208328, -195.67529715504787, 28.885776175004143, 81.99537593460988, 75.20112391303995, 56.69480916544708, 83.68605817226049, 1098.4968467125877, 35.80519706066698, 28.646707813837565, 6.663964318837679, 310.4160040380696, -21.308588045103534, -65.13739441128274, 26.049828996813442, 26.878330755322537, 19.600789183228336],