{"walker_attention_sigma_03_seed_0": {"results": {"test_sigma_between_0_05": [878.0166321819572, 936.828977439975, 996.4309637142729, 206.5002241007751, 953.1178362950511, 72.91156777807336, -66.48016003313823, 998.321958361168, -24.541790154218326, 933.9548756918846, 873.9841900489878, 926.7386287887845, 995.0235588169751, 994.6215644211295, 975.6562507534646, 12.875741976058633, 992.1854556964172, 26.64394138555799, 212.82415726157487, -2.519026438763836, 746.6649889423744, -66.6957007427598, -125.81659171766088, 62.131049782200726, 993.4978129196088, 371.6969955651719, 976.3615904961622, 32.51186790214124, 858.2599962524754, 993.1891533002399, 995.7880099430656, 991.5434027019153, 19.301997664845842, 31.935918685754586, 909.5398980104758, 958.2325214108057, 993.9048901530922, 992.4122790313112, 10.900812086931545, 904.9290262273537, 993.2653914815604, -3.328134932019748, -96.4247005726792, 919.9185611166338, -53.51091753476357, 949.5335701642693, 34.44536803551454, -121.27542257210881, 981.1675822444738, 901.2253091264243, 56.10584942129496, 892.1589224892608, 938.4343019868343, 847.7156952204502, 38.920378588676996, -1.7644445383833898, 810.9716771561215, 889.9101123058398, 992.4851516366138, 45.45889811328816, 784.3516284058525, 976.1578921135612, 913.0841866982469, 994.0232021356725, -32.94378370029154, 991.173847092503, 1001.9692895039057, 946.2319190586703, 177.6078299607456, 22.152647158839695, -129.44002347852074, 969.8730701658315, 888.0390374280232, 62.086232539931345, 110.46008479725282, -35.78125944037019, 986.6500054293919, 24.624731045243976, 985.4781490340238, 895.2673798792484, 977.9692394768032, 1.7531067893985892, 24.17578642956069, 995.7785307329291, 990.5207763177949, 97.18022718377468, 317.71725842044236, 994.4927273010735, 33.33999298577255, 55.72597101847933, 267.8464030270855, 85.80928687849513, 904.8904956418594, 639.1062419697488, 51.504557386992374, 20.348861883340575, 979.7407621621995, 49.3297597166471, 999.8446611661834, 98.77464590864108], "test_sigma_between_0_03": [992.9667130928636, 808.6944490635295, 991.6259247564028, 986.2557634193196, 991.1770949709029, 995.3345921045354, 847.2402058081032, 982.9175825553265, 985.9081084545185, 906.8660210688241, 959.2465034384688, 996.7375149525358, 993.5858379827775, 927.5157545507569, 190.05179742749607, 995.4700738758643, 994.3621048316428, 990.0988023303945, 966.4659778617964, 974.5337419181911, 883.7769495776554, 856.0840504549805, 966.2549471990923, 986.6455163900653, 961.538950281809, 998.7845773953633, 993.4413452382606, 985.4032089123342, 987.785021527845, 985.3762113780189, 896.3833550814757, 900.3912355263509, 908.0721963962002, 993.972372123169, 901.2415397315228, 911.2211686145066, 896.3803527593343, 987.383698208243, 997.4875723994609, 985.8578427976547, 999.029661594313, 983.373071352937, 906.9136219111707, 985.4573364874117, 903.9528143709801, 942.2258802211658, 968.5499826154712, 89.46884779327083, 984.7027792019555, 941.477485961423, 991.7863054072388, 939.6917743899967, 884.7064339334135, 929.1698588971268, 999.4757813403622, 594.3264698219505, 894.2066188704898, 967.1385104033468, 566.7878153325177, 987.3252307195112, 976.0561289816719, 985.1020327450042, 911.6082252158155, 903.0382722389362, 993.6251961722367, 998.7747511538947, 993.8926255086037, 993.4215185475229, 975.1790138774519, 996.2461373319525, 910.5376587795837, 997.7000726527289, 880.5286289939925, 995.3165411007122, 1000.5569303326556, 42.52331137255386, 885.1006263691612, 909.8929055973856, 984.909210064424, 982.4310794467679, 997.3655515840028, 994.1006177275336, 978.8147128404487, 939.0852999724542, 980.4567917568718, 17.13355633013998, 40.93784928965322, 965.6840386764154, 979.1887422618598, 992.9868717249213, 981.8787125851661, 994.1697288248741, 828.4916118755281, 927.7706692663068, 905.5239516311731, 874.6333751414898, 33.82260279755574, 927.1033835476129, 987.004077212594, 998.8897011927615], "test_sigma_between_0_07": [995.7858258578412, -7.735537517121701, 995.0504911636391, 570.7746278774332, 44.7027589891135, 993.0602012760536, 994.1692050198984, 40.10940936191619, 406.85539916030586, -23.70514241275523, 71.60097632165271, -30.795245747991434, 273.94629715747885, -109.62031726939018, 996.6917659627711, -7.701270435172774, 15.847427324246375, 991.1070290252218, 973.926390914014, 8.74893898841983, 11.209750720983719, 150.55186853943883, 9.922908070911943, 938.5082658075512, -37.246428690561146, 4.97616246966936, 3.9082942687993656, 996.9934089347448, 40.28617980218258, 51.19559000236186, -24.385383749517494, -13.750526386141429, -23.534157567765217, 932.3269726294478, 985.7515754041228, 502.39319264696985, 856.8314076748754, 63.1461600423034, 48.12880906406643, -3.177431083220292, 876.1417103026735, 62.42840672384625, 39.6871377989242, -6.217759572259093, -28.724358933707112, 987.3667595278218, 911.8270321969082, 994.6533773633274, 120.78352997664767, -105.13989176745383, 981.892907312026, 715.7086457726502, -71.03931068047241, 5.323917364016235, 64.28581398515668, 892.9816408175342, 993.19155123257, 437.2828774398357, -39.04757960792777, 982.5165988025137, -45.65179431493888, -110.94159187128243, 160.09012909412132, 37.36578185350517, 983.790349226456, 873.2583267634776, 998.3799691078095, 63.61885228924657, -55.76380717025022, 19.96054436648993, 988.4558316116044, 976.5109252664732, 60.453966133277554, -86.56813931005307, 9.277521411374623, -12.765332636267706, 70.98145007420827, 117.49639024423956, 992.5472000723224, 875.2841793262945, 991.2148697571921, 22.929913858762305, 966.8279762292469, 299.53056845169937, -5.513993942952948, 91.2294353151912, 885.759684229661, 951.9132041286215, 993.4627193104993, 40.407533911037895, 908.0827581716399, 154.80224077934545, 89.91236123579435, -81.64317398552667, 182.388980727298, 82.07617924171936, 618.7367327732437, 47.214908848819306, 41.93420115924235, 45.61054015516712], "test_sigma_between_0_01": [973.6710953438726, 994.4638274953868, 992.1555913148386, 987.3928621281772, 968.7758763140706, 996.9858155864905, 985.6958284236702, 983.022313098516, 923.6157560112174, 993.3281717394551, 993.5572867883105, 993.6368029228379, 979.9177402067635, 979.1882316021382, 996.9995438795128, 964.8461318061765, 993.7485168736753, 989.169611205816, 948.0526122121338, 973.9283930207631, 966.6648553021687, 962.0206188556359, 997.2807332975669, 962.2424308350569, 962.071764385635, 995.1367730270222, 858.1502812720771, 997.5932042222041, 963.4632890376863, 996.9617753348132, 991.9046248091963, 938.8341917133597, 994.3446450613226, 993.4146902615958, 969.2857470125297, 974.4236915183697, 996.685569275131, 965.5426222569747, 993.9136295881547, 995.5477080366769, 968.4613831784873, 79.50366042704844, 979.8457361217206, 976.5677445286267, 984.0624343291881, 995.6917684794604, 966.9248670662927, 985.3441189536117, 993.3850511836737, 952.7932644306728, 994.8620648263333, 948.8759430102498, 994.9688677894427, 992.3380979058356, 996.8851402489373, 880.3218046736042, 966.046054513531, 996.3769220651125, 992.7840468860649, 991.6728312987372, 988.7699140980064, 994.7141945972937, 971.3811605004045, 914.3030515538899, 998.3389856344991, 961.5354577270867, 951.4416979564214, 998.6594775529486, 998.8117968293764, 896.1485999511026, 996.8984495453171, 992.709348784607, 995.6618396342344, 993.41871025347, 994.2110799969313, 980.7150430184829, 995.0768787061966, 993.6349098405007, 957.3245169002001, 997.7572932760758, 840.7244862692936, 998.5209416204436, 13.366512862882518, 994.5622398851377, 994.1050981283818, 967.7377742283037, 995.8409975276596, 998.400749885588, 995.9542244402891, 883.9533997078435, 996.913172374429, 915.2611554478469, 998.4421825821219, 981.9911142456984, 993.6289524534936, 995.2432212564643, 865.85398949878, 975.9621052623218, 960.5405186617517, 969.3820055550342]}}}