{"walker_convnet_sigma_05_seed_0": {"results": {"test_sigma_between_0_05": [795.7904065704937, 110.6265127767183, 107.30656777959372, 123.11915052061816, 766.4234738297946, 237.3387717974416, -51.713792765817196, 153.70045039588737, 794.3121006258164, 846.5436173583084, 81.61036654539059, 246.98333323557878, 95.92480695678387, 796.910400446206, 753.6619942652452, 180.1542585035451, 32.33485789804984, 185.09995956120395, 211.38665934877642, 728.9495747375659, 717.3241929803634, -38.10746001100925, -276.26070453468725, 42.63540533097258, 137.28423885021908, 24.583113280149696, 139.47432829115434, 85.16027459901525, 166.80542923471077, 100.55712375579755, 266.1868557272551, 74.37700268279586, 759.7221760667893, 189.94294642996528, 767.1473427842336, 53.086302483877795, 133.41549012808392, 83.53337296632228, 21.082838276564143, 756.0397173767143, 746.4551195874616, 862.5270362954841, -342.56546488011475, 555.2966666784181, 761.4569751243932, 151.3181180706, 719.6946240911982, -34.815396366790814, 161.6223055812676, 95.68179341259238, 123.52510756916307, 136.1653715361549, 63.22680500915014, 126.28591155431498, 116.45846789118372, 708.4495457356313, 780.8142781487517, 86.4557315093698, 793.9225967297608, 94.89832604009716, 175.20968946393702, 74.94489816684364, 127.27061893601929, 83.23526633942966, 379.28876391313514, 145.73652370829953, 791.7080627635255, 869.7998475650404, 217.91025289870453, 609.6550499622332, -30.659428855439177, 45.52832149698517, 49.80988244057954, 93.75874668698523, 692.9380730098372, -201.87125425674307, 45.62935225741386, -8.247563620685835, 700.5501696848802, 98.6261203593618, 198.7193025699685, 93.56308400055423, 92.77822680379761, 74.56224844949905, 796.3441918809187, 106.7956849942289, 90.35392335851503, 83.27219182863482, 108.23798692644628, 83.1152107663031, 83.47122218721344, 39.05529947587929, 41.736038134014215, 59.97110223800555, 755.8144995215666, 427.5213723244846, 66.33771550560196, 83.54484555970559, 119.39001292524767, 131.2306376974171], "test_sigma_between_0_03": [772.4056205301338, 70.31598013449693, 94.0891991322598, 41.38222750689019, 118.56221760659535, 155.67809148749208, 166.17380358536178, 90.95205863924059, 118.89655350077668, 46.95773201166304, 109.65433281559527, 769.0586358663516, 60.47791944310884, 519.5730076185224, 787.0433629623018, 125.28896664174094, 139.0351530885687, 192.69925064142583, 55.223487062621295, 167.00536370172338, 117.08513056563241, 98.97880714570631, 97.78515388781815, 33.6899645912752, 119.42818264485105, 138.83216252736753, 81.75060579700802, 114.1609667524463, 79.26798150261602, 52.32661677077707, 395.9363329191389, 752.5929559337808, 313.58912432820676, 253.56785518674587, 767.0824324962406, 148.9355803387385, 275.7111179550106, 108.8391192212497, 176.1401835290832, 113.7581235764286, 109.9305983646598, 188.5303401245764, 128.61729744549376, 103.48068582683187, 782.0256472586144, 178.5095474613117, 168.23539308684266, 782.7231348458714, 65.13250677830365, 290.05575654756694, 169.71250547770026, 771.5435156946602, 285.4937037101832, 200.40208450575446, 289.8056815286179, 75.7672602954437, 771.0007614905959, 94.02065790416673, 778.974075553732, 66.61987930050672, 755.9238974611744, 73.8684026349845, 215.56094576816247, 293.4348514376934, 790.9826747454031, 131.46974393792624, 46.779466847360894, 52.62965147692739, 193.1566294978925, 200.07606886598802, 780.1130020583626, 96.72609281324696, 771.9054421699809, 70.80957814401194, 94.19419853246362, 169.34391298928534, 789.9730096844916, 798.3130404205854, 137.66846160578578, 331.36670796825206, 54.204534169290845, 161.31330027223294, 123.18489270296993, 120.50770024840601, 123.60023065341379, 387.8063870804878, 103.55021020462006, 142.5997592497151, 99.46791255395947, 81.45953821761505, 86.53829349395966, 111.76605176554729, 770.5640130615647, 69.2232687832264, 194.75993570176354, 172.4888940099321, 184.9382018700838, 782.6988684803986, 70.52260698086756, 784.7711347325769], "test_sigma_between_0_07": [869.382876415844, 340.90820852018527, -28.124281374407285, 84.06419623523247, 51.154080680810175, 94.03494944818085, 77.4096424079457, 62.37724806069745, 144.57273554032145, 42.6246900716578, 77.33803348396756, -121.09482578657189, 153.30169295789096, -103.82122450635217, 199.45556860534552, 832.1003220604819, 43.73223935296262, 768.0223781285471, 54.96608549851664, 51.317894776944, 48.21079378513241, 795.2322424438512, 6.462457522610203, 132.5745212123642, -15.951503530077755, 46.56237910454514, 39.736435397987954, 763.9266758846544, 124.99100347101046, 94.69431577416252, -0.42651945190445906, 73.77040827637248, 684.5066995097658, 244.9893452120902, 177.8898061212719, 724.2866367794722, 169.25779074247404, 80.60405701193667, 101.92056222284008, 769.0196503896672, 718.92250627164, 103.95930126263845, 644.9529870479017, 773.151670488633, 509.7106119431047, 130.8561845083343, 788.1766765151498, 38.3327331857872, 96.45976160686988, -141.24851714084653, 153.9489155451069, 119.0233780180977, -21.978321559164037, 96.18347866581311, 53.2007245394896, 122.66523336003297, 681.0205981095619, 775.0172883006529, 31.624542794242743, 101.04432492247727, -56.62230553925764, -13.831087966983613, 785.8474190776645, 798.4709250244289, 757.6381156319312, 64.93118417958169, 697.5393731339386, 98.43802950315734, -54.8503817534016, 86.1377476295733, 141.7073995997809, 97.47984526856605, 81.94001950661186, 9.010131798523068, 50.7664500020721, 379.4441868376299, 51.13306123230141, 33.9759502777175, 40.69203021044668, 780.7146005130841, 98.01019972584469, 92.81089486367856, 42.77112808170353, 106.00668829921632, -11.580930526902378, 23.480592113190518, 125.52871223597175, 93.3498929821304, 71.91553187936223, 800.7441530581287, 195.1951284116818, 36.50844613945082, 77.92683660454786, -37.8095951949188, 55.24884766863249, 23.563362813049753, 723.0724951299729, 75.76354716298955, 27.153927150263918, 82.2416395843902], "test_sigma_between_0_01": [130.802264803549, 87.1964543643946, 83.26093795281629, 159.95023562428244, 98.00219426153924, 68.54434566591809, 83.33505687539143, 152.87861727645063, 64.8651905175546, 74.01459595672931, 78.86459138839565, 166.31761252366277, 62.69733613493593, 173.18079401635913, 44.86633684378174, 190.31547064112667, 123.89871344922429, 77.71835121219189, 795.192172987651, 90.80208907135088, 157.39451460136482, 53.396186898005546, 70.7239428308618, 112.25245602758078, 794.7641132175243, 194.31569904220086, 73.00097846074495, 186.58667161517363, 793.9505456775163, 789.1133376062552, 105.42723972555252, 802.3555827316346, 68.2929630770144, 111.79232588679001, 89.62991196208893, 77.67915419212365, 56.29668384158432, 81.71107024320955, 153.51852835149916, 84.60714835258115, 120.46893430298945, 86.35242288254086, 64.06051578700716, 110.99663332440252, 69.27101143564214, 146.78324665931584, 146.42994307570038, 158.09640330079856, 166.07770621645466, 111.42020902029908, 151.215870116165, 213.01219360489907, 64.61621939272882, 88.71119742283481, 96.25793686139657, 61.56926359751812, 54.405166768198264, 89.1027093114506, 155.16869757452943, 171.8343823127071, 147.8253664271179, 101.5865871196642, 195.26476898359405, 115.39925091484768, 131.29468728981306, 126.5167321119166, 137.75858800154384, 121.89386650455563, 85.43693953379258, 233.99760752824963, 115.76433113128734, 110.77807105543471, 198.8840791549737, 107.86534737659093, 119.45236075955034, 54.4939291350558, 92.99548154803192, 86.10379957549306, 92.64006993703074, 105.61149265538407, 171.96181078078948, 74.43797516762862, 52.333242215050255, 103.75323907706914, 108.21831824989644, 876.2320084444609, 775.989506016207, 178.36043081074885, 96.6440942062109, 61.352345968341965, 60.55592374600674, 113.54158462930643, 129.39983434010352, 129.54462539441448, 91.19735912512112, 49.637536107642504, 91.53752419216619, 179.1939300398574, 105.07339115282225, 103.1170938483352]}}}