{"walker_attention_no_encoding_sigma_05_seed_4": {"results": {"test_sigma_between_0_05": [-7.318516722690197, 854.8651180189329, 702.4110339466758, 107.60394633208712, 285.3149625045309, 45.61623292152291, -76.0194077483295, 880.8489033084126, -81.24923551476802, 944.9800909595488, 98.86284600643478, 200.84225817332197, 91.98817022865558, 705.085520591694, 821.4051979015259, 88.13259753988756, 242.88497654630225, 13.336627017892368, 97.3361765674881, 23.141159499761848, 432.75872055499605, -112.65027833475794, -16.162701792074245, -77.0273188997893, 884.2333990993328, 933.9628815238319, 401.69643956214907, 66.15918797539783, 990.6989362374476, 880.6716981063009, 456.4931996493027, 304.34336951033754, 66.05734903481962, 980.2385531216207, 97.5054217804513, 84.49614078914014, 767.0550308220322, 985.7624908186947, 250.70778812004343, 315.82306332985326, 1.5663041881950233, 828.7330885458111, -79.3871000641865, 775.342585355149, 8.587272519374682, 99.7702696472388, -51.09087589292923, -80.31640390975281, 779.7078756549096, 876.2311834229002, 83.97632453697561, 484.7652493596664, 291.3787496121282, 987.9186207724168, 738.6406576287939, -33.38741981883096, 134.86090677172263, 504.3879911439922, 878.6351215483626, 177.71071216946643, -7.024129377226982, 229.47506688010984, -16.449614203667675, 795.8200849091905, -15.316636268765397, 32.52195237721419, 780.9014487823423, -0.37105665821951234, 161.61398533249064, 199.6188310485604, -60.99694494104132, 258.3998135101502, 723.4443381058048, 120.4653483655484, 779.4811698889166, -61.644359984469084, 675.3854045543943, 3.162167581004711, 445.68080513334655, 866.3651448081897, 173.64358606555484, 94.85608628513434, 116.90206504783679, 876.9540017646257, 990.9875915308908, 125.36083733236818, 116.27474250805463, 341.03040876798156, 162.84417174653333, 126.0611209880844, 334.408963834568, 74.81916506121001, 56.041783122894095, 703.9805034547757, 448.4081793137198, 103.40779606811681, 984.0572227893596, 114.18116895781318, 866.5483620480076, 79.61633600135549], "test_sigma_between_0_03": [1.5287528909512886, 867.2546846573903, 985.6039433874539, 115.33353896580637, 984.9195563905304, 905.6446114916043, 884.02050494156, 801.9465592320298, 885.3170431562364, 23.601211684292537, 124.63644182170187, 729.9050955927133, 985.7014641849986, 786.5532790802039, -143.58325447525579, 866.8908431019503, 992.4179628544887, 328.6847672087029, 31.86691390565531, 781.568901127114, 148.44499671530895, 891.8726955671026, 875.7637954469892, 188.8904657267427, 171.2706196362441, 990.0061129245352, 990.5846316635094, 984.3457165458874, 92.73289063378336, 903.6891301600775, 883.6406090933531, 813.7668518726254, 906.370756405117, 882.0424341106852, 84.44602587632623, 365.3296952981148, 777.2989926864748, 236.39943017880043, 855.0822939202451, 464.07094815574135, 987.0378231060046, 432.8181113079299, -4.708014318091028, 203.81296103332602, 630.4313445490744, 987.0955444697164, 171.60757667512624, 153.4994662708585, 166.59684713758378, 216.1787212191529, 977.9989011237893, 852.5585626849941, 859.8390640258027, 732.6461935726243, 990.3584537454071, 983.2086522098186, -61.974535153169256, 235.0513537344677, -182.80485261786677, 205.8255009148337, 825.8901359906778, 779.8108741982396, 983.2323936809446, 18.30801147797298, 767.4223799674824, 885.6512769572386, 881.1350097309863, 375.3350022884492, 889.0477456863003, 270.24349511480034, 856.6237633150837, 855.0597874866158, -17.80975658275598, 990.4104862527727, 882.2766650068307, 187.12336566978544, 179.7153463621702, 951.6549789355622, 870.8774915388199, 212.95600492510772, 988.888361579093, 839.719628919511, 162.20859029406355, 954.9813187643608, 138.79044046796528, 988.9813797878057, 139.14533232704423, 766.5983621172709, 110.66649902879662, 843.5758909016254, 894.2360175059047, 876.076687604558, 777.7037535247036, 850.1602523845878, 876.5100062645798, 981.612094871932, 39.16677653172771, 828.0061871062312, 249.74107331981003, 876.151108043668], "test_sigma_between_0_07": [887.3807430559564, -208.7473529184271, 113.30221160768632, 417.4932517945499, 791.9071678351952, 990.7396690138788, 166.69268512181137, 42.09741251432602, 30.366590322192312, -0.665442767118144, 75.50250513752809, -64.41888336039925, 889.9724667305693, -80.74735232532612, 823.8892482009005, -661.1359564849674, 24.011767133178722, 565.4069825476178, 324.2373871023584, 65.44975233066329, 176.76621177384007, -40.770779432192, 23.239159599138507, 136.4994141049782, -58.68353431657215, 76.50747030729335, -63.39570286691331, 865.1834455127968, 137.94169001758436, 24.18003559988697, -2.3779006111279717, 73.9200027526627, -34.188826742145565, 39.008292115900346, 891.669850585529, -84.35862880463857, 906.9742570268155, 83.36339159613668, 58.301948807764674, 338.65681327890957, -33.53459199351779, 120.02341212955788, 822.6932189677145, 653.4335340761526, -218.98569602228827, 204.86280456358944, 252.95521973569117, 170.06544398385026, 117.07341810465425, -74.1780280644616, 165.2151449237977, 845.4233572463635, 25.67035864707122, -12.061285408391477, 63.37622594902949, 871.9474803432606, 895.1456975180234, -22.34439663854135, -48.62504653867867, 783.2541631241592, 1.8559838469650103, -157.55020867848512, -95.14654202656307, 549.0207886226231, 977.1497035898029, 375.17601127338406, 143.22792343711163, 105.9834615149167, 14.989987333653474, 210.69695942938978, 678.6496770868047, 131.21516223953336, 220.06445340990308, -47.698513727255815, 106.33369549951654, 6.5058933012817395, 76.38745234931982, 190.7439444649605, 17.80052598898382, 212.5927915840711, 312.2861456593958, 115.58946641664932, 302.29059257023937, 265.5265002722715, -32.78286591010524, 70.33505390771842, -7.203063914499381, 143.86606177403513, 185.8509249303429, 119.39261885814784, 608.5043207501107, 167.1933130668371, 96.8830604454482, 19.797317644050228, 788.2780837387086, -14.301888641415704, -184.35322987909484, 113.72478280503574, 17.871172023120828, 4.896580456304335], "test_sigma_between_0_01": [977.5605272400904, 8.049623594352594, 986.1863374296798, 807.7569041040385, 76.7513463440654, 877.6978957568361, 873.0713641450146, 892.7323789751007, -0.7251861751210367, 972.1019988365349, 919.8267176938338, 954.4126468512069, 889.4527860744599, 393.4382680533054, 936.3668371829107, 930.8275005774082, 986.4001471406051, 775.4961389517091, 737.0916553158078, 124.69687871728443, 870.5450363092377, 559.3025139886527, 983.3044860194319, 338.400316442599, 86.14929000887876, 991.4221276524016, 987.1313180230414, 906.8061826481631, 808.224785644414, 322.80832342236926, 877.9825518031465, 868.9431257216461, 890.6505492253017, 879.1606443104964, 912.2855568703025, 965.0229267975075, 977.054908194928, 92.5374047641975, 338.0721229773353, 947.2475625929063, 990.780706280695, 129.62728810969995, 990.1969756398894, 838.0527218411285, 954.3563202370065, 771.8818092963234, 973.0318734044519, 889.539363444762, 389.44048971110226, 990.7895090373212, 877.4860379361511, 825.1220513898942, 12.245134090520267, 876.2422954971195, 792.1024696145028, 62.65342308745292, 603.1651639932321, 877.5964054622209, 989.7275516653618, 987.2166975960365, 769.8763377563477, 989.4063624087792, 943.0708127084533, 885.5232309623002, 877.8348677277703, 940.3260019722728, 49.20187307452009, 898.6465661442314, 868.2540000008125, 989.24673914091, 987.5617966431189, 794.2302021201324, 943.2676728143434, 893.6899593805003, 904.4966524352477, 985.6056505038034, 622.367065683556, 987.8130172319342, 342.0079706550853, 871.3054241472356, 989.2126877974621, 870.2025119746637, 965.6217027607943, 984.9525973072888, 988.5815552159954, 896.6563878396403, 420.3650207872965, 855.3805714711626, 889.3438410593478, 875.572787412727, 990.487244227465, 10.429816121407013, 635.1133206444205, 982.5685108457122, 793.6201022419402, 987.076869220414, 888.2332862361799, 989.6266906172112, 867.3820890821381, 982.9905710788045]}}}