{"walker_encoding_sigma_05_seed_2": {"results": {"test_sigma_between_0_05": [896.3949479985769, 880.5028655489008, 1003.0062326350485, 886.8269382113716, 999.9319472972951, 882.2557650078368, 11.109870057823718, 884.1311946455481, 529.6911639676867, 976.7350415207266, 979.1661206350738, 894.9904118068923, 985.484428829926, 872.6927818912216, 983.3996020470876, 975.9853215489647, 938.3755410962963, 702.7999997669708, 778.3941059428515, 582.6897278565942, 837.2029770144774, 46.97544802717023, -41.59250656153453, 533.9182177179505, 213.804998567971, 879.7797810647114, 676.2925001005127, 834.7454235502239, 259.456561325994, 982.7779973397477, 989.6696645905344, 898.8546584677131, 802.9856798456838, 148.5041389987439, 987.8297807689955, 841.0871174495844, 927.3109701208277, 988.9998017295793, 537.0314151329156, 990.5902866209415, 978.0846090582066, -22.28579437958834, 780.1257403888147, 892.6366176231676, 240.28988580619355, 953.0232375172501, 899.5178973196415, 196.9618553693769, 995.6515023870829, 889.8965827127053, 445.6895686005216, 882.5813416811014, 84.56788312971912, 981.1065319285818, 887.7447729107344, 759.6597140999947, 889.0169174981357, 858.2700286571034, 891.5343002857005, 48.633307539703665, 887.6960655516616, 975.4567891674749, 983.4712924574802, 979.9053756819515, 8.49470986258675, 993.6963717372881, 990.2101288577245, 17.661156336381097, 69.6212896941026, 255.117554224418, 6.741276731976537, 951.9148429163647, 95.24038222313247, 76.81208630329346, 900.9409299936277, 167.9837300002414, 990.7890280822509, 78.28592302309843, 972.1010087101057, 276.2603063120769, 823.8860590308282, 44.956444018209005, 64.96847749885781, 67.71999593251822, 894.6652822427351, 860.0514510655323, 731.2864394659323, 982.7256934628424, 937.1898269015145, 773.385480975968, 874.0836322906633, 860.1249078764544, 893.5863616025549, 978.4078774407689, 890.9444401331858, 66.5603635899082, 990.9100188173255, 896.3717477564445, 798.1539181886146, 765.9036113624267], "test_sigma_between_0_03": [990.2860557295362, 889.1507350030373, 981.1905850100285, 948.0139149095196, 875.312891657463, 986.3483486876081, 984.5231005168747, 380.286349212515, 990.0599668952311, 705.4557270613104, 770.184357767415, 992.86354652494, 987.0807565821144, 903.6735124356404, 873.931941051129, 916.1033169645586, 983.4865925710415, 972.1423283241874, 869.8189321597362, 883.7822814499002, 967.770125224191, 976.300454880933, 888.5680669179893, 887.4858152610066, 892.8394148068613, 989.8693017764647, 985.395556183299, 995.0691175565638, 871.6806337968344, 924.1844516745838, 973.3767476994836, 893.3744416874885, 892.4595162048959, 986.2681856552332, 88.50723916672575, 973.6656481688048, 981.2741237840022, 30.562217475729994, 880.472127416666, 960.8126401913798, 984.2705131891697, 869.5095007207992, 879.2170602942522, 963.8587567453259, 69.50313995352475, 991.7306668520076, 886.9940587143687, 990.2333094616778, 968.3137187729883, 811.3847442074812, 894.9012800834021, 901.9174643551843, 989.3420931103352, 887.2882356430861, 145.6211789407186, 986.7248259882887, 977.9559048314476, 909.4410879339769, 874.6006522728006, 852.416012846215, 794.2179952105878, 988.2902316763077, 986.1798812994081, 879.1449683037994, 214.3166824924062, 990.8367047657855, 84.94804806995087, 983.1691126748608, 983.600450975644, 993.251817060234, 883.6332567640748, 986.4748262618742, 888.6141975942461, 983.9892184529565, 887.0207830344885, 246.98931949432304, 946.8282001081245, 987.6678318669223, 983.0956468758214, 865.4952990975604, 986.6005519482604, 894.6568027167009, 367.4267041707687, 991.4350576918503, 974.2958565359486, 951.7338198759785, 40.200433394564605, 988.0169772568144, 956.8716431024105, 968.553855104418, 921.7319535972514, 506.46532324261256, 979.0336273125936, 984.1505234917167, 892.703508861164, 985.258949554169, 867.0636963393487, 991.2288626601984, 977.8134246096263, 874.6601816454221], "test_sigma_between_0_07": [989.6069682155924, 839.8781368148976, 990.9137279223461, 725.3095752181464, 660.5222954010181, 985.0273922800715, 122.3441906608394, 734.2255511363808, 284.53631552154826, 2.643811222029034, 809.9192166333879, 5.738818214859929, 81.94894207028408, -9.241767380156672, 906.0313583081809, -7.465403438362408, 28.0069165385692, 873.3620646013263, 837.8437296002169, -3.6194605381999283, 18.71226628296281, 893.6226755517408, 12.916118971152176, 316.3398747461892, 11.70582877458073, 39.99868094614214, 636.0032895072201, 982.3252396468213, 772.7380365117197, 722.2264416968889, 2.432796433199837, 183.81960441210538, -5.43827337048133, 961.9527224283562, 984.8582109580442, 749.4831716316966, 988.1720106913314, 615.9868607733202, 78.4857626736761, -28.038940196724436, 721.3715254749851, 25.77923875101552, 847.6939231519773, 179.24785574663974, 382.1690841902846, 953.4991069062823, 961.5748013893683, -18.855686871336367, 121.26229816313717, 517.0768680188693, 882.8244209769555, 989.2353454843189, 14.829825848253673, 368.627873966108, 80.50194182108534, 901.7820929491744, 990.8435218843634, 510.99454496224223, 22.79604852347111, 122.82600673271227, 3.5902822784861197, -9.035029202522129, 883.2925348547625, 352.6755644784779, 86.22809022398432, 899.9223730197792, 895.1404018298033, 11.644641640952615, 97.7523209836625, 36.4137520486198, 881.9523202414357, 987.8504387845984, 161.56936198102477, -21.237841143365948, 147.92246015733977, 1.2205358387043803, 151.84265951142595, 834.1254895094881, 791.1722038108558, 981.2519004022413, 970.7965728970588, 793.7767829067478, 871.7867284636131, 886.390958443592, 90.77151485043726, 184.19127788750635, 893.2317865298853, 988.1200793592509, 884.7207620578442, 895.0329283543969, 977.8403593380426, 802.3066764156991, 732.9991613072773, 8.537085273627598, 19.603184820048043, 877.0685407914667, 535.127239691745, 31.698810484213745, 571.1822182803377, 214.41613594272363], "test_sigma_between_0_01": [910.2863422296617, 987.2631779232006, 138.01155450011862, 999.1338315378, 983.5656166923332, 909.2892570715617, 987.2607259289587, 795.7389160380912, 987.5816299145984, 983.2824729453429, 988.2065723564924, 987.9675563249262, 981.9701055461709, 920.8106755160152, 987.5373872250841, 989.7456103360821, 989.0708369675508, 978.2431728225573, 988.3569447071025, 990.0048774958964, 892.1702631123019, 987.8218284473297, 983.8858220626827, 887.9551317053595, 198.44434380423917, 307.00818967247164, 969.7447116373971, 891.9412180284469, 32.07919800035888, 996.5919685621658, 995.3889515318034, 986.1129534591125, 988.8695207560982, 988.025390696771, 989.3532642526412, 978.0946406579855, 917.9202856232298, 985.4106805035897, 990.6874603872162, 987.1111855437998, 985.8810274245086, 985.1248578681185, 989.2814339245732, 984.8568573891628, 237.52293367867367, 868.9129654793156, 997.6774504085857, 994.927370242333, 389.47957891970157, 895.411142646183, 992.9264699937946, 895.2552144392214, 988.2032900894657, 995.7951259185127, 924.0295607465481, 895.2771447962948, 996.5863059353937, 982.3671059501448, 991.5868842626891, 985.4830745377769, 969.8331097169622, 985.0293962100592, 568.4171476228132, 32.74818010451418, 990.3732574572709, 384.43598410880975, 314.7367547295827, 987.1740125739065, 894.2808021587081, 990.4058036173793, 892.7368096483829, 982.7323228178509, 986.5260804711447, 989.6940738967821, 986.3588928418063, 986.406039372409, 886.8023559349061, 987.4810002909555, 983.5834048701523, 904.8671178589002, 969.3405171765497, 982.7981883615437, 983.7668195780905, 39.381540027543096, 970.6291147511218, 895.1019161697517, 986.8766275751868, 982.2031886784274, 889.858366434842, 988.5397810043522, 987.5290959478551, 896.5387011825948, 33.52915595824306, 987.3915930889292, 990.2735037533732, 35.281626332527956, 896.3894413665857, 343.72374124726093, 988.501418319323, 983.3418764654521]}}}