{"walker_attention_no_encoding_sigma_01_seed_4": {"results": {"test_sigma_between_0_05": [41.128814097304044, 81.82906311840905, 859.0022680638873, -24.464044039199365, -10.068458758897641, 154.20638528137664, -92.99326809440467, 255.1275575593758, -25.01791009036284, 6.574432236134628, 790.159417523586, 96.0463319222622, 19.90982365262917, 949.0630304529642, -12.763373990354882, 53.553320348102865, 121.25303673865602, 31.37159531389006, 286.98540598177897, -42.89157754152293, -0.08317468854429633, -37.08891590874439, -148.33635211071493, 14.9656075373425, 921.7923264248374, 7.787886731992184, 134.16041903636457, -1.616489533294804, 148.4283445119422, 20.30372547777201, 101.88049985120539, 161.42985495992207, 9.870465548302846, 669.4310715853098, -58.52767070784657, 26.57510638198329, 886.537439815461, 442.9118680038652, -9.603596106888965, 4.761410803784416, 885.1196020871855, -17.58288445644443, -70.90421912438003, 4.033498923961214, -144.2907347873374, 8.193212838735471, -24.973233096044336, -48.19282267746001, 824.0103239581869, 801.7682173297936, -24.68883081522544, 245.3503418279346, 28.926052391813542, 175.0321201916416, 64.99090252549152, -135.25629485746214, -23.358007438545005, 74.97144040184737, 359.6660964674755, 177.19907223398258, 76.0946244012619, 168.4060142927272, 228.0308056242852, 173.65468966885334, -199.03131599752953, 876.7003867340466, 132.80563421174062, 731.6182472904029, 341.95403773199735, 6.45626565686178, -85.95832848836471, 53.01186908816657, 11.053145097903101, 99.56395835804925, -12.012885425658265, -180.87684424241883, 877.6875208922313, -5.797765750087205, 868.4519813259436, 4.625370585908589, 31.87574509844254, -13.711819219300297, 223.34779312062497, 763.1275814927952, 749.817036954238, 85.07334751619442, 48.076501554416815, 134.345439850738, 114.58519469765551, 118.86766836617421, 117.18386084327209, 264.9374492825914, 166.93874292446395, 944.072341654848, -36.7303279838311, 10.513155325814981, 139.71770568447386, 79.74472202357045, 951.098344832075, 74.3871895601981], "test_sigma_between_0_03": [594.1604513028136, 92.1806154520913, 96.8966839320304, 135.70850684613768, 109.27253772457485, 871.333380635895, 913.3179563541545, 533.9658984010374, 593.7476595871655, 6.000765312495902, 65.76160511629871, 7.641936823104437, 165.40953673947763, 12.239472837152503, -53.28657263390012, 882.0024941076719, 825.709704168357, 73.64099829119628, 70.50541239417326, 186.0949635236152, 103.95777022311343, 21.228495968781942, 233.93835919087556, 116.59651593736722, 879.0513688793066, 424.08995352900786, 182.17413331327114, 638.4590167301429, 93.78412917811589, 239.52360422309596, 197.82405919747384, 929.9565235995625, 448.6556417535049, 330.39651006541476, 4.787064729574811, 14.38994845055783, 893.7397239482068, 189.17505102716996, 850.9116114013261, 102.39190158452625, 188.52299569422905, 168.67172198878282, 891.5254094364125, 64.34304299720401, -60.81787377713342, 19.323648516731307, 868.4995548058826, 871.8827511495741, 96.07085137967164, 17.714421056236283, 161.7613237679465, 994.2013039281177, 991.8544795215635, 989.7471554732242, 579.9274192438944, 131.49529431896457, 761.8803396636457, 231.9552701550828, -38.38484859431455, 32.79184651523913, 967.4242052376643, 142.81609236324297, 497.10826884046674, -15.855328058276198, 137.4255509612782, 708.5736302764449, 291.24282475223293, 871.5382131934622, 852.6215783700012, 874.4825983532035, 984.9258485522934, 132.07714758841288, 765.9125016041244, 246.14392529410807, 232.2354696860092, 77.10756282244138, 874.0077166411069, 771.9640181832181, 10.132925413761074, 878.8236684474005, 260.41332063815577, 681.1735390991266, 867.3221369301208, 297.40758450138134, 101.36173346262765, 880.9938044046893, 873.2575530037398, 115.1824542975921, 129.62680660855384, 858.0868006228783, 298.0370266124156, 171.15085851252584, 14.295824310401253, 983.8465311623994, 231.81603255473004, 32.81047409276975, 111.29570440571148, 96.63398958696403, 103.27489774964965, 750.4526286132331], "test_sigma_between_0_07": [865.3595435220313, -16.141717492254333, 815.0824211741636, -9.623814897430986, 171.58214826822214, 884.6221784553716, 882.7403112893511, -1.0438924536484389, 48.085583795119206, -74.94294125026252, 59.42214971776166, -17.931449952464202, 73.16044646507244, -103.84248342676212, 78.74336416355524, -304.3395078946901, 3.439159597989864, -23.054981560503965, 89.19127744975104, -16.612898282990486, -29.404153110440827, 0.22084416084214298, -17.386285236587362, 57.24726012857798, -155.92879357099397, 9.780498167817814, -2.1199039709498115, 893.2664621243782, 43.950449290450635, -3.651680277474756, -3.600893312470985, -0.3105946126214407, -33.63345705703016, 6.786377046157627, 2.1332491074710247, -143.4701600900009, 506.8188650818377, 139.38054825469473, 110.79834801576668, 6.210021012384484, 75.4442116774853, 92.25149973724159, 171.89170728430284, -4.473207041638932, -36.61751426948324, 100.28040340341751, 951.8140850559843, 892.8372063141695, 51.95633139870047, -111.15117271298172, 98.8861635856493, 95.59283556636785, -166.71200610698583, 809.5078526492557, 36.255015417888714, 114.65503188149354, 876.6748800630384, -66.5142949446251, -43.89259926848265, 676.1305321447073, -62.970374362608474, -125.85255596417912, -104.19819199884186, 65.47451560478663, 810.2958071111624, 41.676700120363925, 129.93215727230307, 30.513170127601764, -11.094604828851292, 79.18276503575596, 124.09888561628146, 85.34131626784576, 90.23409114301603, -34.8124408295095, 5.48292794964672, -8.103715470029853, 36.2013840011163, 91.11483261969444, 204.62582794488884, -1.9760601901190489, 882.6833401923595, 10.03498823785065, 59.03012613877375, 13.124392306323507, -183.41537625358256, 52.77540730656229, 73.29187650652088, 90.97946672542793, 878.7274384826621, -30.686976451539216, 32.26751177190547, 100.55326938173799, 92.45394310979233, -45.695769971561326, 106.1525807642987, 14.790774466488289, -61.909723405226856, 84.87878653543866, -11.025899047918593, 29.225307550396153], "test_sigma_between_0_01": [883.7209506855307, 131.52772456619104, 165.3560093832113, 873.3139849172014, 162.00925395769687, 111.59559066310788, 212.6352327942746, 202.03250219776257, 346.5591587706029, 282.5151415255334, 127.5880147755807, 240.6295716329292, 538.5807639793667, 365.2178568232917, 137.46697979729748, 137.37803985607255, 70.48643099555107, 138.7915810757826, 158.23833831041327, 289.7901566176868, 822.4371629569921, 115.64123906293953, 302.68151936471986, 203.41839964547563, 238.98784175235693, 122.93626062731107, 106.902934943985, 200.96316523229797, 128.87863868468662, 872.9550606515301, 169.81230078342406, 128.95568907850472, 883.094430164883, 880.1834373071628, 873.0355421757329, 341.74992486255303, 76.69573889024558, 152.00196108149507, 225.04342817182211, 108.58008577119787, 876.2267226740582, 124.61823332675314, 117.78987742721127, 125.71068164113004, 90.5795137183749, 869.0035005786601, 879.8242531833457, 231.87668062478474, 880.2033497308759, 379.5456672438909, 138.95573203146694, 430.2843347444318, 691.6612893757688, 876.6018805472507, 191.74922417602218, 144.8463188678373, 881.1836758465984, 180.907749887674, 114.41155252575001, 270.3715049439253, 865.7171325310951, 878.629168649989, 872.9938989840432, 349.0422483346897, 234.5530360052796, 111.27479760203201, 91.2550838344896, 941.5553965479854, 549.108836512662, 187.39396745431148, 452.51183361944, 171.53472496227795, 152.52654663256814, 770.8970508113721, 276.57909612885607, 879.3853170298512, 151.53905517466214, 112.05046877826987, 883.5480379888206, 271.59929794789116, 884.5754027486871, 241.29454504654333, 174.50013059221058, 47.04992455490243, 867.4014713526183, 892.8950429648527, 165.89188077424407, 306.9751331879288, 283.26007910145694, 257.9091062629868, 230.9844207714237, 901.2727057447817, 210.3962741618686, 874.752490508524, 881.1776014805033, 172.92564085097484, 558.9706227665573, 178.95358875591083, 313.0698200610784, 880.624077998955]}}}