{"walker_attention_sigma_05_seed_2": {"results": {"test_sigma_between_0_05": [975.8893254926393, 979.4648244869908, 864.0914395892088, 987.4734068315917, 980.896415364796, 947.3803410785026, 767.3997935834595, 964.5963435883687, 43.82747999213023, 983.1547526574569, 848.6372800843998, 963.0312993297166, 963.3905096391588, 983.0072567444631, 980.804666110193, 92.16066632259755, 970.6228478545993, 955.7996798765425, 950.176934497111, 960.1474715773245, 897.5055558163459, 498.39023496692073, 465.7686249361314, 642.0583306592301, 963.0603647226959, 963.4036324333274, 952.2850330246042, 7.122951657576776, 974.9777535354341, 961.3460219868132, 962.0704446229155, 162.15169740052227, 42.92549542090271, 935.3966176110073, 989.3255818522399, 863.213523135237, 964.0919459995945, 992.5303902836463, 595.2340786215839, 993.1814664625114, 689.3634710543797, 764.1986061873547, 869.5073658390888, 981.5375304308948, 879.3427719129083, 967.9573777216979, 958.678884519572, 874.62887825809, 946.1446541542471, 979.646521340772, 935.0545115894396, 941.2753151296935, 961.6982585638784, 953.7909140189684, 863.9513588064269, 885.5587579202785, 925.9510692551869, 946.5355448987659, 974.276509569555, 965.8027997788508, 923.5135075520072, 957.1315089487528, 983.0841911103577, 863.5582265175774, 872.3984976877405, 961.5873915626287, 17.55855347721517, 976.223874010412, 124.41180469454119, 940.8966171600306, 242.02129048767245, 340.58009051141573, 15.306594196539661, 952.6826633860057, 958.9418169011768, 853.5266020512147, 954.2868426598127, 797.9705916055408, 961.4414330685647, 959.065841710687, 760.899164265765, 112.03478721506542, 949.873042362624, 981.9293479986381, 931.247499089629, 35.98291383742907, 158.07263215475837, 965.1605774543249, 914.1331257728293, 951.3065278401816, 952.8277371362542, 940.4777892570504, 769.4395640871442, 943.33681373354, 951.0446722793642, 947.5680703673513, 941.0607691160224, 873.7059901099723, 958.4446041726801, 110.10415505035775], "test_sigma_between_0_03": [19.942596752045212, 89.26054108379907, 986.7465796525861, 961.2605111566628, 978.6726808776062, 966.634467238268, 987.3651590248888, 956.1275662397188, 979.8101591919783, 976.7115839234706, 262.6113929862738, 967.4987372068003, 988.9453770069451, 971.5204748988623, 891.5258751443565, 959.2021562693469, 943.0930716046314, 942.1643156597024, 85.93477972787365, 964.7229256588016, 956.8174433050347, 994.0758144362131, 993.2485811152264, 935.9596354345451, 963.8503164889655, 990.5608597560237, 966.6816821513182, 988.5093890071306, 947.8480539633663, 980.9618245853427, 975.5317103031226, 985.2056604472157, 985.3767644451448, 940.5116806578159, 1000.117712443199, 991.7842331379654, 982.7700986065132, 956.7054222553221, 49.197940408306025, 967.9289508127746, 971.9337713826917, 959.0273501861649, 1000.0764035762551, 966.1149196689889, 960.0803884093625, 989.4697422121737, 984.6558228754279, 930.4776903305003, 689.6452069194162, 964.6924975030641, 954.5141607902951, 965.1222524248357, 992.0045910522481, 996.5607494607783, 994.0732796245725, 960.0825921377177, 983.2822121803289, 950.5884454166289, 881.6822349949086, 964.6970020224439, 982.388168589759, 962.4625292208806, 981.4850234484215, 965.0860929388608, 970.8328175468848, 17.476483729756726, 957.4415562973485, 963.7971841288122, 22.584777771895457, 985.6929652297546, 984.1143984572361, 957.1117949610268, 1000.1190630730741, 985.1681487589628, 961.792313017363, 973.5660176051166, 975.9722105026542, 946.294703264843, 973.5496195330343, 221.19507812226067, 941.5937736606246, 958.2491860974957, 975.5307186873953, 982.3089866705911, 954.1194525445048, 984.536132555584, 480.824725511315, 970.2381556109528, 233.08426331607058, 982.4898498468267, 975.753420992086, 22.086874866229486, 993.8589684745065, 976.0264102434763, 991.6878036546635, 988.6814891869514, 957.1930864099608, 962.8792431801513, 351.87069444815404, 952.1188166495818], "test_sigma_between_0_07": [980.8063757885387, 720.0054937351127, 151.61939515371049, 843.4753867183541, 694.5921194477146, 969.5351498622762, 922.9781497139395, 47.68158085781615, 967.4324639591734, 665.3057063140589, 15.282505571292134, 17.428257419183506, 973.9568423039201, 41.15433676604736, 978.7391852006144, 94.79531246881814, 665.8626222582302, 933.3684370669781, 22.582224607483656, 34.18057772052271, 504.95005629302767, 988.0275568557743, 632.0646712858621, 758.9355662720193, 140.07105303997523, 105.30309035362735, 102.69898984329916, 22.876637723602464, 38.074694276376974, 14.954683079113606, -88.2321384115523, 42.56406276084016, 620.2107127697778, 16.62091646048502, 986.1832674141589, 705.4778864694349, 988.1148171725479, 126.93281465848267, 55.62048682141904, 779.0176855404013, 685.2149088408722, 27.40756508751947, 973.2874749555567, 831.7549020209161, 368.95564061852093, 971.4411181917145, 983.0573446866986, 927.6531739845743, 118.14850679155356, -83.14347275799665, 972.8303980173114, 985.5299457529355, 759.4983943902163, 91.47691405326626, 909.7552208206674, 983.4948834007726, 968.0712142102628, 659.2187783059461, 838.2102482377369, 104.46791137782569, 851.8108816233297, 424.2202742796595, 781.7776627777954, 960.7628760503511, 839.861002624964, 998.299952453796, 982.1790071585214, 12.029637669182556, 11.506831708746903, 26.77770035129652, 937.9581884539007, 930.9956488283667, 106.96604575567613, -99.48940314441134, 47.16121541265603, 233.90611096768265, 902.6581237480536, 210.68361179310608, 662.3491672178839, 962.1602463356548, 826.9515169725053, 58.6451011937228, 43.09116447155245, 944.2220574257874, 8.354996860862592, 101.55040150995049, 873.2116575592399, 957.4615083058242, 66.43401250636089, 973.5528317126269, 993.1289179633985, 448.61252386963474, 56.78331040815391, -43.51122640528775, 945.0264202059947, 527.6026765624399, 769.1815740516803, 96.71510011595677, 34.7634564052074, 34.645844654869876], "test_sigma_between_0_01": [968.5968242626005, 963.5679832304791, 962.8869440333407, 989.3170447083783, 983.4695215557666, 985.9240315230464, 985.8518400135648, 968.39463697718, 979.4402472460908, 987.3691697702857, 983.9657324650613, 990.1791395010197, 985.3236819181002, 964.9310009901927, 967.5835308292349, 966.550199438399, 986.3941277377268, 963.9173017470829, 960.5890205576204, 966.7678112591102, 988.668651006622, 957.6443890723564, 963.1141157559293, 987.8958234268908, 988.995701828619, 959.3926204815193, 968.472468881567, 993.470291409283, 995.0425705905983, 987.721651840985, 973.2450742496416, 980.4881304056383, 956.3300576827138, 959.161544964799, 965.0751656040285, 966.7507605840746, 956.062297504929, 985.2608293074705, 992.3986487421685, 962.123985502305, 951.5231224576693, 18.509508222641312, 968.0495154358726, 956.4328350986045, 960.2616267505655, 63.6078516900714, 375.7709909127061, 992.9204216492661, 961.0448407842539, 987.4794231736489, 989.3894829270575, 982.801041191777, 980.8859164428004, 952.8837134806262, 967.364882051821, 984.0161793655944, 993.6791325274788, 962.2725305629891, 972.0480133019347, 993.83140152532, 987.4201953298357, 966.0451558292917, 965.621713279853, 967.243346119012, 966.897478864488, 969.0753051427004, 982.8999365740301, 972.9571774358454, 989.688977119105, 991.8325082474332, 992.0538661144969, 20.6343196948772, 964.0372426656044, 986.1378034738555, 990.9490982320535, 978.2697859058801, 964.043230536437, 997.3697310653545, 994.7681871763829, 995.7960834560573, 962.8745707373724, 993.4667163582732, 963.9434708185222, 961.7979581339075, 961.4749748075841, 986.8489820492616, 970.2924145095268, 985.7696798606927, 21.64556631107553, 966.941515218242, 961.3309841927955, 991.3596919707524, 972.548389966283, 960.3233274886597, 21.086496784302287, 954.7681441105045, 966.4139268544027, 963.9983168582773, 987.7510726999739, 967.3148733271761]}}}