{"walker_encoding_sigma_01_seed_0": {"results": {"test_sigma_between_0_05": [476.3006907839665, 51.17480341709599, 101.72321556160752, 83.65572557803682, 130.52319881899894, 16.531181599783302, -11.348398589993304, 42.608926952719045, 163.6077589100867, 6.386523798177951, 11.592306464652937, 76.24916119795965, 1491.771380455179, 14.543327222502556, 145.71088576361657, 61.01254153491318, 68.95736649428434, 54.523791555964266, 37.841821488886495, 0.9402462434198242, 788.2639962229099, -11.90164847705018, 2.5104308368361674, 26.219576666509965, 1792.9916940428855, 642.9960794746041, 426.22572844576183, -4.24721720819216, 1709.1142599523894, 32.86517378531135, 151.3342697409986, 16.009470477393183, 23.442231836185965, 314.35587088571907, 14.585745151826993, 27.51338270029081, 1753.0930212175874, 1804.2092488796154, 94.4724938176092, 0.8552399417356358, 17.857494290257456, 33.74770347082959, -37.66937329174542, 2081.435852221408, -43.255611872886945, 103.98040391356338, 0.4566318957280595, -8.688118877111993, 76.44013496587286, 15.11059813243628, 277.70648705700745, 98.65391351160511, 73.01984260626487, 511.9894197248283, 8.613690509917795, 10.44232417150197, 44.54211017168273, 30.103350440414214, 17.202714779418603, 19.536947837132903, 59.70371791012439, 95.6074917221005, 2284.213369150068, 10.957450384000552, -62.402930771431436, 1654.592866000119, 195.81051220463837, 52.68134429271594, 21.982787439717505, 48.63486293477908, -54.08555450477289, 739.0514174123188, 14.22126158834435, 39.105277040960196, 4.936387332760205, -46.21896787315345, 309.46004228530074, -30.500984332348168, 82.06011104714709, 1251.9011709650702, 58.897626636696806, 41.67582693688456, 49.21397386497991, 65.46657703519887, 355.7276538616832, 18.693008963068134, 13.053018443932523, 156.76087147952205, 81.95668898010625, 11.40571995124628, 24.232208006616567, 53.54697336055249, 214.41722556528833, 458.1195756424306, 2.948210832863696, 2.9717281610734063, 183.15800846663774, 29.113403433699567, 43.037044954173325, 25.035185854684094], "test_sigma_between_0_03": [2223.7670136521624, 81.14069362279844, 1060.5524601004406, 73.67456222140898, 132.58350203123842, 337.17064468330807, 15.534664297645213, 78.54569443783257, 296.2392253929908, 46.697481652619906, 64.50814493438085, -2.7307422460013195, 836.5784278177205, 30.79714352362644, 77.07711624148651, 1832.5473634226403, 1964.4650333921365, 66.00624510603959, 61.81896270081924, 1927.9971546540112, 1705.6693958092596, 2030.2298226669259, 2165.4981903182493, 50.26990150487254, 62.481899033258394, 2029.6941385477269, 2151.902471281222, 2237.952696206091, 71.61112479594884, 118.2158209777321, 355.85612646735234, 249.94019400454422, 968.1288381270416, 16.242000719593484, 1749.0329950452099, 235.50996319882967, 13.146893637989706, 50.119328331903674, 172.3834580503753, 79.60381175450023, 17.166386095141934, 15.75422028537141, 435.08874810813853, 49.61854789146455, 1.371080171928042, 2071.7475961536634, 2134.068570536291, 74.0688342415655, 48.8847978734426, 54.90144500148745, 370.3292224591232, 1894.5431988850544, 997.4801967414437, 397.34091979884255, 739.0353433764425, 114.6889898469671, 1581.0829041459356, 73.89595731550068, 61.807685394445436, 290.40199148935636, 217.5239478552656, 317.50410341082176, 999.6049875606254, 844.3987040294078, 1907.2764642724142, 816.5251495475943, 2093.3072136690707, 16.371252230317623, 242.090291641862, 488.4355335204398, 1991.7925707520299, 2208.1125799293986, 654.2310642168493, 133.2377349179238, 34.830441236142356, 71.73051643902726, 982.3835098187578, 135.8327557553203, 185.49329755636424, 63.09960741280229, 898.5058265597099, 15.076708332989075, 1559.479687085798, 1834.0824254309011, 1251.64562847016, 1948.9429596441196, 20.985971975278517, 2130.61140879315, 79.49462367962548, 2132.03184215174, 475.59937078770804, 1971.8867972849705, 2093.459305003995, 726.7132840101392, 14.144322969747009, 2161.800434740023, 62.86817535313749, 2215.2026467610344, 305.70336492377834, 212.3246953697817], "test_sigma_between_0_07": [54.043418023125575, -29.256667968867987, 81.64453316134023, 125.72910409157777, 23.928142773876605, 1888.9523623278624, 50.690998847584694, 72.73864817876891, 28.773628058090978, -31.879856907072817, 18.087820575863585, -17.20152719114849, 43.233747261810635, -159.03863688589914, 42.51340375893196, -86.85866072375504, 4.913849894735904, -32.157890286939804, 58.06337626020977, 35.72852738889487, 3.655586381204192, 80.6201567768221, 4.657817218580748, 35.10958365330445, -64.39022518606362, 4.667997143638785, -10.324006308107345, 157.2564274138582, 22.01070751910883, 3.5334135419921946, -3.9536717445400438, 3.4898613394354463, 8.231087945456974, 7.924543858444659, 257.2826317507324, -37.347583911012045, 1859.3881951793032, 17.33943000218569, 11.313625033442804, 1.2528501320091898, 13.373133346161922, 19.156743061826273, 129.98874627375196, 37.17321261236938, 45.63595027729025, 67.07591158482826, 149.00512641857924, 43.36748297057783, 19.303180784758297, -42.89059661383218, 69.0429333701977, 131.25116897931, -30.028566089620284, 195.01651415992967, 47.56524623932055, 536.210127095692, 108.72854612137449, 13.870516374897855, 62.638300209394956, 14.56240574095864, -254.69820611057796, -34.26351067483629, -5.013655597955221, 14.19506211148837, 94.38319734838878, 277.7603540423981, 54.22446185585141, 23.35934327994328, -7.684635837651149, 22.599059144459897, 87.17382172827638, 47.61942950759111, 21.92719960131362, -91.4437530697032, 1.7225590671645477, -5.872668611555127, 12.468976895709053, 17.168157894145406, 14.618052927160171, 25.71669354507322, 278.25820676934103, 68.13363489991168, 14.24191385976301, 49.84691958860786, -51.15166638397642, 19.048388809415332, 14.231718446746525, 135.64639999589127, 114.52310081328177, 5.107398018847743, 107.78487024430072, 21.191313014547635, 16.10393699377892, 4.885336064884905, 297.07837101781024, 25.393125991837586, -17.452146724466, 21.718980267058942, 24.859634644244213, 23.168537454727627], "test_sigma_between_0_01": [1903.6884522444993, 1991.8267157011614, 2138.871216613698, 2127.792138715834, 2113.0372823161274, 2116.064540629977, 2118.912266270669, 2029.7881128715055, 2200.3644215240643, 2110.58320595924, 2113.491488456363, 2153.812690212557, 2159.393232904361, 1982.643740715609, 2124.335984058915, 2126.1360457695287, 2056.101374977677, 2142.7998048253858, 2139.973761571291, 2152.095249321901, 2095.199794072834, 2028.0734265146225, 2000.461191336787, 2163.148479518715, 1923.2252805788414, 1882.6462758792732, 1934.229733441231, 2140.1486335718014, 2167.7238374017443, 2135.269068168371, 1973.5077558422586, 2190.858835615315, 2183.5490004621743, 2044.7772221750943, 2016.5081959279996, 2073.0809324522293, 2065.341566453422, 2199.2976009572963, 2138.284154472374, 2006.4416229075762, 2004.1632937736233, 1947.9606045951289, 1975.2513493480785, 2115.234549816747, 1848.0000911429963, 2062.731952773258, 1942.6965514592025, 2180.4522103384343, 2006.1725349216115, 2105.4241258233437, 2047.2394691869115, 2071.2631105245023, 2191.8341134844036, 2074.069452186454, 1915.7980911828129, 2103.7022758700364, 2109.739989151717, 2221.3373818097416, 1978.921290149645, 2171.4536806644396, 2058.71241559326, 2090.040288902639, 2119.5264059562755, 2213.600908533795, 2133.651856913378, 1781.888624167093, 2051.444523637791, 2002.538019386421, 2149.341755668268, 2160.4470084992895, 2194.4462050910442, 2045.3051297672384, 2115.482371242942, 2127.789722633071, 2202.775435463684, 1974.3670824828243, 2038.6529358201763, 2134.5924589538117, 2147.1881455249677, 2150.5341448658287, 2056.4200384234978, 2127.802713609214, 2081.7811690034105, 1894.694376699589, 1970.8664730507494, 2156.041697130607, 2098.570017864767, 2151.5584628013976, 2204.562435674949, 2044.3546120529993, 2157.3605343398835, 20.675471764389656, 2153.1748730562263, 1865.6236284143247, 2046.8761485278258, 1825.136331019213, 2151.723528294291, 1910.5167214506532, 2095.3253775314693, 2046.0305139008397]}}}