{"walker_convnet_sigma_03_seed_2": {"results": {"test_sigma_between_0_05": [-57.72593227831826, -7.749259956899914, -12.694699798354138, -30.050066592938688, -19.724518196433205, -8.098947414165012, -43.47570181685156, -6.650761861554928, -27.172453835858335, -15.976058179995743, -10.472952278041337, 66.32582572240065, 0.9221822363251708, -19.138882708584426, -13.323086043154767, 45.59528597137834, -22.9196583615034, -9.899803557634005, -6.730551302648385, 6.44274765356822, -29.041884069821393, -49.17122192382093, -28.045665383616885, 6.550780256821586, -11.046721231848654, -14.801275181719392, -19.057994786778004, -19.996134772842925, -1.6727173166378693, -6.026820698700613, 5.510620524770632, 50.80194189706672, -8.748204705229734, 13.586911373115454, -14.383046831948741, 10.293188776769947, -16.69739205280639, -2.4479469757512575, 9.521004726564572, -21.008657242933978, -11.583874746847142, -15.64783674929495, -22.766548744449363, -18.953316102526156, -28.790672194164664, -9.706731333717478, -37.519384455542614, -33.22165397156498, -14.35434256543813, -10.570440638916626, -10.312503569881665, 25.459474231678172, -11.722231247051973, -12.26763413963199, -6.528360992642415, -40.484186334333245, -25.559928767710527, -4.753954321077618, -12.633727493775952, -8.95036740714714, -13.314144687012591, -3.5636779865657457, -19.03778052883281, -5.127057168159809, -34.92362317154912, -6.729538873335695, -13.945423626844423, 0.16983459105539023, 44.87862943111977, -2.8002122394129403, -53.630511418277486, -17.560881916427757, -5.323080079630026, -13.696548529346181, -5.787172958964948, -32.7425042971503, 3.390721918643975, -16.435304862212796, 46.52573804353015, -19.718330939616138, -12.408132031516292, 54.552202476561064, 11.562348924722809, -10.518691463122375, 50.466560822275646, -15.741314267327843, 60.635768614723936, 53.41220506613757, -16.43112730291323, -15.398528037207145, -12.114541188323345, -1.7320143320175712, -9.906012800803001, -13.11339846147602, 26.32804782910824, -16.185530862543963, -12.283224857588358, 25.93718889440206, 17.377816589786388, -5.017681515347796], "test_sigma_between_0_03": [-27.717475608990945, -14.892505939021065, -18.3233080094622, -14.75711018419388, 43.69649945131532, 46.871276416539345, -7.0108418220959745, -15.836778636321831, -12.629579308122631, -23.177677934314115, -4.316842226758314, -15.859575390820105, -2.1964633430514384, -14.034447077344522, -23.232249847025376, -15.683166960453676, -6.299859214549363, -8.2177261424702, -11.351233193639201, 0.5960519752610609, -4.783457679366984, -9.0420925381477, 30.451126268247016, -4.550287362909877, 46.189870100382535, -16.23457583035488, -8.196499899530318, -12.939880531509699, -12.890375078591752, 5.416160313301949, -13.604989108176959, -27.518909834131776, -15.935776358141448, -5.472109297743009, -22.20631051233795, 16.59408552046226, -3.421355023040088, -10.267371209307747, -9.455604403532927, -10.973439760507615, -13.891540982013977, -7.239325981878212, -14.120760876807616, 50.16201641732768, -23.544572800103932, -18.569851440895583, -19.77570064899628, -7.515670223867355, -15.884413264917384, -7.99139097355801, 34.52453425101412, -10.852421811455862, -12.228702714556128, 13.288713448567432, -0.7548212321009613, -13.675430409061669, -23.7568552831668, -6.294442667468685, -27.39109311888024, -2.8687513529512207, -22.271067684092834, -4.119144439535739, -14.479995240282735, -24.70404543777258, 43.74269136176012, -10.815931232723232, -9.82124483928347, -2.7214564156151013, 29.549758202115473, -14.980219579505503, -9.461617331638994, -7.836965810683617, -7.69846157148568, -18.396260213681675, -14.786825146130289, -13.741332299046917, -11.396517885451617, -18.99568878567952, -12.105806351191136, -17.603755353175803, -6.842530553751569, -9.984834195305302, 40.18340116948237, -10.236881364200963, 47.75376351595045, -10.004843673195865, 0.2083218869316572, -9.9559657723672, -4.002351907118282, -22.179494487076596, 44.49144867531287, -15.00273242981348, -21.833043478423487, -15.262031110445971, -8.402723059339044, 1.747300408824226, -10.612549468631913, -5.567535198778206, -13.8653397499962, -7.041040241837621], "test_sigma_between_0_07": [335.7616191749187, -17.973917606896435, -7.035449496349609, -5.369607881244155, -21.907804444237275, -16.818637106721873, -2.9735125661696666, 37.86146144060624, -21.13079893828254, -19.28884647285158, 49.164308501055366, -49.675112716153706, -8.062857401237121, -16.826536593337355, -11.417736423894535, 8.329534470950602, -23.175031462425284, -15.054563403363874, -13.930904142037615, -14.198023517470572, -10.23280394809116, -34.48664425665922, -12.173755711593547, -0.6330451317480832, -25.78323441027604, -5.677264897020372, -8.31549172938685, -6.754359173885313, -7.2870399076215175, 0.6375433714580141, 9.59719554592448, 44.34935772007305, -17.021870810292597, -25.06484429431004, -10.103871190686185, -16.822850125444525, -16.599920164969806, -10.809639433817948, -6.328471238756901, 9.4917089537819, -19.590980729374845, 55.01154782769881, 27.510908652312388, -4.131047364661937, -39.0627783319884, 72.73071466360713, -11.163261160961703, -33.0666739931563, -15.45691122549033, -9.09918971924926, -4.976362591485671, -16.301395025952665, -22.163940589681435, -6.810289880610074, 10.356244947761292, -40.78993315734262, -9.908694335965274, -26.57216570915044, -3.42779440273298, -7.990081861714131, -24.49707643936562, -11.879544557527684, -3.9084282755531623, 24.92430494847649, 19.475982809381083, -28.182913332908356, -9.079557647384348, 88.33850007948934, 20.793239624472335, -7.463011899786954, 2.139231855896642, -15.608421018508672, -23.2128486058864, 13.670358601702901, -8.427305441403593, -53.27923248767184, -7.33446073369705, -11.10858041716856, 1.6772447112962232, -18.051321794564135, 8.343937883566829, 5.1644486198143245, -8.730471739654604, -21.07157299424144, 0.08670250524155954, -5.651314906339394, -9.924950234721472, -10.15081878862402, -7.702752003287611, -40.90093576559887, -7.280711020460876, -12.754888729717646, 66.32948183675035, 6.914998100209051, -24.472441879300458, -20.502870778580842, -34.99352022755777, 6.195776767938479, 0.8244246608592252, 72.13807212342803],