{"walker_attention_no_encoding_sigma_03_seed_2": {"results": {"test_sigma_between_0_05": [903.6897000118547, 190.88947297823867, 981.8582975737535, 890.0369641448809, 585.9952928752908, 173.40674819524813, -84.78021686881944, 108.94997174383599, 741.173159765518, 775.1526188002048, 69.49093355308969, 179.8465855586681, 924.6979071585437, 863.9249657391672, 418.8634929134684, 81.6941144759177, 507.2790414636362, 177.19977161897674, 63.43975965761584, 98.9168642775436, 848.2562271111983, -85.07277964755515, -198.4646141746199, 50.72835553240846, 293.672850698208, 174.3205320482435, 307.02357555411476, 19.608173983866003, 23.15618991320555, 263.31885832630167, 217.04928154198197, 111.52780776342416, 37.24525500634231, 134.4800805692359, 986.0718555133052, 74.0489119635775, 232.25972972610097, 43.23388296423958, 230.06693440472782, 893.3316089901336, 908.4114793856921, 811.8117352310919, -66.9294772017872, 43.63238966455067, -170.99311041527, 50.80605595573267, 48.565274742358106, -117.96830012905566, 4.958526422252101, 162.04551644011806, 468.1195047379031, 43.72485098270698, 102.40593237357213, 50.69594302277094, 906.1663155279603, -93.55984911284447, 777.990774965628, 75.99928126206892, 238.69877425358098, 134.26404347274357, 365.6733277309366, 716.8768874812545, 124.36231149326895, 914.9058883445254, -64.15820427752091, 191.45401235398438, 998.3849081753237, 117.79233394440048, 82.38989379554019, 112.28171329859737, -240.73370694994915, 177.54997086865876, 117.81416171098296, 88.58015435455357, 361.53485184210945, -57.34526226683567, 188.93751951918063, -74.41172693766138, 154.92452976124443, 436.3094697552111, 121.54894739894503, -30.667693582087256, 70.08474549279464, 48.5504694284836, 303.20642587763626, 121.04095714417974, 128.33343635938672, 166.75905261824335, 138.17359962751746, 101.99086407224969, 143.17698617134346, 17.03866310553205, 829.3176081601921, 88.50889541127907, 17.520714080245767, 7.078719009686759, 85.06003374425863, 46.465956431864825, 101.69947884298276, 99.72594809980495], "test_sigma_between_0_03": [908.4380498307678, 124.02526632660154, 888.6478294077524, 91.7467387505545, 95.83244235337047, 718.1862143169782, 908.6493922184065, 223.6989352667053, 806.5012574780723, 828.5142689814495, 107.7446782189709, 903.2628169299604, 909.1409017692635, 909.9785686662107, -68.68716037537313, 65.50463759232363, 903.3806491367129, 228.2701729294852, 104.18275445316839, 996.806257532747, 77.41212567549995, 985.8203800912781, 318.51157570823204, 68.25676812976141, 215.73747815827258, 136.72716680305155, 874.1689681905884, 263.9662985079418, 156.9326571535483, 145.46412328153443, 917.613935699886, 914.2342496648956, 906.8030665530915, 221.22990050430136, 886.3507781546474, 891.5153060613844, 911.7698918315996, 39.08247869502016, 107.29532969746681, 170.10933751214876, 178.86661010562355, 64.09079693905596, 906.4861087189859, 208.94753905362367, 817.750301524851, 401.2829373665081, 126.91348820353501, 128.76500215728998, 124.56639988214057, 140.12957557658876, 579.1576900972427, 914.0289594270566, 133.67439904487202, 907.3514921771292, 47.50235749999674, 159.34646887825014, 906.4566948232775, 110.15303568958186, -10.231279806078469, 212.13966455568712, 33.68769112914356, 217.72216474879062, 549.9598799353029, 234.77839049278847, 208.79134558079824, 83.32334866914228, 142.73117192355963, 610.5658801657248, 307.69336609546093, 957.901082420269, 38.025760603115174, 197.02167791055567, 915.289095285365, 914.2972251618996, 96.06197185108769, 112.87935039381992, 183.9932193078283, 910.7811175718042, 121.16798878363959, 182.47766553742417, 192.16167470183532, 994.1931291692374, 161.05218328385322, 131.61537958104452, 83.2689455889028, 230.50205881522945, 129.08565087670317, 235.02793738044713, 43.084610736271536, 269.28404391378285, 58.721758797790194, 195.55215254768245, 911.5271476686675, 90.4658441049508, 903.476677468779, 304.69268263543285, 78.81196319061736, 909.5927270035902, 165.0086799283373, 983.3139263200986], "test_sigma_between_0_07": [907.3785730574322, -16.121158857371007, 4.303008790204114, 873.3812233614319, 34.03887345375534, 262.7416744663438, 881.7147668917213, 7.6297637521774275, 146.54170853429738, -21.46618753417098, 132.50418011410494, -75.31174373281878, 165.24455716282372, -103.32884584686848, 52.26833467991872, -8.56707286427418, -2.7601716387179316, 43.08076243307364, 95.61298676454976, -22.752090613885557, -1.338984386183853, 205.61401616610019, 88.0676562962103, 98.16090254611352, -151.2868248210625, 12.83151567590697, -12.043610349234033, 910.598485531926, 148.75947935917318, -6.680614543910108, -13.701177263792951, -28.40427058995263, -51.53657440310492, 119.90751141159716, 985.0629707635247, -20.71353192601288, 907.435860015141, 64.76056483248072, 56.07431000009715, -2.133206255792977, 39.29551499156254, 108.97553481671848, 143.74794430957633, -78.9030911577873, -363.3856737597906, 32.80681410116189, 893.6936572023341, 117.1684269358694, 134.31067127798923, -153.53954827689878, 172.9586244149306, 913.4755000915816, -25.58809223677966, 50.62725289715226, 102.37924882389527, 906.6698447643353, 220.33459465918762, 35.64286763572722, -19.77216065398011, 910.0807257594357, -127.27639249446592, -121.32039867194881, -148.62117777484474, 159.99678621889652, 899.9762249035463, 752.5717775790553, 164.40877065259804, 46.06740198057733, -3.1865339988158725, 65.67309669034614, 140.73889860289918, 117.6202119608332, 143.76427891913784, -447.1700324686134, 53.701237507631866, -0.5141015801162432, 305.298604659692, 104.4263822727105, 986.6289202966383, 888.4911944209448, 155.53558621830513, 14.12557518595023, 116.6736834481057, 193.17821961100537, -49.41521223517073, 52.3790068348269, 38.685733147037546, 184.41586741114355, 106.27040431145105, 8.789958147956648, 801.9775226141671, 90.41267612610056, 51.930005452961055, -21.806020383856886, 875.580099384879, -2.6696098160089, -173.7976713564528, 47.77780419897827, 48.013858910861096, 45.90369785561633], "test_sigma_between_0_01": [371.5203409504464, 176.49347747905682, 314.9070537721987, 65.02636021488607, 204.87072673521308, 136.36267779243826, 399.74452777392247, 372.6440165964948, 27.037064604009565, 948.6155601643247, 387.18000226249956, 267.7199668395479, 573.5955474209138, 50.60556069153671, 737.7306710083553, 86.94431889768632, 509.2650551847297, 210.15664583583765, 665.4685926061733, 352.0526130441051, 49.28812003651425, 154.85687201544846, 149.28734168839532, 912.230429854183, 26.798774532929134, 316.4837745431284, 152.11202440391295, 655.3768059801077, 291.11516475380506, 168.3923179678578, 447.976642368371, 273.0631433562018, 531.4065943153469, 443.8979911887736, 291.80301876235455, 803.5942651467119, 428.11982315136686, 260.77823911457193, 179.43164761164678, 175.724037500331, 223.043449870864, 121.64352668506368, 222.4942114310798, 407.64597339215555, 617.7772505002919, 868.9573816217096, 187.4902773413718, 450.81325096019424, 201.7382421265554, 140.19283691200528, 228.90759895401845, 85.14061953141535, 134.84110404645435, 321.7967112049783, 440.9843723881055, 213.28379895396327, 270.78328594320664, 456.67439602154303, 87.34779504577742, 53.79951884390538, 25.369554629135365, 183.6844485537216, 445.3511269211302, 913.4883167536703, 158.34117925227898, 164.10615490605431, 198.55558327933096, 144.3484569498094, 268.7386894982321, 854.4342952317791, 908.0522125379331, 49.9015279544771, 966.1060336340923, 97.42527382966014, 147.8411601696111, 243.73877885631398, 88.06473465107541, 225.28886356719266, 319.6865427913177, 34.77613354471892, 566.0413974242707, 908.9536013206873, 340.27311898527165, 106.2024031410624, 213.73488137670168, 383.48440843050855, 463.3473229024208, 272.2196690972868, 38.75644715574084, 284.59346991821957, 143.42463739304605, 40.94897337492176, 21.62851632035963, 157.75193547714557, 187.06568846347471, 209.5818938834443, 496.6963317155575, 241.11363561658675, 490.2824576310489, 378.45816954235517]}}}