{"walker_simple_sigma_01_seed_3": {"results": {"test_sigma_between_0_05": [388.900049117107, 225.65696168304265, 92.95002686397783, 615.2400173197781, 22.910018132827833, 1735.8517233277535, -90.01729825599324, 71.19760048329918, 11.96899153304839, 1575.5411773276803, 39.43633584719937, 154.59950810590524, 1662.6350437720314, 75.2475139993752, 44.70829522957793, 61.51609535499009, 221.5227209021062, 38.66151249293179, 112.12090179465447, 319.47984231497725, 54.467471273150295, -94.58115753585005, -76.32303845691641, 217.8221780576351, 1611.0880359289092, 1921.1462808493318, 748.7662100055647, 50.48857897844719, 1599.3870510295228, 261.2365171699669, 1944.4191651630415, 839.9829453513698, 48.90963719346182, 19.76012829481771, 53.68056380433118, 58.21045533402648, 1805.274952921569, 1700.0372069878506, 312.42140149274815, 57.012942858386666, 1496.902768421754, 207.37089027202438, -84.66711120409309, 872.2332185496465, -7.489562986695094, 57.82866916369387, 599.5169598885873, -124.02697030104318, 66.98468789734906, 1517.0402819352971, 839.8963874851812, 1428.145695940597, 67.95053759644796, 1853.1384618209067, 46.529632885553305, 5.339944517618273, 80.61863685345885, 33.25106044046842, 1892.098404645731, 30.029740223154658, 674.7583013094512, 202.80181859089194, 1551.9412392549289, 451.84067379645023, -71.447617370449, 1674.2581017804293, 1717.1779179524458, 20.001987679372533, 44.7195276988554, 254.80053003107605, -69.07945631739275, 108.69390227338735, 18.41146441588935, 37.40475833049713, 175.23799015466497, -99.85027500974392, 1922.2173856690135, 27.432031383426516, 64.97997683133872, 2036.3165612016946, 84.85024365145946, 44.27508170659568, 51.745097518734106, 138.40831834898137, 546.2757633107511, 39.9615373311084, 20.20330771031004, 70.99990165025227, 57.85490064751796, 74.37205092809309, 33.10703056714265, 42.63465206026013, 45.359091838973086, 117.38887750296267, 1729.0592173555237, 48.520611831944535, 73.22374552102262, 114.12944105015924, 101.02396594199085, 22.68636324530089], "test_sigma_between_0_03": [869.1232147697681, 1895.691956258379, 962.0938320318834, 103.60511412322809, 104.85039791092858, 125.9640804535157, 107.45117447559024, 211.8753468742128, 89.45617563358974, 199.27871725903677, 92.86480142395737, 175.47361482260894, 1919.1879351750597, 1687.7410831453387, -20.13242783226742, 1893.1974172124785, 1497.4413173231383, 406.94965192162044, 113.79577526003699, 1931.1857058660337, 804.7785787392086, 1982.8498616811169, 2099.4686589484763, 86.67512615784216, 128.49588349720435, 1903.415047231446, 2093.5921551104557, 1836.7491694019072, 64.33595127358129, 1893.1660753340573, 1358.98342476776, 759.532919159585, 1583.621022885949, 1662.931082133001, 330.6475723258219, 312.48810144217447, 198.89352180882253, 1925.816145643817, 92.94558896894307, 151.14240436129336, 1912.6606893955193, 1653.0093640331675, 1928.4234077345861, 77.13711600600365, 54.85283459340282, 1927.188204491948, 1735.5669718523416, 77.53613878056642, 85.93601466332471, 63.19478454558121, 1828.3242288609244, 1833.6308513030815, 176.37265143867992, 232.51096086909823, 1873.6346029807544, 1815.4824666182747, 1451.5199922773759, 1906.653220803732, -5.7001441256885315, 63.1951692095201, 1578.7484178473967, 2028.4809703855578, 408.2866226992806, 38.31399695143481, 1863.5693300609125, 128.29355094595667, 1688.5913854518403, 1913.614936447311, 73.92771369848053, 1928.476972604145, 1918.5819991988806, 2061.6906558068695, 1467.1694486571664, 1590.6723869972866, 1929.5754706710552, 134.97651305446635, 1890.2222866549282, 1453.6560889037828, 245.22586501898198, 88.31002131561107, 1301.0674065393202, 1597.3905893444162, 74.04171718978178, 1825.4355634068993, 1520.5218270500443, 1867.9220060901805, 66.58404125140657, 1988.623229409613, 138.46145810235907, 1927.3692500363873, 1722.8817316192549, 1947.25946382443, 70.56409615967719, 57.452137897931976, 1763.2049699265262, 2141.686996821697, 1836.678212583435, 2025.489199792235, 131.28073314641222, 1001.2853934673508], "test_sigma_between_0_07": [358.85031205447325, -132.02193617527374, 68.28266157208567, 75.24823852483094, 181.73036629936828, 1884.8110098955374, 753.9903348171729, 101.03500593876377, 27.97930755898851, -54.15276082936324, 29.29984483644512, -104.93537785251682, 1486.5059793652656, -113.1292272884224, 1381.991445731711, -366.0978997017883, -8.823414114571648, 118.03380084719974, 90.15037580732316, 22.65571432860015, 177.27182140392097, 420.30503280443247, 6.851869399459977, 52.20561969209811, -69.76869909639207, 88.59402067569464, -84.15535827846617, 279.404265541825, 36.35360044957924, 94.01876638377288, 21.46506679943268, 33.62758950136049, -38.29676169781015, 203.57213025447857, 358.3675919851446, -58.14191674456233, 68.24454140574525, 24.118671306419124, 28.322836561729492, 83.31266295999085, 743.2208708887808, 27.708211222849794, 79.32203868472716, 27.227696050966916, -44.31487570884491, 38.9647727064832, -8.912960538543121, 640.9068542945078, 21.791144630612692, -123.60100608079668, 158.94784702698814, 1482.0039789944558, 3.3128557809366606, 92.36403380819245, 52.22501951664599, 391.70833723218516, 109.58265046708111, 4.881615237017102, 0.1883530544539087, 217.1596868073727, -117.43045960854361, -109.9845186359729, -83.50452769327526, 115.4463545781677, 738.8529705166615, 1651.737668518184, 1777.549459755187, 24.69382205971197, 36.629304027037875, 21.326894666101726, 17.79914255954936, 55.59746198406936, 43.346581126246015, -76.23584904116146, 55.19877987417277, 19.521572101973288, 17.765883798993315, 26.71754021174565, 1290.2329057180289, 45.482973961772196, 83.6300788106193, 102.68717761129959, 45.66093960059806, 115.27454495671263, -87.91798676496256, 24.305086040217432, 197.15628570211706, 64.09876145942108, 104.77868173225434, 1400.0074950350727, 18.99374937103711, 19.486694237688795, 23.52254618095176, 9.455027375771897, 610.8762092581035, 3.995381732861276, -104.7499700381668, 28.935842107818463, 39.17766457569523, 23.96363557844452], "test_sigma_between_0_01": [1927.722042138683, 1997.0987180565182, 1958.4554332757798, 2028.0769876121067, 1988.242239087881, 1999.7520498971382, 2022.6979049169024, 2013.7402176852909, 2017.4778954836336, 2014.713853517204, 2079.6063934488716, 2057.217218480066, 2047.616528141289, 2023.13321458369, 2023.5611880107836, 1978.032171538528, 1984.564539780095, 2021.6623917269558, 1992.06237250649, 2079.3261568836588, 2047.8886841518906, 1990.6029411424838, 2012.008401493652, 2060.5133254445664, 1955.2186825974504, 1990.2817322854464, 2032.5612338396352, 2052.063496008667, 2076.096674054663, 2018.9212375667892, 1976.281978532271, 1996.1790887561813, 1991.8642575181452, 2039.5826412059484, 2038.6325680354116, 2054.3297817284997, 2004.0466857504932, 2053.223881787784, 2062.0618800098277, 2029.5216959520153, 2012.190987482593, 1982.548948459629, 2032.244926460142, 2023.3039779925286, 1932.7670623022746, 2017.9111271135157, 2034.449821297842, 2084.1456179204256, 2004.6106505764042, 2040.6356035912008, 2062.460776733958, 2036.6198031114388, 2054.743430029807, 2045.7588315135022, 1887.0175447719416, 1977.20974428936, 2027.563638878636, 2060.2910301217366, 2052.940449165761, 1989.1090864607581, 2062.743649199126, 1977.5874994085768, 2024.9130433027315, 2108.357140372786, 2058.557129289985, 1904.221520313589, 1928.7998187563173, 2014.0313629103591, 2076.618515638786, 2057.4986491360623, 2022.817909925976, 2047.6220927500651, 2062.1465603656757, 2050.125900074649, 2006.6361315449105, 2034.5155848086856, 1975.0354910093215, 2079.906678419955, 2055.7843570007703, 2005.0316022893812, 2026.5635815582204, 2054.857397219792, 2020.3209545794089, 1953.3959955243827, 1977.3417962471656, 2080.3462948936703, 2041.975363720368, 1999.1936473225471, 2054.2772773107745, 2037.8918451628965, 2013.4092650979312, 2118.067877164573, 2026.212872996802, 91.05863929272456, 2008.8638880847489, 198.84456017477646, 2042.9589985599373, 1943.9249826183616, 2073.425636279976, 1964.4751782971148]}}}