{"walker_adapted_sigma_01_seed_4": {"results": {"test_sigma_between_0_05": [163.22833085975148, 39.18992714922642, 1128.3890895345805, 132.69108535127887, 80.76841335226491, 277.90629889549876, -66.44343119929398, 1338.9627219511829, 88.50252158153744, 38.04151905277248, 1331.7195217886483, 59.020277746749336, 65.61872363203292, 1153.3817433349573, 32.10741795417852, 36.50063327610697, 51.37171469003369, 45.23361349331972, 29.762703916919417, 6.6659986022670665, 48.260521290291216, -64.86917844031704, -8.525762601743923, 263.5898992055518, 391.5001993582979, 30.569577989827668, 63.27973922211386, 31.249709916707072, 1229.629803802816, 1290.9209556288279, 298.6902098884049, 1371.328385256393, 17.591214921705255, 475.276977337513, 22.38863857342075, 17.942252632258175, 1477.8665125183968, 1620.5747184667246, 101.0531792171329, 113.57974493761283, 206.85367539039882, 517.5564836751976, -90.93831450950239, 1252.803041052163, -71.03338039511728, 34.73705829686805, 7.2487701643243785, -41.6685961649404, 16.837133824688497, 275.0218514318185, 57.74238272461515, 52.624414173245896, 59.312065484508636, 808.8725286057553, 323.39147979990935, -26.34546970433439, 73.68700934541117, 18.961065788817358, 1512.421696679241, 11.608728286411495, 54.661386976955704, 1046.3530785412736, 47.76553985228093, 1267.3399747286405, -31.66599333171471, 1538.4578426857995, 1511.4284853589695, 913.6429144809354, 12.990179275459377, 3.340725610518712, -77.30938518110923, 17.147564835513187, 330.32404185406915, 14.11870529925509, 32.91275349176285, -125.43900284321133, 73.34240162758798, 65.4493322419643, 81.5243786081119, 100.0322253404447, 15.803954416271878, 48.77749780936283, 17.4391744575536, 114.16611544576445, 313.10877713588116, 11.76513129318482, 18.41342842731974, 1283.39426560164, 17.76455040014552, 16.269109585540715, 31.864758348536267, 47.0395348893493, 206.12461998099175, 54.75412730299141, 12.736202488539856, 40.435812065386564, 42.862045435706385, 18.487936942573285, 1379.6188602657332, 16.954435631923847], "test_sigma_between_0_03": [1822.849624878348, 134.24400432656552, 945.8020076117713, 64.24785758730431, 118.586215252016, 1441.9440155511952, 1425.2924783264032, 54.534695394567095, 1538.9965702465176, 1577.9560019197027, 24.65470487880084, 1441.5590117657428, 1769.5717561561698, 275.6743273715023, -5.610232690250266, 119.9460614298179, 1489.6762236398215, 47.801277586443746, 58.94115218980148, 1544.8922908825896, 1281.1909682472701, 1821.7722021477066, 1107.9855631677333, 44.73652091989206, 39.5084729205948, 1582.788863608528, 1850.449469095284, 133.45943123033936, 34.43712075285584, 86.869053307375, 62.54279237791632, 412.3691191581878, 180.5483709862048, 1352.7726385694516, 26.5593444317492, 1523.3669477707253, 1390.8845781253062, 1527.7424285241054, 425.3588725460231, 76.92568155707707, 50.937725254004185, 1396.6363467877811, 1589.0511530603542, 54.8433347052327, 8.083653488778504, 56.83723743429001, 187.52830866279407, 65.59738785398366, 36.1072652297793, 54.479043430383896, 1583.2721567921424, 1647.5129690484662, 1575.2075851459513, 1222.3831310800037, 1491.6419094325925, 280.25836041362203, 576.2571363648692, 96.09994951923585, -17.11930381046259, 634.0768798413609, 1367.3835016298838, 1677.543217049321, 169.96703755690095, 21.4813194067945, 1538.070609853998, 1594.5484166105236, 162.38633055049138, 1572.0248685893928, 169.25850687889331, 1528.8418619032852, 1637.8363501991798, 1784.6013521098907, 264.1326877411614, 253.73329236606938, 1546.9957314240894, 44.44561499408009, 98.4602288556751, 65.33664044293985, 1551.0717822997658, 25.072736384370366, 1383.2043041076322, 1495.8733244943028, 1147.7670775382321, 1708.2986069088458, 1218.847325841049, 166.8489473136011, 16.077189316358997, 107.64729250208038, 41.57107441603584, 1735.32253341937, 1505.7068712624653, 1447.7764911909067, 685.5392347207244, 1332.7978861592958, 182.49965581097064, 1817.878760358726, 174.30585830365163, 1073.1605617782316, 59.72169383354339, 1531.055280586159], "test_sigma_between_0_07": [550.1627681002406, -48.497890791371155, 756.6522959816823, 36.63880373616703, 35.72485566863906, 1392.4104098883568, 10.034825734701007, 7.127440776897128, 50.67667962345875, -13.37815475699317, 14.531260431530244, -209.10890648001958, 416.03383699581633, -70.8220821286959, 119.89296556823972, -624.8561768110555, 8.854278517598871, 28.76123186870681, 86.7761307646404, 43.99892701327189, 32.407476568351555, 197.88972155261726, 45.773119915984005, 67.03368907771804, -36.97407651387476, 2.0820475586020604, -2.8096785988003843, 1273.304443773749, 13.971469353737483, -17.561781371035615, -53.631459219592216, 10.626614495135433, 24.42055679093901, 725.6102242730852, 1095.7664321154766, -54.745451324946764, 261.048374819204, 13.013285105233079, 15.22338980644272, -8.633892730873768, 166.2756701272112, 13.59978311583254, 78.74621261304274, 0.8014699622231984, 43.865244435780916, 26.51376502878556, 87.90931205355885, 739.152321929705, 16.422925935493545, 7.991399880489917, 67.62247114168274, 334.4042008161283, -129.94003843368117, 550.9419909456153, 37.56229753439111, 413.14536418899996, 1527.9466720443643, 37.5937125335069, 36.41719999239285, 912.0183928685748, -98.13694643924097, -66.46876286300393, 1.1194040169924817, 63.14329573164724, 72.95358763077675, 1152.2706082176342, 821.2559203914818, 18.775159453820386, -45.26670961603959, 14.34075133239239, 21.697221342982083, 58.34618152983749, 14.89551700584998, 10.776340332825201, 5.828007162392896, -14.709495146188418, 11.128343917016172, 13.806140088534445, 1198.8837938439958, 12.534091135808552, 1149.779347087246, 66.77697544790135, 15.339863037991742, 86.44762520574297, -16.713553122604207, 14.236677976827195, 1320.5751353089674, 76.74068469327464, 76.54239782508671, 183.11591610684127, 820.4230415586242, 17.35085409911262, 17.04143636893423, 7.870828308876662, 939.0105023237128, 3.19351023825584, -133.98867132654564, 23.21245699540014, 22.104881297967225, 15.759220490258302], "test_sigma_between_0_01": [1489.4360524252334, 286.2509597145298, 1074.6676286958073, 1684.3653497703128, 176.07499091534555, 1698.6051943415443, 1673.5162038900107, 1636.0456557550772, 1840.4611367547984, 16.75995342807582, 1714.880190394734, 1786.1152776919625, 1729.7750613294215, 1569.7365707844829, 1724.2662087039141, 1641.0424379052702, 333.41504280079823, 1696.714806669099, 104.801587040344, 1671.9557827964659, 1697.607373852799, 299.6494124073214, 169.37051503008695, 271.1896309864969, 270.0387684198198, 1570.0843687138995, 1497.0645069411455, 1668.9611127403875, 1812.193688867311, 740.8697153303424, 1565.369747056066, 1832.7115910475816, 341.8863904247744, 1653.4381572414843, 1584.5131388298528, 1650.9757950923831, 1152.3300824233877, 1838.871347588895, 1720.0686014094658, 1587.3199315679253, 189.01495469082292, 403.5853299453899, 1594.166846037088, 1758.1537192691094, 39.09186021520145, 1614.5791412041244, 1530.0455360601386, 1741.821961691796, 188.3334604884454, 1637.3695880870034, 1644.8995876601957, 1624.938920274497, 1773.4591979562758, 1653.300375724786, 1548.070501225245, 1714.832435472462, 1654.2766896039468, 1856.4653738773923, 1567.418950960829, 1783.4263240632786, 1642.3338978017755, 571.3604077443018, 1665.367522686135, 1704.9252219603181, 1677.1306329450708, 1343.3053251479162, 253.0013760415881, 1651.2268241021657, 1636.6417339327684, 1653.2524528044637, 1842.7495822965902, 1625.2654946557127, 1763.979329913346, 1713.229062047611, 1867.4936129436123, 1582.3781681935377, 109.78602778394267, 1789.4387711546344, 1830.3664165934435, 1841.0392626882806, 1671.5667686375675, 1603.3722312198838, 1680.9072213045356, 181.36521980992262, 1344.1326072159704, 1639.997593743379, 1709.843707128256, 1615.9104030543676, 1645.2723110519282, 1641.9599997528364, 1714.3834206879574, 1625.4433499189229, 1789.5464294485887, 1532.4076611757432, 1589.4067909072774, 222.03827225538404, 1688.349317741898, 1521.8758884786027, 1678.12931308273, 1115.083379192119]}}}