{"walker_attention_sigma_03_seed_4": {"results": {"test_sigma_between_0_05": [92.73722428229088, 982.1914865981977, 717.7814876492099, 96.95013598631635, 856.3544471237688, 44.650852861288875, -33.644484154527895, 84.72190132035468, 24.131655895228324, 882.8022613244224, 79.52188187433205, 967.9826259887667, 305.622328200107, 53.48240981230047, 889.0033117338763, 138.0599545279547, 856.9534282402423, 59.31707785513426, 955.5676673714684, 44.850395034198314, 918.3006086207713, 6.187564995276626, -87.84766138619452, 102.28503058635839, 975.9868630619749, 849.4149143651234, 931.3157700779001, -35.075554203845975, 46.518948407089894, 999.0041421798268, 997.7491563264989, 170.37583141671934, 54.63159778342234, 193.01536855282905, 953.8283921783012, 46.61115747839502, 875.3554537681858, 996.9111239076832, 38.250572028626635, 894.663692467501, 74.64888658299314, 994.3323849484468, -50.00862426631791, 983.9337541933002, 13.073805498964783, 22.056692499035844, 863.9032591954423, -156.0785374724642, 858.899329569099, 980.3321923014319, 70.40616743652646, 112.03525409754222, 63.298386355197024, 932.3129951667, 865.04682914737, 438.7117873561752, 969.0420340064439, 971.691894457103, 993.4464096844293, 59.1880579890334, 950.1155064945043, 188.63003028770345, 995.5949219180822, 82.19908416600227, -219.50281244614723, 993.8309583976039, 888.2261121802785, -15.58981411637651, 158.1859151264201, 57.270674370871, -97.17885153378593, 40.33907220016262, 970.3639780082767, 958.8638534972299, 936.7019890995309, 4.336490300824506, 891.2112745374635, -39.368152364029086, 979.8834857606341, 960.8857133260839, 971.7827127197288, -53.49712454991387, 62.52278590160715, 75.4249571481909, 279.20770937695073, 159.68387740057514, 117.14963832379584, 981.3566328607708, 826.6744108255733, 9.676776066077581, 170.71679710980533, 953.9805314264479, 39.96572952350107, 975.3722528002718, 765.2493444899081, 53.45326545604765, 139.33680539391656, 365.10784213281573, 39.75182746982028, 154.54917734420167], "test_sigma_between_0_03": [991.5637931517875, 929.2858134242193, 994.5330120772202, 963.3582448368642, 409.2430290364911, 827.6901723575958, 131.55371475395665, 887.8454453904804, 891.7225792847416, 76.84195480747584, 70.23047816367908, 985.5601572777326, 982.8983231535399, 993.819670680784, 764.8482987274596, 902.1408181325278, 995.9388037522978, 936.3686843121668, 458.6638652601323, 83.0291578650285, 974.7189990537936, 997.2688449675713, 992.7203022088746, 41.63122659359794, 983.545085491826, 954.6272544861002, 975.0775438464867, 990.3789321194703, 56.54285914201607, 977.435946315348, 993.202873417976, 961.5873887332367, 967.8320836773565, 990.0398868024678, 880.2570025569586, 990.5520825639405, 984.0084835475914, 973.6164413666813, 86.04103650398464, 981.347606827145, 988.8288456606442, 153.83751707708285, 983.9087894445804, 893.1552833274975, 875.4464710480983, 893.5314420835957, 995.4117486955516, 983.170232981486, 59.14707976204228, 322.1956938043397, 974.6336396987406, 991.5463384290414, 996.7851805495037, 990.0839514260873, 898.1618517384977, 992.8364742298933, 984.202978598819, 822.105707121572, 752.9673879692015, 102.54110581910498, 984.6868612560278, 990.1119537100328, 13.094366683071705, 955.856707374994, 986.2214829434514, 992.5108698091302, 941.8185587096388, 194.36135556524982, 997.0485684736663, 982.803997273412, 968.985211778988, 989.0722209081267, 973.9505273387635, 918.7728370752914, 978.7316730046691, 810.2000925153234, 955.3276824335569, 989.5861926012847, 897.9292726908113, 957.9561738729973, 991.473838590468, 997.0962577288865, 199.35191544449634, 994.7716531178155, 882.4422297666831, 987.0845355640107, 81.62222625641002, 996.1468271749603, 889.8225987318971, 988.1232546007791, 893.5175958225059, 933.9532400671644, 981.6601084569464, 990.2780168122711, 985.6933938919365, 895.9873208799968, 71.49552247569805, 986.0392744278768, 888.154558732356, 895.0862790489365], "test_sigma_between_0_07": [972.6049916944677, -8.459999268270622, 46.22826039597857, 948.4680371314743, 89.56627460886229, 976.4666721744582, 750.4780706963612, 8.275345384517276, 146.14261381807304, -79.16775303558826, 103.80097766657275, -91.69686803753282, 100.82388845348471, -154.59944419296806, 886.2015005764931, -11.406063070945676, -9.434262181467783, 827.5910798447657, 965.7770219955422, -102.85898486476664, -47.7900550033606, 960.5996671732198, -40.69241884241784, 967.8286483916198, -63.34905854149694, 85.05476971031602, 213.62739952794644, 132.83987381203485, 169.4013381486177, -6.403382846443856, -4.428817539241573, -3.5071044346666893, -43.32437441518997, 132.64930062137134, 997.0277922565404, -38.209781766615926, 996.9155523631662, 30.647864174889403, 110.47184732310414, 6.425721591389449, 83.90310691676571, 37.024919579892604, 68.12677754583707, 11.300590474903577, -4.375026251969396, 37.22910368745361, 35.4807427728665, 88.43071100034285, 103.14683295543652, -326.7381151889656, 98.01595001231321, 1000.7263971483846, -59.366465664733546, 62.70752077835932, 244.18288855103157, 176.65270054016574, 887.8809005623615, 0.02092936982080107, -35.58179324347147, 70.6143135583712, -110.14626853650698, -81.94867906834696, 48.557057451915156, 149.43763647786975, 64.42392280702042, 969.636770604857, 932.1763481317, 116.20104562256017, -50.07141172365954, 74.50805521212897, 889.2565565754232, 89.29569595819477, 110.67921474309694, -94.68381970254268, 51.973025564936684, -15.792587674544482, 71.44467388106277, 130.95088457643735, 23.604606723523464, 980.9201899805713, 124.78849033389999, 59.23335549500044, 58.27390698727105, 25.311430765849956, -42.745714092596614, 47.0750044690736, 71.37657936527394, 95.46708411464347, 28.139366931239778, 20.424399521734443, 51.17763041120778, 122.8112881658308, 18.627922594989638, -29.11972512769862, 141.23802777762606, -14.815124553148053, 7.153227751374661, 78.93692354931264, 56.68008104246401, 19.97731995274224], "test_sigma_between_0_01": [962.2441194951417, 988.1017069132024, 913.3966730414749, 999.8463906383715, 979.7955045890446, 986.174662591994, 898.1431999053774, 48.099243861679874, 987.8181376204627, 984.126961638598, 970.6110104855608, 985.6307084216919, 988.0858252804258, 901.6723418614589, 59.76288402263743, 963.9577692000721, 994.4562723643919, 997.8646266455194, 980.9287936209905, 995.2882977033998, 992.1605272900242, 84.36303140648084, 14.710863829671869, 994.5673374527431, 981.2903020340539, 980.900233581465, 978.3521964739541, 1000.0756132811937, 985.9130540660683, 989.8447123813451, 984.8610354827143, 972.5747626625622, 982.5202597105447, 893.1851444701905, 50.46992235817307, 54.09813012385129, 994.351553263572, 992.8298823782433, 975.5185728549012, 991.6118189754718, 987.7961579082958, 904.1991445826782, 976.478256224716, 997.3891675374979, 987.9393647021386, 899.5845119273687, 970.6049656858847, 1000.7169379606531, 888.2502516850307, 992.1131820900571, 999.2482694183109, 981.8841238252252, 989.5665490920117, 998.6981627164199, 979.5033730335653, 998.529431105393, 981.3978773026433, 997.6448062263873, 977.6515944413856, 984.997155245151, 988.0750771163354, 883.3431555479457, 988.8547748976739, 989.294500019117, 982.0876407619937, 878.6734785159383, 944.336026936144, 997.4020217173647, 995.4239724525193, 983.3026623095452, 982.6755504552017, 978.6876609843562, 870.7641103887696, 994.3561206615369, 991.1005214653768, 982.6053475267784, 978.3616812215243, 992.0930180711732, 989.2995296807261, 994.5578814530446, 986.4050519628034, 993.1255705219229, 996.7945098946051, 988.6613793898682, 32.176564808729744, 997.1848296989075, 992.341739014669, 902.4655527495521, 892.8173780871515, 980.4396743221355, 979.6674971298069, 983.8665887685386, 997.4542336659738, 887.3555706728372, 991.7804912701063, 987.9782402882088, 986.1594646754061, 960.4713395153539, 986.9080614055822, 969.0174519402296]}}}