{"walker_simple_sigma_05_seed_4": {"results": {"test_sigma_between_0_05": [785.0266771357649, 108.32685762584006, 580.9605194587242, 683.2767136959447, 796.0094512126194, 166.7815594080966, 743.1478081303853, 55.98936650271061, 302.29092124694984, 50.16495607746184, 169.2500783006588, 392.6981478632909, 84.65856133110212, 63.99764793018551, 764.0957013934146, 102.72812795412759, 71.92041348544151, 9.369977922739048, 697.2747058634565, 365.880997036229, 128.5481711223023, 19.72068832840305, 195.558373305136, 58.44524710049447, 692.1580068692118, 122.17367941131228, 696.3891016680942, 7.97687803573353, 617.5199365573839, 179.83396198256804, 625.9604497825827, 170.22211394861804, 87.40686517428693, 745.5653213736455, 783.1773387720988, 145.17587202291907, 662.8363554143373, 743.361935112133, 528.6060752296903, 789.8370852740459, 68.21310084157594, 684.0600798860276, 790.5624739146621, 784.5842372529801, 104.78123480301873, 668.2892739635665, 789.9420150633713, 747.8317264007262, 42.36308163625506, 780.2946071189535, 229.57228381581223, 704.9897612930665, 66.21942898441776, 86.03525164706952, 119.49837994353291, 527.6991259656166, 509.77501686162594, 164.22656439225537, 702.4266126237076, 74.19557199610425, 561.340701875513, 359.7732599540759, 761.2876371328408, 63.55819126438442, 89.64124719715326, 273.8818946792294, 781.6341305085198, 50.40007009334513, 242.25685053269552, 101.84126663797508, 448.67542688425874, 753.6122676941748, 598.2358790677011, 319.7303906619023, 490.5479528965632, 97.60144185244134, 694.6697715414709, -26.95506016401195, 245.73469203323913, 427.7679663494243, 91.14351734397783, 5.66350158264686, 87.99443583740644, 636.5442701909261, 656.5777431147135, 93.7994696531663, 132.8526378921189, 783.6450573405006, 145.67385710473462, 106.43006109239212, 671.1096616104289, 184.37884683427254, 689.905957594216, 770.292374554612, 685.0211501044469, 228.75714654315078, 218.6400298046327, 82.20257028165214, 650.8842998818194, 279.7887362028836], "test_sigma_between_0_03": [735.7928213175927, 672.4210784192193, 253.920389285445, 72.41906642964459, 47.871780586456595, 675.7299999864359, 105.59960322199036, 185.31587136054154, 784.3848127205472, 798.9225548551645, 688.1106464340186, 786.9066434091358, 846.7216304180897, 787.4263209867139, 76.82083611193084, 788.4249576650267, 786.0855440067945, 417.99118529748995, 688.389018830798, 57.52922527864722, 673.5539083017344, 785.5565261110586, 158.15165299997173, 214.49482490347003, 99.02779523891952, 786.840824308335, 781.8136264170902, 376.91019986293645, 690.6812870148534, 160.75434855161583, 57.016991796046206, 128.92918021160304, 75.47906033666224, 482.8317983866511, 785.8719920736371, 772.6215962244764, 715.0569070649241, 1051.0391018873495, 776.6439962419312, 345.4515056312625, 35.49745704000816, 552.6794782836861, 722.9901802150683, 224.34478254436686, 787.3950659600072, 784.7899053769503, 676.4233488875933, 689.3251200617299, 693.6160058227512, 104.45370354669723, 828.8677046462983, 62.13852839950996, 770.3958790429064, 659.3000997127597, 612.4708288910073, 684.8422114373631, 659.3565630860375, 707.4032971287161, 648.6244687576022, 390.7208614871822, 714.3838671466224, 691.777921385603, 698.8680928436615, 786.903164986391, 725.5099612859136, 846.0649685603034, 97.24107470773163, 66.24002663202845, 59.14399618170719, 692.9611001927244, 722.5175613566323, 883.9872335224389, 130.38487982566153, 37.89356185046637, 558.317477784308, 60.11033179288207, 342.3369470234335, 121.51513220645289, 690.8706936411556, 189.60783232086698, 310.2546726617902, 108.13841104794263, 696.3651303400072, 785.6995679882571, 781.2420917226094, 496.53584790494205, 136.4197000138083, 693.4773084119691, 215.41981771779527, 700.5533231046686, 666.7359575638004, 1023.3114347000765, 803.0019092117491, 792.0336837150363, 689.7206021233145, 690.9451661450863, 753.6897295730297, 701.9529972144718, 689.948701684526, 798.6308136949822], "test_sigma_between_0_07": [770.8970320931655, 738.8989927543563, 694.167377248676, 223.04038526828197, 60.65472647011048, 696.6679783126535, 78.49694071196139, 67.67013749083127, 380.1244681966549, 673.2061552506931, 11.704499260331795, 5.581189912598348, 219.3468941619913, 21.008716869819875, 688.9253432504732, -5.615841367680698, 57.1459163579304, 71.32062810676724, 777.0221402947121, -22.096988405080623, 287.8289495813801, 794.4946384933086, 464.2271294371152, 255.86435205804008, 147.99638687193212, 355.97501109131525, 25.519548246936754, 209.505150295903, 144.41138950064783, 771.820210142222, -8.647132248885464, 58.15210659018775, 465.9429223107689, 757.5927601852662, 693.6462689388693, 706.1174179666484, 778.1520176182742, 105.73615868013003, 0.14734874985005741, 775.3663911209818, 163.45172841554742, 564.4535974878661, 175.6903681888477, 87.52977070654597, 296.62760058834544, 117.34851251987419, 102.15876523759214, 23.209306027644196, 109.24694028986846, -851.6899253915893, 690.0659270951564, 774.4436219187781, 15.20125828851305, 63.14451833565253, 134.5462291957826, 700.6520241196208, 680.2373013510871, 43.44923682419031, 205.901773423412, 137.3202880399811, 181.11681906770372, -1.2182325922214676, 95.72746148461592, 698.4452273787616, 33.66202929442079, 780.1845487278745, 346.83385801082494, 87.17720805624558, 14.951174124203678, 100.13273488831032, 670.2145535319612, 670.3919942650318, 685.4202586202098, -215.24534944310437, 176.70120529323032, 689.1403024828488, 118.91223099630298, 666.4700557158552, 84.39371089914059, 788.7133076394169, 691.096307166733, 144.4915502712859, 213.0314290068694, 712.7914390837392, -25.645317366103704, 73.56087153835394, 76.8773322762325, 683.438452353253, 688.3815741277747, 696.8731632638464, 60.95645451333694, 68.54950626505014, 246.26085051872357, -42.73456488585216, 570.9100986103125, 785.2231963336557, 758.9893138419193, 122.33047953812637, 20.24800720691855, 73.12427837505093], "test_sigma_between_0_01": [681.0579784413865, 786.3591942626402, 786.3693775038084, 57.57309254994031, 300.9424776647767, 715.0054351260535, 787.3579476275511, 66.01193957718642, 61.859426265166256, 731.0395806549931, 786.1459872522216, 671.4937837255096, 49.190359968623675, 785.2009789360684, 702.1528685564772, 690.5925748140073, 75.35446143194567, 700.267426116688, 395.14036642565475, 58.010490432812375, 691.6801871072249, 692.920575449038, 690.4406861177183, 640.3448940498289, 985.9911874246787, 75.3513116468719, 869.7247991973989, 701.0440586570777, 784.3267228612128, 277.97394349420375, 688.4361724870938, 76.62985274132222, 698.1854465111213, 685.2977754799161, 786.3247668802095, 785.0664880471764, 59.52124572768224, 796.6214539887216, 53.83583173586085, 691.4442037137934, 704.543965973479, 943.7737468661087, 782.6221499599948, 786.825232234529, 690.6839496912811, 66.204906466011, 434.4883025138334, 794.0409093723842, 801.8322677060387, 694.5729683277561, 292.24008017445584, 795.4625086664663, 66.84876956405353, 697.137171817824, 688.6755126974562, 790.621167040514, 694.4931572867323, 409.8512596826897, 786.2638475175894, 792.3557017104647, 587.7032593984002, 97.63358899292069, 701.4731660978971, 785.2261019530392, 776.5387072636408, 691.2465184783246, 831.1586794291532, 52.81558219546568, 689.6673308582778, 654.1652906929539, 788.0054806466567, 399.3907042875395, 778.4168891398201, 64.45961559548451, 785.91518946518, 643.5373295937211, 713.0557799959687, 778.8177103318499, 72.3724878469715, 690.3698460044883, 689.7797359544849, 823.818537398646, 691.899013780577, 391.7772544749616, 70.1319733150711, 672.3799118233383, 157.60597897343402, 121.41419559637434, 80.6135831172462, 288.80849856119767, 785.2837960786705, 777.8309283625077, 681.3876218170788, 467.2527730894045, 779.9283581093941, 85.04807585047824, 690.2203143243038, 785.3123902449928, 781.5870893420807, 705.1622508734846]}}}