{"walker_adapted_sigma_01_seed_2": {"results": {"test_sigma_between_0_05": [854.9543214558253, 92.10612597081779, 59.97619107125499, 83.01275080126653, 30.49509668548708, 1793.1604865851946, -106.78082188622211, 99.34291186616176, 233.75791651276663, 327.34333200170374, 347.6132304019396, 107.69113433457677, 653.9532500980955, 106.9001595123307, 57.89095670148964, 16.151532553989092, 102.87019100520412, 65.82113285356318, 81.38544269788254, 38.12873777360219, 4.956791586744656, -114.00628701427631, -8.07013228121359, 207.5443238423135, 1241.1748749966025, 58.477567770513986, 489.5631146967543, 51.052050866930216, 164.13458654713034, 219.07133172925535, 577.1085477455763, 73.59219812008958, 62.07026564967966, 68.21903287299065, 14.488657889734895, 12.736456543349775, 1833.066520554142, 560.7544602962064, 93.7268789394147, 1016.8515881554845, 1476.6243608670186, -4.26022837562341, -144.74940729064693, 2160.3481959303986, -34.23814917754498, 71.26120168802738, 477.77672463295005, -162.13739320512397, 70.67780422383072, 350.7742632176741, 196.51451595445835, 119.25640345834981, 71.35388591940861, 1959.7747941219407, 81.7593296455263, -55.57124029482801, -41.16067158540533, 47.00882417287502, 1829.3155128587987, 32.259220350284885, 255.2436582465249, 179.9536667630077, 2121.5975481645396, 141.79076076985507, -45.67052586738572, 514.2894022968177, 1920.896162750706, 106.97120019437719, 57.210092649693244, 195.3843424283433, -78.08255633173977, 49.05413507062476, 17.563720210600874, 51.04383627687785, 95.3179990955992, -111.44062119733134, 319.23526961615573, 63.832354419933104, 80.56368945209397, 453.82434792992876, 64.5345246935205, 38.277592838395506, 86.87294673738508, 169.069505403316, 59.41522455690283, 37.625680316354554, 20.178699632991634, 183.6244302535736, 70.255256346213, 76.40946159009327, 37.66945530085941, 7.251498149921835, 84.40925207328398, 129.41960628571255, 36.75886221574473, 57.768352053777186, 113.63467803355599, 55.47522176662315, 162.3921875483488, 27.998350061240487], "test_sigma_between_0_03": [2098.187665622751, 2062.50257506691, 2069.5728716550707, 40.4265043459498, 120.814404644123, 321.6964339344095, 414.0813625945448, 101.96262156718734, 1806.5501059696928, 1672.1128101464417, 58.82533494937235, 166.0842113897045, 750.1717861456349, 1487.2475473897252, 47.13866325290294, 318.1672368937682, 1726.8032172248336, 117.87153523848106, 63.30561690879986, 620.0944009897049, 318.2469097399644, 1286.553145045331, 1001.9189093581344, 64.52643799734359, 67.51749501005251, 180.42408979696333, 2155.1737332941752, 2174.9440621146423, 62.50347088588896, 93.68087159762942, 530.9638529300123, 1918.163254715437, 2096.1823624625645, 1810.127784760397, 1446.7618408536273, 1173.3966008244488, 1135.197909293368, 907.468041536473, 221.8486161028109, 81.05852518320901, 67.64340754864389, 806.6228603636887, 1770.155397957955, 67.27426543644543, 47.70710372777247, 2140.1262888866277, 197.07053682084666, 72.54336999746158, 68.14161503872457, 60.91097059590391, 2010.9110848479231, 2027.1326419692052, 951.0902180982663, 1797.764027835672, 335.558842422397, 76.32882738019397, 2043.4791066602272, 1546.1604189810619, -46.908123215695376, 98.61361223056159, 1836.2789528247824, 2186.784162749804, 2118.4115761917947, 4.819740151394218, 1302.3736615442465, 2031.457105545611, 492.7387179432756, 1985.9562321863268, 155.8297174558801, 1973.9476338691065, 2.103309461956087, 2216.6661774075465, 136.44883277738847, 140.10034263274142, 1144.4982143900015, 42.05671770987973, 1289.055070396062, 472.03825245084744, 1803.0548988494866, 56.629655860054484, 1695.6835897069232, 495.57249615867937, 227.32954887402886, 444.8041742211687, 1716.4215245407004, 2039.842366101077, 69.64614800446869, 514.9437777341327, 25.30831400819006, 1752.4687587480416, 66.02895537837176, 38.23685665991799, 128.71246053939393, 368.66510767063124, 489.23879018801944, 2268.645178995011, 318.1921320748662, 1269.5908071944832, 115.81547079528973, 1844.1026870431674], "test_sigma_between_0_07": [46.051218778117615, -14.997244286653588, 21.805679664303906, 30.079806444038695, 199.24358033030293, 782.7621142969829, 64.11340188600876, 45.26894086028332, 82.50080370988726, -42.25735837918182, 18.570006277303033, -118.05324996941779, 167.94895846043363, -92.91976992340787, 62.47426687490516, -46.597134181583534, -45.82343481355783, 213.02997119555218, 120.18060428809838, 36.29681525874039, 6.574040161733864, 1453.1974043567097, 39.40624796865012, 27.353430319360633, -111.9798038274428, 13.84135957920953, -38.880549933976724, 181.3144346208603, 17.270865293125098, 10.214984976992127, 1.9968889337294966, 15.309804032719695, -23.87395020327094, 111.68352828387725, 772.8371708350719, -262.3204664099451, 2287.702362907388, 20.63314430759492, 24.849913281851332, 2.1988748690637285, 1424.7074203863115, 18.03067960387271, 25.34828223732329, 6.843129668744222, 78.55789293627605, 59.36586039910616, 69.08172719954747, 16.21612240055547, 20.979254738184682, -37.31114673629635, 35.61701773680979, 309.6029064017741, -6.446544590489066, 1.1402465348277475, 65.17975000572767, 1984.1612026642306, 1173.488533734047, 28.52157392241642, 9.012903379181804, 31.245569845792495, -136.67464262438446, -81.02261753930361, -452.4138878928905, 131.9958155940957, 67.25787258352064, 1721.5007443656289, 1388.9958887779794, 12.941084629413673, 13.129515463256395, 24.74844239701488, 18.90225540937827, 76.07811933295889, 27.982659425467148, -43.8057877139363, 48.170704686403056, 38.381185179342, 15.679859684428084, 18.312632312414642, 13.793562309487603, 10.481992857911976, 120.63200321525508, 72.55475407576304, 57.62298910087266, 59.26689995715134, -52.017252227300204, 22.266202892699216, 169.25638837218287, 88.795323111843, 18.123484478409225, 117.84843004658178, 114.30595042923235, 27.74629600485205, 20.68062493891193, 8.782012766232947, 23.01634075055917, 6.624785164050992, -1.1028051064451565, 22.15231151107, 43.27767232142943, 19.289888924616392], "test_sigma_between_0_01": [671.3694482820893, 2142.416481384875, 2191.459824400761, 2187.975871219193, 543.9547817690432, 2188.911489466041, 2193.857324179274, 2186.336046467254, 781.8467780214248, 2155.905594176511, 2191.689078577771, 2212.760697056516, 2209.7400666008975, 1603.6341024177598, 2205.6835188876184, 590.7629297550549, 2160.034355335111, 2195.2353842835323, 2129.035517754162, 2180.9746592971287, 2142.163059532399, 669.3480360009497, 1978.1217946924285, 792.1998788988711, 335.99031780984495, 304.00983115323754, 1978.5237447991174, 2162.833271894062, 2227.3322129932444, 2169.655093851456, 2127.4646147690337, 1846.8542976229064, 2207.0365814960564, 2147.070934141956, 2129.536574459654, 2174.1603517843237, 2122.3573316854763, 2193.9537568857604, 2186.7947983131767, 2020.1846755432803, 713.479299401251, 1167.7634072514159, 2133.1554866753368, 2081.769364712516, 538.6233374928313, 2154.1517372446033, 2098.6482311648333, 2215.5282446248657, 965.5597365193504, 2161.791291571236, 2170.24640758578, 2162.778160281401, 2197.731178558503, 2110.6831696725603, 2055.4269167029197, 2157.321628354536, 2164.040246673907, 1936.8420439479914, 2173.3608606559715, 575.6777359447954, 2140.1369143419406, 2162.9761527624373, 2164.7446692948242, 2170.5451027277763, 2155.513713210686, 25.344172337935017, 2101.925685027798, 2120.030896997421, 2134.8316014182515, 2166.328929177245, 2206.0405044758522, 2109.627588456277, 2200.591803705999, 2201.079676913668, 1669.1968242345752, 1861.8400774721126, 2130.220087393844, 828.4876776767618, 2222.2804992800056, 744.4875632196904, 2176.740645682414, 2146.2196995062413, 2174.1145407360796, 340.2332864708369, 2040.6540988679806, 2144.4711481851073, 2102.865294706636, 2184.1287795069966, 2182.8469823544033, 2193.0749387315022, 2185.502086036294, 261.98891928257797, 2190.450247962256, 2062.9215309319943, 2154.6387280716926, 321.0022774522701, 2154.4257264338803, 278.6056937930946, 2195.238962137952, 2136.2944138910784]}}}