{"walker_convnet_sigma_01_seed_0": {"results": {"test_sigma_between_0_05": [103.60857005869183, 117.85831943633676, 107.89308344392924, 194.38903114659195, 65.54686693968546, 1402.1826305008317, -120.2195430783919, 175.55840280240815, 61.838599488363194, 1943.8541647964657, 1337.1351859799345, 99.25412239513537, 120.79585705322242, 201.57186919862724, 57.30874695165402, 92.69360618467469, 112.77944698618816, 60.09922306122606, 54.66908387882575, 65.65908190461342, 198.81732380406336, -114.91987639448635, -23.143183001238505, 32.850835575594104, 1976.1237605911406, 85.30049230792937, 35.97836291166749, 40.40366841185023, 1725.1158238968114, 263.349561111853, 1030.1972175750532, 158.07895633776064, 52.08144698562972, 119.66427356202037, 184.67576813190553, 63.99721818194375, 910.4141699897584, 1820.9506333193144, 31.496884171261616, 426.41921113942516, 25.039207479071045, 135.5015350037793, -41.28212128961021, 1974.841199633418, -89.9735313882236, 82.36348678663633, 11.961196198353717, -61.207071399922995, 83.9631557851084, 131.89804708316953, 166.28198809640017, 167.58834057294735, 89.43709427109718, 579.3755612365845, 33.814971065001735, 17.957264507994115, 59.43934457370486, 38.95278340363003, 147.15211251530704, 32.64545495920174, 151.77867195919828, 100.12913183247579, 123.12409487908151, 113.48752063585418, -74.26351088119264, 1818.2753052823907, 1743.100409498381, 261.7695591563097, 69.18505517445297, 68.60501981671841, -123.49577054828988, 90.92267794074286, 30.91897181296516, 72.89558540778236, 205.6377610525597, -79.11865149232035, 277.0971786162176, 8.336645628284897, 45.05693143199896, 1697.0757763148679, 72.37959202329074, 31.42048204665043, 41.43728885604069, 663.9484908324888, 169.57463711451558, 18.37250512775354, 26.791826833809314, 126.00209892970014, 75.65982819015917, 16.41858282097528, 54.33490243299457, 57.164716861295155, 351.4731628720856, 373.306084408314, 43.39832252973573, 46.25140591745002, 77.97879296397296, 25.54629422042053, 192.04998350431265, 22.959717527280738], "test_sigma_between_0_03": [244.4376560726988, 1987.0965270252595, 212.30425254774167, 65.6228988937117, 80.89571993434947, 108.25424142654084, 1517.848532668834, 72.29166734534665, 241.5331025493099, 131.9823348796795, 73.5041543857602, 1036.3959594120674, 1784.1785993162384, 204.26407213376064, -6.9031232685141735, 1789.5836159840842, 1739.0764408500074, 130.19945420728033, 64.72804180226957, 1934.3714632151655, 1561.2338288769313, 2063.9438777962305, 1924.1982110756676, 44.77838599013194, 81.13655059004229, 840.0905860940023, 2030.299576678836, 2000.5239894248966, 45.641392509842994, 318.47983480699463, 142.52022840281722, 277.871622824004, 49.249101453341446, 1467.9847370072473, 607.1364130906748, 255.21987251738318, 1693.6888846399706, 2021.1196361203222, 166.07976759653113, 76.44260287462674, 40.13181037121832, 1486.377360252191, 1913.6520784103595, 78.31262407435716, 80.94458462684561, 2125.7661333098504, 49.84911873267701, 81.11188667743554, 61.45507322027115, 87.41767175566056, 1783.3581074151311, 1852.5647458437788, 102.65661062578583, 1009.1990498790495, 1907.7986931473122, 135.83948956722747, 186.6668963789445, 1682.3938295467722, 17.656824349844825, 111.94888502269895, 491.785653194513, 2091.1011801722193, 195.7101814868831, 31.63635802319185, 1273.4113565107596, 1820.8558941412457, 746.4308822225674, 1717.571675238767, 99.90166083236838, 1898.7978992404762, 1861.4805022384164, 956.5412425454459, 509.4623449097083, 238.91427629314416, 1819.4876831080087, 61.672054729475356, 168.0876140684385, 119.89806878901436, 138.71526912041736, 96.2067665648166, 1460.9161181617933, 917.2519320931842, 425.80884296947767, 389.07145617224313, 134.02847570950695, 128.4016725130394, 80.69093117577869, 2155.7562582336113, 67.68548569478735, 2135.308597735888, 209.74235015425793, 1867.414546998858, 266.9318359826226, 379.1362752158283, 239.46594200302496, 2054.729215033961, 1500.2962300347767, 1938.853413640629, 79.00487947743241, 224.0796817041614], "test_sigma_between_0_07": [115.00113876733376, -40.32678668467124, 701.7415426135304, 16.928381571655336, 36.85419151750393, 1838.6298471593968, -91.299170562395, 61.972287877228496, 66.52401482884306, -43.48135798332223, 17.53657586506597, -52.32937592081142, 42.78474620720808, -84.0828993590112, 282.3988215589211, -16.88762524055637, 23.10308305461367, 107.24485965532213, 65.096238273957, 21.92026266501052, -0.6762971605363421, 31.57508570329664, 23.156535738000827, 47.03470240483729, -108.00209595509949, 27.354745903836736, -44.84033909756836, 196.46706298205825, 24.42047650065652, -0.3636140492861153, -4.916998894880817, -28.74890524380608, -0.49102657050243814, 121.82919030160117, 694.5302520285815, -57.755616183186085, 138.26399489364414, 21.517407604737677, 27.017392638321326, -5.883535435362134, 60.051628345932095, 35.39845109415765, 94.67066675654496, 13.087055215735736, -44.47226069120515, 57.615611679147705, 217.5913102005653, 154.72912495068306, 27.112458006780077, -101.88307347310183, 64.17635348995391, 95.32764414790435, -15.85887965126458, 89.74137442670036, 51.9843577884778, 33.57854891994356, 181.99238220941336, 196.6199081411847, 8.747547971409222, 116.00158937506204, -25.527365667153205, -24.57609437597566, 0.744117756743798, 13.881559002076393, 20.986127524572655, 502.4014453274282, 411.84565056573075, 31.796213768456067, -62.26609113493468, 17.126953616624814, 109.89474086218105, 49.72566579309641, 50.20735919172586, -64.5312206509785, 50.023600443195015, 20.529754951095672, 21.773237188482007, 21.449404816009334, 94.66434483662886, 33.992099627539574, 549.8891914420535, 46.03369623059263, 37.262584149472254, 385.40575944042655, -20.91496675205854, 18.625298229523466, 1418.0260458890932, 77.981115822462, 137.87372927451932, 77.42579186142247, 130.39190084482254, 61.46890739325464, 23.110425325218234, -2.6034361669619095, 158.79318716806014, -14.073701721749966, -61.081433729402505, 23.424876305350335, -4.2063506678692635, 9.445790706288244], "test_sigma_between_0_01": [1703.4691810942406, 1895.0848366054006, 2058.7022133889554, 2075.0069816730966, 2011.8569590168902, 1965.1902873430952, 2075.5576119650796, 1984.1838788548248, 1264.7965160172132, 2031.9493695452888, 2100.3228093063312, 2072.0615070362323, 2028.4478633653998, 1731.3940872496175, 2040.3676306200314, 41.349258153866685, 1889.6678469606406, 2148.5778039371357, 2123.228409693916, 2061.542261945001, 1972.2941547755888, 1848.6035781755552, 1800.5996177370948, 207.4063684593159, 1862.4273972784829, 1893.3513195155426, 1923.3162237250324, 2048.4827766886897, 2092.865681861841, 2145.849578839021, 1960.3280044510075, 46.58973953116074, 2131.142127577727, 2021.917819231635, 1882.13777557834, 2027.8692716941807, 1968.2019015886162, 2044.0012788967772, 2090.95734330714, 1966.584026850288, 1917.965328544851, 1838.510701184433, 1959.42259416648, 2080.6049100393743, 1796.4317879761745, 1996.7687579937055, 1936.9610485829432, 2035.9342767460882, 1883.4335402140805, 1999.1826950748655, 2006.7792902298936, 1917.4203740368782, 2026.4260590357692, 2026.7159799977958, 1851.4423729893788, 1959.0654137627203, 2037.777419320995, 2020.4291655226866, 1917.974740352665, 2093.354953319255, 2015.5732542250025, 1954.189585133983, 2018.0150743427212, 1932.1195395501659, 2041.986574913471, 223.85051921546986, 1891.5874649128345, 1384.3169238900357, 2034.0748283990365, 2036.650195911039, 2043.2461209289552, 1984.0339571129516, 50.02066838191677, 2057.5399575668444, 2006.7379736397156, 1833.8429075808021, 1992.291817508202, 2099.814167486901, 2092.5181214036006, 741.8122097963596, 2016.8658304310907, 2012.8434317867548, 2034.3112301049857, 1906.3173749430182, 1904.778890638207, 2018.5615517726274, 2085.876110196323, 2013.442455621416, 2001.4287423692272, 1999.522388420723, 2052.3937298747733, 1949.5280072052049, 2053.875766407816, 1915.8100404695667, 1976.1621261271316, 1792.479404367146, 2026.4325478872395, 1870.235525596843, 2048.5145699954387, 1929.595776798426]}}}