{"walker_encoding_sigma_01_seed_3": {"results": {"test_sigma_between_0_05": [805.1168698296278, 47.093211663856344, 108.39704949060541, 162.828161796549, 38.5581848242291, 1351.3435703883085, -33.4128823107254, 70.58638374810836, 271.7424305198159, 264.17192640919086, 86.64009398397607, 44.61305896883276, 68.81722266109864, 251.53661675763573, 38.065276837945554, 60.06038262145157, 21.94338776959048, 56.74737212720791, 77.3998205214564, 37.313497235957776, 35.20456430373016, -4.3938732088659895, 90.1545142940915, 488.9781184617691, 82.20728465086577, 74.34965553398068, 16.65576924574125, 27.159929526693304, 155.49899701035758, 147.7077263765939, 1685.3214791880375, 83.84293598267831, 7.459759601700353, 113.1860927386137, 38.09000375004398, 54.80171993686381, 111.48325377769649, 168.62835290821826, 59.0642629287817, 33.83624241034705, 42.38467718503525, 702.8115992832264, -50.72593570158642, 118.93798628056682, 2.393604602743289, 89.28636792857432, -1.2483803937706406, -10.300834738402044, 773.5139147475343, 507.2901610528847, 84.56437410862563, 145.3209488179738, 63.97595646115951, 86.4369008846159, 33.32044339978165, 24.407689795647457, 3.7738055449139214, 28.768810554414816, 88.0346410437123, 15.25459502656886, 37.93002013485675, 131.35250430657177, 1770.6814352966724, 742.5149738530284, -12.16016423289693, 1007.8815888057718, 163.09431534134214, 748.5131554360092, 13.845181887761283, 95.0086813631875, -118.10430504773394, 734.8081403623133, 766.8488776018563, 17.78780318103818, 28.04300429380819, -21.526598410175936, 107.18416102691845, 21.304036523343534, 132.1414093617394, 1655.536335662935, 77.1268540031218, 22.75742351625377, 22.80375369033572, 91.69641652605063, 144.36427975018455, 23.906687039441024, 17.193699172152265, 77.87132365745198, 69.62218237117195, 17.92971917259274, 22.458140041823203, 30.604522799751432, 94.43050286408393, 42.92465908473678, 230.292855566478, 27.698150488865213, 93.87985540861843, 2.004737498826581, 744.1556734818258, 30.884720827067213], "test_sigma_between_0_03": [1766.2083991734935, 51.68812268912588, 195.80210889406882, 78.3089423176629, 102.82846351799382, 103.20012100681343, 90.52302075490145, 71.12739601734793, 63.33263920062599, 13.039940951012252, 83.42954938833428, 94.83994319539345, 50.77387400463776, 318.78812664056306, -13.790640464688476, 183.50178154270117, 50.44416201595304, 177.85789606020114, 50.93215465626417, 28.476295634564302, 92.40434347288685, 90.91533795295977, 1488.987116582578, 13.05062454898143, 43.770157141561484, 1550.4217690770759, 1841.2868638491232, 1929.1870721844848, 67.38587605666689, 97.48784575443567, 1826.8216654575365, 1626.7047616875138, 1811.5232531735746, 111.2724631492587, 88.31959819126931, 51.57088651536615, 53.21385729923786, 778.3734469533316, 81.55034151251019, 47.09427422248554, 1613.7303657788673, 85.95195805928236, 1638.4836696985903, 41.55049250969312, 44.211721667571695, 40.12723357671348, 1854.653005832705, 92.54412109445255, 50.308227831657874, 38.51114350373974, 1809.0613212027783, 107.38527941698261, 44.73996151511672, 62.26664613859613, 1531.9662199313952, 182.1789020965836, 1708.4419587174189, 61.45629284352472, 11.439851882291258, 149.28044182695885, 58.346877162775485, 1773.0638926080028, 10.533201884251323, 12.56306939763742, 1643.9896291512423, 70.07677586525824, 1844.0876120611115, 1549.0082933469055, 83.2026774686543, 83.74676554760222, 34.76261461335089, 601.1447702956575, 1652.6128372406563, 1759.2419898112528, 125.7877461624652, 16.272182837256697, 195.4373964843893, 1722.54092713913, 52.54635761859973, 63.705154678109075, 70.1677334957785, 59.531852709980754, 78.97920261444526, 494.09542414105823, 1354.4433533682006, 136.77642603275893, 17.806594778345612, 12.683868740586332, 40.828553724360255, 1832.5954186182805, 153.04801619130882, 68.29314058425518, 1227.78003669387, 62.826914786435374, 1817.3063038593577, 1829.7605560488173, 75.89972949966904, 1827.0690469379792, 108.65269909673512, 154.71384015172228], "test_sigma_between_0_07": [747.539562717609, -24.724965769640402, -3.9470122815066144, 45.1130531726667, 25.57456067269668, 91.7403139428905, 25.70428288395923, 40.744763298306495, 24.215305392595475, -37.73719287501008, 19.570319139477213, -3.7958843149288457, 152.09299720755516, -40.947484107187485, 927.9267764888742, -63.334953685446834, 29.12448161949433, 666.1535514091908, 159.2183955276458, 7.724022752823657, 11.98168313333299, 88.56157537298276, 23.6389187626075, 21.7047376245333, -50.8489911492099, 17.157352316156906, 4.06377835291205, 64.42743533900067, 13.587429948564386, 43.20884718944872, -27.53091030473297, -9.197895239741776, -1.7575696636151397, 35.50660559398239, 80.18093075036447, -9.099886896040701, 54.117166064945934, 21.282080261780354, 22.383421021582034, 123.95266136089192, 277.29997691140034, 21.56152390902716, 652.891282358034, -4.154153705880162, 13.76984878372459, 93.84428959072828, 164.56053689630212, 746.431416664804, 17.3923654250917, -4.992199044607696, 70.22880655183398, 50.93861502732616, 3.2148623516899537, 19.85435979047761, 8.35760178030614, 40.788204604302884, 90.75943949310025, 19.617587548850864, 2.9337209062738108, 90.13693135644718, -39.80537326446647, -41.54613292376307, 5.640174304673564, 125.99268923203343, 29.635833267109394, 189.3341349008174, 55.48308820648818, 18.342921738256702, -9.844377338001504, 20.178434961277524, 54.190360650146594, 68.24392126245655, 31.706407201071848, -0.40065468596003706, 42.02737448662956, 151.6175665577059, 16.30067890789651, 15.495286140697134, 23.82373537206731, 245.38061371358484, 34.31336853617394, 13.459150385651444, 23.33719286957348, 104.14875207076254, -72.01447289068747, 22.168523508089127, 244.25910677208438, 124.78655875081022, 81.80776110404699, 132.3163933790886, 642.487093572034, 22.321179698238858, 25.746564446254347, 17.67323981782829, 48.92846686030245, -8.093118963066079, -56.74182391038926, 21.97160883320321, 19.442222271695208, 19.62556474762095], "test_sigma_between_0_01": [1587.4568656947106, 1753.0758557248691, 15.140717816897087, 1833.0639401445014, 17.635258831895772, 1859.850901047126, 1859.2697139374009, 1743.4856562687658, 1941.0983932465847, 1801.1671917366205, 1834.7226391695253, 1869.0586213198353, 1879.9118215970195, 1691.425693954771, 1840.4064427796486, 1829.1467078386545, 1703.506338708586, 1829.1092353776564, 1918.3188868721, 1773.9980749854462, 1778.9361297867933, 1710.5015371852473, 1715.8058886755152, 1819.1539859659824, 1456.6620874168407, 1667.2553573008217, 1669.5722992654082, 1834.3280300318258, 1859.6843056617636, 1789.6676783918608, 1715.9086061947962, 1876.378661664482, 1874.4178936883181, 1793.2130213190271, 1729.0318186908344, 1797.2350316170323, 1833.8506770675674, 1914.9932995676409, 1856.6929393003345, 1762.4244927012462, 23.497332662672857, 1686.475154713331, 1743.8447318985457, 1799.1145950502907, 14.30248469946382, 1793.6014231989286, 1714.4292346039426, 1828.2597243442976, 1695.5525176772967, 1820.9063039583275, 1746.16918192838, 1788.609628055669, 1910.6330522694316, 1728.520860352512, 1664.2973787726605, 1825.8903877872383, 1823.6717263083337, 1893.560888282085, 1756.5105715678696, 1856.0210796468891, 1758.5101826207688, 1855.8464509151368, 1772.8265518146245, 1817.5978252043612, 1843.2500680401645, 66.06104454296582, 1787.2747495549813, 81.07563304427599, 1827.4905876327402, 1840.3687105989995, 1884.393554818566, 1753.4993952892823, 1834.3175773142577, 1846.1403451147473, 1869.5326896858244, 1745.2439073865642, 1769.9579437569134, 1841.5478858781753, 1818.8310265352404, 1834.475304414594, 1802.8317733627828, 1801.7357164217126, 1842.076464268035, 1665.3039692737198, 1657.8941385370993, 1843.6336709089883, 1841.1388398339652, 1818.377502474227, 1819.6712310351984, 1759.3243428931435, 1855.8643206322215, 1809.6178539433672, 1886.1991930294512, 1700.9261516225704, 1772.866998052047, 1441.8695898557417, 1806.373460947789, 1661.3364537650214, 1819.8485312638595, 33.30699375682162]}}}