{"walker_simple_sigma_03_seed_1": {"results": {"test_sigma_between_0_05": [100.25104444134053, 406.73852847144326, 174.10606638226164, 266.77943037595685, 1081.319459883028, 998.279883303759, -131.58725860668346, 1063.582077403324, -41.55999264646817, 890.4319877133998, 646.7514911609884, 136.1852091663852, 84.05428807314313, 874.8264061504077, 50.50092367089091, 76.45402360344453, 230.35309513386028, 80.05288510722454, 74.994876700711, -5.479654994636068, 60.887914042355234, -91.55615008490277, -97.5002804341144, 14.170851158064032, 929.852118326119, 17.454896058180022, 909.0571980400159, -54.59357978312184, 485.13282552098514, 1063.6924300491958, 847.8214274548378, 23.326232600517677, 63.40905777826702, 25.616124046966455, 1202.4658309047804, 98.09310516945256, 1175.4056552479835, 1169.0808173286775, 64.38788945307898, 1133.247853931562, 77.25833022267759, 809.0632931819247, -85.80755878241767, 1044.1151069643233, -28.40775003787422, 42.22313631451688, 849.6852624937125, -58.523052113098665, 124.15850677620325, 918.0011323248133, 119.53138845612715, 1079.3560861994779, 83.26131287826428, 896.6910316144885, 326.61843848528093, -34.96753264979198, 896.62383777229, 24.80412285997008, 1042.4774470721486, 61.4305141592471, 37.35596623825841, 958.1358805794124, 979.9341755896871, 680.6966518934894, -21.266867389235994, 1274.160459008841, 910.451000145951, 26.12995899108646, 43.29798082968336, 44.88436000202055, -78.42949501892, 803.9138919114472, 792.5736076911568, 56.096380908081485, 1198.0806294204199, 12.717429657721372, 1284.8698730871376, -9.26840417265921, 82.16184415896421, 1111.4340045976096, 55.77169241901721, 59.445407566039655, 114.25382930368943, 20.086174494886656, 844.0419499474277, 74.77929814556265, 40.67843119037134, 1120.70311003895, 107.68003079210172, 109.200917775034, 108.26635960479473, 89.37700961886004, 17.684066325695312, 32.169583507889165, 73.2428491165323, 45.76384300472127, 707.1098088808608, 699.1916724177535, 293.9954766788448, 40.565737241361056], "test_sigma_between_0_03": [1051.3876966462765, 1067.182671423933, 1006.7252905760586, 117.49726539435942, 1016.0055695876965, 1168.090408045708, 756.175517554914, 132.50187683477273, 1084.7679501560706, 726.0716177801603, 99.84838035910511, 1047.980047791611, 1146.7094004497708, 1027.7897494735942, 879.8916048776566, 1121.7613935312606, 1058.8676830543152, 374.1707668091447, 185.28074921854423, 1110.4540136800506, 1243.8539622753447, 1143.6531151435474, 978.0428861642903, 112.77296706840428, 101.90995061974385, 1005.4390588199853, 1054.5706521912741, 988.2111942219989, 123.82756877016949, 196.1487958591956, 929.5100130025659, 42.1546847482474, 238.1000065756205, 943.5095641547357, 669.4061746874052, 1017.6199825179617, 986.2221005285667, 1194.7703407438755, 930.5482850920414, 138.87105666082496, 39.890707400678366, 1060.9285119144502, 1084.8100999793364, 148.1517943961487, 101.9310565510343, 687.3455703258503, 369.7345238321096, 81.42487474113732, 142.30887355345624, 98.38955486977646, 1038.7222714784712, 1020.7200956592666, 1034.6746241264914, 22.573014907412272, 62.09446172465832, 1010.1281687113501, 74.14705132191592, 1220.4925912957576, 31.709779706287357, 1035.7105344100125, 224.19246749702876, 1093.991347997084, 829.0056454686251, 23.314921911498836, 1144.9118294520576, 1144.8335096534008, 385.32975662106765, 1154.5900174519531, 1131.7157205979981, 1094.3196382272015, 1060.923722207751, 1019.5073743993263, 13.163228009383607, 982.7012585814535, 1004.3458416013259, 242.7642996282913, 273.8735612228076, 53.08894447082859, 892.0918328787776, 86.50514764152325, 1064.2450770012313, 997.1697063641443, 1176.6458513023817, 1113.860925768714, 1141.2210324121543, 1165.100387717481, 96.28979868706809, 1040.7334782624614, 82.9116268188169, 920.621287114871, 887.7807946397343, 1156.7921772207756, 991.5628196553496, 917.0019893713477, 923.6730725820859, 1052.0072901454444, 984.6890340818063, 994.7669576028558, 294.55549904441995, 962.4343683515308], "test_sigma_between_0_07": [807.1198047531998, -35.94928713840199, 780.1201610780861, 1004.3516231630672, 24.702764493874565, 466.88448439131014, 30.59422978114744, 0.25147119313042077, 78.08344285776109, -31.37168775744358, 47.28351218133175, -93.74113592991637, 113.59520477073532, -10.763129261341238, 28.111707620392547, 646.1937818123004, 40.5490418306028, 153.84026353497177, 78.99554708951037, -15.329512243518543, 5.929925142262074, 25.90044405171939, 101.158582509878, 150.96941275735162, -82.19171396354648, 25.025277382016068, 57.68881894118387, 1138.7841063734907, 46.430346821896094, -27.093349061650226, -12.5696115611383, -6.373571673988774, 30.086295700652418, 800.6617364926003, 1187.0247092801983, -41.430134545439785, 900.073014128008, 56.94611959755713, 68.59126742529043, -64.69581149398871, 55.37093748034822, 42.00501300343458, 80.20378708557836, 0.7336080125372768, -63.63892329959637, 129.48915243809026, 799.8281067414208, 97.58693349878448, 44.112449004972554, -188.06112096601564, 164.01706339699308, 885.6742402318094, -140.9974917816304, 23.28118129152863, 35.79342925475357, 898.7510332000381, 1017.1801296385486, 361.9233412135741, -51.761605082379546, 778.607630012016, -28.424812676008152, -106.48460600658727, 779.8669943718318, 682.528265567743, 767.4160353132582, 1014.9742691364291, 1064.6834172516735, 35.27412007005622, -21.69005718244589, 37.958684545235876, 111.19645786056934, 112.7920308540706, 106.03847887578884, -81.8269178189439, 34.84465125536517, -11.605745452997505, 35.034288617367565, 58.21717566628504, 635.1924251832921, 392.3817778438011, 694.8547412350329, 68.06988527428477, 37.43355846295308, 172.08992586063252, -17.401484129876188, 36.4157416865768, 26.012126130673277, 118.4339187050006, 135.89959071968764, 120.23877579460525, 57.317683458892844, 39.47417172028072, 37.49664811683034, -9.651763304114866, 122.30306346554858, -51.195693348157505, 11.325847117314698, 33.783156939572656, 6.003308764738904, 29.843647915516332], "test_sigma_between_0_01": [1170.6866780621056, 1125.6582900417623, 1029.7682079825197, 1062.8167789507315, 1044.6526967867335, 1054.5041612261102, 1050.5470593677646, 1019.913706442431, 1006.1413138800848, 1058.8470004876142, 1098.4432914090112, 1048.2206841644725, 1015.3905748064386, 1106.6104270095814, 1044.0348251870603, 1015.4107362110269, 1095.2907243567188, 1093.2977432549399, 1069.0202472506153, 1030.4682462371475, 1067.3788056467993, 1122.5569092048956, 1166.726959236896, 839.6413187540222, 1214.952624119329, 1150.7828718959952, 1227.689248934193, 1034.8099917453906, 1060.740560735806, 1090.4406249662954, 1154.4774471596877, 165.4196290599895, 1027.1897706314269, 1111.8492507320177, 1074.0588098041596, 1054.0499441247225, 1111.8098900718724, 1013.967511754981, 1071.793692863665, 1134.5124989882727, 1160.1932243264412, 1173.7688017844996, 1076.4060788117897, 1044.4419871850184, 1210.4646473860018, 1082.1397289526037, 1087.0171468209983, 1060.4422161750495, 1135.8550563978265, 1015.6447993320759, 1100.8654147422376, 1059.608692332726, 977.4132822307346, 1115.105232122341, 1119.6446269795927, 1043.577788775622, 1075.0402594733723, 1022.6625482926049, 1106.8350504514187, 907.8421405573667, 1131.5177854061085, 1074.3242111648176, 1039.3028749845457, 1035.3163078503037, 1008.7002525351535, 1265.1560155971044, 1100.3077138698038, 1023.3507142515572, 1018.4316220041289, 1005.2801753758774, 1013.5629022800252, 1095.9524044478921, 1068.9287592497672, 1079.094169837105, 1016.9580936846637, 1134.7723314266689, 1068.8683185996572, 1111.2365877281898, 1046.8604562485627, 1007.2765131746363, 1087.669675730143, 1015.8809665757459, 1068.7104388178311, 1248.2929309501624, 1226.438457384864, 1018.7692430279958, 1114.0169887972975, 1006.0085343676318, 1008.6543744283514, 1088.205605786665, 1012.8125828898768, 1015.5139602878497, 1046.2877214774182, 1220.8250215690846, 1099.061007397628, 1238.3954157092417, 1050.2655716090242, 1195.3883265889694, 1065.041369351944, 1126.5512368526179]}}}