{"walker_convnet_sigma_05_seed_2": {"results": {"test_sigma_between_0_05": [1006.6032488028039, 943.6347012488912, 997.3726566412264, 990.6224931832393, 966.9400288104385, 908.4194314588198, -11.867703251649802, 982.4650728610776, 938.1909897732821, 987.9970313918487, 887.3008375692657, 987.0392079953442, 971.1715305853003, 24.10647060094488, 993.6512798394538, 952.7540171178539, 40.20858718261443, -3.5169682247753364, 980.0160500825062, 949.4187687650125, 999.7924520089394, 0.9739683280829912, -18.33273808714584, 20.878312243950493, 1010.7512732780347, 988.5343373791392, 954.074735490235, 70.38392773305819, 1003.7632914037621, 73.5538306811955, 1000.4804761899577, 18.49841726103768, 938.8596898629125, 897.5325969626748, 986.2669275148828, 277.3000433033317, 211.65418549758914, 980.2604668749238, 7.757052665537049, 1000.8145916058731, 143.38452058440308, 1.957712952942529, 863.2610332747633, 1002.5177501069057, 994.0957392650163, 38.78207120000297, 972.5952529362945, 865.8483306982101, 869.6171491670456, 992.6296165157943, 977.5654706719462, 993.231568211598, 251.71177494268193, 985.875772691348, 904.9743618536701, 1000.6974448681827, 1005.8520775058195, 985.709883086856, 674.5528375118324, 37.053384811640726, 270.035709537531, 57.139688634320926, 999.7831696927997, 23.33057559040462, 977.3170395611669, 977.7671006093666, 991.2291968731008, 978.1208975295795, 939.6962645741726, 856.9135522343291, -2.4055115466166166, 981.3361125431588, 714.9342099029036, 358.2003906117914, 975.0013334042233, 766.167321801046, 275.4161716867821, 40.942511542605644, 980.6979532263008, 995.5155681785221, 439.79154854810605, 952.5845247591043, 979.6223059033276, 982.6991964107144, 635.8015534454804, 135.32220145369794, 978.6546149448498, 990.5677423644584, 45.66240218162274, 44.351609302779266, 65.60727810775859, 88.47486453526795, 988.5853416583443, 1001.0465807349381, 949.8774117089665, 823.1822771059968, 883.5524936429086, 151.84870411471638, 999.4276772855285, 50.40220349776646], "test_sigma_between_0_03": [1004.287451379642, 980.8599255477021, 991.6270517418951, 980.0455225795664, 596.6614610386085, 896.0266764515322, 988.1238045793195, 36.53350623701553, 239.52066631926576, 1000.3572156158567, 993.6158212893665, 987.7978523706821, 995.6091756306372, 1003.9388954882568, 994.9354966279334, 344.87366391741136, 1001.688373171114, 976.6806852297934, 986.579550655631, 342.5984847442118, 982.152691622622, 997.2390285917865, 992.5335483992193, 991.2807994255531, 984.6371692748379, 905.0679020838733, 1002.6193694959885, 995.4886629922969, 584.9784308721382, 978.780514973796, 1005.8351323890535, 962.2417891850336, 1002.4370782173418, 998.0593600624264, 1006.2260302796411, 997.351268055665, 999.7684522054547, 35.2746339272111, 1000.795924056204, 984.1235143167648, 245.63994692136487, 1001.9897325060576, 1004.8220093455378, 975.5085989872698, 1004.5451196606973, 986.8999499205706, 1003.9536849977638, 989.905247980008, 974.3021131421062, 987.7361233937412, 445.40471259943746, 1007.9653087657748, 999.7219854471771, 1007.7960573021392, 1004.409807856251, 281.49193470549216, 1000.6793125820586, 859.2784813755213, 993.2723958401568, 972.4263868854398, 977.8912426451188, 993.5586951220015, 995.1209519753397, 1009.3048423438506, 886.9591333552979, 996.4594885373596, 1002.811063387279, 188.31836868362006, 956.7557007326528, 987.4849669896756, 1002.2355204278906, 998.6377269522228, 1006.7090659923446, 998.3962891128976, 999.7521254865668, 993.7465337892053, 375.60149526658205, 1002.3402741089178, 1003.3291671308032, 985.9182000402676, 991.7935355737566, 1003.5125166770586, 991.6806878256658, 998.5572382477043, 881.605927574731, 992.710668705901, 980.340654916897, 869.512641177159, 982.0585437942576, 983.6287072626596, 1001.4179433797257, 995.2255596982553, 1000.1411732988006, 1008.1421487487322, 997.1667377781189, 1001.5742375947534, 833.4359268431967, 1006.3025992986212, 995.1418293633101, 1003.6582113436247], "test_sigma_between_0_07": [9.596651054521498, -1.222767782286974, 57.0894329204297, 561.4523334892627, 48.527663216408115, 328.28892294267274, 883.2945248284213, -1.6433876363094895, 986.8218114474915, 934.4591595009699, 12.415387653620565, -28.6111049668616, 1002.9300876828137, -13.92054766233632, 995.0525078923679, 899.0333867462007, 18.539015327530795, 968.1364016982749, 666.6233986896406, 19.08528542335698, 32.282196832886264, 912.0277903224434, 816.8770687245751, 991.9716260314733, -0.687845404077962, 74.65561874935955, 8.064525489199148, 999.7377219532526, 967.5939249757073, 7.97991085823014, -97.4051801011912, -29.49917927857315, 526.8464989693308, 186.35922129974645, 1000.4154082623581, 974.6832425094613, 999.6097666884381, 174.22350382387233, 60.180378887956586, 13.332003133397668, 83.09916836673658, 341.78216579865716, 431.11974275539217, 24.655005700579196, -0.6235175981637431, 802.418633951662, 1000.0709863621938, 7.539470571899436, 63.830770765156196, -53.53414993078622, 981.9414264380779, 1001.9351328929818, -31.817815231562417, 27.451505888783142, 29.78605477755336, 1004.9824798083891, 970.4413699654124, 928.0926132987648, 19.67326493709988, 102.53858212138293, -1.4846232447860541, -46.84693498652049, 901.8156140066683, 521.6240750520473, 7.9282947294967006, 997.7098325455552, 998.8915464386465, 77.27123433212402, -0.9684674552583599, 964.2057105423454, 137.55076199956386, 976.4593454201123, 597.540974532221, -54.36216050557122, -13.506154642799814, 9.334476425056344, 226.580822767364, 521.0193633320829, 21.772747845447157, 1001.7363477241948, 947.2462330591977, 137.43198873848456, 61.03021854465187, 976.6292437140052, -4.821110035195307, 977.2652863996088, 986.5824340873384, 972.8438509857317, 69.3391784253996, 1000.3544974708768, 995.1046414402372, 982.2253220734201, 88.1113507412607, -96.84714095747478, 1003.2563794944869, 10.457158720039294, 770.4655888734256, 105.42742947675872, 8.161476447657334, 77.58029328820264], "test_sigma_between_0_01": [543.6123694363307, 356.1706113391163, 1002.2807437889264, 660.3908461900951, 997.6951755298094, 997.3690535933893, 999.5501699890449, 1002.625885505405, 1000.3043683310174, 369.7448814105885, 282.6934405837588, 891.0480983573582, 1003.9190434547769, 422.0924261531068, 994.0735490206974, 356.90378850469847, 996.1401898736891, 321.23781326746547, 288.5631707788707, 989.0398420223565, 940.3303765449402, 820.4818686366119, 975.3266814338682, 1005.9701251341465, 994.0162600358042, 998.1332741170926, 317.2702258150096, 438.5911246316237, 988.4922825717135, 997.4077965197162, 968.7434784334272, 488.98971887047975, 998.1727755594156, 996.0166837539003, 1004.2836422253014, 996.4997411589972, 353.5518235067545, 999.6246006994756, 999.4038595534648, 995.1461330251045, 378.406218028277, 993.4560927905366, 1000.7653887773723, 998.525619992769, 248.03820620920152, 1000.7478152895304, 997.4968253265672, 1005.5248082440348, 278.7408671132492, 999.4506338952365, 994.3956607683918, 947.3864039790278, 1002.0631175949176, 998.322019294819, 836.9452590940541, 997.4217127853225, 998.9830998365838, 570.9944804942162, 790.4020774050431, 1002.3401404670719, 999.4116284404495, 999.679468738165, 378.703962463996, 999.7951127308314, 1004.8569800184752, 295.91538937612233, 992.9170662209219, 1007.4320820332747, 1004.5681270632662, 999.7242912149313, 1000.3412346636503, 190.12449973592595, 995.1363272014974, 1005.8436467089065, 1001.2457771470249, 992.4550763027227, 995.3799265439037, 246.45495996789245, 995.1647859169615, 1007.3959367583858, 984.0468096128801, 1001.4632555804355, 1001.4801279908805, 125.87420752118923, 612.7115480264308, 1003.9962595908235, 517.6386079413829, 1002.6509875949424, 1004.836486709596, 1003.5846378585657, 1003.4492681074171, 1002.1371604285769, 1005.1171202675888, 434.17717982386347, 996.943375016717, 398.18682296976584, 995.9785192762176, 993.7271311924904, 998.8779815828232, 989.3605624564552]}}}