{"walker_adapted_sigma_01_seed_3": {"results": {"test_sigma_between_0_05": [959.8180359279941, 181.08143763094122, 80.06292145626357, 214.5360943576991, 44.041905410925395, 1245.7922254702257, -60.811511283541044, 84.28900594296722, 48.8790079188111, 1926.7175697399753, 1087.6702927836218, 12.948051292542369, 125.68349174173485, 12.513258074033363, 45.679184526711474, 54.712938174259044, 99.76603233983188, 37.442425287730295, 80.18085991429977, 12.964434533577876, 56.230146994271514, -66.50809695907375, 15.332066039271009, 659.6535356198704, 1442.8357468878908, 1753.1009271821624, 675.0326036091359, 43.47519601661626, 1326.6729276032493, 1734.0282996899662, 34.26449529261735, 402.4026226724452, 45.45199686058625, 27.42181131308462, 1640.9402489537754, 34.65381319265434, 1582.4439170680669, 1693.7001287440391, 71.0165421313548, 254.3740820967985, 251.62701261961618, -6.9143750905568595, -2.7300500430515964, 1762.2208734825304, -7.486092550230387, 187.48648285155804, 114.92475536762363, -26.66454626359482, 13.872191982153165, 115.27431669935324, 261.6405966852733, 110.51336226336132, 57.09660844857136, 1171.2515601945202, 58.6830537513044, 12.04820278676343, 222.89157299553352, 40.9219540168735, 1474.8006864933186, 12.024321324205083, 123.37072800261672, 905.3619178142688, 1867.1948195033785, 93.68416283123952, -24.889232327335048, 1626.2831496869867, 1360.0150072034942, -16.77589981492201, 15.839763210939418, 188.40134372550963, -41.6855314069253, 20.4309496816204, 140.0615020241006, 23.72606001073291, 1023.0781678275182, -19.1960094872702, 79.20353588832513, 43.96138901032392, 87.88000606909189, 1807.1967652272408, 100.11389472172604, 44.91758211181442, 22.072921449290874, 173.16843776458558, 1074.3029248102157, 23.166104418337635, 19.742385982774433, 62.06360373042845, 60.195869253049025, 86.92835711738876, 13.350003374811784, 15.292376311433323, 56.717822104289354, 167.8619968975691, 58.02016930403187, 82.84882117109662, 176.41028058409577, 22.23851535927388, 85.85449939904066, 16.776040514686606], "test_sigma_between_0_03": [1795.8738764867355, 1761.46757735452, 1913.8856194247282, 12.715422227393722, 124.92034464159224, 7.430165336554639, 90.80963439037295, 67.76450489672717, 400.5196400786139, 1394.086575162257, 44.450343753461496, 222.053246972087, 29.60810762381443, 1763.202628981341, 14.94339971442679, 1489.3640809919252, 1655.9334441495932, 121.34192794429549, 61.70342200571031, 1705.257140430172, 10.858321908727518, 1856.167955478137, 1683.4094438352104, 29.54009486735595, 65.40116343935513, 116.33759665371622, 1844.5173355066872, 1967.4427133016495, 53.25690644722195, 116.91001129142529, 1679.8806105224494, 1041.980280160863, 1757.0722493525482, 1361.9144075735876, 914.8051554201469, 215.28861715240342, 49.138631526459356, 1723.3875836373406, 70.970188705156, 53.66141074039769, 1643.786842807736, 597.4735696956091, 1623.1250707487277, 8.79558385368291, 138.62184611046973, 110.3125250525889, 1823.3629083509563, 99.80651124320866, 66.15850239015563, 45.34680974747897, 1676.1572616733647, 1667.6360158205207, 62.82176901879867, 67.40410829892643, 1625.1461390497943, 133.54025889386537, 1686.4732266111266, 1059.1545602085998, 33.00563565183257, 67.04075825174658, 122.406961871052, 1849.8001517066787, 1911.395996861606, 131.60067446464237, 1683.8951588134582, 1614.260850347529, 37.26892127507306, 1651.0655163164138, 86.01082717124955, 1582.114428893061, 59.62838436286691, 1840.7696760783008, 34.92755806776404, 1793.0503578492237, 1650.2308199104887, 67.4411614718105, 129.52657213417845, 81.24014712325297, 85.23522200040173, 14.258662645892766, 1335.4445096134666, 1675.227294448761, 93.85437235477148, 1664.2046467920911, 10.061644752923167, 1548.2161185009395, 19.605773285888425, 1930.9103561934478, 90.41190485545376, 17.751934635518413, 1017.9826091535095, 1614.0536412100166, 1694.6135777442705, 63.847852944004984, 1721.0201371544792, 1873.3773738253785, 24.27220494085632, 1728.3011463756206, 98.01384407092117, 83.88243803133369], "test_sigma_between_0_07": [178.69030355137517, -15.753902966884203, 13.05969648905011, 29.96117988971819, 23.24451133145777, 1540.823911803803, 718.52431629326, 50.49801383281738, 102.04936601981754, -37.24254947221344, 17.291034969646713, -118.46420942006226, 109.18226767146992, -82.9563385365007, 1314.9282702419866, -27.12831640723598, 13.075615410594036, 319.9208236156439, 147.6080934399142, 38.92089257775223, 8.916408057494843, 1067.7802916066678, 46.58130779632483, 12.167354519135552, -52.7883719745165, -1.2619001532162653, 3.6001412388432077, 192.63752194752885, 20.84319264567603, 42.59535152074093, -11.99494867890171, -8.177014794522254, -8.066939597450256, 118.7676183752905, 143.82658760680786, -66.5546468260334, 1808.8617143269523, 17.140995539045257, 19.995288280824024, 39.41437296843213, 392.0864227432148, 27.775541815334872, 93.87658650950476, 30.134329401003182, 89.4212455481203, 90.20432001700685, 67.29848867438122, -0.015684628133021405, 24.952676182500728, -0.10477678651077493, 13.113210976652045, 1561.9657079492606, -25.251238863400065, 116.01880974385277, 61.87767501769703, 1285.344897759876, 92.5981918791076, 51.12788738097007, 15.664394624574925, 21.1188991320203, -31.685866230988175, -87.98535097418497, 3.441886551013157, 208.46939763935964, 16.575754623327516, 1267.2674517478017, 1709.6426489327484, 21.69598651102715, 12.599524269672111, 22.404580447879567, 24.15646863771398, 76.51455705739644, 24.866147307722713, 3.511232315826055, -0.6569972599361802, 91.68819402302904, 22.396701219519315, 15.614219143353694, 31.790850080634122, 43.659736223664375, 93.70364663411162, 89.56689208340688, 19.376346572011244, 198.80025442248726, -22.07069970708399, 14.944867471729232, 64.5837938555196, 90.97330735526634, 14.680605890983134, 155.33934704746935, 47.88127328487463, 20.327884388173697, 22.531735792006657, 13.744088306133925, 27.12907376965304, -20.00427320328891, -12.887971118110002, 21.67158244601742, 9.605938868780504, 23.305627760878995],