{"walker_adapted_sigma_03_seed_1": {"results": {"test_sigma_between_0_05": [821.2073815374264, 911.6139420638889, 993.6253580673001, 977.6326781403785, 828.0022900040101, 987.8934272467724, -72.95066549143957, 961.7114952993373, -28.249137838253244, 778.747846252178, 125.0828989682938, 948.892382785652, 984.7421108208733, 887.1175328300129, 956.6166345783216, 126.42750624757318, 975.570673015086, 229.83930019801912, 71.67158000005729, 795.7124888505015, 875.9124081728793, -51.62725971455657, -218.8449932711371, 869.3253867910885, 911.370082477474, 824.422569308633, 326.5463425373949, 26.20155894740018, 961.4178068250325, 885.6938076311471, 867.9267165924061, 46.431820257971424, 91.821738702897, 59.46100417684649, 918.9886399567102, 107.54636447084192, 371.00329243917207, 949.0626543082884, 20.69292138743622, 947.0454162974556, 889.6733334408615, 994.1296484062577, 5.629329933981352, 961.9178187307896, 8.33964054717799, 702.7398084935736, 887.3919696184437, -32.7509043620681, 848.5013828356077, 969.4232742401555, 98.7491319460023, 866.6335679387674, 98.45286534755573, 899.4446670861399, 301.02528181810453, 538.987072191137, 58.34864727011882, 975.323257728295, 951.2589689424535, 217.58665734959646, 832.499988997679, 750.5409713021883, 315.9868454855142, 95.75958040714907, -27.33151643829043, 770.281186725323, 991.2676308699523, 988.0231394896766, 36.79036792288972, 80.09920244432436, -20.769532045145755, 957.3066285733119, 974.331854431765, 49.895977745007265, 916.9562946242291, -13.84093532930274, 239.2089088025954, -115.88475907131215, 870.1201255547376, 233.2428554242522, 155.1015617711877, 55.31378385172284, 965.0713607514887, 991.3995091800497, 87.11687489180335, 89.07822331561906, 171.5178067259388, 982.0270533503831, 179.07417015663094, 290.8716222283255, 183.87219722677415, 73.7038477686816, 801.6489019526551, 971.3890621866268, 570.8297263933706, 49.819800866581495, 978.5215901801887, 114.38228576583495, 967.6593808615418, 41.52711924782634], "test_sigma_between_0_03": [969.8265554190933, 428.8997671740144, 270.180314414385, 886.6464358517602, 142.89195563440583, 890.7044591024793, 977.3338178891956, 247.3573233719887, 966.3971531300181, 896.3398136011343, 340.403754718404, 950.9763574807104, 931.2924958318492, 925.2255893982497, 748.8035288035621, 267.9641216579882, 971.4527204880034, 874.7694544248037, 975.3435610863658, 349.75084779959025, 775.6798800513133, 968.0538192193347, 992.5699300685749, 197.78966388820695, 301.44418755546775, 988.8943032038019, 960.6031848769461, 990.3314798845786, 886.007076970504, 974.5596630137354, 988.3290319004506, 995.7445889422672, 138.0310380417882, 273.2510383074419, 734.341727911823, 850.2898361890782, 857.7305522579173, 281.32316686330614, 933.8586960184139, 989.4831067972332, 981.3332033875719, 839.5772822348207, 972.2483513937732, 972.624360297912, 863.6684064669531, 371.2295227859593, 970.5941634187825, 966.9329855226939, 940.3988998211903, 166.3316478578796, 965.9910147442088, 737.0952655684775, 802.5876940086141, 1001.0020889905, 984.6744458231802, 176.1329536228178, 975.2005416211474, 262.63679067888603, 848.4173485699326, 158.15128974585386, 814.3208410510879, 912.9884508808142, 994.095017051915, 826.2250697048428, 318.9039445841499, 942.948397279241, 932.1350196989088, 978.8729907676296, 990.313038588541, 979.4225414880956, 966.9638850844399, 961.8557380171738, 972.0323333204088, 998.9781313853952, 941.4205749017664, 874.0490630167368, 980.8818198160893, 953.0294870393635, 988.5456931807591, 975.4634237485087, 993.4762350978799, 971.5050996807717, 183.05752138255056, 834.078987779227, 991.9970419968126, 806.9696065675947, 318.87358711103576, 250.3935276660661, 962.1204749124873, 321.528769959569, 991.5312867676727, 890.463959264453, 978.0776128743605, 996.7457159625852, 990.8474786624604, 974.083365590878, 972.2659448889127, 981.8974334888019, 988.2207542021608, 999.1103079900671], "test_sigma_between_0_07": [962.7370839172677, -9.174198280261765, 968.8963191402153, 129.95960993205227, 93.37761253984503, 970.7465978418178, 118.74816649474234, 21.85462912235089, 116.90312225268416, -18.069487371594004, -10.950471240478512, -64.39462600923144, 512.2712002785091, -71.93320161069131, 984.8583151476265, -10.186757966880393, 24.94741680844599, 964.2893672160401, 976.8597242320434, -101.05124883978274, 15.601510006768523, 864.1303807215478, 106.79768864880747, 679.4170230965236, -44.97913061751753, 44.79995311588863, 17.724378842418087, 834.1511981528245, 84.85235187216169, 29.353301139480028, -216.42025626526578, 0.603533729306946, 0.6131488099286786, 227.49595486930048, 963.8687196743057, 7.570455273526022, 116.11099306570102, 114.40743305994837, 101.4821178041966, 21.36877026806469, 377.62637452222793, 46.3077826417837, 36.77852640541533, -6.4887962535067345, 10.551026840871781, 275.5022593160974, 880.2688535051326, 18.888172458691407, 59.065390898198515, -125.74070933131736, 981.4915503365829, 991.5031694040812, -65.80630688380333, 115.77813946799868, 163.3559125208251, 872.7917861811567, 980.8186863899161, 778.5863388352583, 10.220032956595244, 114.7966019618048, -36.19615108021244, -97.4902854424989, 155.5407738484734, 160.23314196853028, 968.9590201910934, 816.2804072905798, 195.8764930803808, 72.07488738516984, -16.346706186713707, 60.76621617212368, 978.1583969326575, 141.2220873722662, 142.82213672909418, -169.11776992770467, 42.12982601116236, -24.833510615110566, 113.31936865258467, 65.70376311071597, 115.2791922360542, 136.77776674267523, 832.4818324281625, 63.373543536264336, 70.29007713213213, 169.85576752764607, 2.049903075219482, 63.38778350601497, 994.1878056390707, 971.7883654338326, 940.7189953467713, 166.92205601250748, 799.5790123043525, 273.6944139045898, 43.47258772766216, -96.13233212835911, 965.0652894342292, -12.216686625049626, -14.308133670562531, 63.29345981748482, 743.2980038010497, 11.965776548758733], "test_sigma_between_0_01": [952.6994067522293, 340.74832792443453, 544.0421419815558, 963.6035204176159, 905.0005230831695, 971.2072232873339, 974.7196280080218, 981.4839415181431, 860.0439459293914, 376.02207903409044, 357.04174423980123, 964.0478699820884, 912.5961639414859, 963.6094740266134, 987.9257965244203, 973.6150946883365, 904.7621974495529, 206.80485314874088, 826.5799929404025, 991.6126313440419, 305.6636045950774, 972.6388691786889, 311.5263790446115, 970.0319263305763, 974.1544462338572, 831.5065520733946, 974.5842357640905, 986.6356818573049, 954.2470113041205, 200.99263157579847, 977.3744995886806, 923.3664678942021, 977.0726270298704, 957.5511136609928, 873.4483839770334, 940.562909118685, 891.6107041470317, 909.1830560649912, 800.9204882937324, 67.80749875926703, 975.2834292547413, 989.423554314754, 818.4933137016973, 878.1543041105302, 729.0886538609693, 517.1201054721532, 977.8453775673396, 353.8186769648749, 188.2489228168095, 905.6718166593292, 844.3733296630396, 839.0853808818221, 969.9553511791819, 809.5644127710142, 826.1347731092618, 988.3075524196684, 956.1430983157352, 255.77835925088152, 915.9697617894702, 989.4935778350655, 970.5714507537422, 64.7829680333467, 707.6329111817788, 960.9469007751026, 905.0035162668776, 973.4620752840588, 165.83001961542337, 964.1720308062711, 960.6234321466691, 988.5774564129316, 966.0519529374666, 110.43278586854574, 976.9093740402818, 978.4020094725778, 897.170054376597, 891.4792654841763, 901.3985649976581, 909.4468554110756, 970.8355331895636, 971.2618214378319, 396.2934394967933, 977.0392817983286, 210.07168294547586, 883.7401815504383, 920.6050089345456, 972.5657461255222, 180.10114395315463, 983.8468339762679, 980.613847355283, 905.4000517119308, 911.8837815287677, 983.2189401839249, 66.97925856240907, 897.2569167581886, 920.6935165823536, 871.3618951549163, 952.2757090914542, 977.7785203781089, 959.3555868792641, 74.12295169068528]}}}