{"walker_adapted_sigma_05_seed_1": {"results": {"test_sigma_between_0_05": [992.963332313627, 981.7535042418431, 1000.4601753814161, 907.6850895374944, 922.7586899037399, 160.25050304316682, -52.5896675287077, 902.8968755014172, 127.69501440096782, 992.5246070919707, 916.846469090198, 245.54464459450097, 989.3480009785516, 1004.9851412906372, 975.3605054317404, 808.7057980399626, 993.6706128780779, 245.73153291019253, 980.4133100651379, 825.9883202825644, 987.5592518364737, -20.309492667332236, -63.28843900378998, 974.3526952141394, 852.6279985062203, 983.369791578545, 851.6686234563037, 66.0498922054583, 853.0021610462077, 989.8366633241094, 921.3154710892115, 89.56714070125885, 107.09273288363185, 160.4587363513303, 993.0568502561986, 856.866725485533, 988.2875298392744, 998.5405209717024, 29.27127358255093, 981.3825088006146, 988.1575229029816, 996.7895006595176, 919.8903848068206, 989.4128338060252, 876.2296603846282, 762.0698742921135, 924.5972212726524, 875.331558711081, 814.3917296802448, 995.5757937215803, 819.5925213221584, 940.4688208658321, 150.48190603098772, 980.9785562774539, 964.6440549940108, 883.6280731582962, 934.9375983558971, 209.98992723114648, 346.4156573207261, 100.64541005201609, 974.3561982208789, 85.94823929772684, 999.2527831792503, 877.6735356843075, 791.7917151832703, 963.8955994070682, 1006.5596932625365, 926.4589677408912, 128.36057389039482, 940.5198116152039, -41.56635580079455, 67.67272202662281, 82.50280227583572, 359.6622975329521, 981.2881030366964, -22.664292996127884, 994.1539560420098, 64.4940171969385, 987.2306050697239, 998.0895932292211, 263.32163975116725, 231.02236571522224, 868.1858733672236, 978.6331675166114, 167.6500037877909, 59.119659514262466, 75.67461890603295, 996.3021581626917, 835.224337632281, 66.17345960563834, 55.54375303258277, 887.7128985373784, 907.4529180855408, 997.5053410305907, 964.5247839430186, 82.57278392542649, 274.8936864597796, 15.609584991259908, 985.0610315481574, 268.13304260478554], "test_sigma_between_0_03": [1002.4631129858568, 922.8242800367457, 989.3530602397012, 390.6276283887333, 85.40035381265913, 328.5869604560531, 223.66919051294255, 940.3205298537217, 994.6473670339811, 1002.21172384355, 188.66348404899466, 997.0553240110643, 986.0772732772582, 986.2924760280872, 904.5646101775197, 978.504499862308, 997.6364448418019, 126.83860598231114, 141.6198230013456, 928.027496994541, 971.8220784326538, 992.7308155370697, 995.5484309678087, 895.3783613237158, 25.665839446091557, 987.3842294912176, 997.5256311353112, 1007.8304297082933, 941.7862568353635, 959.5170328773538, 983.8053419439683, 963.0702261247853, 998.1928807615294, 877.332663911954, 915.6738239079623, 1001.1520474187585, 995.8188873001448, 984.57808830067, 918.986122748193, 170.01152167594265, 973.3388584165954, 139.8784073017683, 1005.4313113489144, 858.9998094205339, 928.2013876239345, 996.8549277955732, 973.8709879441714, 969.1304148128054, 917.0468889751131, 264.27797749291057, 915.6149988535736, 999.455085023611, 1002.0741463102129, 996.0125151350704, 989.2075635495798, 955.1106706604277, 992.774290517977, 925.3015530864478, 963.9457685052445, 878.2925086665014, 995.6223607186233, 964.0064230632713, 992.6684534265889, 992.0806942556078, 948.0520544555973, 989.3498271452873, 992.0744401243676, 979.8521448095528, 997.8636708684037, 991.0577795946834, 1000.9021971588339, 998.9335560719044, 991.4505568379342, 420.3276087539614, 1000.4991716837934, 967.8045013765989, 976.6956650847158, 171.78324596290466, 988.5468592067332, 312.9100428708508, 911.9085936457477, 998.9530964002732, 991.7676063015166, 951.8507592687678, 993.3503741071121, 239.14732929221216, 109.62547556953648, 993.8396839485645, 975.7801558692717, 970.9893404340294, 472.5154391012463, 987.84228398821, 990.7539950466798, 998.2295578867916, 975.9636120316668, 987.2761184013594, 977.908666177336, 995.218907868764, 345.4209745600484, 907.2021851807349], "test_sigma_between_0_07": [1000.1648656827776, 863.3418992354095, 399.9249617352803, 990.9401364476538, 986.5631569550078, 934.3700180556079, 835.1490495502837, 968.499329339517, 950.4684487363612, 729.6427500132374, 59.56688580010086, -18.324906823883065, 983.5688384278145, -36.28609827754117, 954.0243767838886, 326.27278112694916, 46.713836177223115, 974.8897834821777, 454.00086390962224, 104.59201539262729, 8.963194420363285, 957.4523992982573, 19.254421700812237, 790.6602572976498, -42.35824681187514, 48.43871797181929, 21.701485297367615, 993.4397963505546, 870.0922970227122, 26.17009439117246, -94.89351534570307, 13.915070272432054, 25.694671830904554, 988.2085342599987, 988.881532959356, 872.1264389092223, 992.4090251070083, 33.61869011179369, 54.023146227363036, 407.9196963281844, 88.65693726789465, 53.32925896053202, 628.4795479137252, 24.646485492537618, 159.992413631604, 34.113606009481, 999.7595431928687, 168.53751637302338, 102.18252354973232, -51.8190108737952, 905.423486663269, 995.5842549316827, -25.322509353116033, 884.8485262238576, 866.585493493193, 832.419330050704, 995.8891415137792, 946.7997656153912, 223.79910756670736, 53.20220264310046, -8.469285914154897, -17.555506957686156, 931.049138108177, 167.91629983420287, 896.9982384215638, 999.0304408559094, 971.9334963562392, 109.85527462279859, -77.83208171192965, 41.7322146346487, 992.3912639529457, 180.52048677042185, 45.07557038435336, -49.86008441447775, 674.2494638922032, 17.72695372168819, 32.45291115695436, 161.27205909402406, 983.2906417417656, 989.7815743052756, 230.21415120746664, 108.28783471148343, 304.92882634238794, 783.9292323920546, -9.146236564336869, 44.44305877041916, 911.9033501275675, 117.08523313464397, 175.46953595788656, 954.7062848343508, 996.2063201091947, 24.012062233399774, 112.83656486304972, -6.106869119657494, 134.78511093466653, 75.52220699497559, 918.4625914626183, 29.569342953784503, 137.66741102631337, 42.96503063188718], "test_sigma_between_0_01": [978.2191730156512, 977.667871651264, 1001.7625060452413, 998.9646260452265, 975.451498479753, 232.32237920113096, 917.7299478990028, 994.9117253039288, 998.1402484799191, 84.1163763053686, 971.5428541100837, 1001.3419312414585, 1002.7341944377738, 987.1429117155727, 1001.7679711011704, 994.3087197279291, 729.710622855001, 993.943348857312, 952.9042156789644, 994.1297458895899, 928.051896772714, 974.6036657590543, 996.9871573577012, 109.76869562865612, 953.1161340429243, 1000.676923868078, 996.5044386557473, 983.7814298985165, 997.8304236731013, 996.8262486858707, 983.3253887936636, 62.869764011631204, 996.5313110194813, 942.0107496026096, 974.1508507029456, 995.2565084797611, 969.4149806742671, 982.1092102633161, 996.2658197453496, 742.0627394642744, 933.825086612607, 465.8686305099993, 68.40964663429479, 975.5748725925935, 111.56731807653848, 995.7365705495868, 95.58768640896598, 999.9916865910828, 992.01008738701, 996.5689076433506, 995.2257651003277, 119.87048191277135, 1002.1641465029874, 998.7716680266412, 1002.8823988409553, 915.2280177134493, 1003.1157980021638, 996.4654554351565, 267.8752859418254, 1001.3954074445185, 991.7436758275459, 986.8595247474711, 999.58906777438, 1005.0980613710432, 993.2141296599085, 942.2051147313636, 116.85027682958463, 989.5492653491617, 999.2278862942151, 997.990902414204, 996.9789715172526, 999.4580342694139, 995.1362663298481, 999.310023722543, 992.7556091096809, 216.43568261422192, 998.1842399499271, 998.4013663625934, 993.9489562604955, 1002.0362137868175, 918.3027143800016, 994.7594348072134, 1000.7301273347442, 978.1054479605255, 972.5419276696491, 988.3894414758017, 1001.2959737494785, 996.3353953553868, 986.9838320911825, 993.9334774121438, 1000.5218882088083, 994.269509190229, 987.4525616263629, 197.00870833670922, 369.77791851174555, 957.8034906637804, 1002.7272750751183, 144.76786175524472, 1002.9950200614887, 127.56118384464199]}}}