{"walker_attention_sigma_05_seed_3": {"results": {"test_sigma_between_0_05": [985.4144365056958, 870.4845731091539, 781.632619095991, 990.2437019301232, 992.529904823072, 879.094499992898, 781.713920057079, 883.7256177097776, 73.9705345325143, 979.5421119189363, 905.7715149843574, 957.4198277344527, 977.0963121517959, 988.3856622589813, 996.1987413676177, 938.8761990418501, 956.9837869920639, 793.7882781690648, 958.4009248454702, 685.7291113159246, 947.0719378841613, 331.0510392316297, 12.385104291785687, 881.7708796827599, 968.6806681688035, 977.0915615427008, 962.4471568345251, 42.74446956968313, 972.0063194791692, 854.1912552561123, 999.134371922751, 959.9592825435277, 942.6659068481902, 51.163491941821135, 996.0516459589646, 933.7202122428088, 945.5318793038429, 993.1376717738539, 19.65293844005501, 981.3262565519351, 889.582456434057, -27.27188604394905, 876.3889160645051, 907.9137987898372, 862.7130176921102, 942.2526352579789, 967.2604783464343, 789.315473001846, 953.8886287197466, 960.4587746896767, 665.7602709059062, 946.1368987627047, 962.4912594927488, 986.1479562208594, 862.4457978228232, 802.7426204792533, 963.7817070850425, 796.3129893822966, 999.5404708351417, 956.4981794020508, 787.4477643025078, 963.6178524796082, 979.781144359001, 896.7383585694599, 814.8194700633228, 957.7692138648185, 895.0216174346275, 906.0437074873396, 952.6524304800307, 981.128891994836, 83.5779451881186, 957.1134299017465, 989.7759894046953, 28.150993215595367, 855.6103516020917, 782.085354111108, 984.7130430992746, -1.3351169197325374, 939.664824676627, 995.4833752049686, 941.255039987749, 166.5599806056954, 164.9903439253874, 981.2119951297157, 1000.4519058805498, 406.8357892802959, 959.8533898243862, 984.203331931753, 158.49213475898577, 938.1427889847436, 996.307584449936, 945.9703301531656, 909.6745565853669, 792.3300333015221, 980.9177067145791, 259.56114476696376, 963.8142336749281, 965.8504457670043, 992.7033037331012, 659.1909231274041], "test_sigma_between_0_03": [991.9843572654261, 961.9162659771999, 960.4052422332459, 58.20713847915612, 965.3975484643477, 975.5964600375167, 922.7268489618043, 964.5101001118296, 899.0910353073531, 895.8543768948545, 959.3514523862633, 906.0157874083445, 902.0989017467546, 1000.6458633403142, 894.1682115545118, 965.9139753440252, 825.5554395709538, 894.1481118980302, 962.0201832244843, 967.3006398347425, 954.0100191386448, 855.8656768564094, 991.8181836186556, 872.4052244123003, 959.9481105917951, 988.5355393736129, 1001.6262271823012, 1001.5472076040427, 974.76936106449, 903.005399614623, 899.8534499453136, 987.2629301828296, 919.3773828120408, 895.3439291640275, 983.0701316510506, 979.3785711892236, 889.9681507608448, 985.6397186888786, 985.3167385892107, 972.8187723957931, 990.6997126625621, 983.6192171500801, 990.569838813542, 965.3467091395042, 948.3623466020714, 981.2196153068053, 922.321384779683, 968.152196776315, 985.2272634840573, 948.4666058229609, 949.2682292097882, 992.910442961602, 1002.6895015409796, 976.5633212408214, 919.441575604039, 994.3870546491388, 1001.4834039313341, 997.4488318190898, 906.1942713923494, 856.8971556606391, 850.8326352464002, 887.6414798453765, 983.2574216389995, 907.7498293793077, 966.0625821228962, 1000.543017721801, 996.7812504884939, 966.0228303525195, 978.1451159101371, 909.1098366109451, 889.7649404303462, 951.437247146701, 898.3889824855569, 984.8036240739932, 994.8912344023387, 945.2030118686882, 990.9184907442946, 899.8556486432832, 965.886094585804, 122.18026161917079, 879.3413660495881, 988.733733264176, 964.3174361454851, 987.3203554721853, 967.4459426068901, 996.5029027495941, 948.1689974893179, 954.7405214023466, 955.8638891892073, 974.1680074529513, 975.5661289427973, 961.9211022787324, 1000.8286875767765, 957.6107629320969, 885.4276280870628, 989.3124280148336, 984.3436309469862, 999.916631355912, 963.5906220379991, 984.7202587576418], "test_sigma_between_0_07": [889.6250676570725, 850.6116361752252, 592.7979977308723, 521.4892657469056, 979.4731711024681, 972.2722171362144, 940.6588328548719, 76.15861414091631, 990.3922329033886, 774.016108871288, 22.696947091954645, 202.30096549054304, 894.4947198732399, 4.19525932540564, 989.8370371245118, 763.4128075308116, 115.99279459786189, 954.9130159467742, 958.7620980775097, 12.152754176605958, 178.46359730860854, 918.8150828323761, 52.79450156080856, 588.0388766611879, 364.3470608283343, 146.2813366942035, 0.5877537669817701, 816.6954422371493, 42.68497611160854, 44.1291572945076, 9.886831790230644, 5.823160168011967, 176.37642054735178, 980.3638256093938, 1002.5237374818754, 820.9442822668339, 990.6012365922408, 138.764886865855, 46.45819686382456, -4.715797418021246, 975.5057220787857, 946.1852325413091, 25.598344626270407, 960.0375888273571, -7.709615557953651, 953.8662307050143, 907.1467997918378, 150.48831472895986, 940.7485788874424, -60.436527517538345, 971.9079045888286, 997.0995469548802, 3.6171636619081258, 979.0196483999332, 294.9296063668659, 920.5196874227415, 986.9029143870698, 93.4853045168886, 4.635985833228915, 977.8169243031274, 776.8495881388413, -0.26801459785492665, 883.5639398059836, 845.9161830620501, 49.42516932643922, 954.2569091326087, 889.535865673492, 79.41155516221622, -39.61878605274105, 176.22893135932236, 953.5932532801584, 959.51453480821, 121.67073248185486, -109.88036199790373, 26.979273573833062, -26.898709672242695, 782.9889048696015, 20.800587135661047, 994.194735204358, 995.5931979622364, 954.077323929869, 93.84210354504903, 962.9996654240686, 813.2745539091594, 9.162316124352218, 15.720671446181948, 874.3271969790418, 966.6330450650058, 955.3150558485762, 993.5127382910524, 940.3158943639866, 948.9815877049151, 36.51620016644301, -0.9610381418344328, 297.47156214909194, 202.12101187991365, 892.8217113177851, 46.239679467097446, 113.15099027755346, -19.251628430222624], "test_sigma_between_0_01": [903.3562222683516, 996.6386730273879, 996.3070217990908, 998.9644175866806, 997.3239283252915, 905.9867487644194, 995.8907862078449, 996.0274344920593, 1002.3124872749239, 998.5855367560707, 1000.861626560332, 971.5763900998364, 895.6629233514077, 917.7498734974331, 902.1818534836592, 992.3775664050341, 992.9856054332167, 908.626323958883, 997.3044442522946, 996.7509546521659, 998.4092583685746, 986.3210051625566, 986.7554379449837, 998.751585545775, 997.243638415574, 928.2278612683872, 1001.8297867369272, 986.9655536270012, 890.7419003953784, 994.0724077400364, 984.4926796015369, 918.6405636734628, 925.8380009856738, 893.0472584331858, 993.9577681496621, 996.867218085508, 907.3270948261453, 896.0897751141083, 994.215874867231, 893.171355287756, 968.8622751783643, 937.0960272685311, 968.0299708415695, 890.8202328029537, 980.1847845981856, 981.4914361850275, 981.6334459509819, 896.6210352179555, 969.2601528910805, 989.9779294598712, 894.4714521803538, 895.3778503018624, 989.1555352358695, 996.8954708854772, 978.2195983307029, 893.6846543523496, 968.2587060145415, 999.3505404351147, 903.5042879154608, 997.814044543194, 975.9122941515515, 904.1746173826058, 985.7194561910727, 1002.6010475454386, 994.3515571181214, 949.9977751600446, 989.8423406499778, 1001.1442335459876, 991.3653366088854, 988.776531343267, 905.2218556736949, 894.757659280043, 994.0879717426749, 981.6715369278272, 984.1197262620968, 984.4027078258879, 996.4058426262499, 892.0677981188861, 985.370929623397, 999.9480283011474, 991.8178665739637, 896.7492261228413, 997.5431920597265, 965.7392333720879, 963.1367378435399, 900.6381169805924, 990.0344115209897, 1000.3974089998829, 998.1858867261598, 898.4367943437683, 987.9998318924765, 999.8952748181067, 1001.6284255317408, 983.9052491407897, 913.5422440528836, 954.0431544961019, 993.4653685353832, 963.4131664376587, 996.3842828883832, 957.8952078748342]}}}