{"walker_attention_sigma_03_seed_3": {"results": {"test_sigma_between_0_05": [125.8150029244528, 984.6657716954227, 995.3031474551918, 781.5207367200509, 489.0313040542941, 36.372930863749936, -29.23698817789263, 987.7348052985777, -476.79587091540884, 569.3673515237242, 52.57267499867303, 44.16093124305478, 994.922984588456, 39.672212275771, 790.2106872861827, 56.5975304522348, 1000.6438873114895, 878.3988107310419, 985.4641706844519, 34.30590711420808, 994.5681505004787, -21.000184308727334, -19.890566208523524, 55.549362158833546, 993.2785157334226, 739.2942612713864, 974.7532016551459, 63.03482245022026, 27.02670045321283, 1004.3042490611853, 37.90231033960737, 37.4258797307557, 46.933609912682726, 65.52829106087012, 735.9771693952139, 50.34481934851501, 1002.9440878578727, 905.8423019232715, 101.42927805556249, 892.5615732768381, 984.2035278906704, 112.42968023329448, 8.484699247783286, 1000.6568198815652, 323.9151126918397, 68.52710291827826, 40.40917647875614, -230.93869108356017, 753.0179041972202, 1000.9574966784963, 170.18367692632438, 750.5380296340425, 370.5651261943377, 998.1348008996715, 71.03065800123585, 56.53137663630334, 992.2765302473612, 92.24497699549678, 989.7890111257085, 361.5486178168154, 672.453056234307, 789.3916517063641, 999.7146952889582, 95.04162213414526, 85.63162428220551, 974.9612123957083, 994.4103489110254, 87.62142315039821, 37.098360318542106, 277.9481278664795, -68.21774501302133, 84.14642584800893, 83.65242624557722, 104.25574428517724, 42.221811211315796, -43.98900752143527, 1001.3468673431398, -311.36242205123733, 1003.2934313635546, 927.2940324997337, 106.30815713429615, 103.52408152096177, 136.86933202507655, 76.30910822224106, 35.22484021829878, 66.62049661239288, 154.40870826155455, 1002.6585338004943, 309.5530496607666, 77.90745258829122, 269.4583416876804, 34.64000014333434, 68.72555997505405, 955.1345019303043, 207.12765899653215, 216.43927932844372, 94.58871685575873, 81.92104584724, 125.92925869357421, 19.857392111177614], "test_sigma_between_0_03": [1005.6812394572603, 993.6064981748601, 1007.1917710372975, 958.1464095414258, 995.1186959795165, 990.5221453493356, 996.4522752000934, 992.9345367086696, 996.2828449109008, 1002.9112161731209, 989.82071204256, 988.382047826073, 1001.6934645162801, 1005.7459571598779, 828.1845296553658, 997.6760996754596, 985.4337461236848, 996.4082920472957, 994.5660360164434, 1005.4728504699625, 993.8527171232414, 1002.8230537289107, 1001.6151474136817, 31.088008277678448, 985.5292160283224, 988.9353351342108, 1000.2856747771435, 1004.5974920426897, 35.91522947534395, 1001.4942766841652, 1003.6115903266217, 1003.1143837240143, 1002.3519854282276, 981.187294117541, 1003.1492576800899, 993.4277145743513, 997.4975138380952, 1003.6997685533643, 682.5324628305677, 1001.2034186837095, 997.2653385333256, 1000.9390646478967, 991.2056903260658, 989.8656855820075, 995.4221667565322, 1004.2806962181479, 1000.0421307267529, 951.4716446480728, 995.6985752444489, 886.2794296351067, 996.041695066063, 998.4932271534921, 994.2260073776685, 995.5926607131485, 997.9214778686879, 998.7176033592493, 1003.8661328056083, 37.6305255150728, 857.5246186370357, 988.0437882143598, 997.4625276463516, 1000.4866427429041, 995.7808439414978, 827.0189325365463, 1003.3466109679554, 997.1767071140608, 998.7694109916441, 110.67242276137983, 969.1025795244777, 1002.8597788313517, 999.5819837345672, 1002.6567224379833, 996.2431600324868, 140.36451878858787, 1004.7910707211466, 982.5029073298494, 996.9069950892841, 1002.2866749347465, 1002.046948750678, 875.1723072792017, 95.310175873719, 997.3924390734496, 1002.9772690738147, 1001.3495747930008, 1002.4150524479467, 999.5736620364768, 866.2578230325681, 994.3845541937932, 33.65021582440241, 37.5341671511851, 995.4534543423061, 998.514778781366, 1002.1138375451886, 948.214257565869, 1001.4627848395295, 1000.677370439941, 160.0205863484123, 1002.1147992748954, 803.7330720303029, 999.6081193386474], "test_sigma_between_0_07": [987.7789520061435, -56.243601717159606, 59.293244754475026, 417.0957132855621, 122.03502335270599, 1005.1350635083587, 72.70722675454603, 26.09739321936067, 987.6022070069478, -6.486019705736542, 47.09006425977859, -137.57806762759716, 69.86159487473924, -85.65431892576017, 194.49505642285075, 24.069918072740258, -0.0372328132652906, 691.2090018567689, 900.5235967540439, -71.01691664451211, -51.68888814774257, 149.79498245819124, -26.117413445937586, 873.2908063341058, -260.5877992399634, 54.72089562281618, 24.871440574618468, 998.1417262487671, 194.43321772043566, 24.35027415640507, -19.23227126429993, 91.88709963198927, -80.1799399366137, 348.9035339279888, 997.3452803561621, -30.49549594086856, 1005.090258279721, 36.181774808360224, -1.9200956273460101, 63.38746247886008, 107.3951534704116, 76.02280167666176, 816.4090987285703, 7.751972493709759, -476.2134935526151, 31.538832112117966, 994.9230293929853, 35.24986665765754, 39.76022796501928, -154.93248593504396, 33.75680893890094, 101.4507263790715, -104.79579073409404, 42.633111001779625, 828.3386006385408, 106.88343768992489, 1008.1875353172114, 68.87960271909832, 0.8236976207292177, 90.59263906713456, -133.11828337976186, -98.2983971513662, 47.609883865711154, 979.5433528317774, 14.899637981115664, 847.622785679142, 1000.3118387132401, 57.81909122256766, 10.992500170636049, 60.889952017852934, 108.98493043893545, 936.9721081347326, 199.9108013969133, -84.50829485656868, 23.458354128868077, 17.553353363084895, 85.2952213441982, 32.591814570123105, 42.911654278750945, 986.5972033619109, 988.6586247994951, 44.933223960750915, 66.65113898549171, 902.7267855762975, -74.24709814432572, 106.73161377085931, 979.7272114513577, 867.6754148217943, 142.10721094212215, 78.56397026754719, 888.0170147530682, 127.59375415607649, 9.81908921543655, -64.37389465294254, 129.15068855641874, -5.978607935835325, 1.0816061952922627, 57.56088974843153, 9.394855339529748, -0.008914506307340808], "test_sigma_between_0_01": [994.2025429153952, 991.7424960264696, 1003.1124390692647, 31.973473505333825, 998.8452549427831, 991.7979582620922, 993.3476611798836, 995.0016134040363, 1000.8872977856374, 984.5826909624558, 1004.8816612518466, 1004.687640896681, 1000.5263362837618, 991.1673137341293, 1003.0208191578399, 993.8445792745201, 989.9384863247723, 1003.4379502026998, 31.749670619037353, 995.284031302353, 997.9723209743524, 989.5055576915628, 41.90083129772248, 1002.4666956017163, 995.9952290260287, 995.4955309442366, 993.4650103731987, 1005.4514550647156, 998.8913416643402, 993.912755758295, 1002.7330356814044, 996.8376230177313, 1005.1177208384452, 993.3547274153858, 192.61257019658498, 1000.0413696446057, 32.12290103529085, 995.6687728022275, 999.3981195348387, 1001.9764107596503, 36.096552229548976, 993.2826430130125, 992.6258123346795, 998.4335697435084, 999.899026163287, 995.0118817709331, 1001.9646079386706, 999.2119906709112, 993.8585532152571, 1002.8007817790195, 1004.5780228157793, 998.6987367033789, 30.69806781393418, 1000.876446432408, 991.2942653496845, 994.2739637138643, 998.8242407581677, 38.87772770135052, 1002.9946172727373, 997.7718718720449, 994.6803263081266, 996.9310858466323, 996.3946108546223, 1000.8197203905046, 1002.5146451611623, 36.02363185771246, 1001.5182139124855, 995.5486286178955, 999.2843894973033, 1004.5157803370146, 998.41635087161, 1004.1575351399595, 993.5793849144104, 994.1620239650568, 1001.8806912155995, 992.6169270640748, 994.5239340311792, 994.7337486846753, 34.436359936073124, 1003.6930072267985, 994.1004530100248, 995.4469294018372, 996.7241110149166, 994.2957375927385, 1001.8560168355812, 1005.0142612171163, 994.8117540179503, 1003.2345271824828, 1002.5414906726695, 999.9514770966838, 994.6734722610742, 990.9064426215856, 1001.3824116227036, 1004.3260948408081, 1003.0351341142101, 271.12593563445546, 994.811543744586, 992.5138623929766, 995.0697583054098, 33.50349199760385]}}}