{"walker_simple_sigma_01_seed_1": {"results": {"test_sigma_between_0_05": [123.34534735125057, 86.1249701101944, 284.5975318599317, 340.2118032428915, 89.5377086085311, 1561.480160152779, -34.47104738251946, 50.58023294750019, 48.787934770317214, 129.14561902546126, 1257.5103644221742, 59.17597592749807, 68.17721297826793, 65.862391997331, 69.3479875985009, 9.802117852155064, 63.577488511153206, 8.818645528727211, 53.9090077331406, 59.598361445743656, 613.5575264230254, -0.042285176676524205, 17.932195147927267, 610.4434428315869, 1466.2748203201243, 1056.649308886432, 325.11047753529726, 9.519069923947972, 1558.2804631511196, 1683.9419849703695, 327.93566374920334, 1550.1172434821128, 54.845222363025826, 100.85627547655314, 219.60408084840026, 62.770107333439235, 1629.9133604239607, 1825.241862069815, 29.670497004418575, 1683.7803177967903, 1211.9902121639802, -13.206449988938402, -62.869798796919305, 1891.0455456431137, -38.93485247666686, 59.18362289825746, 57.19874734588666, -13.012563207359928, 175.13754570364108, 1563.378304659021, 172.0614599677152, 69.61619742865295, 56.49277193776944, 204.71215050938477, 929.7294315866365, 38.898903836790126, 36.385270117322214, 33.99583784716232, 1632.6505155208279, 37.370572643120255, 46.952155245377796, 144.72589402822194, 463.3087333586853, 78.68827669236633, -42.58121191146929, 1768.5794623893914, 1625.028914648454, 512.9933848261815, 28.79655684041791, 51.124359147930235, -41.497212113342535, 126.26137160420038, 95.61448144120219, 25.53905037267541, 320.243468849476, -22.028356787157833, 101.06228633995049, 50.95312989959492, 96.3761051719266, 1000.0631922638684, 69.15309615397128, 41.844770623509255, 86.70404034338715, 72.96206073078939, 1180.9626603305387, 25.111702475967473, 21.651476655344595, 139.81332005099105, 66.86236602095447, 80.66428134446032, 64.98932150623588, 45.54201016293373, 134.28278282620303, 1726.7355406444901, 41.77259350539096, 41.200421962156554, 141.93087603452733, 41.108091689087466, 66.3199718122778, 30.138197437794588], "test_sigma_between_0_03": [1873.9982826280097, 251.63012873909466, 232.46751532503123, 63.447799279932205, 77.2751264858598, 117.96355704057783, 1650.446339865423, 96.09421124383373, 72.13423300303111, 1678.6110933546554, 76.07805160451095, 135.0949944133638, 1915.6775913647248, 1699.1211147276879, 16.8476618858258, 1625.5717815925132, 1816.0618090119478, 92.22186386938264, 55.26325043407706, 1811.3270481723073, 107.58003881608164, 2001.7206727879625, 1647.8635755882467, 70.94723127446775, 62.29170335343223, 1737.080536222522, 1928.6885064970352, 169.96336618335627, 60.096240706187395, 83.19609908718995, 1526.0111910384044, 1434.1380531986892, 1327.172991274511, 1456.1749945386762, 1664.033130884783, 884.0958999800922, 1758.4352462708362, 1901.7999438562447, 74.70502726958951, 69.23471576027951, 1758.1247647576147, 1485.10690014021, 1881.6064946499216, 67.7145912220789, 392.3662320702118, 633.7801626303549, 1669.5915832472094, 56.35032183168804, 51.439495131104195, 68.90007107657442, 1794.3188905110462, 1795.920493655322, 889.7143514507347, 1278.6777533867394, 1647.6863031957678, 205.94258759395314, 1599.767820853353, 1801.0774088756841, 137.02858132985708, 247.03816338437764, 1511.599293760133, 1938.9150448886944, 116.36542641375414, 56.291693487000884, 1747.2103968583633, 1705.330228619762, 1675.266994455226, 1754.9957356867203, 179.66838931362867, 1719.0795506304987, 1794.7298623835811, 1739.4048375928558, 1648.317937660088, 1607.2915721172226, 1634.2661655888085, 68.72959453468795, 82.63342984076736, 1463.0566088500602, 950.9641998852258, 72.11932898876258, 1439.9263763902045, 1923.4922856527164, 1474.7372091782079, 1948.198205257727, 1426.119363833724, 686.5460446098068, 62.09049893222254, 1977.0912246199125, 57.49831839185063, 175.78300449719532, 1595.164050481299, 88.58599720527562, 1332.7536510538202, 1504.0524005490024, 1647.1174718775383, 530.2156502667726, 1547.603366141192, 1723.5148936544597, 130.61594964519026, 1552.5373681062645], "test_sigma_between_0_07": [38.00046791329369, 2.05241899292887, -7.343087087284949, 40.485171128883664, 289.8538512292347, 1858.5471276462233, -5.087756713964336, 59.46022062149132, 63.1129182459379, -21.292327283859777, -4.38304706833005, -192.19357538258626, 285.8393512331096, -38.8634393037486, 1404.314292992938, 336.0984273322288, 73.32594484188598, 208.3140054425094, 69.62970954146148, 38.36644882924156, 1.4768273689987832, 764.1007532138816, 20.208147759559505, 73.4464604199224, -39.91928112192545, 17.017601679872314, -15.920912181714087, 1117.2463520737615, 22.99487541486742, 109.97666343593443, 9.726556668127888, 18.313660959518167, 1.1910837195275232, 1387.5561509486927, 1370.6418572677405, -1.063007075568021, 1266.7361434808088, 20.81496596622019, 15.482011374518333, 136.78911716665036, 1238.3727729867792, 24.338781701777766, 27.99730131284887, 51.17157689551532, -8.263887501928547, 78.1942111391414, 54.05867515515275, -3.580130500557425, 22.205812726268775, -103.17533597122676, 65.58184093982565, 1456.3109183917936, -17.08959152464813, 518.6817158057805, 45.79026048247616, 1099.1905034969295, 102.40037560541681, 16.4751560928009, 26.17816376486589, 20.627959763181575, -55.97861257900949, -79.53041784228115, 45.07356730780596, 1618.2682251216856, 526.4906626032734, 1494.1751750577125, 1691.244334319236, 18.034055226830247, 18.445550114806974, 24.035204297248853, 67.7771979885016, 56.523152058868426, 47.88872394757637, -5.882068253749466, 26.696307872430772, 23.194655618010437, 19.09533754078729, 25.380328259291126, 87.56984640762535, 55.573167084908256, 656.0148982804757, 61.375649837736276, 49.56639266935963, 283.0251967919102, -135.84837918798436, 25.40149835057819, 1463.9909873813863, 68.62592024175538, 66.97444023893328, 95.0203467247251, 20.710888113675168, 31.66214725729224, 19.67380360032403, 24.737413670049865, 121.13708132162431, 42.827670245440096, -4.627149757026928, 22.494648116102322, 36.00903624405764, 22.049379652107017], "test_sigma_between_0_01": [1632.6294523088236, 1880.3236629716532, 1833.8219162728967, 1908.1200836942544, 1922.7230989459647, 1904.3360403801457, 1899.6050456142355, 1843.163961240894, 1820.884837445014, 1915.3152195112475, 1955.3706587860304, 1936.2244364398634, 1851.9706590876885, 1792.1106621580202, 1902.253479529198, 1753.5160197561315, 1905.5724439721894, 1952.3256436988518, 1981.250829885883, 1892.599359196428, 1870.7455036942258, 1838.9766644683086, 1873.9237886707106, 1779.4995107606742, 1859.0881267938398, 1765.6711957263003, 1895.6771464930682, 1917.2735082807594, 1951.5919352111184, 1987.7284782565469, 1815.3921883963085, 1907.4174635146233, 1909.112561785757, 1908.9676111984995, 1789.2163669221657, 1888.3523853196216, 1918.9238772393312, 1865.2002961768842, 1957.812411203718, 1878.489692052918, 1851.705634674354, 1891.6165367866722, 1841.6253401420372, 1923.633188795799, 1788.4504118257066, 1886.079331663031, 1795.2634995502501, 1937.2390355400826, 1866.8800684728294, 1850.834418204219, 1895.8655483511197, 1874.618856822447, 1871.3869155957716, 1875.263783509215, 1739.857458418319, 1858.845104216131, 1918.3417196356593, 1506.099625507948, 1779.2775346355652, 1908.7672090202263, 1903.0047557742184, 1880.6840282241874, 1887.0570526676474, 1794.9057366566606, 1916.2751911430348, 91.62735211099206, 1920.6960243010267, 1857.4959161009872, 1890.4391346967768, 1865.6670146379874, 1833.3938777282458, 1876.3989445585055, 1977.9480986998333, 1917.8090496293248, 536.5557516210455, 1804.022945390223, 1900.1830425514415, 1953.3012793604337, 1947.2501055127275, 1834.93514903052, 1904.2447024158616, 1856.508514533469, 1909.4479828970852, 1837.173133442627, 1854.9827102504294, 1864.5378460080549, 1971.1782389371847, 1734.4797855557918, 1788.760479292433, 1882.115483127706, 1842.5294482562238, 1726.0382562678442, 1916.2161041256545, 1856.663290819431, 1824.7496200896092, 1820.2562448080732, 1910.269942203642, 1767.043962010157, 1918.270957872978, 1906.9176531611506]}}}