{"walker_attention_sigma_01_seed_3": {"results": {"test_sigma_between_0_05": [133.43987052106533, 101.83280572119547, 1106.569364006555, 203.00927846230323, 19.31655411012616, 27.52510561339149, -86.51457490375036, 125.11854804071774, 8.507590780478493, 278.54918744913135, 1387.6588284049344, 74.25911086419507, 1392.1932073014211, 51.364151485185715, 71.234957561818, 56.739787712424, 99.81109398222472, 41.51696327692916, 49.02662452457735, 4.834063845784112, 152.36913092237378, -34.24981593067059, -20.23314895816293, 5.953483511797094, 1642.4776299404477, 95.45889913354911, 23.344353966742343, 61.712769059764106, 1361.311170027077, 1658.0125418385912, 28.703790236837815, 31.619644699865603, 78.71890832311618, 141.84252928153145, 58.464736021503626, 56.71310858393408, 177.71689219343102, 1820.3072383285842, 92.70324427345622, 79.39671571482033, 399.29487847068066, 27.83217625287944, -92.34190610908264, 84.91416848108496, -12.596235633961623, 77.15269845913426, 13.127591912201028, -44.53298032043531, 114.13617852050079, 874.8900967322736, 89.37195423990927, 134.48450282871346, 73.27451514762215, 199.11360103179177, 1395.6606785379165, 0.024541264107392102, 88.191626676156, 23.49331550869393, 1605.2327488609676, 29.580483150682998, 108.65356825137572, 98.38538540813894, 334.0953054902771, 18.736870975313646, -7.4724883358154335, 1748.207854758684, 321.59882905709685, 86.3660793834031, 19.470389800162234, 697.363880582044, -16.791133456453093, 123.76738378608279, 115.31295243920756, 46.16944879597577, 104.7075841542901, -154.77376736743324, 1294.2620345612352, 25.697109140682727, 70.81849744446228, 31.88024994298758, 63.40004302924498, 35.24334092227363, 27.762407991338115, 551.8036014216326, 583.1419325809579, 19.16002371241338, 22.368152415753865, 47.926880287464876, 68.79150006698183, 77.96727751626752, 28.24270421389083, 28.603635857941118, 68.68034966679839, 1577.7384843919729, 22.4220716219148, 38.85398342464177, 152.64807292290212, 27.89289933400287, 102.32091253306858, 23.738193505657538], "test_sigma_between_0_03": [621.9869305008281, 1793.9665374672375, 109.41501137541779, 63.44008260822157, 75.86407906135138, 161.05114118686905, 1630.5341916573839, 82.94839000039937, 263.640548887897, 115.87751699371879, 49.640296641651354, 266.3517616345387, 1771.035154682288, 558.1392752611832, -6.788438160152873, 1451.7793688870684, 1773.045963044166, 133.2414850805886, 35.97338004187477, 39.38866659890772, 1385.065035654123, 1434.6501419509802, 1737.5843139855424, 63.22818225855444, 67.27559062313235, 1741.1823102723706, 1692.6824498344836, 1463.9239836304296, 82.15655139594165, 35.519241618391234, 188.25653803530594, 108.09381148398683, 384.0807009570373, 973.9843200281267, 53.96986512311559, 998.7244248276801, 327.8760273912891, 1899.0180846930684, 148.56579468749408, 68.7480912056897, 44.28392820730077, 1376.942716720512, 1315.2130612487606, 77.11567679937141, 15.667284299067983, 647.6201238896073, 31.520042071980424, 100.68701216184711, 46.647380639782924, 72.09714748183178, 1565.8399529413005, 276.6699130693276, 766.3513764762312, 472.0192949742372, 1690.8646780998401, 335.0808047372936, 295.69432041547094, 1546.878591843375, -10.90888741322997, 138.19354120563366, 1236.118144158422, 1885.768541930619, 258.7030205823146, 79.89976236359067, 1727.1859730668612, 510.6736547844254, 1747.9414703851714, 25.248392213394983, 399.60886403731126, 1666.9935550365767, 758.1306782961196, 1593.811422568563, 731.9885541078038, 196.79948132308914, 33.313063497203984, 113.33545142847439, 1070.716263990825, 565.3820424193201, 33.00744873812364, 86.70970730285771, 24.87424929382687, 170.3713501831808, 1359.6699633826124, 1857.9519454453687, 1322.2340632540454, 1635.5396712496265, 34.35853427870899, 1886.3801489491968, 87.35407511334343, 1932.396686409718, 387.71970559955815, 1738.3386202068307, 139.1065603236348, 338.0385312885121, 1178.1883750583918, 233.66736883189574, 1129.2189223518176, 204.89603380291362, 214.03352705245786, 838.5090680877018], "test_sigma_between_0_07": [357.89545587428876, -39.59271899142914, 76.28767337080352, 123.99169928809278, 30.83200956829969, 1688.294647324991, 91.53519006740392, 23.958574598291303, 54.26675973367236, -63.77348066461853, 21.870785162149694, -110.91748024678091, 26.379589353667686, -119.33180280600062, 75.18772467182426, -25.44387545584032, -4.231908554428084, 42.57089182958296, 128.719136135302, 28.95362426499487, 0.16628793223353533, 12.390569446291195, 42.27695221002069, 45.26068030556635, -67.120457570265, 32.216944809668355, -5.478348020301201, 234.2928417156422, 21.025029053278566, 2.4814402619143943, -0.48403776008199206, 15.676930119424652, -43.29212887504254, 30.693886630510676, 278.10658073077644, -44.35488432848361, 1507.803195187388, 22.929281183016425, 21.927698798950587, 7.786560790994551, 162.80595180193046, 23.583375779040214, 137.63612512765826, 17.563850365510735, -2.0650149661450987, 82.62547878223123, 52.58592548374146, 18.676740768844322, 23.532194364554016, -36.90083337875258, 67.54286379419938, 253.23488929140004, -80.59232330913801, 84.79528387888863, 57.425151385685595, 25.930357838614142, 124.04401279679587, -14.888707814889493, 9.898579861699547, 225.4532679994111, -10.17050614210748, -95.40279902532784, -10.449290299163842, 1095.2944535418826, 18.781665628419432, 1212.9611506285933, 89.9202146463562, 20.37621597993566, 14.149104802498188, 21.758199265802975, 61.567490381766405, 49.79023943948704, 33.92982727641357, -136.06532462671896, 47.654313716557226, 11.040198027703447, 12.07340039165865, 20.964029037521684, 7.013834093681362, 32.34502416653413, 1229.2044872666354, 77.6274006232561, 23.492469607360544, 163.49404762201445, -96.55058177270841, 19.63442839962227, 1602.7286426893152, 78.49327669068587, 92.6487936734091, 18.04259054846043, 31.69979841865135, 31.802636032296874, 24.375334008027856, 5.558048139591119, 31.542239966343914, -6.881276262823665, -27.229514946512065, 25.53972811896674, 13.403072490054187, 19.762168651349207],