{"walker_encoding_sigma_01_seed_4": {"results": {"test_sigma_between_0_05": [69.54202936396906, 88.05015866364413, 702.2311126663675, 30.803359769316746, 39.317224841706015, 1498.0765017683489, -296.80461315761204, 1300.7720750758378, 74.77171921543923, 284.15412172184585, 1339.3912723040078, 51.61569142343943, 97.0080926931856, 114.868555572629, 217.33877701720203, 8.84372351814236, 50.176591410003304, 25.708498727210095, 15.450159476278353, -10.381197255458396, 34.507236424458085, -184.2303816628468, 289.4892991680896, 54.80075586334716, 331.3868007648649, 145.90084434916935, 27.15790968746879, 35.085647111044096, 112.60324387367879, 52.422850633499905, 66.72217167801283, 1219.389748025671, 4.014905974926658, 19.499350052500084, 38.152433301629216, 9.20067002507276, 1414.9117366559653, 226.1264135226769, 29.55834902240312, 96.64039200057596, 97.77665588227829, 555.407467208887, -99.3370378833366, 1676.8494684266211, -56.528552076767674, 1.745935736398678, 20.779844674860946, -86.37274141909151, 940.3569644856124, 318.24001281063516, 25.382557272362465, 45.52627292675169, 53.39356765833801, 219.2943213107618, 61.09978503163001, -29.624604255167657, -6.652845770286516, 32.395996853084945, 165.6685910814107, 27.639375732313788, 114.67018541651487, 1011.0998502032168, 55.09783421580069, 72.26856638233295, -95.34987812776092, 1550.2994999164473, 89.22040760243688, -54.924975373903, 78.90231584118298, 53.860036739142394, -70.43321840404239, 13.91830456477619, 284.15673610618114, 10.875205991216353, 148.43406111434456, -127.82315034662902, 40.17158050673025, 12.534369975527808, 80.99668406465645, 47.5845858513174, 12.310733786634227, 32.32412099456415, 16.94050397632963, 669.6443213952886, 965.0014459285669, 9.094013090222141, 20.107793023198617, 425.5967807252761, 9.622764589650615, 111.89343230688101, 52.05718969258306, 15.114352792539282, 14.810874885058727, 43.01501003425512, 49.6015558308296, -0.5754612601769629, 392.01452549361017, 720.5143116866185, 618.8202970272374, 36.051560418242296], "test_sigma_between_0_03": [370.83136363957476, 103.02980632185063, 33.145356318309496, 50.57459556782125, 34.716881482760066, 1272.4911393950447, 440.6311160283574, 43.08745571061881, 559.7166800838254, 1379.153365699378, 46.88580483523402, 44.01710800672878, 705.5369037979385, 85.79457788752185, -38.52780458070047, 1346.6042864723215, 1494.5854359469959, 48.9339634685457, 57.97873566068011, 1298.208776489489, 1134.264574038328, 1812.2122329392078, 1655.0465499178515, 72.631355249972, 58.14127551982237, 1662.453014230638, 1848.1391894320143, 187.0668072245593, 42.05436900586064, 42.11116446906817, 132.13372357948683, 283.6102281115877, 74.03919504262451, 1307.8913130582039, 148.86310263425693, 102.7041090443556, 54.382149869561566, 101.58871142261485, 703.656248203876, 47.577128411534055, 75.72941546157963, 1296.1497373254567, 1570.0214147217155, 66.56364876359733, 182.85154265625889, 44.78506552754988, 814.6754185414418, 6.848708590884053, 55.632757747072915, 49.45187425492477, 221.2732767348497, 190.0857288020343, 1664.4452187120573, 71.35991926423011, 1584.0209894011637, 49.9382045173523, 318.2064625929647, 1371.2459022573648, -29.800930413570317, 26.059434867982056, 256.7714874462546, 54.846213467873156, 60.71047783057292, 0.5257433361621223, 1551.6221674747567, 243.87653404389712, 363.0672062584782, 113.34025740708603, 1582.1336817904519, 1392.5269619472942, 1192.793344902315, 56.39960251891463, 224.71380709786035, 111.25716038461108, 1436.240685166772, 63.04718187670661, 83.55997703098257, 109.98249060160308, 1507.2376742911897, 20.168883466078846, 1298.6958255861687, 1037.6215859518022, 85.90634480618318, 51.319779563712665, 275.20748147847047, 348.26897084040536, 49.93853839255606, 339.5584379968685, 42.78457870409183, 52.41192527765671, 1635.1292523575814, 67.71520438282315, 108.62123946668001, 203.60081165231387, 1825.9190750191347, 36.30350563142566, 1556.1457252499192, 1713.8192287517118, 43.44015567967873, 1602.2104009197055], "test_sigma_between_0_07": [364.4365150196151, -392.01700185388324, 559.3330039799557, 30.19010927016206, 17.344370765544593, 265.8466737747978, 510.7738491690568, 28.631450873047285, 24.424568472334066, -60.856657649391856, 16.11283974828111, -52.34181395293854, 33.00383312327759, -129.2663930253213, 86.52566159458513, -690.2330245866024, -15.370790795994983, -196.35609354800528, 54.082037503537144, 13.975512721568519, 17.431527421039934, 233.33657922681172, 22.176037512408218, 24.027391613830694, -74.77368892141972, -6.853950074565365, -13.568686725864243, 141.4318554927813, 18.526785704899517, 47.03834876565526, -42.90332296718697, 2.644897440298519, 4.0735695419061795, 70.64344729372824, 267.98977508754916, -67.9177626454737, 51.427961102407444, 15.731546256647562, 12.777423131003161, 31.689457331247116, 122.1722311279853, 36.603216240742775, 10.827184873339139, -13.338503736432177, 12.882051009791036, 40.88281193308357, 60.988560726065735, 92.0395699504501, 15.991383421192587, 25.188050439994555, 47.18346211352037, 52.33512135642959, -77.10514800705131, 4.381036584882532, 38.32411257848435, 62.04089494768706, 146.20171771828612, 12.865256435723868, 26.401109289049057, 315.0509658603915, -168.64897168147866, -90.76665296653806, -40.480790035311664, 91.02977956324172, 760.5833257130175, 224.72743254360094, 46.94109037509333, 11.560222615866225, 5.562356622611696, 13.766447746541235, 51.483414671479835, 40.63041861339153, 12.991245241063007, 8.772190468721961, 12.600558217254, 2.045898333998048, 27.28767668159708, 18.85201471786713, 253.86012652810876, 11.688328244435253, 817.0851372012665, 3.531040977629891, 32.74359400636021, 96.88442825135574, -104.4494814514968, 14.193850853368348, 89.77106401660564, 48.137758524312815, 65.67413347767724, 103.82397209577464, 576.7810215161622, 23.92785968794924, 20.314787637340483, 7.757758281151473, 21.57383999310841, 11.955096592736666, -168.58450338048422, 12.658325477642936, 68.53776755295256, 6.847305658647382], "test_sigma_between_0_01": [1477.3193303267883, 1149.0835550515105, 90.8971331299428, 1674.8771785585307, 1770.357010316028, 1695.0511929163622, 1670.7158481595754, 1653.7867745380972, 307.98606091398415, 1723.167155035912, 1712.2434984542008, 1786.5823550980583, 1750.5653115141245, 1590.1825399116306, 1727.2170901184163, 1607.925393288518, 148.86504018601116, 1683.9091860557667, 1762.4095717697996, 1671.8259294749232, 1682.4859094365609, 164.7037509157555, 220.53744647675924, 1108.9292565027174, 1326.168039580112, 1562.6877198139753, 1425.555191410957, 1674.6578029935608, 1808.8573662441167, 1753.2385918321638, 1574.5817015031698, 402.1810223029433, 342.71114040774694, 1659.5482808463873, 1597.8092742436534, 1643.2141963062024, 36.38161460822011, 1851.3032946639553, 1709.2447860331645, 181.2927313910594, 1460.9427623875686, 1460.2248817785598, 1609.4905550507788, 1751.434973122375, 1455.4913099152616, 1622.0121242420244, 1575.090357182497, 1736.5238616842562, 1438.1880682904448, 1656.9563140514672, 1630.0438233628504, 1634.3107658871738, 1769.4005350286884, 1647.6715990306666, 1555.6463369803523, 1685.5411176977361, 1649.681575879193, 1862.5328236405448, 1594.9564525487815, 1745.6321587819677, 1657.3422042347197, 1733.4718571829821, 1666.911864467987, 1698.5985463550767, 1665.0199387367202, 1340.6140037454595, 219.1208643494422, 1698.7005857923841, 1662.582145705096, 1646.4825727402401, 1833.9376620872508, 1621.1095070440456, 1782.7844379314338, 1706.5761314854612, 142.475062182029, 1606.5648195082915, 1465.6235337682433, 1791.460759782068, 1813.6285296088665, 1848.1258859061375, 1656.5323386270352, 1604.8636385727712, 19.128962531688746, 273.56942471934576, 1498.1175277378222, 1637.4122324438833, 1704.4429651309356, 1593.406916982936, 1630.5050194023363, 1633.6523161240043, 1703.7435187748151, 402.4956354403023, 1769.3484544851171, 1560.1841852093528, 1595.2800306497886, 1345.615790509787, 1684.6614932722232, 1514.4384531991693, 1641.5359897671499, 206.41274008954795]}}}