{"walker_simple_sigma_05_seed_0": {"results": {"test_sigma_between_0_05": [571.5008184810633, 63.25239848968485, 709.8157217922352, 514.4410599654836, 799.2428708620472, 133.24889988594947, 641.1119861460593, 799.7295327496386, 56.54849120643485, 75.89418032328835, 106.56341691088463, 79.75686515092383, 799.9813817889544, 19.496032167508382, 798.3773063272525, 798.0899376512277, 192.42012241758502, 765.9872636807271, 494.73122983920825, 124.90037239595694, 666.2957808129286, 18.19177831510315, 505.7341811795445, 54.65878451937606, 606.0126067223304, 167.88794963062844, 270.64212224253134, 793.1512920953827, 154.615188974535, 691.4078556478868, 117.32602702231092, 69.69080220009344, 792.8302021071784, 73.03772796617848, 723.2440255130126, 48.30091480811387, 795.4349004239964, 321.0696540369101, 90.74347196351587, 797.0400492913819, 164.7828755847513, 808.7309457919492, 228.90193124559877, 695.788673234494, 879.7008145822099, 796.074705641146, 743.5119892583273, 75.90813148064044, 801.0878075158092, 131.68976334063922, 662.8937287834427, 135.07182256583332, 84.59517480398351, 331.9574334072838, 75.91225150206012, 580.6032410352192, 700.6900498585776, 195.66969601916054, 166.39511403788646, 206.49826694718078, 62.97765714194686, 797.3947536997829, 187.79673613774068, 295.5875206871992, 68.91802030341783, 193.4342852881891, 800.1506837734854, 23.50009082364704, 378.22627609204596, 56.237530239090844, 61.39912693067307, 674.5671038468749, 793.680128125149, 797.5313421174475, 797.9652949125184, 40.31905488297778, 179.6218871781907, 62.10052048742072, 82.3657236557265, 393.19665008185615, 53.81861960306123, 795.9946832233188, 799.6068798814888, 81.27533466024762, 155.42411350622578, 139.2747345011797, 123.59188052220559, 799.3357287643402, 796.7056116094253, 69.09452745934685, 134.9199301452231, 120.49619019453093, 789.3321507366479, 887.8435417229462, 795.5905686211944, 740.9561662424838, 689.2833365349487, 122.3134685088211, 148.3324312525758, 78.02125194306133], "test_sigma_between_0_03": [658.9193067794056, 124.16003469602585, 277.7382573614914, 94.23043561799568, 616.1801414680526, 745.6899115341968, 706.3901296949892, 487.73546492786556, 696.9166008307782, 158.69870980760464, 241.0682179229057, 796.074316206289, 659.0364554581079, 676.401187875769, 898.685050238563, 86.94530819175705, 809.9230494319797, 26.85419289408311, 153.39787795635624, 299.14116963307606, 86.57950256618209, 704.1398918354756, 82.15351712403499, 52.25014704112838, 155.94379431280547, 764.8431021806116, 699.405230923538, 216.5887995159138, 63.533127730219036, 302.9870005612934, 278.2213352672089, 152.19576005378775, 260.51574896516115, 196.77404481855038, 792.8474095946307, 794.9208910072275, 135.6283485817767, 726.5000305362349, 768.7541741113151, 95.73729040355684, 370.032608472609, 219.83369541490532, 794.2721594440477, 92.31264440687514, 903.5977749135898, 793.4929182052889, 173.76851497680266, 353.0828570862913, 479.363154907966, 789.8124887652446, 271.6445726133432, 690.719555211623, 690.5790463627932, 240.24254951289035, 797.0008885026931, 677.0952765276741, 216.0232059752234, 62.905656782985915, 899.4668953466289, 121.05911987808213, 257.11843492808396, 126.03252110170585, 689.6019208470998, 796.0329026158806, 199.5950672483552, 762.31387854887, 784.5994225279823, 255.394958312536, 380.6539608445032, 174.26355913973967, 98.34468239202687, 792.8232214927489, 336.9243820362444, 407.72112389577387, 113.8468656609868, 85.58343670461761, 115.07305359392623, 794.5660656220115, 797.9191752405787, 82.32179649208271, 262.58254632570174, 813.8212945784595, 796.690168611136, 27.48058962472861, 193.84873147212198, 78.83190063490179, 795.0366219863547, 791.1746309304684, 796.3427630668082, 107.58716596119194, 797.9693162956289, 142.65305993674406, 895.6639080863409, 787.1851095885153, 773.6407250663923, 792.2852274882305, 204.81530954166078, 218.337342883655, 51.40103138194681, 87.2475754536557], "test_sigma_between_0_07": [792.823901045945, 856.9200283082254, 113.6963701450965, 74.5603491560076, 125.06714097167853, 475.47667408355244, 874.889162678451, 99.12451409536587, 203.27145030873945, 624.3183540118526, 10.213817710863077, 2.477790711088165, 170.81827711836954, -22.84813151705749, 67.13100935772964, 800.7005366218687, 47.43016881410878, 892.7363997885928, 791.5142581784494, 22.75282803360168, 16.48420044066297, 844.1202244005815, 77.06467924512107, 88.54277722273545, 42.750093825267676, 177.2506506037345, 23.728923529481108, 399.2394558866827, 792.835213033358, 726.2694988905972, 11.254108010044728, 46.90456234313314, -2.517278328843533, 722.239042583716, 671.3956874556533, 680.6058308527131, 227.43912836137892, 121.66330373481178, 493.01104370168014, 891.0141286444041, 52.95625371606148, 146.0237903968519, 288.9591176462667, 857.8623519774166, 34.950097421494135, 73.06654108406073, 796.9646751131, 82.25103947632597, 83.59843595614944, -24.46701975098403, 71.82165530743079, 343.4135589650484, 3.2566170400372343, 10.84268623635289, 649.4521846634552, 621.4493797880455, 778.1245294704161, 46.91068785476672, 142.326815522011, 43.313247709981795, 632.9975645033942, -29.15177629580285, 896.6528008662099, 107.99015434003955, 74.56962216641985, 662.6115713495884, 204.98792570885553, 174.59501033318813, 24.807761459420725, 99.7013764868563, 104.64334171623484, 147.89697059347955, 84.4218646990048, -63.69538584830881, 53.20696115090979, 16.811473350455344, 51.886024775494306, 146.2881527776117, 40.24184790671133, 899.1880433978383, 404.12804700971174, 797.7127117377239, 79.60979237919386, 797.6038906047532, 14.704237368969189, 175.4796042478266, 694.0853935323838, 792.2765794693726, 817.0034634624307, 606.3319223408811, 605.4150078645192, 50.304567939596026, 83.16171734872191, -46.773602835378554, 79.62435869301554, 797.4084802877358, 787.5856820500179, 124.13433670028466, 40.23771598657476, 220.45703973038326], "test_sigma_between_0_01": [178.94959265323416, 72.47045087750013, 153.17307451891537, 350.4007833980256, 109.77361325674279, 796.041788692626, 175.07870775179757, 733.3487700665623, 792.2441280743603, 439.4042737199476, 123.17645453417059, 158.58194022039103, 129.01253545497602, 381.64666889848667, 178.29485171398397, 339.6587190972596, 169.12411668358843, 89.86009317565335, 156.91630554436264, 207.17760506477504, 154.80514387868456, 806.1694748727588, 105.87750452368924, 207.97981238028288, 257.0884477490764, 245.0246538343694, 201.2839603919843, 797.4978915787233, 702.7149274079416, 176.79830479926628, 792.3489075732601, 216.4972258904688, 220.65834817870788, 109.78284669926938, 792.2710889445202, 182.03672488920418, 299.86331327715595, 133.61175999422414, 727.2350690777372, 106.00816986691788, 274.99455443340986, 312.14622759030925, 212.27644314672222, 220.18826257563637, 109.76014340818801, 232.3537931268614, 797.4793365945012, 796.7892217568327, 203.53475626640292, 755.7993478651492, 347.01131202421965, 134.9612638696403, 781.5941273185457, 136.11360481734152, 159.06650117120606, 143.01664093979204, 796.8239259835319, 130.95121380932972, 109.92360297990243, 794.047718144833, 453.2670337212313, 215.79932357562208, 790.1483946418203, 310.6461792153351, 393.49821191824157, 258.9821817910641, 130.182870597257, 718.5395331812748, 82.83003490239206, 249.64378582224037, 783.1665625024074, 794.9604093385924, 479.87427578916356, 167.1059020531132, 104.7937823223037, 792.1741855410887, 148.45694636732804, 156.0589428314518, 212.80783096153758, 392.7968398417668, 764.5437419238255, 173.51992804613562, 156.84782827270539, 796.5021378011918, 271.6206385699379, 171.27962250653215, 794.3895053614193, 795.5794175935816, 350.79941631629475, 797.3434978799407, 180.74149340927255, 204.37730281554414, 205.21414290672706, 103.39297436767808, 163.9611347250101, 798.2639781436535, 709.1457884485608, 175.36206949832712, 794.3473666746464, 227.0047899289928]}}}