{"walker_attention_sigma_01_seed_2": {"results": {"test_sigma_between_0_05": [9.32614692228235, 58.46596426659088, 141.06275748255135, 8.425751622098325, 24.391477316820232, 283.9440981675436, -57.64148155234579, 1190.4720603619362, 32.1324925414141, 137.471793592468, 1077.3754629394325, 100.91465924049994, 171.21175138944528, 718.5418763640846, 49.42076218417643, 44.834245610880316, 79.12322758727821, 54.99321447309629, 53.725869198857986, -10.949430772344932, -19.29576251862309, -265.64064809767456, -55.54939984204685, 12.913013644225428, 32.85727669526095, 69.93439776352315, 75.46956694288966, 30.380357268573423, 35.544989030734, 123.36032107538047, 148.92880131120188, 167.8942512296053, 41.289776711337616, 114.65432906687202, 33.83753247461281, 43.11546931876362, 1497.780986390327, 1768.686287617214, 67.21043653883243, 31.55085586574569, 507.87831808098554, 256.91530545777806, -13.63991566643963, 479.38851407672007, -52.838073961935876, 84.78154715506099, 2.48835848240269, -34.837559124425745, 397.4857718509417, 61.368730633542874, 32.85102229813493, 114.7582037203989, 84.5815332756916, 279.6150057739302, 541.6473624095106, -26.107228064905218, 12.802309082397553, 52.874055520306875, 103.73155284198437, 31.43070651206653, 72.00836879134876, 129.75431672275303, 952.8026051003865, 171.9105348313794, -57.27170845052751, 1720.1421190875053, 1651.1438662214669, -18.351361733749208, 29.27394735743437, 59.6771078883219, -77.4831883469262, 23.23844587204949, 102.11242421611965, 26.820644469511176, 67.33348185219802, -25.371670669726157, 133.7225797315201, 50.2641098268403, 98.37139791675, 623.5785811353209, 56.86638938425021, 63.13764464213309, 45.92135307410647, 161.56552410509033, 1140.2948145237401, 21.915655458736, 31.549056706389813, 1290.8879333206628, 89.51751051302999, 41.78056828353438, 38.323434363184795, 40.88238551313116, 427.4266595963521, -23.623584966293127, 18.89053985702194, 57.22242596996074, 1234.4211294064455, 27.65910246902058, 958.8268358558331, 34.64833614185917], "test_sigma_between_0_03": [124.61607659466249, 69.74514643679575, 166.4366144127518, 50.72604544384958, 106.96875326735463, 1233.7469574689947, 1061.1670419945142, 82.81389802978082, 1382.6370250768437, 298.80027963463795, 43.12644447649801, 447.3125662957566, 1441.5009498122158, 204.28832374188494, -20.148879420035517, 1757.293151171553, 1631.4772293985984, 78.70894459639092, 70.12789491769655, 1828.393356978135, 1468.838343060458, 1903.9927979456302, 1629.5973689669418, 34.781671808386456, 77.78356411944262, 1755.1668280948622, 1925.3462778073024, 309.26060533021507, 50.293218512111345, 104.57576608867673, 90.71118243391247, 433.21816880511057, 624.2183602081626, 1268.6199457893679, 210.93642478113023, 1356.306247751364, 1249.8511833490572, 1844.8803917371479, 1377.1552028879028, 90.2591097096898, 1821.0423614041513, 1294.5333154231487, 1737.8116757927085, 67.76093307223057, -0.534858691750566, 274.56947754268185, 1893.8224234475417, 73.72107302295045, 62.15697668433132, 83.06029856499808, 178.7450358148097, 1644.1853960938533, 1472.7038366234692, 1379.5318386505232, 84.08629004585526, 79.61330700321123, 1590.7012906658229, 1715.0612209817286, -3.7877948630004576, 95.98114699967411, 296.79456960421226, 1990.3544685253103, 189.79785958336427, 257.50955648113614, 1831.701743273325, 1511.1861191348507, 73.35518960825576, 1857.7366977109957, 1166.0457849631769, 1616.527320451161, 1723.5960279461779, 506.47718186736165, 268.16565065903416, 327.54725758558646, 1707.2676880208596, 69.95743685185298, 187.22232799582704, 62.876944468432335, 75.49385081354848, 38.09433724756819, 1248.4100051358487, 1669.7774022627755, 90.17649483090938, 1730.9328290586068, 1429.8635586408761, 77.60283314249244, 37.462053096656746, 330.50133971448963, 88.13468740187237, 517.3378193915954, 1407.0751324224907, 149.43240687273357, 667.1144744278081, 1392.9035329572027, 970.9721586055078, 1981.2290905089767, 108.27726015682421, 1820.654218265839, 77.66080121910782, 1498.363325467519], "test_sigma_between_0_07": [90.24480438657494, -39.98900592382706, 100.76173668883561, -26.610746108851167, 52.335165107763906, 1765.8033099475324, 5.278489840553084, 45.13976777850476, 101.28930118510182, -34.97768668264035, 22.88541819940001, -110.94231173085427, 72.54221346153062, -73.5834903826777, 62.02022466283961, -48.846778931110755, 16.381633242752287, -21.344430940173336, 82.52624867541745, 49.95965412085643, -13.147718083357907, 54.42713052981707, -18.925123889843235, 43.83649136262394, -63.924518895277295, 50.23347350562399, 1.7405394750909184, 1090.0469854832206, 25.140506541910863, 4.1173505963510255, -15.207638578450133, -3.7442112687262106, -18.293634651570752, 199.40918985332684, 225.62586808296626, -37.31467562114996, 559.4891940413389, 16.708885473897684, 14.983658267009012, 7.366082641141839, 235.5418014093201, 18.837701726263912, 29.041802767175245, 7.642465042020195, 32.32080778331437, 57.39330468919798, 298.8032642785574, 320.0515410995547, 28.104026190916198, -54.30834028400714, 74.41055076237681, 161.46907842672215, -84.10584212698451, 19.39834969792573, 53.743730957891955, 34.011907909983705, 105.19461217662173, 41.51872454068361, 0.05785128966526687, 275.9545596772688, -26.70431434482453, -72.8854239635024, 17.200607415042757, 93.31273049661249, 450.0796963511793, 1353.195400883485, 1962.7987190240103, 14.469570976555408, -11.63391094843537, 23.982300919735273, 41.332903915598585, 43.46964276279322, 27.998699506385314, -33.53361952001433, 19.130504465450944, 10.906374545180006, 22.12198903557728, 29.87599597952504, 18.414896387186307, -31.13589237000125, 1196.4982560337708, 85.46080103487618, 41.99115952789144, 115.55495773317818, -145.08931213996837, 129.38110285288428, 1194.831306394112, 85.60120454373971, 114.84622806276163, -3.2775378686914336, 582.1620871492968, 35.9937708844358, 24.955833279204676, 7.329049619128638, 122.75749766928492, -5.790500856675499, -31.723555052466693, 40.20875830461881, 14.205606272739537, 39.742840910417726],