{"walker_attention_no_encoding_sigma_03_seed_3": {"results": {"test_sigma_between_0_05": [77.27083038583899, 59.76877258230499, 633.7992251079195, 124.51182224164582, 578.3893120116026, 162.56455942382158, -59.511504465815996, 627.0213392141234, -155.23524359902692, 13.992471850658594, 132.7250445868194, 109.76594175673723, 158.81461590132653, 537.9913986871618, 623.0006457239176, 88.23729978770312, 115.45313040177543, 92.0827419351906, 111.13765067422601, 37.7345967472381, 37.847931153547684, -65.5909018031501, -588.9602683499203, 5.9303671192616845, 632.5420834852569, 614.6733843038579, 136.14712236730384, 58.308718010135316, 132.463965201079, 261.18129876467117, 158.33570077595272, 77.83977418913138, 425.30231549923036, 114.45927411215665, 633.5616725769844, 527.9909156873683, 134.40867530891245, 877.6111837978818, -4.3122333615602155, 648.9742858695128, 89.84777421283229, 641.7527421474655, 119.88796977218082, 611.156271132309, 631.854483157926, 91.35194022743413, 249.66909210627728, 16.41385564678707, 136.35455412693682, 892.1096318007611, 63.48427968764504, 90.92550010264476, 528.1539096462907, 91.91364160397264, 849.8433602447417, -249.6740083160527, 42.57207330766508, 46.34969007317328, 84.68471286145211, 142.4232821293952, 90.76052831997514, 92.7111030860449, 122.40319157282146, 661.6292071131327, -250.2235069015498, 102.15334292695673, 272.8359952071832, 612.8192863733506, 98.03140509072243, 105.05800678238998, -127.87724872545368, 233.23233334703852, 111.81241428938344, 422.4745722988581, 603.2179491289724, 38.26374579192166, 141.8711242019125, -22.970794955259603, 158.2470396006986, 116.27734044052133, 81.91638260437604, -14.468841512606826, 129.1795562966214, 179.5372929934228, 87.15122223619088, 88.11948923583228, 125.28911289348397, 108.25486454719271, 12.208874200516787, 77.3681700702257, 105.87253405018225, 91.88210201679495, 634.9640551739798, 545.4922445876923, 610.5649333137123, 12.445406959043625, 77.98135948166113, 77.57497111642763, 611.3942103650727, 69.2579888674724], "test_sigma_between_0_03": [208.34962223623504, 114.05835180955299, 185.7698847130577, 80.92605755085047, 119.68532052778532, 102.8776656697238, 817.0081378409973, 104.74272563006106, 571.7132513881178, 624.0289669208305, 290.376704173562, 645.9001584188231, 579.0003005212071, 621.3831406769317, 625.3836776060388, 105.53491373491495, 638.6761476650242, 959.457267628719, 93.63595934972115, 123.00511354625915, 153.3845509229926, 637.393370405698, 100.24852710846676, 84.21203446650648, 132.92514777836695, 126.89149768657873, 619.9328169102711, 721.4748991973801, 253.9283275523912, 233.7758338766219, 183.94313875968263, 126.68246274956525, 146.80686252655403, 103.62169588396337, 631.5028004810528, 627.789152562153, 596.326466896108, 299.8465076344917, 611.2005977048996, 643.3667652699039, 87.65373641820226, 104.86748980044368, 623.649448715926, 167.61724704299374, 445.86764306218663, 207.7090699634761, 120.23954135177318, 157.65446244057853, 120.01960381690654, 766.5997766322456, 157.50995505815843, 627.3006571676235, 654.8925134910438, 626.9239708007377, 121.74626902666063, 243.04646995244923, 222.65545827881087, 76.15594101512411, 634.3184526142888, 770.2494080159453, 639.5152754559838, 102.12152198098323, 138.6106942511825, 635.6504255091367, 149.26707875801975, 614.4395913138699, 769.9584404169367, 83.00775455011379, 545.9463533398254, 160.65907166825625, 728.5821739161524, 80.24429636602272, 965.5132986674541, 148.55702179095857, 133.04330365411803, 76.06657371582489, 176.23325349760466, 27.491083038182126, 626.8786656546395, 75.32903281166523, 131.12470829720536, 646.8424241868123, 17.469232955443506, 631.6521050024958, 90.77035387922608, 124.97796205370452, 191.77765255031753, 646.5864474059393, 556.0413137139391, 209.79509986416474, 131.7914485639738, 184.5994040050623, 843.1773865366827, 635.6875755048553, 863.921420481418, 614.6096662927637, 162.32330530587606, 643.394988952439, 64.02537973566183, 619.3673548646756], "test_sigma_between_0_07": [648.6356461031205, 487.83575015952005, 73.94053094448407, -28.879338919424825, 131.5486346238801, 58.58745905446263, -19.14892494324694, 38.149577831265695, 150.71661870203135, -55.25153669579609, 83.71820664317717, -46.796743900834656, 75.81331725731698, -84.83870037475594, 164.5667447030126, 576.3498569631043, 33.5915754241051, 616.0242256403787, 81.62934354657324, 405.6263484352836, -43.92590612784613, 112.23833701270517, -9.626822200470242, 133.76238478038712, -176.58884566670858, 496.7442228083487, -0.4829130767196239, 645.0922793986532, 51.47350613263492, 101.00336276296545, 15.3142604529844, 152.56482643183816, -121.21822096287812, 79.09848894162327, 627.8914742684959, 375.5532215090231, 629.179645640238, 66.55041067313874, 439.49517262715597, 626.8703747069724, 95.53368271561403, 85.55574056936797, 94.46730654401729, 557.0535379536044, -625.0972990178132, 5.346475419035702, 631.4428023956448, 127.20002627243903, 104.75515286744087, -365.7532631891592, 219.51717552640804, 81.5416392652841, 25.185241971150262, 718.067343699088, 84.07557068130043, 112.92995654050657, 612.4136107025571, 417.4270864297843, -33.289078665168425, 768.017760532144, -57.414394720977306, -119.960612601268, 613.4003584775545, 128.0624167942792, 865.5637394913941, 645.8803167989149, 93.8107116414643, 498.36070748393684, -42.04475895305354, 88.29560088530039, 84.19766302917091, 81.28747788134565, 533.9942505826455, -238.92396096580785, 17.828457886893013, 617.6044493476181, 58.49509254146258, 35.83871508110626, 89.8915519725067, 640.0894148820763, 678.1613767317077, 489.5647169650647, 67.07903738907757, 128.97709442285665, -67.05732182767112, 113.5620926010782, 113.49975180424991, 494.7955459833215, 89.88012897236031, 122.38635189843092, 636.3681122828955, 61.57461178849441, 414.9637810924109, -51.9241614893921, 131.55107483449072, 459.12920298625784, 30.391606513738765, 94.57229567939429, 0.5629610835083327, 59.85080904623724], "test_sigma_between_0_01": [108.34944728418185, 111.88440235590839, 94.49410103768005, 149.00820271125244, 200.67380315683783, 121.82749864324006, 254.67592237746146, 103.28121937252514, 152.03382896067492, 650.4396673906822, 157.42123737933812, 872.0871065565855, 639.4715168991827, 149.49267430657073, 81.45247213414602, 132.8601354260847, 640.4626654044221, 129.81576028848136, 136.43040801711265, 230.8949739384704, 124.72489662347417, 131.9759026367296, 102.13561075482016, 621.6389955677979, 134.46154925718994, 117.5347638487316, 129.67290591808882, 141.06719201021716, 875.6614447116066, 120.11317285365817, 256.19424239101505, 659.4879543536073, 275.0645815440431, 242.79714988854204, 202.8028173077157, 82.31690168092703, 136.17821761651874, 213.53482047395548, 866.8104422250434, 152.80044484841437, 94.26194595795872, 82.81875103845698, 210.34346311629332, 223.6267030611146, 118.17656262401606, 685.9698753630357, 136.96732939291098, 644.1967140487529, 120.74850801654625, 113.77123005944826, 160.29578360611495, 419.44088578182703, 167.68292591591907, 202.04394865933486, 627.6377538342372, 76.16351582925752, 150.69822489626537, 226.2804975327578, 84.32450366419248, 134.54650423811648, 139.96063247052402, 12.268170795101486, 115.35580102297882, 629.3980799213688, 623.6791124289865, 96.13118340708053, 144.00010267152095, 183.01602861855017, 688.9295737729268, 656.1877168894085, 641.0967346122671, 170.22823501495844, 122.49228597428832, 205.91119853490193, 178.2452333910729, 110.12832349547564, 104.55276942742734, 171.11640716106035, 93.0503821106143, 238.07540201067314, 82.76982663891502, 130.53045273420315, 247.57707024977205, 62.369222671722895, 239.71605687907075, 889.462896562115, 869.0346786703992, 100.10502667442282, 380.0992483141828, 389.6612814917724, 887.6574310336923, 552.2108294179687, 99.14403485933197, 222.7912279069047, 154.41821858209948, 123.56489732757649, 881.3959527973255, 88.01759821334498, 148.3731009116951, 165.31041551982383]}}}