{"walker_simple_sigma_01_seed_0": {"results": {"test_sigma_between_0_05": [149.81465697344245, 164.08338511391477, 65.14449417230063, 533.1076230291159, 51.61948505410836, 575.9531956086151, -44.58380013389252, 105.97128118827237, 241.51378499751144, 1338.654075316683, 22.85263304583641, 109.92664173665396, 58.144863461759805, 6.5643858595780324, 39.425230401012236, 56.32863756901352, 88.6519252494487, 51.39034179000156, 51.527809793360944, 182.0414610703956, 166.8304489862407, -51.98567208235037, 43.017601293546605, 183.9657772564475, 1302.1291206231328, 1972.7044026738026, 689.1786986018033, 30.932093410940432, 393.0281497347169, 284.1643747700582, 31.38687280580925, 49.41896694969183, 58.266382654740305, 270.8130249107024, 106.89826585590201, 61.121090297077906, 137.28534788223334, 1741.9359000820114, 45.322023887651454, 81.39177681706641, 65.1365531253192, 299.31777577702616, -75.70881113334033, 95.57415576343338, -20.246775076104672, 55.654212964152975, 246.50203918645872, -97.7344028615931, 64.30307208009471, 1840.1117501495175, 129.53403430391913, 186.1110705140017, 44.43796200331418, 305.75322215026245, 291.7739455762946, 8.193621265733965, -8.401010979093552, 47.67114774666405, 355.23334816795824, 32.299776150696566, 35.246014558432215, 127.8379737110881, 916.7956469910459, 190.07034864545565, -53.02436779872805, 1786.0585337653508, 1805.4449499199718, 110.63059086168496, 31.2297568673661, 136.57006051461508, -90.06094661121752, 114.17778344640246, 760.8048832683025, 66.97113229601528, 191.88429295954853, -221.17658323139045, 102.11152047208739, 9.228285585739648, 110.53817972352991, 104.82023427448438, 68.93980521174092, 46.88948184481561, 92.78167854331694, 99.49619310301206, 714.7763050994557, 48.00784482823366, 29.415803485276403, 99.91170981257314, 79.88505413288074, 75.96198943195924, 33.22263306653621, 69.52822741718263, 65.73467411379822, 278.6126098583831, 213.55594800346296, 45.54826229986939, 154.06907886953414, 739.1827536918825, 113.14278724412574, 27.27094096018118], "test_sigma_between_0_03": [1972.6976134984207, 764.4024823265457, 441.3413478388087, 95.12194988848788, 211.22856282210415, 103.16600101643849, 212.58020994765542, 118.05887704557685, 1463.3050444401688, 1707.23662888322, 87.7807303826441, 105.00863461225961, 524.9189921677507, 1847.43128100132, 6.473691069599591, 1732.3047382881186, 1712.1059485068897, 124.40359244402497, 99.66175697368453, 1856.958973824275, 472.8016492599041, 1967.8775469632226, 269.5811839490664, 82.2505631094711, 76.98001283996561, 1842.9373258899739, 2081.5358679892993, 417.2748812509979, 105.5483332847216, 140.32814724727356, 132.83678371618007, 576.9187419308304, 289.2844670254113, 1354.3788057231893, 185.66441127729917, 100.70759283789812, 294.1143527312509, 2012.4083651214312, 123.60250379185018, 87.55587389395221, 584.095980595426, 393.0213885234972, 1833.3901562049543, 98.28274060559342, 63.22958140589324, 2108.6116520582395, 1940.2206289488906, 59.446409935093826, 90.91413708911425, 64.8011088859901, 26.07288020535489, 681.0588515204377, 194.11869519268797, 292.5040919431411, 1834.827930284101, 121.01530780757308, 445.0111328507698, 1007.071771388667, 8.917552593479915, 99.4873132275272, 898.8395625840261, 1996.653481355636, 291.722326023443, 86.46791956158128, 1814.5270339114613, 771.3591438429526, 28.51274113382824, 1804.123299033291, 103.29785315470501, 1723.412523344853, 1853.5707529024112, 2057.228128745985, 403.59044768846474, 318.1360257097957, 1797.079330040861, 120.48210975463299, 242.1486106130805, 31.32687351600762, 180.63940854781683, 66.09419356486612, 27.890777037781657, 1755.8504208889037, 133.5057062353575, 2001.5850004744539, 217.3518739192121, 184.43993340255253, 32.040543589272424, 2098.1978583173977, 72.98841801576346, 2066.326748098364, 906.305695029766, 1863.3747720920999, 302.8630808173098, 70.94984015788214, 1190.23274129692, 2033.4233182718922, 182.83642595345745, 515.3269495814924, 109.2644905933091, 844.7322159159473], "test_sigma_between_0_07": [388.3191363347768, -47.91049731064995, 58.066161769373885, 47.34706475278656, 43.52501188839961, 1906.6179098738833, 138.8343179320203, 71.65979933535273, 117.25596844720567, -9.838678041844105, 8.326722013021934, -117.52116574880056, 204.14922141449935, -122.75264816872804, 26.424000584761963, -17.22918684300967, 6.779620508672087, 76.54701668746712, 57.24632921614103, 20.193242115111207, 21.56383408108814, 165.06246356700876, 10.347566304147767, 73.826630626063, -74.97888212713154, 81.52188349787177, -13.037861835309014, 286.03242964204543, 27.697686389597948, 31.457237457121664, -48.126787020479966, 2.5885379034778433, -35.600907021203604, 864.1961768713811, 106.52116812410237, -161.91621373130033, 1990.1980383808418, 35.53918210163102, 20.662820628957704, 42.40951793009299, 111.26903019679301, 29.937750291133124, 76.08073469661464, -24.35052785484296, 2.067917195575137, 67.61068992279324, 78.63236744341266, 231.84716561743258, 29.601695933195877, -35.681875306545415, 82.19798872580286, 176.27808373304723, -3.1459670425057995, 11.977067043854914, 36.62545517814141, 166.00760163234213, 175.93855873416035, 40.572408580219765, 9.884118399255385, 25.551029421083516, -50.04695156092348, -158.38245463731144, -194.33318816914556, 185.30823939720875, 51.16690720667973, 1450.3457921738952, 1746.3040068047499, 23.869648822935414, -26.237467669470067, 28.806756643291735, 111.8521656734214, 58.586495358354284, 40.81436994484975, 14.044570172429667, 64.51969251310365, 6.259207476678421, 20.382256711293305, 22.517362487847272, 21.93382832661737, 73.03657340459903, 138.70339886068103, 77.76391676817147, 46.017709422967144, 174.53091555514263, -87.6878456058112, 18.02970701601444, 402.5529408409856, 57.08345998798468, 125.65503757263943, 432.41716750120804, 54.54090162708309, 63.20831174135532, 29.408071635027596, 16.83199162930832, 185.55497743968445, 0.9386628018910412, -160.5867228217568, 34.2538045157431, 29.618126213559293, 24.969830654123495], "test_sigma_between_0_01": [1848.7707828761988, 1974.4023243302618, 2036.7356584518077, 1948.3507438906233, 2054.277015637972, 2021.8095833540804, 2012.822479716706, 1916.5600550786935, 2014.8371438901577, 2038.3806167515904, 2012.1481922230832, 2100.739054672339, 2051.7548953462056, 1939.0266521491853, 2035.4673246805435, 1986.9577617613904, 2010.499220612047, 2113.210652670983, 2089.3167121710144, 1999.8216285833014, 1977.0590845144643, 1971.0836943476593, 1954.9647260726877, 2026.3005639472747, 1905.2835872035007, 1862.7706216273268, 1960.2383283611814, 1970.6396635092017, 2095.929326912179, 2115.191302120243, 1880.1168241291393, 2073.330117186261, 2056.316933065101, 1945.0628712478374, 1876.3833247093946, 1955.5909890543578, 2033.4124241156928, 2048.947035594461, 2038.1058119655938, 1924.418730845469, 1954.7887802055961, 1259.4074491237188, 1873.5086034767467, 2055.3326611540365, 1864.3504759776101, 1911.488405446931, 1892.812183412145, 2051.931995834693, 1944.335009024498, 1999.0795027250642, 1942.0655227952857, 1949.0898941355151, 2051.5512790103867, 1913.9367847528952, 1812.3295556081782, 2009.7372972732567, 1956.9650810201997, 171.78453773034133, 1914.23577514404, 2089.315921407785, 1957.2285551256311, 2029.7394964420514, 1996.0492975449504, 2074.235228823811, 1986.2141321606714, 1807.489379462151, 2000.8240265793067, 1904.4467029735792, 2040.3597592814936, 2002.4864710408763, 2032.1823291220126, 1886.5892305837858, 2070.931430391169, 2003.9542694543431, 2063.6012971285486, 1923.1526464364385, 2010.8721794214864, 2086.48513836561, 2107.393450193361, 2017.4192486484815, 2005.4735448095676, 1942.834729996182, 2026.8474507836695, 1905.8183961340644, 1908.6381329954386, 2057.3979990279354, 2026.7094433109742, 1979.094747182928, 1970.9997075634126, 1900.1424946002185, 2010.5695234906457, 2094.116634837839, 2102.388190965694, 1919.7717044931342, 1927.8355459811273, 1865.6351272270706, 1934.631726890582, 1852.6271985772344, 1954.4128758985776, 2033.5708839717552]}}}