{"walker_adapted_sigma_05_seed_0": {"results": {"test_sigma_between_0_05": [498.42509438278523, 731.1703617288499, 196.4714848660121, 579.496072087926, 752.9509023307555, 78.20759855432698, 759.2277349806506, 743.0282874537007, 534.277281677747, 742.294598662409, 273.8623952612019, 758.1224484044899, 839.7703639825942, 748.0897689277793, 767.0119722727525, 347.9389953217148, 105.0486768713905, 744.0949460903362, 66.85021764625854, 452.8108199032032, 735.0837479207316, 760.6117684538333, -4.54564000783721, 723.9892238321462, 736.2495889673049, 761.5638051643649, 580.934521085044, 716.8867242251516, 142.31998020159955, 766.1415247057579, 68.05807634240335, 472.5573461174528, 32.91030608598519, 258.1433672012342, 763.8781350738703, 846.7915314688582, 756.1962599238925, 759.2030397188098, 487.906437358609, 760.2141267118595, 47.05876306206482, 748.1867242015235, 743.2198175528284, 762.0537579827446, 759.1540067776713, 830.4499295804054, 548.3269347691173, 128.8969601929668, 384.67651604040867, 760.435626693209, 605.0997394016397, 748.630975639619, 851.0334728252473, 732.301027183804, 747.0031669967079, 725.9229827405326, 729.2910301564646, 668.6638861199085, 68.8550670207289, 766.1764897027407, 670.9017775649421, 763.2599404532244, 757.2472820591242, 106.55932636600045, 764.1479711089054, 54.5536847755502, 749.0613109740292, 64.78760796559654, 762.959827349049, 750.032857940492, 33.70373317774065, 137.90090270668304, 116.35257837747778, 89.60200367098587, 747.7535568841387, 749.6267562760693, 757.4566396352735, 2.829129132075467, 37.59204377442803, 741.7079528064475, 427.68823420958216, 20.09943962126709, 229.32454722092064, 754.4709559581061, 81.6904504197679, 149.26078339848326, 755.3994995562175, 174.07200946545493, 845.4143255129788, 847.2430250298892, 764.5961574806125, 745.6935512524304, 60.99388328935165, 648.1565513234368, 753.6409784866825, 367.6779417379392, 757.2295549444257, 26.171691780685805, 758.5951053165891, 78.61566597477501], "test_sigma_between_0_03": [753.2699751075623, 757.5178690315742, 651.1650091142806, 765.4446387008009, 120.14456537908843, 791.7432568082074, 749.4253535993327, 742.0497180075849, 753.7573621398604, 744.5061021282432, 753.7704322345483, 765.0685061300723, 757.54450521233, 754.0246232664069, 768.8358947226787, 331.32393156084294, 747.9493067351543, 762.5530314855156, 746.0145235060419, 757.3812538857795, 754.228843718247, 758.3444161120915, 754.6402442293305, 249.0969854232608, 491.3792666582244, 447.7968111956192, 761.409583532714, 760.1609319015805, 756.9252611400044, 756.4859461881665, 752.9578792991256, 753.462294974179, 749.5902580687408, 759.8658124743453, 760.4269339816055, 749.1439710212719, 755.4641941507459, 740.3090034344876, 754.1782776765871, 806.3716292836235, 379.12149115571526, 90.47288144391788, 744.8128591288233, 770.4764297776737, 81.36712938117414, 764.5534518587881, 153.42393526313384, 761.0548119254127, 770.9042489643939, 429.53544903184826, 481.8162140479355, 754.5952107448111, 750.1078965423042, 761.571986182819, 755.1368783287272, 647.7933860805542, 89.76986001829066, 180.78385049784987, 737.972249522453, 752.603500964054, 746.5986467596788, 751.7905972170158, 739.6616222340763, 735.0609187704937, 759.9746437863845, 47.3090643378222, 85.86146145421081, 747.7812775789567, 140.89139112410624, 93.30981109938733, 741.5653778000608, 757.7088147307285, 738.5514229987639, 758.6524264479706, 743.0691942178743, 385.0244977955663, 112.66709279654894, 754.7829594826029, 769.2004162958922, 38.51251885969541, 752.5367997892462, 747.4114245607375, 760.213488930927, 764.5759107449444, 768.0309232591002, 175.7021062434665, 758.0870246039491, 664.3546484924726, 754.6720438774844, 762.4401871937257, 762.1105023115117, 761.7002173454154, 757.9143649980134, 749.2941387595121, 735.3428308215597, 769.0645042849743, 760.521123950909, 732.7855497911028, 755.5043608396772, 751.9399895814872], "test_sigma_between_0_07": [754.6375897810501, 68.63584830695764, 319.52197746410513, 695.5678868814857, 123.74331472694317, 753.7316420797079, 121.65574411433339, 537.5827582864972, 729.2294687344794, 92.75671395945099, 26.03274609116198, 512.1158765361517, 558.8379731903361, 307.7668819855286, 603.93508353664, 26.65575926184974, 42.433843604635335, 259.56096457331154, 814.83124125425, 690.6144458697208, 11.561399309059198, 67.76827862569915, 529.0378043133506, 763.0131643969896, 323.99108925898344, 513.7472619800933, 29.682480018572832, 772.0940997899543, 761.6457237810451, 28.805188448098463, -13.35770011507993, 45.10272865524604, 495.3423180858233, 572.7372147574181, 758.3971410336451, 51.45659519764887, 760.744938186444, 29.885327319735367, 144.0745304494485, 167.68533806414047, 102.4459078864791, 727.3087788780622, 620.6489562929083, 20.71405207043279, 26.262109069278814, 93.33382109429513, 741.7829869123138, 36.286863405819155, 20.10541822515661, -76.14676455718146, 761.6369750585737, 616.3552633669934, 17.018066703110524, 43.20415374098957, 174.87044310353087, 591.8679773283628, 754.3996290585693, 748.1922771774372, 449.81134437801995, 76.99401773530846, 39.248850529061755, -5.43314875528886, 768.5456296439952, 713.0025278198138, 28.131456339381113, 81.20886355108814, 571.4017105882724, 145.07980663091732, -128.28897892874522, 258.10250840237427, 755.0853319282937, 65.7712719954361, 752.3199165882266, -20.491726099967494, 16.47177610399959, 19.065406546017037, 61.18492778493527, 134.75338470848217, 55.30513827586401, 756.1194069954857, 676.3322761739614, 114.16629332678575, 54.397548956553514, 745.2847707206199, 6.640707040492272, 780.4062942736088, 733.6744698613104, 767.3703761787804, 242.82143920166573, 662.2016725646213, 733.312185783373, 144.23402403603822, 132.14300098935345, -47.06363091567327, 158.5507521624081, -149.72428560187464, 752.136919062292, 32.21409339263918, 601.5587104001523, 93.56802721857385], "test_sigma_between_0_01": [850.2275368899191, 133.3277113329197, 774.0907262369768, 761.1296125038274, 68.17926271144823, 761.9019299759905, 763.221709402569, 740.1459140176678, 757.8687297215978, 769.9335479383874, 755.5531118721207, 763.0753106171412, 756.2580197537495, 761.169265128908, 765.1572752529005, 760.5760639465941, 766.4656985329367, 766.495902711707, 766.418891838085, 755.2229299197293, 520.8394831599347, 764.2750387633694, 755.9621898545485, 751.7352142629985, 752.692766770647, 765.443949237287, 766.3478788842737, 766.848919282804, 769.5949767315947, 760.2998647238013, 748.2648914041337, 752.6224292188978, 765.1997951748643, 760.1287362390874, 752.7386068333402, 768.0097344184439, 762.453519677038, 755.6750407808188, 766.4822390732204, 766.8997133547734, 93.82364184835168, 85.75600956170675, 755.042901760704, 760.2407506868461, 765.892552999951, 766.5364831428365, 763.720140320392, 750.8361409020512, 84.80632372732654, 747.8236802378027, 761.3772667474718, 762.6518242087975, 764.7466326847109, 755.3827709102966, 99.25847077077047, 754.5620633945716, 753.5958698480373, 765.7416593797811, 757.8724944431012, 748.8479216480413, 764.4998601623572, 759.9668972022986, 771.3589880415885, 763.686463162528, 756.887871561451, 755.8216159819193, 760.30652371449, 768.5005958036211, 762.2833347633223, 757.8137880524454, 143.9468059923936, 762.8281984392243, 768.6156706610144, 753.890529446105, 760.3809962327072, 756.9545420995479, 767.225378281587, 754.5974240712846, 764.6104522892792, 758.0167880154826, 763.9876860041367, 761.7575377775735, 68.31226374946709, 73.61686907059918, 761.4922235244929, 757.1236313077848, 766.5526828510204, 768.243484011477, 696.2261640124628, 750.5071823922166, 763.1909361654616, 749.156012911996, 772.6111397462413, 772.4619360667673, 757.9356545281225, 758.3143477351134, 763.0711766942285, 767.6254525520667, 758.7911512651857, 766.6610564144099]}}}