{"walker_attention_sigma_05_seed_1": {"results": {"test_sigma_between_0_05": [817.8649036479142, 208.24971657595023, 979.3833717035064, 950.2751275151609, 966.6933309685386, 964.2061512983588, 18.884407002024815, 970.4556592841805, 451.85822017752986, 972.4232359002079, 948.1409506426079, 179.53572773461494, 985.7088012063945, 971.8065493856752, 0.22106485611293403, 103.41362334815784, 184.91181009776616, 962.037693280069, 24.2495821489283, 930.5980019650107, 941.9429187546359, -1.9794653248143756, 281.89550846552885, 26.278863262283263, 986.642336566922, 968.9275479657115, 332.39117194475705, 134.82561934005932, 985.0938929034879, 969.0260035650124, 970.8243074662776, 980.7911112400957, 59.630415462242674, 55.31732108017166, 959.4917819027979, 96.28999528077695, 980.2101347335613, 968.4063202845193, 11.238151002173252, 961.0362707061922, 959.8620843779813, 97.10988275290146, 798.26333321405, 981.4455696883615, 863.021883573054, 745.8873206906447, 902.101095619231, 591.2981493629999, 2.4025816089939322, 975.2055153473381, 628.8263549137597, 971.1583732245995, 140.7529142257699, 981.01309064267, 957.7217716527824, 800.4337145055722, 871.3201770118342, 56.77986766380493, 978.3915929020999, 446.2345267598416, 24.61607146314055, 620.6773512334922, 971.870972061291, 957.5011126274302, 835.1831804233373, 15.897358199389418, 974.5380315253891, 27.369157970452214, 270.90387579831713, 456.6502467943429, -43.6117790232238, 96.30640134343409, 916.5311734033485, 119.9747968702227, 960.7841741444086, -7.80782742600859, 870.096820088661, -9.547024828370196, 128.67179570981682, 974.0055647801207, 68.68973753245223, 35.013918113804564, 123.76430749720747, 970.5057944459508, 966.2781490968009, 41.433260480361064, 32.85547608199267, 974.1397857979704, 326.11288321441987, 199.96779496011305, 963.838347352033, 148.75878593121448, 977.1597632563505, 969.8646237578062, 969.966742263175, 18.91295625322382, 970.7737573024069, 7.620969936079926, 969.2945589482191, 91.90171190947585], "test_sigma_between_0_03": [950.506405768748, 971.8276482942416, 935.6833702445085, 473.57252007737725, 135.85491828311064, 976.2734089748903, 954.0520349868451, 191.8940876515407, 982.2140636863941, 955.1079097301853, 36.607311989787576, 967.9499599551747, 974.1495104160688, 966.4710938353518, 889.0707081567855, 116.98942060555129, 967.5050613786735, 944.900110706396, 972.6657444826573, 980.0713165883304, 963.161028088988, 970.4008355667941, 964.2139129016754, 909.286142611163, 254.22814488445576, 970.0275705072283, 966.9743424588061, 978.0936012176462, 148.03399221029397, 75.17911292241624, 978.0083053252355, 961.9442642153002, 976.1467816330602, 953.3569866815634, 974.6639530173846, 450.49918975698114, 960.6062260716297, 971.4852974828837, 957.999269816835, 586.1396802369253, 969.7490684649815, 976.8824601129885, 964.1129830525434, 646.0675856263962, 902.2035766877177, 970.4412223342803, 973.8073328757257, 78.83526856616086, 73.82748059805016, 29.463622285833125, 959.3178840179985, 956.2648540350342, 975.248690370325, 963.6153504555499, 974.8368404153634, 15.993447635353366, 934.7746138209063, 975.3354200370748, 948.6085424721799, 708.8152191287884, 927.4783812448175, 966.4922751694286, 942.5006014170536, 900.0608586180365, 243.0530664757651, 978.2183177583432, 956.0414300285037, 948.9003145151243, 966.7934677122398, 983.0140524773905, 963.4294940448779, 115.56064746886113, 966.3285384539566, 976.3847239523498, 973.5745927910319, 74.81138290957314, 974.6952945001361, 963.7504976468484, 987.1313200805461, 20.797814286110224, 953.2510648348201, 977.2813482497913, 362.1008507071295, 976.9769119896079, 934.9754513415602, 113.02516865501822, 60.24566343616313, 979.1745850049508, 199.41626711435816, 979.5261523824355, 974.2388570101253, 251.20221933283318, 953.5684074358447, 633.0491464029499, 974.4253989197701, 981.8004808569983, 976.3055426073249, 982.4892496414598, 865.2431180521289, 979.2779424388407], "test_sigma_between_0_07": [968.9798661980396, -17.319939082901694, 594.730531884498, 14.456628495904443, 933.0292276368949, 969.9079101205315, 767.1264135771088, 288.8553613887504, 423.141901347818, 173.98122128654805, 53.64405743974203, -23.93286012675672, 809.7217173425948, -64.73554156512544, 245.71842635184888, 273.2295092893939, 750.5451266299096, 961.0158553649576, 34.14265849074582, -8.228016660717548, 2.652161902478836, 883.465010230986, 554.5995758514917, 119.23855817680305, -309.06835565962524, 52.240396840267906, 446.810419631687, 960.0930431972705, 37.88905406547128, 867.4313976541788, 11.397787350836731, 4.254299156086925, 748.9633269876709, 973.4122943251798, 987.5658635646828, 295.91557237309286, 989.0461327776303, 67.33015887690273, 12.055392178412877, 112.00705228331212, 893.4240861090085, 31.502072536177007, 127.81165154454357, 889.3621918306388, 398.0155759570785, 952.7526315204053, 961.9829934773247, 22.55189477195381, 159.32553590884643, -62.9591973828108, 967.197843424649, 962.0171664367653, -13.74462396317104, 58.84880097747371, 102.37518952330421, 816.0968684043953, 989.9146987658933, 897.723492675704, 1.1638156514512952, 941.8880657896788, -32.21461348641169, -55.67050275076182, 842.9410476017468, 579.8901979945987, 166.66514434038115, 918.7885924597038, 957.6048504714195, 55.76661501445635, -2.304899536140149, 126.69010090961967, 970.1296495691695, 23.852041165357505, 974.2231210048726, -48.769125121209086, 105.13587908122142, 17.45374633217434, 48.393985709546534, 244.76658652484332, 911.4707698991215, 980.6644946248247, 960.7920606790198, 41.571478605900474, 54.146677632346105, 90.81086822867806, 13.203238619529294, 196.353135789014, 971.8550415441728, 294.2686300954097, 68.58770210281656, 949.98212594432, 422.6763744877926, 428.5528000847873, 120.13884224363574, 22.72669920847111, 906.3798107021955, 696.8498110644858, 641.6280632224699, 111.89592488451162, 818.6538732563864, 23.293679181880727], "test_sigma_between_0_01": [978.3736947997793, 974.1893948782897, 978.6085394314231, 984.9516374650245, 971.0761465894042, 980.3868037905992, 985.492497329229, 977.8875566000218, 975.1107299362276, 971.5967283196716, 119.01927082091576, 974.1860450805888, 964.8325567827621, 977.1386070023628, 974.2636729859396, 977.642541585754, 978.3134847646596, 977.004937360138, 970.002316638191, 962.3149525949297, 977.0476540266505, 973.5815926718244, 972.6446629598162, 968.1259411853156, 15.598074378230377, 982.0654471088163, 974.5772908681332, 973.0055923093694, 968.9255251595072, 107.19632428518955, 963.2910025974484, 971.3889376543085, 980.9835771955445, 979.4574785729568, 983.5352850688145, 975.978153877847, 977.4342561242386, 969.906502474694, 982.2053258469485, 958.9451949405072, 978.7058161152197, 977.4267376886879, 981.3495143533986, 975.1944966259219, 970.9286344770123, 978.0307571369957, 981.7001199561739, 978.8667033628882, 979.8602292003446, 980.6328496348888, 979.6917161088986, 974.4562334722054, 972.3265001198264, 967.7017870930007, 979.1477293412187, 972.8281822270485, 966.5908831748814, 978.5832348370791, 978.69242933679, 975.974527635142, 963.7640867510288, 973.4965140698583, 973.0469436535144, 966.7008543771632, 966.0026956922833, 26.204496906757413, 978.6788673372074, 982.0661955723049, 22.86831649116647, 977.2716462086241, 965.8046578103581, 24.89080122800806, 975.103899735534, 971.3080195422394, 983.1739192330767, 978.7734099245694, 969.4338170503446, 975.2954475764963, 978.0706758595991, 959.0632992679102, 118.50755292431852, 983.6520774719537, 981.7055362032605, 976.7814411128061, 979.1589870055503, 982.1269290932828, 971.786584003414, 982.2275796397245, 974.6615116623225, 970.3182870234765, 982.1767048539404, 975.4954794799824, 952.0970036517457, 980.2374884199155, 979.21249486535, 338.4986569648503, 984.342814772432, 978.9070419454581, 981.8440575241835, 975.7441452907991]}}}