{"walker_encoding_sigma_05_seed_4": {"results": {"test_sigma_between_0_05": [987.7337343123639, 912.8465390603646, 250.69856388313926, 1001.1307684980961, 881.0486359341664, 987.6606855233042, 107.00002533779048, 878.3158103520401, 523.6336113640745, 884.6340588458091, 116.56511678673556, 280.2370661811085, 877.5332103559954, 768.4138240709119, 87.46853709270216, 954.5094866565349, 981.0017327922412, 977.912379504094, 31.048468358453817, 571.7451302687329, 891.5065944056173, 4.718387803171936, 18.001385763738657, 190.99741981262184, 972.823188272865, 898.6650221432909, 973.0728004209286, 118.95433094231552, 987.2101265269248, 988.7746781508839, 989.4702933750182, 890.0981794648332, 61.67380985418422, 34.03168530020194, 891.1814544008556, 70.89036790529936, 807.345164460975, 882.1051378468449, 7.773059178444962, 812.1209178964198, 622.1391542974451, 762.1359175301216, 781.300620974876, 980.4133191618791, 783.3094081360885, 125.94068806467402, 787.7598728887076, 886.5564172949813, 774.8689426392372, 989.3565712074967, 961.6852825388344, 986.0029969625631, 963.0679607958544, 985.3502652362436, 19.985970557772085, 22.68821687756281, 876.2543054594787, 970.3400496067468, 897.256254025625, 26.79854163182462, 962.3189671075293, 841.7314978815667, 993.2491273151651, 18.824833707582727, 10.503599740371282, 807.6406168983266, 790.7365396238031, 880.5132778193165, 189.14750601668206, 922.0646733315567, -4.1540721401455825, 925.9490581023637, 794.7105220398508, 963.736301698784, 658.3090349974607, -10.745882652307046, 986.7486087503679, 861.5497014652947, 945.7165903857557, 98.34387358934906, 86.40194895877502, 73.51774761525152, 80.02263175510595, 878.4837413676105, 888.8335201712456, 938.5709565471184, 953.696776688571, 976.2581176086356, 969.9846361375996, 114.51281978318578, 38.082841597677906, 46.13632762953057, 866.830295724407, 885.3089462168557, 762.3260376694291, 97.4991323816488, 878.3947360327369, 179.93607391884746, 777.223309002696, 114.9954731602207], "test_sigma_between_0_03": [900.570124843681, 44.826137590539304, 903.8679646528955, 75.19946871023858, 748.1013077623159, 808.9926188113816, 971.0858951870857, 980.0084860047917, 96.28312126144009, 809.981442812761, 943.6992634960977, 898.4588051004736, 899.3273156344707, 894.345657348503, 882.1602311066753, 979.2606272521273, 900.2107032309008, 878.5320104649891, 114.12548836948699, 822.6482834290042, 886.2649451543989, 901.600935668013, 985.7452720905295, 962.2164271351858, 971.5925741030303, 996.5476503508955, 993.5282449068618, 944.3563720653544, 973.7655618546282, 123.25936253534451, 987.30703544992, 904.8966793235967, 217.23884213714334, 805.8464261846783, 861.0557299305032, 813.2583027725973, 856.4546362591501, 862.8940602936611, 880.0824474627394, 979.6551630901781, 910.9151393138947, 812.5350879676995, 898.6128034297518, 792.4105230423133, 878.4043705598328, 111.85676619938171, 817.8650068452125, 976.791975775723, 182.2739601419015, 970.285780884291, 970.640997335699, 901.3368703119056, 805.5569613373395, 887.7530007921873, 994.170889414071, 805.7909905893235, 809.5589073385032, 978.908792574511, 881.8160360374764, 951.7707598013013, 903.0345197748165, 989.8380266804639, 988.4847195241163, 791.4708785234632, 800.264006514517, 75.25993439181039, 807.1708464875964, 795.0209364475875, 901.7897276701211, 978.2568154046709, 905.2884729493524, 991.376214063325, 854.6601586630064, 818.0174546293399, 899.2437091059188, 71.75604823510659, 986.3980300077777, 808.288668121463, 983.5271727218097, 968.2537968688536, 897.5897482215992, 896.3967547642218, 784.1592478834114, 903.7671400111376, 789.7355578308609, 222.6927861230055, 97.51155865901092, 908.8449428007863, 966.4819636363319, 915.7286591642612, 829.1894600554269, 989.6115494058799, 901.4027019368026, 884.45432499583, 992.1601549344331, 992.4674241360184, 983.7992479000291, 900.9605293816397, 130.67425616839319, 976.56810292622], "test_sigma_between_0_07": [875.5101710771805, -14.30818302510743, 26.370595157402565, 984.8667103806866, 215.83323188189377, 959.1708690804927, 988.2741552146621, 71.80795305194914, 132.83742669615464, 492.2781685984337, 75.97111162498912, -18.843055228446612, 815.4248166759755, -30.848133963554577, 785.7382689122761, 15.747217500631812, 828.4562836343151, 690.3503018275786, 264.6231014623393, -6.004073760402388, 14.632468780782073, 882.0979024110311, 493.2099955385565, 109.1576245934426, -5.666696899631641, 43.95274993350467, 854.2928141962033, 874.552029667843, 953.5904289249825, 81.66487147806764, -35.23130482866836, 8.074464922024346, 533.0734373405135, 22.507186930446185, 891.1499164833976, 3.3989185957208985, 992.3889219341219, 40.114503663341736, -25.35737315784791, 613.4417206514827, 805.0388203015775, 942.0001520763449, 163.9786156980961, 860.8692399728861, 870.9238792432325, 69.02577532274297, 883.3476392193487, 866.6266338226525, 412.7174219513251, -64.25970075746737, 978.2008325505702, 705.4869364290938, -31.602913131970855, -18.98708316470293, 62.25389276935165, 996.4751836581814, 527.761846506453, 570.756370719247, 624.7126565359263, 93.8412788735004, 774.617253717787, -9.257723439487746, 775.3454226043401, 301.0993042703832, 22.11151915117953, 900.2539256755055, 996.959778427252, 17.504841190759905, 642.9272329736735, 123.46602676612089, 154.9337874526332, 121.73359383044443, 952.0531257311887, -105.80384419754556, 446.6060279781245, 24.294354665309946, 38.83841023403075, 143.8146552209641, 36.1402129561611, 888.3000191380337, 77.65740867830898, 32.866791820750215, 56.01399074685615, 976.4972708327434, -10.882947355599025, 851.7623765525273, 879.3385486785379, 51.70010505104438, 967.3472305453386, 741.7429033208094, 772.6545765777678, 121.26428492422127, 71.26626680847254, 16.148338804297964, 54.96343565541609, 860.6689764020012, 879.2297897905306, 104.20433093616741, 970.1965271159639, 45.18245543083757], "test_sigma_between_0_01": [991.0025015588374, 832.0452361252019, 989.4937082633782, 814.4056663848779, 326.74142056248417, 976.917169776856, 989.7966712515068, 894.9283448065864, 989.9323825323502, 987.7267586210764, 990.2747633381545, 993.5167681737505, 991.8928618267739, 986.0337422717791, 980.5965765670823, 994.6273038255385, 988.5577388246024, 992.7991075647639, 828.214456769996, 993.3252302753363, 985.270591017909, 798.522933973367, 812.9561743308383, 995.5419459244767, 983.5413508965952, 990.0545141142476, 800.6494245132213, 993.2752825999602, 990.9028188307084, 992.078236925889, 189.42318272004914, 993.5206721363514, 995.320607536261, 983.5564311488473, 994.6535286034787, 985.2870132745146, 990.181399686033, 993.3431371051774, 805.0699231275593, 803.5692065350698, 970.1100966507553, 954.6451118295906, 825.2999936942554, 985.0585152288926, 800.556131217501, 813.9561198367886, 991.465652749892, 994.4226565720888, 979.0204207516914, 981.6265249754257, 991.3136214016251, 778.3247171945438, 991.3802857882758, 809.0669220322303, 804.2371349220069, 939.5218437373729, 817.0727920026372, 989.6578132151756, 990.5909506979049, 991.6676465328319, 813.994592510571, 982.9494433227012, 983.7634949717092, 995.6985411988248, 990.8364633974151, 182.99763321513467, 985.8439959209685, 894.249278287637, 991.1968165677351, 995.1717064096133, 990.3610881137616, 807.5118927272156, 991.5687860993171, 981.8132329185945, 958.6618038286907, 981.1851906057551, 989.2895339892842, 991.0210986907575, 985.8743600103056, 995.4873059515675, 982.9782911596216, 992.2166158346625, 985.7666776863275, 977.2875625700078, 986.9339517643518, 995.9460689698367, 992.6032318216472, 876.5198705692715, 998.2774670169808, 915.3418390089886, 993.2575148679766, 995.4515908606447, 994.7596807466906, 985.0014256315277, 883.284822137277, 982.5615088314399, 996.1859214109644, 866.8777427794358, 899.111721390358, 801.571575544294]}}}