{"walker_adapted_sigma_03_seed_0": {"results": {"test_sigma_between_0_05": [885.4078224659281, 645.3105072033754, 25.346614041800777, 904.9166978790664, 46.67534043047488, 873.3334019884537, -65.54473304145503, 102.5601439437261, 35.88643442261529, 853.8296660574885, 94.78216306565295, 890.4486805082961, 794.0743575823557, 27.37726778189244, 708.88070762606, 20.822429206849485, 65.74328927032767, 80.86248002998181, 868.2150713081245, 548.7658169867454, 140.7678967781146, -25.07825153464509, -54.4380300556717, 31.84158615999186, 69.51448272292619, 560.6162108692948, 892.7710194162975, 326.29312241170834, 890.1527597551822, 787.4141234555384, 893.4914828274556, 871.6211188806958, 60.64801074898132, 329.1105434788535, 880.1753018873791, 14.315632442434437, 836.4251994862701, 877.1419375884717, 42.931148477685895, 881.8326316954884, 37.639527499627725, 19.063932177024252, -41.992548478912795, 872.3764179548195, 9.877541610594196, 13.668765854943189, 45.189650645897196, -10.19707617117674, 30.680290418518428, 885.6803367689761, 787.6659471347155, 68.22963138056511, 73.96536706831685, 879.2452433190902, 290.42063865825764, 18.640017454381447, 652.3055543230432, 552.5581527918897, 133.5950125355142, 80.9541664029821, 478.9516919241085, 817.4765145606472, 837.2843148473676, 90.56017985012586, -12.556202650205524, 81.9706919620803, 15.771664936834712, 20.071972779721545, 272.07867247574785, 86.314145705149, -10.383058773922677, 28.989730923286697, 20.896149038840665, 63.08277806561237, 897.1158909375647, -47.94230638518493, 871.4520730949207, -81.75902978605589, 68.75963907980622, 879.4889681227821, 27.24500934185053, 754.9858048627482, 736.2944588269698, 868.102388983935, 828.3485583784859, 33.325191837290184, 701.8058465422833, 57.532839624055505, 18.87267512873223, 122.64651437013377, 34.008123783551845, 30.106177301886785, 856.4580718364136, 56.054801495852, 887.7141977639664, 205.48753357662065, 123.72203093465646, 739.5805942248574, 115.72721744069275, 27.272263837071666], "test_sigma_between_0_03": [884.9103030427872, 878.7219925081553, 902.1788150660446, 118.60959013869432, 97.99143070052523, 894.1902544958923, 46.38309962084314, 64.18086942394291, 895.0210013946416, 878.2351196700517, 35.3175359075729, 890.0835190047408, 570.7275678216906, 882.8884525534465, 3.292856421603937, 894.1615701393868, 880.0089124828188, 886.1401851919435, 674.8726861808977, 888.4633722396353, 743.1408913192006, 872.2731486057631, 205.76574923628496, 720.0084886048639, 855.0521034553942, 891.8272286427076, 881.035643428158, 890.460606965374, 102.37115702769515, 730.7351714623127, 814.3126158680312, 857.4441989283256, 883.365459116989, 82.17961368824473, 868.899542014923, 862.6845303427981, 863.7185659885366, 84.07786032343868, 887.9081796175502, 827.2541147438685, 877.2260966411229, 102.74065510410149, 889.5171076680963, 822.7012899053276, 828.0335160548749, 896.0559035778889, 903.5064100307845, 821.893639503346, 104.68795296321625, 798.3658478123814, 877.6000861682878, 875.4200628333906, 872.5560434452736, 889.5423049404844, 890.3724468142881, 877.550187502451, 875.6584177852051, 881.10513078784, 71.14303669224755, 39.75281929612682, 881.2248485191262, 851.8178503114881, 900.8456000645681, 783.6746328145532, 889.8387819271358, 891.1707597775852, 884.8093687679149, 872.5833228138862, 894.8451137838866, 881.5064043906112, 864.0577116415044, 877.8243680958127, 876.1241626981416, 862.9833418132717, 880.7940875002186, 91.56257410304825, 883.2941095513123, 875.7012479115076, 11.944183129642623, 718.0580205540255, 109.95583835327272, 880.7999128004554, 832.7739596384004, 873.4559894441717, 829.4825140664547, 894.5191226796045, 67.39781245968045, 879.6649286005098, 816.9977121539893, 873.037690628905, 892.7095757179038, 896.5937201007296, 877.7339489360554, 804.8427622646826, 878.6088911709987, 882.8965596848187, 891.4248642894034, 882.3372582788238, 728.8543806768193, 892.6533491443208], "test_sigma_between_0_07": [758.0247278497793, -37.341195788934414, -21.431628717519924, 374.43458180048026, 23.29761915428826, 895.382659317731, 14.825709448083948, 844.0217544866681, 46.81958500654435, 9.113233891900746, 81.78135455836605, -75.01705762855852, 882.3436777377783, -17.045372328757367, 894.6288187928346, -23.375496224126255, 26.65693273730867, 679.5723792438386, 778.8689354332537, -4.149898573615064, 46.97335333822703, 67.20095070776004, 13.77614134678297, 889.2615453559897, -162.67193066989708, 14.521783843995948, 20.224963016269612, 48.96779130484064, 36.26346915593747, 735.5377801944628, 12.074536755665031, 8.145743732749544, 20.330158129698255, 866.2558540447748, 789.1320731626167, -46.78263250691525, 890.3860703646578, 27.390392888139473, 72.15540646134465, 670.2534289403695, 29.30463255196082, 142.978609489082, 738.0997535638262, 683.4397859903036, -80.28716652700386, 41.925291416818794, 34.48355913754349, -0.02622028635960394, 77.16323996760617, -90.6317679170941, 111.94314403255409, 50.78838091441576, -26.65410799476522, 6.288778868613007, 24.718830631455052, 905.8796341593956, 790.4664495397245, 14.516807690751737, -52.44435760336928, 773.3518482194228, -85.76459357438289, -52.58160894536413, -17.24964389434317, 98.6355692215264, 64.42922525611503, 751.8238245988573, 897.2579576974038, 66.24449231564358, -13.352500408669584, 775.5898511542141, 61.66117936450463, 792.2120703198229, 854.7649259109436, -91.29976442479672, 293.3779995211882, 751.9451995951631, 49.82606298323953, 23.346753894195714, 28.853153654604103, 496.5518811524351, 760.2373882682211, 723.0942207925056, 68.40326955317869, 677.9543935903071, -22.220961847147557, 120.05636929719618, 262.6386833306738, 752.3774184966928, 22.353418854541083, 862.0719369446766, 57.22715391435631, 34.137157476090934, 40.54259985844837, -20.441727872712363, 204.01712636804447, 20.994593357644057, 125.36843595073297, 20.9315389817566, 3.9869070856046145, 61.44477535876358], "test_sigma_between_0_01": [881.5298686653941, 893.9404923898661, 890.7768832167819, 887.3831257505598, 883.0072172699622, 879.2357869837301, 871.8460044108841, 895.8474883039177, 883.4384556508265, 884.1668547282195, 889.8761279974486, 887.9200199467324, 880.8758109257957, 893.430293818363, 869.3075064890066, 881.726911254293, 822.3584226578419, 869.6590727816149, 887.3361876491649, 887.9653219768466, 875.1388360253721, 875.2905894383539, 886.7643967253482, 875.1297521774407, 32.24289567828965, 699.104915625508, 827.8303490526855, 888.9721428859491, 874.7635103514503, 881.9324753188397, 887.577086111744, 883.8390700134513, 896.0247566616764, 892.8518872010978, 864.3873671544264, 885.0755833993856, 872.7765572084921, 891.5849197759459, 885.9291914957353, 831.6004208232856, 894.026684670788, 886.9109855406358, 894.0929907190744, 890.5163962921575, 62.447634774078324, 886.9027467989298, 65.70552948654075, 891.5265073718856, 888.0066433167336, 881.0460326407605, 827.6690231838234, 879.5460742419519, 876.3873621320714, 869.2698862726854, 781.9565801332726, 876.123572840337, 883.638839454339, 886.8651124606516, 880.9119637170693, 882.9730258918094, 871.1133615066408, 875.7159396417449, 871.127050753318, 879.6837042917085, 875.2850606759409, 889.7026676679078, 894.9944002845515, 882.3909325596568, 871.2612150380194, 883.8482170856371, 874.6422373631121, 878.7025699468971, 766.9307473709109, 884.5424260063212, 878.1205078669462, 886.2236255124035, 896.4197004887349, 881.6996109749543, 879.2052466869516, 877.6117391385621, 895.8935006778268, 883.4153883963734, 828.9781564715825, 889.7307514854921, 64.29746652162429, 871.2216333415652, 880.178757422505, 881.4824647629995, 875.9840970117301, 880.6693220569464, 894.7244910447557, 880.2088089534572, 884.22331751474, 893.7334768908629, 883.9913292069103, 887.9117315640029, 880.8118274185658, 830.2428338812675, 876.1893441231207, 869.2871716250814]}}}