{"walker_simple_sigma_03_seed_2": {"results": {"test_sigma_between_0_05": [892.6289862747191, 183.78865920605463, 888.083487340093, 168.29079774340065, 741.6007654663063, 890.3402368225201, -78.36496884809601, 98.40982060045938, -44.97123564009669, 762.0138103457572, 805.8472116046474, 820.8222940355784, 893.1145671588826, 74.3050088461765, 883.0314782979261, 115.72008768544325, 245.99507607740952, 88.08271228765078, 234.74807419411945, 61.34745827833543, 51.09149981789669, 0.44846859301032893, -748.1573988093378, 67.55418034536854, 899.6827055056293, 742.3695266169426, 80.81332127000645, 54.706055313555396, 750.6117914696359, 792.9537390894886, 528.6650933144833, 63.9909628234891, 100.26247158673065, 801.0414952599556, 125.01936328706503, 92.2140827099065, 817.5677614127161, 73.1892568159834, 33.90979662351165, 792.4522408582819, 23.506623156720877, 494.3508256012297, -15.381541732461486, 784.434016734328, 14.004779516135747, 802.2405523903296, 787.9168588963693, 8.346633557036693, 56.58748452499136, 772.2423871608581, -23.182445348802144, 261.42353701409274, 227.1315376114857, 129.12121901508505, 112.45702516122843, 64.46269139664508, 890.6963032248296, 123.85156914986146, 127.35505576873547, 86.66222749693405, 6.104344228006082, 749.9387607969006, 769.6912639695585, 65.18068427156398, -24.203831136882947, 796.136849212136, 894.6858007118461, -48.17394941553358, 66.25945476365594, 130.35741359259998, -67.22118463269436, 680.1922163180209, 153.4921813445646, 124.86240901928541, 136.87071399995617, -45.19148056053091, 899.7582107550917, -62.55483498102549, 799.9872779984266, 734.9312516302684, 72.68736539590317, -9.151431377165135, 58.89488072411045, 35.87226326100353, 804.6674237091886, 48.94176173693704, 48.52995824372629, 116.95956852715464, 98.44951943591292, 83.69703586169926, 183.8324864100548, 181.60381454712916, 203.03335869299343, 439.2613904288552, 719.6920142994383, 70.51951840550026, 773.2172560859972, 52.73590276994655, 554.1170453884359, 57.41761761912205], "test_sigma_between_0_03": [882.3996616487339, 190.37574079657946, 820.2417086347368, 136.80956874322433, 87.9399840172555, 75.56219515962582, 95.67889333909989, 796.64460376587, 884.3344372072879, 277.1629980313419, 140.5884864834966, 891.7903717242081, 432.4658676665611, 875.3540928641337, 727.1863770447402, 740.285509729609, 64.32826732082756, 160.65756468841718, 217.77860565404853, 810.3267797094138, 794.1014135765821, 773.9849754068836, 872.0538072799644, 29.81015745241457, 218.37154474846176, 890.5270955553997, 171.62055372912147, 887.2836365472473, 196.24080768944407, 795.8152908058358, 56.34212936367549, 89.49440350491346, 886.4416287195564, 810.6004421751429, 789.0075684243861, 773.4036656482585, 865.2019043508717, 271.32522138452623, 171.66667193135802, 392.5709051448328, 694.9263583581031, 792.5464760883954, 873.6502510598879, 398.69529607941365, 777.0687730159115, 883.2330866501989, 807.0166457747067, 285.8610112068624, 177.0012018127541, 799.7535073436494, 38.22952020807425, 793.6585727770783, 870.7442773239546, 93.84719695229433, 821.7048904086653, 72.73557088251256, 115.26903870555698, 233.8691098771975, 783.5019870257045, 734.6412011297497, 51.30555452513071, 346.0471803297475, 735.8141849636228, 803.4594282073589, 174.54064365341043, 895.2807829827971, 840.9261316431213, 123.54080883102574, 897.0716419712061, 895.5992152368922, 649.2074215462899, 883.0552840199704, 113.02964562094276, 771.3829209967447, 810.8121160477232, 154.27926358843987, 837.7777250002282, 114.93704278827644, 892.3571980127892, 146.69340464772247, 809.7468946104404, 747.982936389027, 802.5900462750049, 328.1491866259793, 751.8628727836876, 871.6733268887513, 38.286049446791, 836.1120658075629, 802.0655127887586, 405.44017866014934, 815.2361687956321, 412.28695226706316, 468.7722223721606, 878.1274846317692, 46.69297028833972, 834.5244626531569, 90.22839350842987, 854.4274669299953, 710.7743146732136, 371.8675171881592], "test_sigma_between_0_07": [805.6479305692427, 4.700794932281134, 651.1903525936474, 42.346865192844426, 26.20228865636456, 890.8466735732574, 826.6519332006118, 113.88388626371734, 88.44297902450192, 7.946918380213901, 41.86536106699351, -56.7268429617805, 143.15777522816063, -60.629195845453054, 27.986835481842, -5.052109034762542, -37.49168354206485, 862.3804236440388, 265.26438935242174, -46.540933163693985, -17.21353525227169, 891.0352465088285, 24.53986439635189, 118.94697221505047, -14.884260021676893, 25.360220625319915, 61.794307446583105, 798.4208921249768, 100.40769093240819, -26.2294191480134, 5.506719287969463, 10.878823964088225, -44.98716067324421, 166.6174923653497, 838.6455901387545, 18.870727667969277, 51.306823075380805, 62.287143324823404, 33.794208765435904, 30.72533091421648, 114.32340880288106, 96.89053812772765, 118.59374964887101, 774.8395721856252, -200.48925740473663, 72.2958569167735, 834.0598903434084, 37.547115744657646, 37.675840025040095, -503.14732562049596, 101.33570799841405, 801.4191150292114, -22.171679352667717, 53.68096342874928, 110.95676371704903, 519.7811835090675, 896.6338670987385, 66.50046565908266, -41.727120828427715, 202.07887833427392, -2.77500287352158, -53.28271711154958, -26.207624763961945, 39.83166288031501, 69.95571579067912, 655.4026902083018, 197.2007423638657, 91.74320591698195, -26.731537597140413, 71.89790355092845, 74.24934018013445, 215.3584342432501, 54.813409469471665, -217.60688032327454, 37.13801633114345, 5.557837776275118, 68.87160697489749, 46.15343561487826, 35.50691816633772, 814.2026313071768, 805.4491049401037, 119.14055582077563, 230.09201847353853, 210.09719248922042, -7.983016944841076, 48.111028733153944, 86.61272220422696, 304.1058163125432, 5.11572789443744, 370.7101476073366, 164.82273221329527, 198.09539094311768, 49.68789651357803, -52.83981735733978, 49.05775057947032, 59.22284217219711, -53.96573779704195, 49.59512420460086, 6.320795890965381, 24.731358748720957], "test_sigma_between_0_01": [860.0231050138592, 569.7432584693072, 103.06150090641307, 846.9339546160145, 779.0474078673072, 736.6342337024053, 126.58396174316007, 808.7638305639367, 807.7134523907707, 805.716629693222, 854.7775885023541, 888.9124861014039, 114.87205271191193, 87.76955249315364, 780.0122671184862, 742.1357889316861, 135.88115742066876, 115.72369664349976, 222.486141742581, 897.1401877135717, 149.0023550074911, 256.5942116038976, 737.5410462240048, 822.8098418880405, 650.5431380833834, 749.9548905094517, 799.4724104907085, 879.42381148795, 876.5354210194201, 821.1158184890677, 753.6244597469017, 145.62942619494422, 777.7520738887312, 170.33878129511004, 141.08896625995405, 805.4315408997659, 822.2559473996832, 799.1166032251572, 888.949929495409, 671.0327280170814, 798.7002886981506, 789.0820751251633, 811.7704284505986, 751.0170276277885, 722.032090488998, 887.7672296652717, 425.28794075855114, 889.0360183261124, 280.1687402250955, 811.0527469078286, 806.3399112756867, 901.792715693732, 809.6560932516767, 802.9292776457036, 258.82991034284487, 805.4255096675543, 314.0348463059114, 875.419847259714, 113.32799698491726, 795.7795893743995, 799.9228124177907, 20.705872912272746, 848.6792092052276, 793.3957853662099, 93.11035498631827, 802.5286726941965, 152.22388425894312, 796.6919137836628, 820.7001295615019, 792.7847110070514, 154.52188840059978, 776.839152676784, 654.9202569070835, 873.072333880216, 800.2975166716346, 703.9146441583324, 804.6805453444631, 110.21091725816076, 787.5932891255801, 859.3729584543283, 760.4913471922704, 91.63832772679307, 770.25505217585, 767.8650729074351, 858.5234168839054, 183.68608583877085, 173.5444635943903, 780.9403534366465, 727.0825134715325, 132.23527790804366, 779.0379213020086, 781.9282447936531, 883.7667711072785, 141.97418476659942, 246.19485497366975, 750.8350808615899, 896.8016259911839, 769.644642424676, 886.0944124920507, 80.35662151964645]}}}