{"walker_attention_sigma_05_seed_0": {"results": {"test_sigma_between_0_05": [994.9665553632288, 985.9540543236606, 998.9404218935407, 993.5876689932726, 973.874490593698, 978.3891476933621, 592.1024441540528, 995.5478468576856, 522.1192753624169, 982.1483475267337, 894.4917855453944, 994.9762361802586, 993.8356209952914, 961.729430180176, 993.6841386006937, 651.6646527862601, 989.4676602771063, 981.6313454154958, 763.8412612914225, 939.1397864154218, 755.2992679588641, -63.97227163562209, 453.54209018503633, 915.90207400961, 956.4387019198068, 983.3537984077915, 999.2816260256715, 3.0867011553156796, 990.5797262670487, 997.3272319363874, 944.0524857356829, 987.2361173172418, 80.45136202553843, 985.4858506213117, 962.5654179491, 973.9895914152542, 983.916179426549, 992.1213410931223, 743.2654288012262, 1000.2238816190688, 933.2415552146509, 900.8686872747437, -2.512685980609968, 1000.2549619137577, 751.7573122222177, 982.2781610007244, 973.2613016317061, 431.23386280778163, 986.7309786136507, 897.5741386689903, 746.4465541625075, 41.97880750586629, 979.355080533476, 986.0568323179435, 919.9544621658655, 666.7455126094502, 911.8176067259428, 984.3016618543461, 991.3570605171359, 100.7451297054722, 976.9350279274919, 977.4968921389343, 987.4240377329885, 990.8316058870801, 632.6817471720842, 988.8956521199796, 984.4500345133, 892.910698069739, 980.5081483946873, 990.5163928930525, 165.70235233694706, 980.7282075884057, 45.539470736173094, 131.24004389041218, 897.623510388557, 469.1863245310257, 983.5646197307233, 62.27240850893432, 991.10433543305, 994.8984431729377, 973.2122286703353, 951.5462579772321, 978.7218516104953, 38.68064706480219, 990.4279603042446, 89.23959400283928, 980.472972682375, 978.7375358638451, 978.7359477768895, 976.4230801067688, 64.07104048663895, 89.57471467249702, 995.3761968844448, 982.940308547845, 988.8015630380651, 963.9855171298444, 982.7742239222451, 92.69525529927633, 980.4724667490356, 142.41482287814154], "test_sigma_between_0_03": [996.3352742233818, 982.5506083912388, 993.3381166026068, 982.768931107125, 983.9503130953675, 982.2187605338794, 988.6343531223221, 984.6588177697198, 990.1678616009726, 900.8492063611949, 976.7591647639066, 998.5104144606041, 992.1787312899927, 999.7998056706409, 921.8451014598099, 988.4621306763497, 996.2926675407183, 995.2202874793223, 121.53556365236146, 991.4537999312274, 987.377769742019, 986.679831643564, 992.0452159332494, 43.222204847693504, 984.0812869542327, 994.3374899695929, 995.8171195563644, 998.9202698302912, 976.3311244880576, 981.5135744654829, 922.4591899707216, 975.0687471939847, 837.4593392580291, 986.325468857114, 996.4165695017452, 998.402082900144, 998.1219513475401, 988.5642224583414, 963.8670724411337, 990.2266561665275, 987.1649897807258, 993.5338823213174, 997.054901258734, 989.0559756935079, 905.479274166389, 992.3511169379755, 997.525175400759, 987.2067215505688, 984.2775221193519, 983.2836267223873, 985.7441037342697, 992.5371433055427, 993.4666109691215, 997.6856396554994, 975.0094506936834, 982.4616664037704, 992.6380252103099, 986.0952950928818, 911.5841202700224, 983.453491596714, 975.6621893505359, 994.4975455934527, 992.4922750815163, 994.9801663113847, 988.1325400029735, 996.3836621749343, 972.8869123325651, 992.9401299991288, 996.1708890220467, 996.9597336892567, 995.2288871852645, 993.4169819619359, 997.4260713769063, 990.0808245918213, 993.4923690483056, 74.542693437892, 988.7359035741938, 991.8557401162292, 1000.5909629662465, 981.8051339395304, 983.644359201829, 998.7744354134712, 984.5448442571216, 985.3901773535288, 983.6054841510557, 990.0600667825747, 970.1188735616371, 994.3408730683111, 27.611782989386125, 986.8688513072319, 991.3976049494042, 977.8881489785999, 994.0942778461093, 997.5065816788557, 993.7278305145021, 998.6332052254071, 989.224396727341, 993.832813142861, 986.4769317199673, 980.9424759935551], "test_sigma_between_0_07": [987.5402415660408, -8.804211719257001, 967.1943217076459, 793.4371833080812, 986.2943647169158, 994.2318853162815, 880.1794795753468, 42.6365372845481, 92.33243469776788, 652.4748098861, 951.6247451049703, -39.03043877828022, 1002.9425962111684, -49.692691386671505, 960.4397709122876, 824.0108371420577, 173.25000750674087, 948.8582133590933, 982.0685446292937, -14.551109963815545, 847.2611419508336, 991.6162190824242, 494.37868933571366, 982.4189420004926, 450.3169492755699, 89.06217304822782, 705.9401252462701, 988.8403951717354, 23.771531215267903, -1.9769921571263693, -4.247833696343877, 24.72622050699574, 465.4772138790663, 943.122154805612, 998.434680968867, 709.3863799076706, 994.0950153572065, 67.04579783685331, 72.02632722504784, 6.182992757648754, 988.2470254079923, 93.55227697042143, 983.3884117920545, 832.3161200434481, 576.2359940814646, 988.4054271191795, 997.7492255243767, 115.94434633074411, 101.41897952205323, -10.681511554146706, 986.4049987248599, 980.2290580592477, 6.875202325871212, 31.26052768063964, 159.28383293050717, 850.9966930823259, 1000.5582312668743, 648.1022842906244, 708.6364459466324, 37.873958542227044, -19.485745779969147, -55.65667113020609, 980.104713527387, 955.9176654178538, 977.5462272168032, 985.761324260396, 997.4291441876636, 67.52569730408867, 3.265203462797217, 103.12312311634015, 983.4193670523233, 977.4296230088206, 975.714636996319, -22.91539817251615, 9.244959094451039, 5.81351361128327, 958.9530708303554, 968.5590153612911, 63.227981717082706, 863.657747458073, 341.74773723502125, 279.3083203471308, 34.31387048451725, 990.5708315053089, -5.338350100810933, 200.58384557288676, 967.3538902752458, 982.5471066765618, 968.3374147835588, 989.3628995877979, 934.5385280097107, 26.74823220022953, 974.8550836093902, -38.90851891368657, 963.6717438272825, 561.3593762868359, 153.15757244560226, 24.378085491138332, 23.02129695904441, 49.37726447949971], "test_sigma_between_0_01": [983.5449992205614, 990.7205831244822, 986.1251922824439, 995.1047048151863, 989.3517693266992, 996.8793693409327, 988.1270053324073, 909.8233455633643, 994.4454742329835, 988.2443305001827, 987.7735012412774, 992.5111913630317, 1001.1917008728026, 991.1451164629134, 991.7319704323533, 995.6585475729586, 988.290083926642, 994.1955667803263, 990.6370591092683, 996.168391186596, 991.9825821327086, 989.6870557192051, 995.6857749988895, 985.9127733533703, 988.4957156758566, 987.204613230009, 980.6359569168277, 999.5887062606782, 994.4220634381971, 985.5974822703918, 994.2024430655046, 1000.0287132475133, 993.9134285108686, 995.0654633708743, 987.0607112817802, 995.216349264935, 986.802816985469, 992.1645035541761, 996.2838752763332, 983.7430024103783, 987.3888246592438, 989.9673089822026, 988.5015563637487, 990.9570980313655, 989.6908033454247, 996.5928717899689, 992.4793611982399, 991.6552224219014, 989.2313427447235, 987.9845023677451, 990.0943479082234, 991.339502622956, 989.359231012819, 996.3368004060184, 989.5893269403942, 985.6858779594096, 989.0643131269281, 998.7604705791833, 995.9612754751014, 1000.8107810054759, 993.5353462712252, 996.1365387683179, 996.4250672313166, 998.8206582849882, 994.289583763243, 987.851732946191, 992.9025204296353, 997.8311994984285, 994.4016472188919, 998.273642528382, 991.5495560927961, 986.5930731549703, 990.3190906636999, 997.6199431205226, 993.9255127814145, 985.5828165995514, 990.0678932790549, 984.5206107893466, 984.3167113418033, 996.2739846255279, 986.6707906936305, 1001.3363663307767, 997.9953978664726, 987.1618927928159, 991.5905086264954, 995.9469094587837, 996.2757438576718, 998.1577406624443, 996.5233000283512, 986.4388020474663, 996.6889952003452, 1000.2112948993022, 995.0755546800966, 994.1861740822571, 994.1661679456006, 985.7458203257754, 1000.3082916213751, 986.5378574575891, 995.8478535119528, 988.7405574292051]}}}