{"walker_attention_no_encoding_sigma_01_seed_1": {"results": {"test_sigma_between_0_05": [267.63206306996227, 184.57410257472642, 990.0691079058287, 887.6805215768067, 500.46909019000606, 993.1396866336659, -59.41889223932413, 991.3156719961834, -319.4547961364073, -39.6195539844955, 131.4756554000664, 235.45811097437948, 999.3076598366033, 9.55189431361386, 35.72000262251018, 81.54362850200128, 996.5402132524066, 210.35858243788968, 102.01189001016249, -247.19725924215246, -46.72611587343998, -47.65031161898109, -47.641959222519475, 8.67927313506113, 139.96734470335323, -14.361196417530072, 28.25570692434462, -31.64943426116857, 966.578124024246, 995.7917445494937, 141.00095905839706, 173.57394909719758, 75.55954979672492, 176.06625488454043, -29.04884997800038, 190.32511180098737, 992.5220233836563, 951.9620076921406, 24.118903265891294, 43.92105866170269, 911.9423632224136, 963.080483725033, -65.53464608416058, 698.3460027143457, -64.63824796324734, 727.297542527754, -78.47934270686547, -37.892243212784265, 513.5681716605176, 57.335631242718165, 37.60557797383125, 5.098658043115744, 196.0205192971999, 132.21768341410868, 39.32323376439803, -224.52581858361725, -306.6566728426484, 96.3517375321356, 994.9764981168411, 178.75788870578282, 19.96811194862468, 849.0902774427159, 87.7440297017789, 92.04351006012499, -78.78924026127495, 868.4746648275387, 631.9739839108895, 34.96565828018257, 87.64963857798767, -46.25169883851282, -98.49044832546649, 668.5062913135866, 922.2022821246001, 42.81418107342748, 805.6072376867222, -65.88486656123767, 971.9221083985515, -74.18587149447485, 165.78725762321983, 816.196600919024, 155.52308002539505, 211.1898449056987, 100.292156739827, 61.12114887805589, 47.80237631892028, 79.74711521840453, 87.76596084852554, 256.73733896800155, 175.65768380411805, 65.86854269925279, 210.7206748457572, 257.4919657929611, 13.434540839774245, 229.71759460233915, -43.487428512691544, -33.65762474146379, 513.9056652992236, 373.4510897044144, 144.4628440300834, 81.5897329816616], "test_sigma_between_0_03": [727.5929390458133, 194.26833983971738, 817.52544203846, 353.01729365948415, 137.7183376031107, 112.39997368676332, 97.03198397184498, 165.70017796008707, 992.0160673778032, 162.17343671825614, 9.348554706713262, 349.32674461153846, 995.3199380628573, 666.3696747633776, -114.98295972769694, 984.3674574617653, 995.4730483937087, 163.60759030911805, 130.30804150455475, 905.5958181090264, 848.7767283794506, 964.5464791197975, 966.5411685325553, 66.6604827813842, 122.74341450587106, 995.7357196178102, 992.7025810486073, 200.10177497694363, 126.50578274223686, 322.9331490831589, 0.37869631397124026, -2.299503552295676, 928.0685585823835, 954.3232213452794, -63.553475203370596, 335.774855466453, 45.070458877682285, 403.3943970712272, 193.6045335329114, 969.0488053837558, 169.5677428111868, 1000.7048148720559, 373.62370605430266, 209.51353555040237, -151.2668045267222, 853.8593949736717, 914.6401248478215, 391.115832651945, 54.27184220927487, 289.13821141996135, 151.78285385954715, 459.7586590008382, 417.01137727815166, 135.02627259053605, 998.6135086765602, 151.56307269507175, 298.30536495828954, 137.417990160178, -26.353105297269945, 79.12648533678917, 7.851526025535482, 972.637814392422, 876.7827700366423, 5.797878627512988, 987.846029963449, 387.8943251142506, 5.719237527281807, 420.45311804619934, 998.5940463149498, 992.2858620675703, 346.66054819519957, 766.0297257559001, -5.9096541279015415, 132.33789855277735, 998.2640741292274, 272.1051901673094, 280.9315634467112, 995.8040889618173, 972.1405748981293, 175.11355214045014, 139.52238534708286, 99.84245589588107, 275.7523492568702, 191.97705274845126, 786.6768277254906, 388.9225587672592, 136.60847124379592, 199.4941225157993, 181.5323648666214, 947.693843297069, 998.2549263233011, 996.9310229573126, 164.0120310895995, 162.79486346188327, 59.87668512089226, 972.2621753395435, 116.35772981309385, 851.8596944914594, 89.44836348386697, 795.7990241028617], "test_sigma_between_0_07": [492.08580445541315, -33.995396082176924, 657.5564968231408, 980.0545531734798, -3.9571605234049834, 301.14747826550797, 883.1787661469823, 1.9597355933016671, 237.92387615044092, -257.2712939712053, 67.16156338372424, -23.08351132116263, 115.17578713126709, -64.28613029547755, -1.263090981667289, -13.377096028272359, -16.569778296677608, -98.62950357603441, 148.251656226878, -4.3739319477562795, -3.691853474209125, -41.44950690541046, -4.062734950431176, 198.4445453117713, -56.57301476079094, -8.21701887692396, 0.7620432382722626, 930.1067353223489, 181.70639768723188, -9.447490602106157, -18.19488433222378, -54.03157167920552, -35.44275250656123, 541.5455156098466, 998.0982448874399, -51.06743396868211, 771.7216750737962, 16.847160622269868, 74.657537877579, -22.21968631674097, -20.055651140996723, 62.89827965959202, 196.7886125172204, -14.918063920790125, -73.05280443364727, 69.21472809009069, 316.84422440887624, 68.42975245855621, 70.5823457778619, -228.16494693930304, 962.5594125205869, 125.62246550456328, -59.255391285358996, 15.572438279195751, 124.90005700472639, 990.7548521555102, 990.4736906347817, -165.5203083413198, -77.90899207065621, 50.142604728760105, -128.08363874679364, -158.66927776054393, -68.32713426290871, 88.27657380040054, 68.42487160511385, 0.2145433469682949, 926.0884641976363, 51.173668063491135, -28.567377804328363, 59.26868406487479, 471.436869227505, 271.9438901891746, 87.44827640402217, -64.39612019511442, -35.88462168176531, 3.095952407791054, 62.46437319739846, 73.79991436259532, 115.96020750645827, -157.650484888039, 266.72994808871994, -61.47236602755697, 107.29710062334763, 960.1351887245786, -27.573162458962887, 72.04293335851207, 32.85584147366055, 88.49988495840827, 132.4628014540483, -47.49268969198121, 937.5075661071502, 150.9122652019306, 83.05023628590867, -1.5604290934149203, 138.82605322496673, -26.279954031952144, -30.340612371534842, 71.2479832473435, 143.5234311216303, 24.818558357962935], "test_sigma_between_0_01": [977.893507342651, 219.00524934528596, 155.20656025838508, 996.5925126247181, 95.21543553303242, 987.9003669956535, 998.6918964196235, 180.56649190922562, 77.35379998534003, 987.7163019155615, 286.208000107267, 882.2307891207387, 1001.3396785716393, 998.2833380839862, 291.0452901922145, 987.3909067720124, 209.2334191780992, 843.0480395173541, 194.0817218460088, 798.9562857430117, 933.1458939693337, 172.28582448526947, 474.6819561875612, 827.7761812207187, 722.0306164579099, 337.0562725280117, 755.8162488387838, 996.0348687250546, 965.0496675940761, 930.8771666830638, 968.4612691341497, 991.5879523144177, 948.3415931932329, 995.5339434859326, 872.4736960733379, 991.6093489319427, 985.9584172190944, 313.87676772296385, 992.9272826400105, 994.4400787971476, 168.33313049955493, 145.9952342300518, 989.4817749182137, 997.1506319863802, 235.7324112738118, 988.373216028327, 986.7589384637511, 999.6585051547794, 968.3837894151112, 997.1091180052354, 925.7643966229934, 85.51200806212037, 992.89710926277, 996.1004205703769, 118.49721424295299, 989.2972400685002, 992.2833331718197, 196.0298870493094, 406.2288701056773, 937.9349811610216, 340.12694045790056, 988.5667686663559, 975.291538469211, 994.9943144332134, 400.5829777245956, 807.9624946797071, 89.24125939777373, 910.7397266914896, 341.0195494975321, 105.9290733533066, 57.718809276420956, 987.3217791355588, 206.7062236125094, 990.4922609663099, 182.68620767579213, 972.1961426553578, 989.9270675766113, 132.2330419347439, 185.704582751012, 997.824511164235, 218.50648785972996, 88.30453907159021, 892.119043697925, 258.0191682101041, 320.9103850279208, 105.93968209721302, 866.3011539477562, 926.5988561097463, 999.5716177256771, 982.5577658148777, 182.90581195890493, 1001.689501081201, 918.9544041671329, 473.08573669249137, 175.71693423713094, 705.6453755988483, 1002.0366020754744, 248.50436203431943, 993.3954672162665, 171.68937955174965]}}}