{"walker_adapted_sigma_03_seed_2": {"results": {"test_sigma_between_0_05": [1163.1202741399502, 111.56217921086503, 1053.1875667353193, 2076.3624374392466, 112.16112715907657, 1458.1301034256269, -62.326004566623276, 1536.2056522238015, 13.677286586418631, 2081.927880675105, 1369.1990756536939, 204.97564165426874, 1406.4209191316672, 18.17080343204143, 192.48307964773403, 85.96810617952873, 82.24598607759978, 96.43608692027335, 106.4255738649721, 65.88835161953466, 553.7334792738592, -22.39908058766596, -141.54389236197895, 24.945893718341534, 506.5089586582646, 6.102280681687994, 91.8401101018477, -9.078779324755306, 1426.9983425027133, 1785.5572612641608, 287.6022676219857, 18.671599882667945, 52.4514285408557, 219.40229277618485, 246.1359247674337, 137.4732206197136, 1523.4135793348185, 1704.3875152080059, -2.099256861441245, 1854.9704998049986, 1430.552985811405, 181.27699647681877, 433.24807102820995, 1995.6704044915214, 186.52844050184507, 115.14479880247238, 851.594330708418, -42.0875696528281, 919.6348483807275, 1836.681053988361, 51.16453003737553, 174.80041062851524, 81.69930908955868, 46.689323788559705, 282.00948046510615, 93.4680906849855, 1647.5557843947654, 58.74049149527272, 1523.8740942713603, 111.75552615948111, 26.839106060953046, 1040.758407262575, 2143.7667220364624, 1319.5328380591423, -8.669310273784504, 1655.1900872397189, 941.6043310106797, -28.29104093276837, 74.56280183298516, 938.9994096108048, -87.19955804139026, 750.8560881218316, 241.30073737068872, 56.706028207794574, 506.40124284453213, -2.784651205671257, 148.18307818236207, 47.7421231392305, 1197.0988975456924, 1492.7090940334328, 124.18415044002745, 47.35238208494848, 26.424589518611903, 1578.8247356251718, 197.87027202766183, 133.21840826627016, 47.358504586332124, 1180.50696110619, 82.58868955159267, 70.84744845773383, 97.34759478850609, 60.1428194471882, 373.8148762171608, 327.0771112869857, 1908.780340851399, 72.3467409888035, 885.681423675567, 732.3256946064037, 452.35051522729736, 55.998922722626595], "test_sigma_between_0_03": [2015.5231236680413, 99.66156072405865, 195.36351867274337, 111.13857634988229, 144.18112100249425, 1462.3498151625236, 1688.4532793112185, 95.97064129676144, 1753.8161905198576, 1725.3398744614126, 852.9820614092545, 1113.218155674177, 1797.9555558165189, 2027.6572655378043, 1585.4060875463763, 1446.0271818620604, 1704.4312945243325, 219.16596025587654, 92.19699411635524, 1633.4342736732528, 1365.5140722741742, 1881.9979030157906, 1727.3474330530103, 62.6917685091961, 105.34492950101993, 1678.212777751528, 1814.999820614898, 2019.712062688238, 847.6556284320745, 233.0437026455678, 1925.8421136325508, 1786.2661147785425, 942.0146001430613, 1415.4371420140355, 1878.189318715429, 1889.6037844561902, 85.19254105976579, 1664.6748613042328, 1684.2250241473605, 136.85361640569465, 312.1038921444212, 1455.400836616107, 1834.7838728068466, 108.59141170901853, 193.430327278946, 1641.464408727922, 1962.5348552499056, 135.9821911355029, 67.98665918709594, 150.39591131610356, 281.4332223601029, 1962.8294011533442, 1883.1949649760097, 1764.6758481988618, 927.7467401142163, 200.4030405701021, 1865.2842061193755, 1365.3539180164396, 1694.1031044649337, 103.47408837862162, 1589.0581274763965, 1805.4223966021832, 142.85411658181837, 146.49513505675125, 1593.7618812520243, 1839.6453141373745, 1423.549284220356, 1491.574756044154, 1735.9114452976487, 1604.1912023627024, 1783.9943508227318, 1950.0571141094242, 1740.4770795756679, 1933.3768846033206, 1658.682132270533, 22.941147472803998, 103.26830562953977, 1446.7273471864119, 229.97186977981465, 111.06165935606697, 1501.6706868290612, 1888.549179958566, 1286.1059554647813, 1767.9923081373431, 1355.8882931017902, 58.94282572910597, 850.1433349213164, 256.0446685276606, 68.37744987311889, 69.13331595464841, 115.3914791784686, 197.3544159818164, 2116.3863590384763, 237.8911879276173, 1936.5669159074434, 1861.277908220189, 122.87812371284959, 1923.3155230092095, 111.10611563699636, 1653.5476836046266], "test_sigma_between_0_07": [214.90699189357971, -53.31754163360456, 33.24351021620532, 19.33692620970687, 17.73681212228257, 1491.8170397946903, 91.74906336472198, 89.77311722173619, 368.01193255651145, -125.74902655804749, 33.122092223264914, -61.34464754964283, 116.8728323955802, -41.16414630881045, 315.3021272523355, -28.880946343363032, 3.0742829612849163, 145.57993118093728, 96.98342148134833, 52.441533606052694, 5.634578296747348, 57.7696478751721, -17.971559224852534, 123.7131598438209, -69.97481375046773, -4.353656415830482, 5.304866877991299, 1478.5402980916508, 33.71766898557398, -1.3519306203161245, -19.490349864611925, -1.5089070952104522, 66.86041989061049, 180.31951192748818, 1927.7840586202094, -648.2731570748219, 1896.0214835991696, 214.15769746722367, 19.323480605514483, 2.4506835637890614, 582.7222086878566, 59.793208717911355, 146.05112743559587, -4.328085226734402, -7.886151108819449, 114.43857646198886, 88.92580530531269, 108.65842068468925, 245.19453522515548, -110.05776435798904, 118.76369114156846, 352.96128173314486, -25.773504582089664, 15.539455804618774, 77.06594815347489, 247.4076222859527, 925.9065817177539, 1361.5180583357885, 3.686449818754046, 63.37537605037212, -126.75986441636488, -82.34248965612058, 924.6937315531459, 17.38171409841161, 104.35197362379988, 84.8838857175695, 1888.4996610555359, 86.30187045413182, -84.91384011902119, 66.54264709061972, 69.7038344646673, 251.7179209263675, 42.26560933594299, -97.67133163433171, -11.11013242439512, -21.407571454186108, 84.59513578003393, 312.4454524493834, 17.19502621759602, 304.1780097060764, 39.913833462877655, 621.705049191506, 63.94939208618454, 281.90578188736697, -124.92146335223366, 96.6446582794, 1360.959785085847, 61.840402241837, 172.68386414635467, 378.2079481665264, 142.71053158172148, 210.9560457503207, -1.3347548273086296, -87.99205939317034, 777.6102789472097, -73.4295639212389, 537.5513897689543, 14.594719577420621, 22.178260338547986, 53.128359213988], "test_sigma_between_0_01": [1512.6359758423844, 1507.2265149843581, 501.4007230667354, 1744.8100788124102, 1639.2092619857694, 1645.738912756983, 1726.7344951817759, 1744.467632717641, 1954.3850854027469, 1636.401614923737, 1724.144191331992, 1876.2496391575946, 1821.124226544445, 1559.3731525693968, 1693.8730875310284, 441.49231562982146, 1586.9048818411381, 1782.7828253056884, 1239.4968307461338, 1813.8271795625535, 1604.0709399681234, 1506.7406563517702, 1463.2454640081473, 1975.4908042913057, 101.57010863735633, 1581.409760571013, 1551.947695598369, 1772.6830241247837, 1789.922636001662, 1748.3639978248175, 1622.107938742507, 1772.8940902817092, 1808.161175904545, 1659.501586515822, 1654.9089896191017, 1670.932422052654, 1567.6966549640586, 1810.3184119504701, 1769.2071586209343, 1610.754123379952, 1564.086548332942, 990.4656483326114, 1655.1556016237487, 1727.217460289044, 305.6633700206628, 1689.8672526902656, 1515.4071617505133, 1887.5701925779483, 1475.9330148275562, 1671.359720370312, 1686.272850471342, 1585.1782996134095, 1898.2571114786392, 1711.071759580522, 1169.3507640067671, 1619.1556269696177, 1704.2061114218611, 1867.7056342685146, 1613.845547446037, 1501.637823217165, 1671.1685164106805, 1188.7602849339612, 1699.3451172402256, 1930.5869671017094, 1717.2174669189951, 200.14704060192886, 367.5910874731897, 1804.6388082772396, 1765.035150836327, 1760.4656295114103, 1777.382808141847, 1668.576383994836, 1763.0437181301984, 1827.6219057071623, 2020.52837611985, 1539.2340943819638, 130.9102510514116, 1716.4238478868338, 1734.846483631709, 1980.9955751608534, 1653.6873862834564, 1730.0492521780188, 1683.2963212991567, 99.89510156194598, 1586.4630366671624, 1796.207469163103, 1670.0216699731573, 342.3959946290603, 1850.5585962739417, 1733.1521665433395, 1111.779415277193, 1886.6314058201513, 1888.3613844175104, 1620.3139329332134, 1617.2932527095716, 368.05024323446867, 1776.3060790730906, 60.664813543738255, 1721.9048809322417, 1549.695503000254]}}}