{"walker_attention_no_encoding_sigma_03_seed_1": {"results": {"test_sigma_between_0_05": [1004.39471223797, 144.14069344498824, 992.5409105494593, 321.4044331174597, 882.0508685519512, 178.67215982226884, -95.56631631830956, 973.4257413088925, -100.0780647154517, 3.959186055909301, 969.7165801186064, 193.561627479338, 996.0682412175161, 9.471240576413129, 134.89328046699407, 85.12561396101933, 179.09694532428523, 105.36727756595562, 130.79837214871688, 75.30609901210573, 970.5181982314324, -65.13546485727318, -107.4494458241646, 23.99208403600185, 963.9389868609444, 310.7202145682723, 990.971257824648, 42.730272609816154, 257.1771384968304, 337.6151063239535, 187.45839626714798, 51.23882018224964, 64.00466908616922, 102.36650019191178, 931.954411866784, 12.112785373206396, 1001.7318947430915, 1000.2550132235598, 184.26188081220783, 970.9220679771892, 107.17282780708281, 185.8849384430263, -58.92888087171024, 1004.1304335892138, -103.7682518118125, 68.81194719602556, 17.040864387348247, -94.80869151509536, 211.3477889407411, 353.2494897304149, 203.53656089781134, 189.2235732684049, 119.24635792481918, 220.5685472991266, 50.963678769957916, -81.28617220641615, 19.731917450624383, 115.80773178230504, 328.77383927537335, 171.35039643696638, 308.84949052021756, 75.24869130885543, 999.3829825697306, 39.55981541085879, -54.624035334469845, 293.7237352522803, 980.9112243271124, -2.4710851430630596, 32.126370608994996, 132.7946633978036, -135.62870874895643, 141.00475715010458, 10.663878573229724, 104.6846144313885, 11.824008316804168, -14.28614558602399, 993.0170184336258, -70.75433412497404, 163.6424754303002, 986.5473566059909, 107.53114070261057, -13.076991697109609, 91.39826452934236, 85.82077362862631, 235.3450468180859, 96.4079923447406, 117.93066688869888, 216.37441910117798, 120.35986078371697, 103.64480838402314, 135.56270307188922, 137.87402242613038, 13.533322313887625, 922.3114731636474, -9.081569062900732, 58.60288966505365, 384.25260649145326, 146.6492785924031, 138.55649160974858, 71.57510772930962], "test_sigma_between_0_03": [1002.7848062428678, 153.77350433876046, 1001.1835750383676, 158.2841699595723, 160.01363495046274, 692.5907844098836, 888.7388134929988, 189.25891739650976, 1001.4525329225778, 111.35117876021664, 122.3126876033893, 1003.0007378144949, 1000.5424306501997, 960.5557954041354, -23.54468747812944, 1003.4708604440227, 1001.2212877002838, 170.61774643279128, 172.74591130621374, 1004.2055851736056, 159.59476625820227, 987.3530445045815, 997.7059991101277, 131.55797399728056, 118.92855414385937, 1004.0386591830356, 113.19060775732058, 997.8070927407349, 319.4362816372411, 158.96592128478375, 209.1877983126211, 1000.1273991505484, 779.7420400844173, 314.7979004961265, 995.4644830236335, 214.3855822618097, 999.3690417036986, 100.26879169594315, 119.45904129064864, 168.88508790864486, 187.20715822091256, 1001.3502337544089, 1001.4194549630802, 136.96306311392135, 895.8253211182005, 744.2004485204474, 978.871048514665, 165.72512637847765, 144.85841553152838, 99.12678994666085, 198.84588288793256, 946.6128096589565, 1000.6490399315923, 999.501562462874, 1002.3000515257072, 201.0686152044973, 959.9407977675451, 203.46091048235218, 5.2818065787356705, 167.55369922565, 1000.5140587467579, 996.335373145899, 998.9270576975345, 310.49652082445755, 1000.0564721203737, 841.1037512443138, 872.5819128282534, 1003.6212410712857, 1003.9642434112574, 994.360558535946, 1002.7153464520931, 998.5431655029037, 1000.7594008299156, 980.0133738202172, 1003.8253005757477, 124.6581092776223, 224.2215292714236, 311.05255350661747, 1001.3718964592671, 116.64804743379744, 1002.5131630104902, 579.2324877951111, 151.1036973078508, 304.3712030846672, 157.64557811041735, 111.93782095891227, 94.26431236845856, 374.56776455752384, 152.19677506740294, 759.7011357750486, 999.3190985575698, 332.87215472874004, 1001.1008003077455, 1001.6594533486547, 1000.126508683995, 997.084447656824, 146.5080443150162, 1003.1521496778105, 156.3492382849828, 1003.850997902481], "test_sigma_between_0_07": [1003.5330389184509, -7.926085345826039, -18.136489057537204, 962.1491815226161, 17.064190157425067, 557.3257613459876, 50.607202607037856, 45.684469018936355, 169.86015673411134, -18.613122555641617, 15.291081703633841, -170.28580277697043, 999.798487076876, -76.2767031830761, 86.75144849063614, 10.965738015419927, -5.201712714523045, 992.5217361740873, 109.34816241086081, -12.620855182416623, 11.792815399180297, 9.433612007729913, 66.74871884327241, 140.24117439920698, -151.40098915087967, 63.718947211235125, 2.237825950350741, 226.71265190412436, 111.03120492567034, 2.9645861470730646, 0.6752947880137063, 1.0211863979293525, -57.60703799309926, 980.1068534661301, 978.9462780415646, -59.02220681193676, 1000.9504388684935, 69.54608120608229, 81.45973812134787, -12.76991799657715, 34.02783972195441, 23.24894698093225, 75.29688501296124, -34.58527040208459, -284.65940528683507, 64.25378640068338, 982.9668755801773, -11.16420873969938, 45.010535901181925, -453.7158385772171, 186.59247602059315, 1003.6077837619241, -127.14413153514161, 675.8876344752231, 62.69920328649729, 924.0541466242532, 1004.8551162638174, -4.405749142614013, -241.02876474770474, 162.24802731771823, -174.88687337304512, -112.77585250781533, -95.32487162886721, 131.8517391699436, 34.67749651986231, 61.24623084334415, 832.0927851547052, 60.1518692233715, -96.16953591153734, 74.70820573081879, 135.91829856985703, 144.6188509677298, 129.69505966245458, -70.30334369772619, 86.69413209170364, 3.135761570724698, 89.87851260883296, 78.53492276843815, 16.86905269619918, 991.584807155753, 880.9144666751871, 68.43455495807133, 90.54327357174336, 220.52718726627782, -38.71967546067266, 75.30695795754033, 433.10608363776146, 131.55978693656493, 147.20804607780488, -66.64027622045624, 1001.6572844253515, 143.0292101260354, 73.57407954370397, 8.871910704034969, 889.596421788141, -21.44800851135078, -1.554555329083398, 66.27133175930732, 34.24658913631441, 49.65951805327218], "test_sigma_between_0_01": [237.33891560300503, 232.24636650692588, 999.2860245169762, 1003.8959658698165, 283.49155733285676, 254.49327276835828, 302.10277508090377, 1002.3680339900088, 353.7848457479206, 399.56621545136073, 994.3681093739377, 1002.7070469381815, 973.3568562507893, 271.65189497114727, 1002.4831370774879, 1002.5844006072165, 957.832254339683, 1000.324609714311, 171.53211391312198, 1003.2899406490203, 1002.0770035445664, 1001.4307062077697, 242.03427364098343, 367.3605184118961, 568.9731731369802, 1000.2087234682402, 456.82990917156644, 1001.5330666619745, 998.1921592649163, 978.0638019483565, 247.1229613835588, 263.8976887098279, 1004.7031537995282, 1000.8115269642379, 1001.8624834429361, 80.96244982522278, 252.32515000547562, 986.2860198053411, 1001.3031731865444, 832.8287663610363, 1002.1003564065672, 158.1094969872635, 1001.5786559101035, 589.6693117582944, 194.46417421488997, 1003.1694732425951, 1001.2225390107589, 1002.4461224059146, 999.8216273088107, 810.0577479969782, 996.1200375569263, 1002.1110189201337, 1002.5941171875239, 998.4667349888244, 317.64265344315146, 304.6004880383479, 355.77710713632166, 504.91493435963304, 999.3639903792518, 1002.6811298221999, 997.2854685745906, 188.92900650227034, 980.762398568949, 859.1923785330168, 382.3399361451118, 190.61416140426118, 292.9950159174903, 979.0539349437194, 374.8422966621927, 128.80666344892555, 1002.6890263157147, 268.6347861572187, 152.5808069750315, 167.50960928567937, 1002.5074079174327, 983.8529663480372, 286.40609274034006, 1000.0959388971961, 949.6976943741843, 1001.8008718623134, 974.5587267559129, 1001.4693804669904, 1000.880459095035, 366.0132163380885, 755.7164707798079, 181.680644778904, 209.40048155391725, 997.5018639025261, 607.3566710341224, 262.3063823817715, 1002.3137200464562, 719.5659576561292, 976.9100387807761, 233.89288900650064, 1001.8464695468687, 327.69240994339907, 1003.2732503610289, 997.9764499826505, 1000.737775377583, 89.08581537137465]}}}