{"walker_attention_no_encoding_sigma_01_seed_0": {"results": {"test_sigma_between_0_05": [18.674077787372916, 137.17105894310566, 543.580649390106, 771.7510849410439, -31.65427220486683, 124.85726130168605, -11.460306970845448, 713.5669945821378, -4.151571048853728, 13.348763690095504, 962.5196174848872, 137.34003211344694, 147.2654435695868, 483.81581213928644, -15.131057276250786, 35.71664158028604, 122.81618223650146, -11.733162709868067, 76.12703493775146, -48.66310791676068, 11.542223748319529, -100.78758604596814, -93.41576894052348, -17.69361372131711, 42.55414129184351, 38.6416495787467, 106.21130908697981, -59.123024404607904, 142.23007836687086, 95.174411906937, 191.4431588309318, 791.1790265376127, -0.3746630526209962, 37.804386848218904, 56.2739935264697, 55.91801017257081, 239.4444822748393, 995.3871142429368, 64.45244847049105, -234.74209368181758, 774.1582779609806, 793.7675642881624, -82.8655569590002, -10.38224004403305, -35.50840936532469, 48.62919871810239, -26.929015945960323, -54.45980260598516, 877.8336535173288, 991.39902585329, -46.1383457766802, 83.38491517675503, 66.61814622683322, 125.42201493479695, 22.783864364549167, -77.52854786988115, -39.59930931739678, 102.97820966958167, 971.6442529589867, 101.13851538980482, 143.45696314414596, 248.04493859337413, 754.2101639843663, 43.81355690531439, -134.39297524108812, 356.33516824718936, 288.1179360415218, 178.40949445157187, 116.89341996671939, -14.021420977946923, -35.92887924104894, 166.3297926927196, 867.0880581900838, 19.299273735083364, 17.6076792681002, -82.55336682427402, 81.68276463664058, -53.774801487887835, 127.34466583933808, 7.0618968962205, 103.13282994893181, 30.852137115883085, 112.3920189185828, 275.98549522794775, 91.0152082340413, 115.35584657179018, 94.58069236533717, 131.34228216509987, 59.79840514195491, 93.09749139660306, 87.79565972876053, 101.39626971343286, -146.45569759007313, 28.078345732136437, -43.68285648908468, 6.314355325031994, 139.5791725960633, 756.7863318168476, 892.6924573056409, 54.999656732528834], "test_sigma_between_0_03": [893.9307143317752, 172.11928302965788, 298.95379541276725, 94.22468195086338, 133.3448973171364, 1001.5361870867557, 994.523109127285, 92.51491055186887, 997.5397169111109, 80.0297020587557, 74.12790657909049, -4.835281083471676, 972.875711868858, 947.6040136253615, -104.16532755274031, 396.67341091794054, 22.417395317840874, 86.28379308726693, 167.50337588071503, 297.91262474818484, 93.44228430758669, 971.2511638345644, 989.3532735477493, 104.22926987706006, 80.12859564362995, 912.4200348927922, 994.6194709832531, 283.04433428286626, 79.21969257586942, 156.61913862623663, 930.5828383601649, 814.7542444883732, 907.7421220770008, 992.3529162536217, 18.646049346688475, -67.98293772026854, 687.5860587083025, 104.56683940539249, 753.3113012811029, 225.4070978190833, 996.4791898694838, 171.03795104604177, 809.1571874203053, 108.9405097265218, -167.89390152416286, 982.0338705778261, 990.2463009608311, 165.07468983295144, 116.52122563671284, 69.20991902176435, 115.49138952646665, 121.08319339877222, 686.554162668514, 779.605800150211, 943.3477572214854, 108.20999218817197, 768.1485513298155, 985.9192482352651, -66.7783596879922, 110.27480401726683, 102.11784631459996, 181.7837628333811, 322.5731184708179, -26.30486319352874, 165.35784224301207, 174.1359176424723, 162.10885027888952, 111.83983685482123, 912.0897962124782, 287.18504427143034, 795.2412280456215, 926.5620232093014, 119.47121402848597, 997.001762576322, 303.7014931950123, 238.80583299606818, 121.17463871642101, 938.6546376217217, 152.62818081466781, 87.02299283594832, 944.7808633411296, 990.9838814621321, 92.90918641677244, 991.1207402572268, 126.65322863001984, 32.24926347955836, 102.23120525039971, 146.4095436590285, 96.7053800334203, 82.60867019797786, 852.2495530302726, 148.6425398198046, 206.02451811060484, 292.92713946856867, 939.9266186784594, 916.6409350662078, 94.22059834925606, 873.3930321995501, 106.06137846473831, 637.2067122075885], "test_sigma_between_0_07": [993.3934990229249, -13.768340105199405, 661.7812016481408, 747.1165727908639, 44.790246569023566, 66.8301004514657, 922.3650687204475, -22.97873787491177, 181.66694130359434, -178.25577451181445, 858.0631743928616, -102.96559259590447, 293.318780443575, -52.8259649921813, 959.3183396949107, -169.14584549191588, -1.1094174750861407, -159.02611893652184, 87.24613724006657, -72.25685371433356, 25.37636032067883, -17.500668959721274, -92.14786713776634, 99.64131155834299, -79.73106248862119, -24.25021101652519, -73.95558035239277, 735.5485085939591, 78.84243536436051, 1.9538800930975992, -103.3321386965714, -4.329212892464387, -90.30823891158313, -8.61627535038352, 333.4604863285751, -109.85870402235612, 629.803844678937, 59.811890034517226, 66.40145259355934, -14.519382486975658, 709.1133134555134, 69.9029613727523, 153.84370746469293, -26.522546492458392, -104.0819953967021, 80.50871195013667, -82.68597448792076, 121.39846350900446, 66.38598775345285, -59.31005908043366, 79.62327766434161, 951.233867350932, -44.89680983164679, 32.15284263327552, 46.91320223191414, 218.17722791789268, 589.7185285519209, -41.39960785443566, -84.73896216608543, 163.3296562765405, -43.33913415542229, -61.126825953463474, -60.611369240040794, 151.74187319375616, 983.547132254272, -69.94988865111928, 997.3220550871671, 68.32343937755095, -130.99105792499944, 52.39990903362191, 140.51476720033594, 66.58758359966171, 120.40600090602666, -407.9903384414975, -6.595869376065936, 2.483806404525543, 65.1726267839412, 82.53515416797714, 38.436632041393054, -261.68160310659636, 266.12632322005715, 38.41343973296409, 64.13230490721283, 127.32831156077756, -58.41336481530802, 693.0389102086233, 894.8995056012595, 112.08235104411898, 97.71747510545528, -70.40038763499818, 339.2721985948044, 76.32518817030635, 63.892634873128294, 8.866376035147322, 820.7682291354994, -13.986876948515388, -114.90136191273773, 55.03194552235656, 83.15530587698717, 78.10289418712748], "test_sigma_between_0_01": [117.99775366556922, 982.5682305961774, 204.9090515394511, 945.5137735694702, 152.74608542275155, 189.90667408331606, 219.61301675980417, 279.8829581054233, 950.7331381445631, 778.8704929494527, 120.48261103908361, 952.5667909867869, 410.9464931526917, 259.3719935166163, 132.69796752481537, 923.7099121080838, 130.72788210432336, 982.9905206239997, 995.8627273213532, 968.130049277004, 882.5311665043273, 165.38326012408407, 116.65402485530927, 869.0113199298273, 164.69124254070755, 154.42410424048967, 94.88571132072951, 964.0590877286608, 938.2752857281201, 150.1826665664414, 212.82646406539632, 196.5287983227225, 220.43497758556194, 995.9654059311838, 151.58271921533589, 217.80288438118387, 370.3772186317992, 945.8264963243687, 995.0671185591747, 125.93221320515498, 133.78270871913017, 123.195902049692, 170.53311836612846, 996.7373480242095, 94.68434864358257, 997.1868598341948, 213.64060063178516, 947.5717689631247, 138.22891564978806, 124.34635236258167, 107.74048434382144, 126.46719394201875, 267.3316487141038, 995.1268667238395, 242.4461673280836, 50.587041323194825, 865.5273973633657, 151.91182505573227, 949.2884939894975, 842.2078611884482, 936.9925782062955, 123.47816226176548, 126.49809844412631, 903.1949005307889, 987.1836420257068, 122.84125780933805, 144.9193180550985, 993.286945527014, 187.3229533175669, 209.52792372439464, 151.50160784160195, 249.13769988974298, 332.3140375056024, 240.79340722535963, 989.0538142092943, 123.99048336869716, 811.4291862015565, 105.22949052614113, 140.32569593302912, 942.5534014544583, 996.379660359965, 340.1533642028562, 798.622298206795, 142.53340667692567, 128.1383896723349, 463.4559197504997, 927.3505122329813, 959.1471128677999, 886.1786695907867, 172.26480281635688, 224.73049090782254, 989.8208589806758, 986.9147391502571, 996.044767583888, 135.45964877347998, 130.21166892833003, 892.7166153593016, 127.66096353140256, 952.810300666698, 995.7275568904945]}}}