{"walker_encoding_sigma_05_seed_3": {"results": {"test_sigma_between_0_05": [54.519603179000846, 973.2787424573428, 961.5768257542404, 57.366651628837275, 994.3281418405411, 802.4978443183829, 11.585590626631161, 797.4467560443817, 723.8588261190903, 885.3119196534138, 985.5069043509299, 269.15452592096705, 872.2570988334, 986.6997109451705, 986.5992433934214, 767.2621462167847, 136.70505717295748, 869.5502012318582, 931.63215593036, 28.68393211509829, 64.66319531906045, 1.4917925627989455, 21.6475759299894, 782.989278341921, 981.4917105302833, 149.7855147837662, 979.9808201404395, 734.5452268705169, 976.1827814070944, 18.28782707811042, 986.1364658151216, 960.9527489333537, 734.9521534384625, 948.1719839240602, 90.39801330713529, 866.8253987060441, 397.79446346596075, 979.5010157958629, 969.7452122766155, 984.794419916239, 991.3046518609682, -4.462554292380811, 31.194878069593678, 920.1164148408628, 540.4344887084211, 785.4333525093215, 818.145045474337, 778.2627980127872, 831.8291673798376, 979.9597071801898, 944.9720534348158, 207.88685886868183, 915.4389474022323, 131.14956568487545, 890.6635912743587, 796.7468216540548, 40.50593203719036, 958.3640223795808, 134.23980205891567, 871.8495931035421, 744.5001409034488, 157.41385574602916, 188.2816093269314, 978.8473480756406, 14.216118429022025, 868.662843000917, 998.4209852023662, 999.1932574558145, 938.9812334521522, 776.67964525935, -11.751112152513816, 967.6505485113563, 996.5469243335999, 859.5149314033104, 65.97595404558814, 9.27085116764938, 70.50701937603446, 819.1548123596287, 168.45952110583164, 206.99811967510487, 73.4800430964082, 824.826127488607, 144.84304559576847, 905.1210559035718, 977.0254469034222, 42.60462794746854, 95.89396719697834, 144.0102477560387, 964.7307572143202, 147.91017745263235, 900.754996683867, 88.1967116427637, 790.5977669903523, 980.0367361949603, 953.1940488452269, 209.30428708454147, 38.72830807319987, 20.654881956483585, 985.3199990253285, 20.89165671501396], "test_sigma_between_0_03": [975.153453246888, 178.07167338762667, 988.6758225660361, 954.4644897171783, 99.01525163733021, 150.78392759048285, 896.4126380188341, 987.8882588369659, 983.7599090369937, 988.8513553023688, 957.170432635095, 956.1056988896953, 980.8064951522105, 422.4182512441923, 880.908336711745, 696.9272736013809, 986.1043284439398, 985.2412827390777, 947.3832721646576, 973.2301410823746, 987.1029462732972, 974.348642161662, 977.1364201864938, 18.986477093803117, 90.25034698482779, 987.9295861144362, 915.2706281986442, 100.36113823555935, 864.0211752849932, 875.2719324246589, 984.8257285560487, 979.4531636515513, 984.4203975891405, 792.9176783134839, 986.7108222902137, 986.7156941429362, 987.4238156091739, 790.606277221715, 820.434387003642, 75.70911130312601, 960.594038647894, 777.557123945015, 982.9724821566692, 75.91982207972035, 991.9135236190272, 975.9270766831198, 984.3771887492447, 107.30669612522608, 870.2738542110824, 341.58855015122685, 984.5750593980075, 994.5454152562081, 984.2949269539271, 984.9608041860262, 877.2046973384495, 230.22542383061221, 986.6089952970057, 766.5707053815788, 894.5215559484387, 382.32446975438233, 983.6678018784921, 978.8735523273248, 984.2417506372556, 982.6897692286583, 803.8016498400284, 932.9272313079156, 885.0859076157678, 807.443958121097, 982.3967030996847, 985.0136528560154, 984.406066841412, 985.8208280981756, 87.33370238828502, 989.9413393948377, 987.6508274778447, 19.765585426233887, 96.66284174977918, 972.7812086336332, 49.94022530526125, 960.326232114904, 987.3698431993924, 981.6936636599756, 120.72579557775312, 983.2266758348585, 118.14363325619053, 107.88321815518722, 39.368502579354384, 792.0744340986954, 985.9762872659556, 98.9179942048664, 909.8174496405401, 979.3527987740191, 997.0845250103077, 988.3704605059563, 965.4155044896304, 984.3054251723869, 765.4691682671997, 993.8883371919086, 974.9715715313258, 975.9184079852696], "test_sigma_between_0_07": [19.034082384036445, -10.703241691309085, 19.17679020241922, 564.9955576478625, 901.5078487473988, 57.76591598818922, 9.337731229163184, 927.7776322346209, 65.62300823300902, -31.602330559625983, 51.36692048821858, 9.300492346119425, 46.135576164265515, -24.659478235512502, 993.3029006453129, 899.7466881558894, 18.468599876247755, 972.6008004338618, 867.356393018405, 88.0740415038992, 18.79365681347845, 991.0861750063814, 13.994653749719147, 944.2860272937701, -22.51462122319208, 135.88161574317934, 14.408359690333599, 983.7581565706365, 33.60556085637946, 222.14594258045247, 20.05087514859624, 28.137775358653748, -4.704139274875343, 551.6530468136535, 981.9087396971324, 366.23647450872056, 985.7328736614328, 16.063239591053566, 54.96544076834544, 860.8103521262053, 24.094674547847536, 23.399649526964637, 375.94650829749247, 686.3356001393678, 487.30097411681317, 886.7539558172565, 886.2852778493324, 982.1073712250951, 47.6530801394343, -12.69504236952634, 146.2046657472544, 109.37196494980307, 3.927452501087099, 7.124955007724932, 811.6554066880723, 110.37099971216813, 966.0013024384323, 959.4248516627753, 9.21868841070973, 170.4651440244401, -7.07154118008184, -34.79212116395211, 894.3179223378859, 124.8876786903216, 29.293806813049013, 880.9599907910963, 277.8360683710694, 35.30740189503558, 19.089901188576185, 43.239205068406584, 963.6630268383454, 53.192535574166676, 17.789668802502273, 21.615966201119594, 757.1355182826476, 40.96527563581621, 24.83132895120944, 870.6981695046682, 21.79603399200714, 890.5176729225922, 884.8751681471199, 95.3791123789007, 135.32083324102422, 153.0640806686003, -56.739360692049374, 791.8184688280917, 804.1837019809392, 101.43411359104357, 87.96771911746474, 228.33856980506678, 974.2702835549183, 879.480199064119, 29.077050195402986, 20.61482005005819, 119.81982078683501, 682.3687039031671, 905.5202401369183, 17.316165625165738, 99.459302530509, 43.730550967450824], "test_sigma_between_0_01": [827.8896825150802, 791.311714273363, 980.4947612979686, 975.2733462140296, 985.7995279126321, 893.3559848213557, 990.0294095720849, 986.4519145860503, 974.2353696756214, 880.9424682037479, 808.0486120884041, 986.5289734280076, 983.0128539369591, 828.8492966552465, 981.9413507255372, 916.8729574216319, 985.2166795099663, 330.56174636909685, 978.668123065724, 982.6186167204495, 984.1198522935263, 211.75962448302022, 836.0739041225681, 983.2263491810077, 112.62400622652787, 787.4787196103578, 90.7719633163986, 981.6821816174439, 987.2647249224505, 117.54361137270324, 798.6927862141491, 984.0671845095565, 986.0203933952062, 100.62135888519111, 779.6718764561265, 796.316266751163, 978.1171712430004, 980.6963088212905, 986.3777826232918, 85.57544387016382, 140.615998774131, 331.8740101467411, 987.8008016177428, 983.3238403782324, 875.8370807868295, 821.6612566565141, 121.01848945389204, 982.3255699193445, 116.41789689287398, 892.3785058849261, 805.0737284132364, 887.7183997519131, 979.8471252545553, 799.5109669118043, 853.4499740145137, 117.48407664738917, 987.9332354036102, 981.1885093010033, 886.6414530589947, 113.97734376273144, 826.0546158548989, 984.1796103727514, 837.7936630194031, 982.2965532865769, 979.2463553855004, 113.26057110932022, 984.9147739388684, 988.7403412310449, 987.0572120858963, 974.8401220783885, 979.0753762732961, 790.8435968537054, 984.5597656797031, 910.664991668257, 982.3461021477731, 830.34966922916, 422.4551182710393, 984.9380452951973, 986.2668691245269, 978.5620260408278, 988.5507603357458, 991.0029472593485, 974.5104623031054, 791.2254397501905, 100.15053081403464, 981.6878964075456, 976.8125063481309, 977.474892104993, 987.6446892834452, 805.9422915748894, 978.3778577867404, 988.826799472769, 981.8829598138503, 98.67648621742991, 979.6739149359446, 787.5912091868425, 978.9685429710644, 291.4531281943564, 986.2917486598619, 84.96604117547832]}}}