{"walker_encoding_sigma_03_seed_1": {"results": {"test_sigma_between_0_05": [154.49877088352366, 879.2820570446219, 983.8931345759873, 897.1961624116924, 119.66759986981198, 904.1884086747912, -164.34828967160723, 940.7087097811684, 14.868387420690851, 780.3429261680468, 76.61752532813112, 896.1407364276872, 988.083306873843, 1001.1013394046427, 992.7874380987306, 32.31934228902098, 979.5444512771206, 115.36382176823824, 15.650420568097616, 882.8651156108828, 897.6675548026495, -16.914978439426342, -27.380590501097327, 21.80181330128107, 797.7476522549135, 979.1746932985243, 878.8827697695122, 30.95484446885093, 992.4813295825692, 859.8441448912604, 328.8243577738566, 249.96436121721047, 21.755141402823224, 29.968795672683335, 861.3369163558036, 57.60147205319956, 984.6794066299481, 826.8879851085056, 64.5123099565506, 1003.5498398137215, 965.8382269376009, 776.2308231135096, 24.63007816550526, 245.91448915504876, 369.5572957750032, 851.7896351395733, 762.5783891060836, -10.641717416823667, 799.8437309429207, 891.2693893325483, 82.7448673328792, 894.3215487807514, 421.626075644008, 333.81935253157144, 765.8799151041552, 639.4947465531297, 96.79979475896106, 930.1887196541679, 65.01889504624705, 94.8958709427563, 63.198898932019006, 895.1716413238553, 984.3526522797512, 68.82687272796902, 13.243473410636945, 980.546936377769, 114.31920777916095, 2.4150268825760577, 216.09925209632766, 36.03883729015945, -30.565934849042975, 966.7733106036903, 89.75572769707215, 113.31526380780274, 70.10710358472862, -0.2140360594887163, 969.9331568637652, -301.59026882095435, 979.4242597836271, 960.9715545571502, 690.6964183890269, 22.81412309658626, 949.7502817561727, 64.90771647342336, 303.82286894801655, 103.13989167601972, 230.16877381187797, 990.3626633964678, 986.3858077008995, 944.4371383245934, 904.7419819188059, 70.80123071736305, 882.3092894065069, 983.1711077257636, 760.9106306671736, -2.1920780637025086, 796.3910953640416, 41.155033188505335, 898.7275707501799, 2.9018183774387607], "test_sigma_between_0_03": [1001.2530187302773, 871.1160456455101, 988.0026916117849, 989.2992918000734, 978.3041593686921, 837.3817871685987, 25.926822587630884, 876.276658258682, 989.9349446183367, 817.4290902071249, 555.2265790250225, 992.8377697592277, 970.6745443409849, 986.4239061265988, 894.6431248017647, 910.8195791787255, 80.48914194279203, 905.4771143562052, 891.9571544752781, 984.1183398577401, 990.8457257209377, 179.21397831040366, 989.7502759454586, 383.34712528430947, 985.9654648497548, 882.1411343624933, 970.1175875717324, 891.4768321959039, 65.19270198663726, 878.1535701733432, 996.2472338276901, 999.285407900593, 904.3019023400144, 869.5435403458914, 849.2092362252439, 984.8855310883188, 982.5699827090135, 876.7934171201447, 883.3914006230297, 982.71251116777, 984.4556696864756, 989.6298822524182, 987.5694540156953, 889.953651706406, 802.8152846734063, 990.530784894025, 981.7787771574866, 874.4264925975948, 978.7418587531561, 987.1400943060654, 901.3040545418033, 903.1365802601508, 989.4171209088635, 976.1677350291163, 999.7104457952621, 962.8458649977914, 1001.0255019349097, 811.9324695339768, 890.5508964992168, 197.40875487968884, 901.6311469586868, 975.1810692222505, 206.91487571903713, 964.0864569589453, 343.89568991366224, 971.6916068473157, 993.790932885568, 891.9897901346511, 959.0811939539129, 733.1919093949243, 987.6232898380833, 988.3500366807731, 994.1814331801136, 994.0257861460802, 910.2066077418982, 878.1563436501489, 883.1745817612451, 999.3733018031434, 980.1765143649185, 250.05628195908798, 978.1676888083588, 961.7191189003391, 885.0674753184538, 991.68813470768, 905.6027113128895, 990.5535123759505, 37.84843086601762, 913.2662524990942, 984.2889269912267, 986.4911376253472, 839.1905232476385, 290.92883368565066, 962.6804949868084, 1002.9722220028714, 153.1279410898598, 967.5786327826966, 899.7211347886632, 992.2192670508954, 901.2780139010273, 1000.051679915437], "test_sigma_between_0_07": [996.0375128221604, 525.3328031548093, 866.4301830055488, 823.4986924003103, 26.675962012467785, 882.4497768320512, 981.7756654562023, 662.5949690438251, 892.0400590587892, -9.15867436242843, 22.83122068536031, -152.92602291530346, 987.7704471899222, -98.57016791659264, 31.57020428826072, 851.7010173255617, 15.060724460532937, 992.133897346936, 195.61729628522014, 50.87400995996722, 15.79329996643937, 995.1628927297634, 859.8500587776209, 28.69748767844139, -4.607620712094649, 14.081899564209742, 10.775032845427626, 984.5800782162024, 83.8901054191359, 34.70237435113232, -33.85471325391991, 53.60373178159789, 9.656095009864655, 24.572824646900695, 983.2596378176119, -34.166849629818174, 220.46622596817178, 32.08165176342881, 30.109561696536552, 34.91445527876059, 715.1076621706172, 73.64224994272955, 634.3846083462364, 165.223696258229, 55.18462700857491, 93.02320010871772, 891.4368545139951, -30.998120038317584, 114.89048273008954, -190.646745152169, 942.2958398147856, 993.163980479572, -1.4697218617278864, 36.860154703307494, 68.53765947748177, 991.3652244742268, 899.3713273298455, 686.9331598153163, -14.0817590685052, 110.95167011276213, -13.184539324304207, -104.38648795001062, 763.3254977640057, 60.169278539012865, 878.9445204721764, 1002.99806466857, 995.8796434741802, 3.0605511294721524, -93.6501586415863, 16.385070324278782, 120.0074314624129, 819.1410474090582, 71.49264174061099, -180.48213548001368, -2.955858731303307, -0.5861719848107902, 87.51329111002413, 432.6260073676386, 97.72764038066379, 85.66799640923276, 900.6880550642802, 694.7291062865306, 985.1842177795311, 34.32928545230824, 1.961449184137745, 35.62770460336032, 204.6134036331846, 975.4947218557053, 874.7094222873139, 251.38125551094248, 134.37494209918955, 82.36046688517376, 3.0605266638507618, -23.03801937900134, 23.74832338703855, -0.2823815966199621, -11.137261709514133, 204.95614933424528, 34.546959508635325, 0.12545005350546745], "test_sigma_between_0_01": [993.953607130357, 895.8462138830456, 989.5887500741014, 964.8607128661839, 975.8062724027453, 884.3011657529988, 184.96476719057247, 963.0895862075452, 296.24669249284796, 971.4750448256507, 975.7138666598742, 969.2544133944696, 985.6755827760223, 883.8607951268006, 1002.3220103680053, 970.2503862002873, 927.6838466869217, 1004.6047299786502, 898.2431528729433, 988.1468904510089, 891.4550947866602, 912.4991655425156, 889.2389971295944, 988.8721194903541, 989.7420537491492, 967.0464559330951, 978.1542566060538, 978.7722652004829, 982.9180115218977, 492.7751508006332, 976.9234374396243, 974.9660422715386, 990.7822890690569, 392.1913321763179, 908.6765664093662, 866.0319918730204, 970.0957534666414, 991.2832798073849, 965.0870148804363, 971.2214551305157, 882.5192844169978, 881.6031891713778, 890.7801262299414, 595.7395597533, 974.5149109629799, 681.9751055944788, 882.3459816255842, 988.8357773452151, 992.7784346552103, 249.67343212974652, 975.8829965372565, 836.8337813517257, 973.3566234720705, 86.39878714885414, 894.5789215980155, 911.6904135995397, 961.8104541171838, 993.533973297722, 877.2324133165407, 1000.6257943502908, 631.2252053313638, 917.3072823984593, 1000.2266043592161, 996.7973914271722, 252.42000252196158, 972.063551820722, 899.2578321010669, 990.3768132929799, 996.7817414216024, 914.9101733349314, 910.3928753012908, 905.5695428711622, 967.7346604282228, 968.3105460594276, 977.0026918144052, 897.4086970494122, 891.6342878341312, 340.6744072450776, 989.2823921223529, 990.0878264399173, 891.3000754676077, 988.8163683664717, 990.2763457163121, 977.211076938779, 970.5258413693973, 111.44686076327916, 974.9398235837441, 917.5094017592395, 997.9986303284192, 933.6577026478096, 989.4703856856949, 102.67221611332789, 976.5692667691975, 975.1217968729696, 456.5613541677229, 882.9662038915359, 912.8440698925883, 883.9123342996734, 931.162046045694, 882.1618571309651]}}}