{"walker_encoding_sigma_03_seed_2": {"results": {"test_sigma_between_0_05": [113.82906499851957, 87.51228148734664, 101.71640176702495, 2020.405629667366, 390.5264834250178, 1446.3205746984072, -123.86036684874855, 1539.820105927947, 350.24865122724026, 327.19114490716765, 1343.42114365721, 858.326515320947, 1347.2915155898456, 17.278923702344766, 75.45981093366721, 73.05508422779384, 279.26336472923293, 137.1308133520783, 755.0274597182148, 145.5376418868152, 1715.4576753285662, -332.39974994462096, -190.0403796987491, 59.31641145870381, 309.4621423262537, 441.4857342086544, 149.4904615630556, -4.722326331639481, 36.41401924786478, 1780.8874203519485, 777.1643777128185, 1513.2703787551156, 75.85769251142335, 37.406042407541825, 1006.9087793767261, 99.91506219827866, 1613.1904757031825, 1695.3831621469926, 94.26040563522837, 601.5139593973157, 1430.1631300925985, 837.126801111328, 59.56915716639487, 2120.9673381041357, 31.605673527401816, 73.33421401148226, 102.63813390221186, 7.717873364931434, 1019.3761653667535, 15.925793624598008, 115.30753473730142, 863.357376342132, 98.47593552269534, 303.5693658121817, 1439.6676624464862, 1301.8632551680814, 1636.6705657878986, 34.915216936629434, 1558.738413363786, 13.632065447335487, 55.9036156384158, 1069.4116568244442, 2205.6031057935884, 1225.5066876330059, -6.744768195942749, 1672.2504298352646, 1830.6415442058544, 120.00580067338156, 65.37735667868691, 235.83983078988965, -152.7415986326916, 786.7997880001137, 108.19395911749453, 124.88645385681747, 55.421847949962846, -56.9155642633399, 870.8709032289231, 328.90803696403697, 23.50312738222999, 140.43146591909755, 32.7973587418368, -0.6657179555040842, 204.53795209714295, 1622.5253873096456, 988.9599821311148, 21.527433344845477, 8.989376785561037, 1318.5266691021443, 864.9324744663625, 30.40553687853681, 95.09878871080289, 119.3041872119996, 209.44840363940318, 107.28271744632364, 1727.4432579395705, -4.409518655073766, 20.819897783274065, 32.157966216752534, 1561.5487579265152, 1.251429985897278], "test_sigma_between_0_03": [2072.0931224437045, 187.44214943785917, 1630.2975759694014, 859.9908528364982, 861.7569632645716, 297.6391804233193, 1648.4886079864784, 132.5603384956689, 1732.351243944323, 1702.4994422178747, 860.7705981163637, 160.45389711850734, 1814.9798631347908, 2022.9487546782832, 652.3761527526607, 1430.1425144079703, 1747.347211994886, 0.7770759208768121, 51.5548930978315, 1651.519771552688, 1521.2141171189219, 1896.5111682330319, 1676.7267165795242, 29.683568595084942, 862.2159111654828, 1749.6012160648356, 1865.75745577034, 2047.3069838144052, 858.0629425247306, 75.76318201777471, 1022.4639335017613, 1798.4956588609473, 2090.839091445735, 1423.7783546746966, 1941.2907878547203, 1961.38980584844, 312.6436940921006, 1572.3277737830404, 567.5065220606557, 864.9336268755205, 236.17920490079828, 1460.0335533122382, 1807.59567049964, 866.6125544041256, 1299.6839473644172, 279.132834135127, 2014.3528299398815, 865.7240093028755, 856.5968506809727, 867.5777443566908, 1581.6233874558957, 1934.3435257497183, 1903.6014415161521, 1928.1365604158834, 1695.0201341953436, 475.5732332398852, 1884.595010654248, 1413.1864573860864, 351.5601664256611, 57.20083470654065, 1653.2065783229573, 1780.7275913918866, 2276.820575456266, 155.06151792521996, 1600.082638145696, 1854.0995197349723, 1965.8642545092166, 1559.0269204987997, 187.1003851514659, 1645.928937816031, 1774.4685232141185, 1918.3442290475582, 1768.1278293069229, 1693.7822239639352, 1652.5051574863824, 245.19602991781568, 224.87526081590474, 349.92559713251984, 1699.4224145950773, 860.3464781597248, 1496.918136834813, 1920.3332230495148, 140.81368654759862, 1816.2389371162667, 1354.6518376851004, 43.52865609083383, 858.459842904377, 1764.603183258612, 855.0031873084839, 1953.4457641351562, 1541.6205270347984, 323.0874908192736, 1123.5590689657959, 187.60826895504727, 1902.481936908246, 1897.9599707033465, 149.72844586270793, 1826.9770357150194, 182.13460768472714, 1710.3151482173603], "test_sigma_between_0_07": [61.59266200226121, -8.681122376027636, 7.273155580645835, 104.3262965117741, 135.87249646043048, 1544.1445080149795, 738.3689813567526, -62.71393321426007, 39.5567386949042, -199.38316023232485, 20.720031003403715, -138.2482143035537, 210.44486442296466, -132.13298391702995, 75.73845834911918, -21.005287830784802, -5.4220679743448255, 85.76255409451116, 125.43029811472958, -42.3968345455127, 13.678057125616762, 285.4505891266207, 27.648934312725032, 773.2647606831327, -232.3601087511984, -42.28893519610719, 11.691336273805067, 1458.941445525881, 442.4462509489385, -10.415890269646479, -101.54439735344785, -21.406130490067877, 73.80385411574389, 643.4031092973293, 1763.8794040167993, -623.4651799618205, 2066.851028299198, 24.640094289138503, 189.55539974364947, -29.642732018895916, 232.02692299531782, 57.20137293478764, 81.3419736259981, 38.99352586135501, 16.071461067757628, 97.08249657221602, 1436.8742558204037, 776.8899758229044, 35.19240787929302, -601.4762577085331, 92.02314980920784, 424.3245136813346, -38.220512333205264, 802.675258308417, 34.49649086514255, 156.50053921294753, 1627.4405491496225, 1369.1668398668567, 88.99823833710253, 21.736119136653723, -51.53326068165042, -182.60926777675047, 511.0971951600368, 23.443776977575908, -10.371538342139685, 1657.7528709458977, 115.73581105498454, 59.491643170684995, -41.43980212664609, 45.93538910315402, 56.002752696062075, 860.0488305410396, 17.640320115879884, -5.359545834729206, -33.474244982843814, -8.88219061414129, 61.05204798262421, 36.73919068400282, 1139.9135255022627, 347.4418799119158, 1266.684037797649, 67.4542930549476, 119.65036047943727, 57.34092513193759, -42.109810542689246, 201.63553336108745, 1684.6586010298076, 130.48976097099955, 23.846346421656193, 161.47009537381672, 1330.9945244358153, 14.777580594323846, 109.12414251855077, 17.930089625858816, 721.764862067154, -51.27158122400578, 693.5819710076127, 79.31923896151274, 54.0428176446032, 25.65016858365707],