{"walker_simple_sigma_03_seed_3": {"results": {"test_sigma_between_0_05": [870.112367909975, 569.937641576162, 990.6329664126174, 948.0230788781911, 759.4908259791517, 850.3820275934328, -117.41262771318578, 817.7702193661033, -156.99860788809335, 982.3811197576972, 39.79573246660731, 318.5371793133817, 1001.4451921700474, 37.92194155718024, 839.2933822664521, 68.47993189768022, 253.0051774077247, 113.10524426819319, 147.40242053657713, 96.95866765990058, 702.5884718536078, -65.91766789742833, -56.00719470822951, 101.82536947975892, 105.93125408981581, 161.16549325248627, 659.376303086307, 34.06677787527006, 815.1524112323524, 933.8038357997254, 547.5530720920563, 62.718439979522365, 100.83878056850374, 89.89256725701998, 1000.0825533530909, 134.79549498646523, 992.115416541152, 183.32624620876166, 399.391658063936, 838.678607210857, 40.99645857872819, 910.0321455761505, -6.578662695495586, 978.1645509029715, 7.43642729389831, 144.9970990580725, 776.6101481971292, -66.66982616057646, 901.6442642203859, 971.480263296424, 847.172409327368, 994.2429840551548, 124.90035462029192, 299.59176454102266, 601.3807407395859, 317.5570031627753, 858.9027893929239, 102.49738135042719, 865.1862964037065, 48.206073070666754, 22.312326780312294, 159.79757392078037, 964.9998078172299, 101.47095217377638, -16.992626275152723, 988.7716536310882, 996.7298269647187, 88.69255583931962, 106.76798089608349, 5.616932550206547, -109.26453810086532, 56.59866599753296, 27.690008909764575, 90.06652154237817, 902.2912262826553, -78.12632026462524, 993.101382354616, 67.73709522232532, 846.1676446576336, 911.0942857253749, 114.98018040641759, 61.23320347297269, 111.33092100872454, 111.56709896662211, 49.9693654923234, 91.4143813520859, 69.55231218828263, 907.4164581994776, 145.39757974851378, 98.71597889439, 154.82958687034417, 111.77900456794157, 999.0287990225098, 76.47558921099262, 778.1739957953887, 4.8669263623247385, 900.1878973891892, 667.5235441193614, 911.5108027195809, 57.43843649740157], "test_sigma_between_0_03": [984.034229700452, 938.1819270182606, 478.33330281816006, 105.23072427729632, 54.0170755310828, 912.8130739667298, 864.5433005485559, 866.7013035083804, 987.6276312790009, 995.8382909489671, 198.03272259049697, 1003.4728442155117, 979.9678246524035, 961.2335937926254, 638.4264791061348, 959.8852192500581, 910.1328638800968, 680.5900121202214, 125.18173154892574, 997.8475840024997, 139.06112474441764, 946.7745838124969, 975.3012296304446, 68.43606390471251, 156.74139417923726, 979.7969556034327, 984.8012916228562, 1002.0933639640876, 26.43190262208227, 231.65675139469968, 889.156427955247, 64.83643854283002, 911.7854935691399, 906.4365846854935, 965.9875321763333, 986.6524145926736, 874.7516112691712, 159.73762100882882, 975.6608034863475, 61.12962360466628, 901.2103823979634, 817.168492831906, 1000.0290937822525, 94.57381613064788, 947.6357166961149, 935.4944606481993, 967.4403284733236, 219.38925818092383, 168.2889262040481, 209.89897610825724, 955.8231241748038, 998.1573014051988, 997.2747117410436, 981.8575025302993, 236.04551265076137, 697.8809629561356, 988.3547245203732, 858.8403901914503, 521.7307134263799, 805.5191349070913, 949.0152437803682, 975.512725267147, 939.8500293643401, 911.241206243489, 748.4948781442299, 1003.2433404963781, 902.82580619719, 803.1364481462624, 1006.4965945622143, 968.7304321227485, 985.4775198434511, 991.9474733992043, 965.0613446088116, 922.4910312265205, 969.0812135893027, 86.44151999167659, 972.3516574211544, 140.1660000599907, 997.7265057864216, 151.58838708443076, 809.8404396589681, 823.2163115372733, 870.453023187719, 914.6892124292135, 798.9660468414372, 947.4596039778601, 94.61403617261384, 221.00903332934104, 313.2487501018346, 187.65606986044878, 963.5598779722667, 962.6335312238353, 878.0205818859613, 995.0932969598862, 997.0297670440633, 1000.950794258833, 912.5829941467225, 996.4783555100723, 75.45478430879449, 969.1443862291115], "test_sigma_between_0_07": [822.8902216012069, -4.3015101460405285, 896.4251254619105, -29.638103194680298, 689.2125085317165, 944.2322470787105, 15.512355166107593, -2.1572092521033484, 40.23633565238271, -4.365596733157873, 46.80982196240221, -66.79330446998502, 958.0880501159559, -59.775822431877884, 992.8236839363117, -13.336671169556213, 16.546946737870165, 892.4921377096388, 153.41291667684416, -4.8760042982699785, 11.592945043215874, 984.3460992891005, 42.68962103088707, 977.9551895388116, -81.49242903009582, 7.353785937017529, 1.7452670560349364, 877.0808181595677, 62.02819770895439, 7.926572271555779, 1.4316121393814678, 8.50925784164574, -1.6926551803102492, 11.944927988946429, 986.1201998618351, -18.300534843730567, 981.5809458859246, 55.48508457628923, 52.725811340769035, 8.374236133525846, -2.6625010350675478, 39.46231238438631, 124.25277672028751, 5.952131280608592, -8.89825146228104, 77.95270334032539, 991.6571806657979, 71.45867232636378, 62.10217782789989, 28.795529063722636, 115.74923385756266, 994.4074193400378, -17.83800053115847, 79.81758829647006, 66.75557265796088, 956.6619958951919, 972.1044125089118, 715.4018039547399, 259.5064942388489, 797.758607728841, -42.80643013820954, -98.4661952254246, 857.5549264759102, 60.18885974650912, 66.6717756116588, 975.1190370294319, 1001.4529343865396, 34.100537172562326, -72.97817136517406, 43.25033147109206, 169.36403454553792, 123.87194459107121, 108.21472847505794, -124.26095212688524, 5.455476436349272, 4.818661816557869, 56.88258285986957, 55.53988860181852, 33.26669530564831, 808.8925688305493, 902.6271122762615, -8.678362079815997, 100.04130677483771, 409.05902893111806, -22.782986570775392, 86.40139966484712, 51.79140737201233, 820.0745380581538, 139.00395195314923, 270.4346057268515, 66.95320695343831, 74.05349577183512, 32.038474008199415, -2.512123354301729, 73.96777371781208, 3.6366308358687087, -14.96149417462875, 70.64068313558965, 87.80824954493293, 26.176564595862878], "test_sigma_between_0_01": [763.1816074999441, 810.0196552581982, 195.93390361875504, 1004.9209426081134, 882.9490623883121, 978.4004838179476, 984.818964134978, 929.5646290393356, 339.5659194005634, 829.7237752255169, 967.6742526415974, 1004.4488217024327, 965.1404067493972, 891.2114488268504, 991.3340578493177, 781.3319541470357, 867.6052083714201, 899.5692883730695, 960.9879507762073, 1003.4249824002486, 987.7568794842534, 903.8023299893648, 41.026404301795985, 967.1415990989007, 100.31495180010539, 974.3159086945938, 193.55241492961505, 844.6022425347147, 1002.6715504882278, 170.49005869328542, 809.9129405681924, 980.6482842938697, 998.9756508091444, 911.4931003401945, 809.5850074335617, 959.2410676551932, 973.4779243373897, 931.3321487725592, 985.8421403972927, 935.8374229817196, 889.3636594457523, 950.4348982103256, 808.4027202549688, 844.5110819111665, 857.305135909679, 915.5336648152268, 923.8174848843797, 987.5908007094806, 827.4183377786712, 919.13078086943, 986.0875906419002, 824.7741176915937, 989.9413209061244, 876.8225739693004, 963.993575063585, 856.9052219883497, 991.2197250332165, 985.4549381425466, 901.2201434325411, 962.3224600068128, 907.0502475441265, 809.2317657843458, 903.8794905169225, 1000.5261811969962, 927.9802940788767, 729.3810815728739, 926.6371854994267, 919.6646473179286, 838.1634372485931, 982.7211876437358, 970.069340308659, 855.4905188188911, 834.2360551231908, 1003.0040274422105, 1004.8872368456891, 132.25926549432054, 971.4194691036022, 985.6947772702681, 907.2805475644074, 985.11318339812, 761.2347436997062, 595.1252958801674, 981.1973079440744, 720.3443598372552, 277.697563210092, 984.592282961007, 832.750805982133, 911.9179120794627, 994.5575588568538, 129.38257906860966, 787.953312247612, 949.3402260251314, 971.5484858388662, 809.0451607843175, 987.2336296307282, 856.8974419198007, 989.0011147682133, 963.4209114782869, 779.5586647371784, 846.7862088405903]}}}