{"walker_attention_sigma_03_seed_1": {"results": {"test_sigma_between_0_05": [1006.6087152406918, 949.5035251935975, 997.1704588411951, 981.0309123023884, 591.8048445487568, 124.34486325954059, -25.7206756851374, 994.4764536589998, -1.2605273924753404, 979.8406245798735, 117.10959442075259, 978.359184792089, 999.1797305916991, 996.161004517025, 990.2640703099744, 115.85404853959483, 979.649079711528, 11.672282989832466, 961.5921722631064, 555.5172920114757, 987.8248498676835, -160.76999566827587, -109.50059631908951, 60.996581878697924, 961.7396565960959, 981.7825420206103, 990.7928167323143, 82.15350843990457, 986.7150859030862, 1000.4190324431672, 984.2982585157838, 64.37034413986544, 121.95415265596965, 21.116795192922293, 987.9959373585635, 92.54816551995172, 1003.7175189329406, 999.3937256941438, 36.6041431337595, 992.191898575331, 993.4794887991632, 996.1823138679723, -53.320898415472776, 1002.1561585627978, -505.2673032453994, 38.869330170263154, 43.93692674861377, -99.92740659202826, 977.3333597206572, 998.4075946574887, 130.5086482102444, 977.6506380390692, 970.2751031470523, 975.2416221920863, 887.5778108730942, 148.28659420762867, 947.9033021897127, 967.3818240802761, 977.8509522016303, 74.5890781527589, 763.4979295115878, 975.354826257618, 1002.5804804698703, 958.335665419091, -51.61461006996832, 983.8503633789318, 1005.2652231693097, 259.7010014043831, 46.35336725122179, 507.980871201046, -57.76259271116724, 968.0033272234193, 944.2908232344341, 195.15867892634853, 863.1476745462195, 0.11892169974016809, 997.5845528362261, 17.298508392645445, 970.9549958629151, 982.350054171417, 228.17229806784306, 129.91335116520204, 230.9841041415568, 985.7047638804918, 320.9305453105379, 148.01636571931454, 33.012131968022715, 989.0158212720876, 318.361198602714, 200.03778915793816, 964.824177127567, 966.668737168143, 997.6130389168908, 845.4908922825712, 723.4985867804995, 696.4306869768275, 975.1056796844241, 29.126074975472868, 996.6446443777511, 49.78780005048901], "test_sigma_between_0_03": [1000.7154979004139, 979.1253758736399, 998.4822685291178, 971.5212612551255, 970.1826237218077, 986.8267099815957, 932.6985439657102, 980.6805748938211, 1002.4818276764637, 994.3516799539469, 393.7434886972057, 995.4726155650776, 996.4038488033287, 999.1274426391533, 431.0533212847231, 980.2042213154537, 989.7891374150865, 730.6613508717688, 445.45140457467045, 999.1394860196074, 978.3695510631844, 997.794737634263, 995.0583133536314, 75.17537056830335, 973.6580683139674, 997.0852807023385, 997.9713952678329, 990.5057108058638, 40.10785721124265, 981.3604677401327, 995.8766609616189, 1000.8699248677838, 997.4372108683023, 995.0264551260412, 984.4522978261565, 921.6915875655075, 998.8454831618309, 982.7183167437888, 998.985745481495, 976.8250728321472, 980.2959232615889, 954.5755061976151, 999.0080927937313, 44.72779919317399, 991.2266849608528, 994.8021159227982, 997.1199952010925, 969.5259532562632, 253.2580003895987, 975.3959190647724, 978.6129364538348, 1005.3521282859421, 1002.0709153194657, 829.8100657380966, 1001.7451168717711, 975.1822058454795, 992.1138378962326, 975.2205200527144, 534.5429950641424, 60.27374577202136, 995.494116393842, 998.0672823418383, 999.230861626546, 993.8507976179742, 993.9473623491062, 1000.7780697386595, 995.516429889614, 996.1157245273747, 1002.8417509287967, 989.3304734230844, 994.285600204729, 998.3598149829112, 803.7041659779519, 993.653772842677, 1000.2378145749939, 298.2952350497638, 988.60606971263, 997.0531985928769, 1000.4509760879201, 269.83594085047224, 994.6539913673313, 999.3952681201155, 988.0148740712273, 997.4225983504043, 978.8727646302564, 974.8462252496379, 516.4368871828176, 995.1649115496252, 975.0001569070866, 994.289290417322, 998.0240480404852, 995.6899331447646, 1000.0745397990958, 1003.4861244820343, 966.9481926315068, 1001.6689960651246, 971.5481646024062, 992.6544515511371, 969.8038107694822, 1001.2156907508731], "test_sigma_between_0_07": [996.9052534313967, -81.78246859118954, 2.5757436966465335, 986.8878277500113, 972.8906438926932, 984.4785763632646, 874.9219894856233, 284.1243634955128, 957.7585873895763, -49.01482245285011, 21.003983293786586, -96.21735941608205, 992.0128498160581, -21.130978133202007, 101.10012746777217, -22.20744510233489, 4.342453347015546, 999.4276711147445, 37.97438654456928, -3.053060369900753, 1.271928662739814, 986.8296361960265, 37.447478868333555, 99.37312139914143, -40.24371075231466, 36.3521717955664, 30.49302583995449, 995.5384003211254, 150.554756479914, -14.047490359934454, -2.59189809877862, 25.94202983603027, -438.17726552823734, 998.7398215705255, 997.9961285295567, -225.35338142529227, 1005.322399008393, 110.15630154473185, 94.1673072341888, 75.84160275494649, 33.721376567189864, 91.8449288500735, 139.33847841174858, -6.279039211469348, -104.90930645294135, 652.4789858198766, 998.3268247372033, 123.24890339769485, 99.413974806531, -441.06812417260664, 982.2432603907364, 997.795010208458, -48.31424312317977, 39.86173851285858, 158.65406838132475, 998.689183087801, 1000.0997357422455, 840.3977495401571, -55.40288586931422, 33.343827132038136, -98.25741941146987, -85.91491461225522, -32.05075417268675, 963.1637473267824, 149.0718498682689, 994.8295983134772, 1002.22295248962, 43.45063471356553, -30.12630030505388, 46.7117519318519, 146.76968489054568, 53.908850266062636, 533.5895116947182, -219.58275830677152, 126.83480646843236, -3.988004013213515, 47.00221994605525, 30.399281583559052, 30.648856438614892, 994.2298894234954, 129.35042648751406, -9.44636759310524, 119.01409185921217, 980.8232589763185, -22.072620247726448, 139.65734217263963, 904.6321533781244, 979.1450457436171, 972.7864733772354, 782.1845172175325, 998.5642710940721, 62.285901600818036, 87.66906954609004, -50.97415200415708, 137.89603036550386, 224.46452571943811, -91.01889648962826, 83.23696533250184, 9.086876440243215, -11.530108464638761], "test_sigma_between_0_01": [981.8478532400313, 978.8133226169438, 999.0625495276273, 1002.1000917522867, 981.2016806187593, 997.8580773903202, 998.5977804068491, 993.5006277287432, 1000.4265532247756, 985.1504653475417, 998.8648446595897, 999.3732250685042, 1001.5022315583527, 978.9524170713535, 982.8677673568069, 998.2184794908987, 979.7325801345435, 999.6028032342182, 979.9445603061046, 994.6221968134886, 994.7257716486222, 982.2736602929158, 41.964098048364384, 999.4852438707563, 993.7705648541785, 986.5048322122418, 997.0075608201029, 997.9943240126831, 997.5028602229029, 993.1428072391453, 984.2065136022377, 995.7783959361693, 1000.392708698438, 989.4695202995944, 983.9283125380389, 995.8013836257514, 972.1710114522796, 983.1615888620906, 996.349251434014, 999.9450319479195, 984.9391574527506, 978.8884097061259, 991.2140620503129, 989.5464751159864, 977.6962975209285, 1000.5437372854458, 982.6072958122465, 999.3177255038103, 981.330796053338, 996.0387951104582, 1003.0941064662584, 995.5772273857549, 998.0734999794927, 987.6640790457315, 986.6724302825583, 976.5626397312011, 997.9506911773846, 989.0381419380383, 996.0565442795732, 991.3932001025556, 981.6919468261278, 982.5199365284911, 991.7366394892175, 957.383090969081, 1001.2574908395561, 981.3588505915033, 975.9149399638691, 1000.8375153193194, 986.902756965304, 1003.9671310956505, 996.5420595959702, 999.6314306363089, 999.3532714177816, 1001.0242599788212, 998.8906327529812, 984.3119892717348, 995.407300715747, 983.6172632374278, 995.9412322082268, 997.0935548234946, 997.5447335227215, 989.9142675447405, 996.6914940683902, 983.5114762256322, 977.3149864069713, 991.8880023472988, 996.5733853069958, 999.100045918216, 993.9152684704292, 988.6992435267769, 994.6978092715681, 997.5399895529546, 1000.6343030704002, 993.679034453574, 1000.2724039320673, 985.5339600654207, 1003.2216473457835, 979.3383075847161, 986.430019668194, 975.4598129439046]}}}