{"walker_attention_no_encoding_sigma_05_seed_2": {"results": {"test_sigma_between_0_05": [876.2127683692701, 971.1132814627775, 662.0144967452027, 985.2013644275659, 813.0638386064192, 987.2991620825632, -68.3627924256819, 54.27341637256532, 238.63383090276153, 675.6331434606568, 22.762835255020825, 277.03876463496255, 180.46351565813384, 51.30512748498323, 866.9520185126113, 82.4405435525311, 113.81953055600214, 118.59953871653298, 131.35637496288768, 733.798528671708, 776.0472226828541, 7.672105792567173, -390.36343453521454, 714.5453346996044, 8.824504143252273, 196.54027022050656, 985.1621419195117, 35.4478400531775, 545.4763340325177, 223.47661036499244, 333.01135534159437, 25.095998118398576, 69.69350564453622, 29.450041892155927, 985.683267704387, 81.09131687924113, 248.66704870489903, 337.34493205056555, 514.4941636108176, 785.9027520562014, 21.077656105408728, -7.14790684329342, 811.7218246494746, 984.8535673628038, 100.04740444746378, 75.1627379341096, 832.4118094033216, -48.02072725091762, 117.59291409326161, 986.2826305859077, 979.8987303030395, 253.3766053839385, 75.43017052886648, 118.56803970870462, 51.642667099154366, 242.9718151113773, 763.6666383442388, 54.336874407477254, 954.7336333210642, 115.33783005979988, 37.477638739349274, 127.59734138497656, 398.1995630958726, 897.2021989227818, 254.13607106836218, 192.30954878108867, 973.290747308307, 23.594364804627183, 132.950551427303, 130.61190881485803, -60.30138633230712, 130.73626765605695, 24.0701474226421, 115.01954913851297, 629.0543857522406, -26.72714772136011, 148.92043047510757, 59.98994183318726, 121.74649147789573, 67.47681005644297, 106.00109561448328, 45.48233668094379, 137.57267318884345, 23.633624139382892, 27.723782054110654, 96.73784220580282, 170.45116660659482, 789.7549505601742, 82.37823457355597, 147.28438846325784, 36.473693310528006, 63.84376694585954, 54.043841243671054, 978.4246241262964, 928.260846825736, 61.60592738620286, 135.00971225520183, 126.99162251372853, 20.906819450250733, 94.56453758543363], "test_sigma_between_0_03": [991.8441695925544, 268.7968279259666, 218.6095838526596, 221.6972334376884, 254.11379093253512, 257.79838542922363, 885.6450855310408, 96.90986907606657, 233.8040726842407, 27.386994607603075, 89.50563103318848, 752.9484915878114, 134.2646691899289, 969.3095164259029, 869.1508760253041, 184.97269147695803, 958.9049270814756, 179.88972596394734, 245.57397981796916, 776.1642372008916, 176.2282099605622, 669.4857536902452, 985.1576968433911, 25.455184184872948, 195.65885148988897, 419.38507520112177, 988.3024755181351, 190.9408972440349, 120.34018564659812, 165.73340454111812, 296.0433414429395, 904.8313699306552, 1000.556112959687, 966.2403973927695, 914.5098921955948, 906.2341654307648, 24.46906851056887, 148.69490696961975, 22.380890744464754, 116.550678169153, 128.55868036560634, 217.33652046582884, 996.0467253101293, 76.25636641321167, 852.1722685698768, 140.70756301904328, 449.3890947249114, 117.49760528285594, 152.7310151149242, 170.8980017448681, 147.71089623106272, 968.5325384530435, 988.5076372870807, 26.745774064190588, 475.6344283988194, 137.92706337844544, 999.7972523661426, 174.12606648866287, 573.0121858972433, 169.43285219722532, 906.5283714975201, 989.8139366992491, 319.2066942903268, 851.3977361435855, 182.71167254054086, 602.7168465450195, 374.8022132729291, 196.05695370222537, 252.81612267430577, 269.3293009904168, 994.3263800430793, 276.05048355246043, 993.6439906860476, 33.682681232965905, 65.56547954087331, 220.88125871938183, 155.41687745681688, 59.47154456037404, 352.4658908571572, 126.82581664714384, 22.91566631836015, 997.2269104698186, 91.50962753045052, 308.84154843746774, 100.67295592566789, 36.19233979191209, 138.52387123414255, 235.89132588879318, 96.32906823792604, 159.61432287468094, 296.81563965394844, 177.16079011814858, 910.8029726918356, 709.58547979241, 50.72574207559541, 251.50938863268067, 188.54968632429313, 990.4897441366684, 216.0896366182319, 932.3775215069227], "test_sigma_between_0_07": [27.359191689726334, 755.2907114567913, -28.588310165251002, 834.1646495657701, 29.011021355154533, 179.12962604376597, 865.7585199867477, 628.2771321287046, 23.51167818611413, -53.061068150889255, 36.398209554678374, 0.09527960101925753, 999.9729310911829, 12.15607296468734, 13.298261631620196, 48.49582004750839, 22.95032392905761, 874.8031557112101, 57.694474443569824, 30.93343311334404, -34.49493013586867, 45.98702624098137, 724.3716653120105, 213.37497369657564, -140.39120552041155, 2.615011721260135, 22.210680543631142, 910.7674801998497, 112.45060623793688, 4.772905952687387, -20.33225476874083, 31.304359443414175, 633.2976080199861, 43.83431657871903, 978.2467711635305, 485.7633910900368, 992.5227270681708, 59.18417784165085, 60.595018013461264, 492.7609123211981, 24.028848652052112, 136.66429677404204, 255.5535190837824, 604.0454687578668, -81.44303705386545, 22.287996309202665, 27.32812880079587, 25.09544888269745, 100.43430107127949, -539.528838305438, 174.30119900225287, 1001.459668735255, 64.63568380740028, 14.325770339222231, 118.82995798848403, 1001.184194630328, 281.09455151923845, 783.5219120868308, -14.423881739313668, 43.9386068700766, 51.086705148692545, -40.660929748996224, 21.24887262389377, 24.94985282941677, 23.17969599341595, 733.958565947735, 993.7217126820982, 32.70110255538535, 10.103222203856781, 45.512567154471554, 23.045317668975542, 96.96369135847318, 129.4639915843733, -9.407579667119801, 66.03039136955391, 40.1326450072103, 83.89078836784911, 27.251272139187222, 19.872728713365564, 977.1830968660495, 224.1531214183121, 50.87546248591339, 104.64844654479029, 142.3334636615164, -27.984316761656046, 134.8776807361512, 67.0798424123819, 117.79472217245574, 134.565983179045, 383.4506349705918, 901.9005490540967, 22.98199211410935, 70.76626353113528, -47.48864419046166, 26.6228690736378, 226.45541252338592, 286.58220146830865, 22.4057868107413, 17.228561328674235, 59.66985931506758], "test_sigma_between_0_01": [167.74730042749403, 203.99836956191461, 37.309690381181, 289.9292224984437, 56.94713590016154, 261.5301967062144, 212.6850618346016, 278.4137707275399, 205.26967035846428, 282.6505095821077, 177.4500124030655, 44.21086523928926, 48.27226884360778, 45.77895186062546, 211.8337498765914, 52.42751641505689, 180.50670633112105, 206.98380733750608, 185.4152212307573, 990.3080356532305, 225.57764990504123, 172.11912650658402, 166.68831212023989, 988.5574912758632, 159.66047722273132, 212.38513964239132, 141.62310911993387, 226.39701979719922, 333.19316164776774, 209.23485052479492, 180.03674501389906, 900.8631693544004, 227.8333914086525, 204.6551451357305, 165.11594203830177, 216.69283675273, 256.31963281688564, 993.4498657208462, 284.8385959482181, 191.59213981652246, 86.78276188561996, 185.0211918026755, 36.30062146652844, 61.69378346940478, 141.74333237405466, 253.59457820813418, 190.51809352806876, 1001.0976949656615, 205.87165195922725, 322.60882114885266, 38.10761126706777, 302.6502013331132, 45.510903146254265, 217.07633551702915, 240.06110947300462, 254.28123114365258, 240.8795682512038, 373.24406547374974, 215.73617778929886, 275.89156656071975, 200.86827291311278, 42.102886196904244, 242.24772735964396, 986.1886711391239, 52.55062465417908, 145.91134944471037, 50.22034148047417, 290.0020223921181, 30.589274414453808, 404.0145888883094, 257.4488161052556, 910.4783160479861, 196.13885724991442, 253.33447273807738, 314.1018491671315, 199.91956434984232, 244.66300342428497, 265.42938640216755, 213.4414104329858, 1001.0150719967261, 205.66208007679504, 307.21539550741767, 216.1556716735336, 172.71315979616816, 167.1401184638169, 914.8705622817449, 205.05245420951388, 279.15755187117065, 410.42001805825225, 42.15644431984816, 221.1692756206304, 987.0160528518115, 229.82951723828324, 151.5383291734574, 154.98278577025508, 194.44932820486895, 280.37347934053935, 222.94855866692149, 218.9084288722272, 133.22951399149352]}}}