{"walker_attention_no_encoding_sigma_05_seed_0": {"results": {"test_sigma_between_0_05": [788.8229236205941, 796.0632726569268, 893.9567800776606, 987.2513293358351, 648.7565241386757, 125.34519749637191, -111.96208699287891, 795.8411209604359, 598.3552261594832, 922.7381549489437, 25.960853652340866, 991.6976068291158, 300.15998298882135, 91.49143040428503, 986.020947419556, 67.93636936592105, 225.24052890133515, 177.09008941284756, 517.9715197178283, 925.4353335190922, 784.5229351364337, -21.125986632660116, -225.84308511525825, 62.5106321306884, 988.4141952547574, 874.3281965679081, 34.77785270551828, -6.5363688435788365, 342.5976463466357, 907.1942932331876, 993.6809264252231, 264.850453869709, 109.71586567663053, 44.62853794956106, 855.490819673569, 87.66306462383072, 232.56252773879194, 894.2102416701662, 864.8847134203371, 893.3212607869835, 34.208505180980886, 880.2720016400717, 6.641899242675185, 992.1894609795081, -14.698313145078451, 40.2930997999836, 683.9849985721943, 613.8694616738723, 127.69973824287034, 39.69366131533589, 956.2444072704295, 959.1774565517196, 136.1597803386938, 218.830374537355, 35.68959419845709, 523.3531314561674, 656.0841261566419, 71.40552777851485, 114.3956124328384, 102.71750245217089, 259.27592078199274, 856.5045442174695, 895.287825731685, 945.1235551750478, -10.774366791672895, 166.07074835315566, 941.4553601506938, 38.86794453060472, 75.90369751125051, 8.605339070568036, -49.79135953266966, 674.5195930178586, 172.61260478319684, 139.37743738136945, 16.970047947527732, -14.895323885952696, 220.3147174386124, 60.75951351607993, 136.94641908862306, 891.3556081105694, 88.19611149259954, -11.978077632438541, 157.95577572309813, 170.2580329391817, 19.594276258212204, 94.46028454713456, 39.55609719209804, 871.5482937105019, 268.1415153224702, 113.16546230067554, 45.122329314863734, 26.42533788038649, 524.1316648537452, 985.6302399412833, 133.0145833633097, 20.16349336214834, 627.6786676590714, 163.01785098230462, 982.1689392238675, 96.5831615298989], "test_sigma_between_0_03": [999.4736347513021, 28.731061873395326, 991.136709195359, 43.730456749899695, 17.639856293452723, 37.60439770790427, 210.61231870216028, 899.0895462728517, 959.0644367021173, 993.089388695907, 156.37836630200863, 827.0132095662682, 893.1318497116056, 997.0776608404325, 207.2850711554892, 123.7326902550876, 897.8765682361251, 236.76369900699012, 988.302848672468, 512.5573828578454, 916.23757209693, 900.5010658594574, 904.7177994410714, 92.65504392474504, 92.24776335106966, 983.3739933613716, 996.1839607988466, 994.137885279393, 238.4840294738324, 909.233299693647, 30.495703451816425, 956.0809820502072, 912.4919781153501, 904.3498396699783, 797.3971758036358, 787.5924921862683, 882.8725470816703, 171.91280232824846, 519.6311179724356, 122.17312601254402, 974.5159108395793, 20.15338914010055, 900.3980762760731, 137.11914362903332, 433.61327408668564, 986.5133327775117, 986.1100403163338, 214.65716982795553, 80.00474078247213, 94.31766596244412, 906.9242000428804, 993.3095191817343, 886.0854441542397, 993.4606567189998, 987.4199548036856, 197.47926080053477, 882.7339975407662, 76.01713642594724, 184.9808088119098, 811.7536148350194, 829.0377223029179, 996.5446266599522, 993.2150310692292, 877.2402099451825, 249.92941405205966, 996.9533138996907, 991.5480907567381, 805.1184911784426, 999.1334919708389, 992.8874546783157, 987.0350765681678, 163.91252678783604, 884.3761963073891, 218.952970028926, 169.95958837183827, 89.27748682674253, 339.0476774690623, 35.65099216420238, 964.4117899058626, 123.92463855039486, 982.3259072705038, 904.131771754062, 381.78092613874264, 899.6612925005074, 901.0567458798863, 110.0479611528747, 203.44211028292813, 991.0541295874317, 66.86552956668253, 567.7955545322235, 962.5850226172145, 196.95320628754027, 999.9955832344232, 973.1164617711311, 31.51724821961313, 997.6425318553843, 127.94823726509934, 989.79513307652, 104.32517988977969, 981.4474797144322], "test_sigma_between_0_07": [899.2261299102923, -11.513191305499685, 789.9082745892913, 78.21590350321868, 34.49441045916532, 180.7417506942617, 791.0068364839248, -7.288405070708379, 120.76756229737346, 577.377504873548, 13.212010758112196, -118.82892932382354, 895.7156081006972, -92.88778391409888, 31.242208281404633, -64.69512579517341, 7.452334793684914, 31.0223312603394, 108.5077986868767, 48.036122798952896, 12.295045390410271, 573.1415913101262, 637.0968357678651, 205.88154164586237, -13.263329807309718, 4.216056967631898, 29.83427829687407, 980.2036357254102, 74.13174327092277, 0.5866420740270306, -8.806468407413583, -35.794706373910266, 18.834061430092326, 954.1466034203482, 898.1749201550074, -17.383736031858735, 1004.0020912281394, 52.72898780524301, 9.106903704199109, 4.369950870479414, 21.70214511706318, 36.049386189565695, 13.58145727500362, -1.1715601927766042, -4.9161570502075005, 164.91122521764228, 550.0743109961309, 41.99472929119038, 14.130478906756299, -91.88178747822026, 901.5272702587365, 61.43364275725672, -69.42078629276371, -39.574337370411016, 128.65759305969732, 54.095509280032275, 961.831518874592, 93.21832922881521, 96.37994858017643, 116.12531620861728, -8.987961846058528, -24.730488239382463, 870.9847318366191, 790.8383662694671, 946.0214902551671, 539.1701940489046, 221.95745254343288, 42.42079315204056, -6.505087600480676, 52.824635309691, 148.9680215540623, 247.47841895480644, 172.6079721863134, -1410.3699198673073, 2.4243554210520166, 1.6944837100192562, 30.081683697870336, 33.94416272071165, 25.455620111172188, 648.1159478812552, 796.7221229959042, 3.4039980634382037, 21.46650780916893, 908.1322647106362, -43.31885515648276, 57.23412922146308, 892.0798671456982, 285.60937392740084, 78.11441604305763, 745.069302786424, 755.7244820491053, 128.26429448116696, 55.15467153334377, -22.5967881684565, 44.942095946397146, -6.516867997168785, 16.4487500866843, 48.95454510452112, 105.80060016195236, 51.16783142743056], "test_sigma_between_0_01": [995.2218529887499, 996.1792295581728, 999.2649754436292, 994.5881666302928, 972.5705188999862, 994.1003047138007, 948.2390672854923, 34.60982376909975, 222.82687994951155, 107.30436737293364, 547.1466674479785, 994.713785175989, 899.9239365451209, 969.345079615582, 998.8700403764292, 398.8420710849355, 101.67494494748699, 897.7908948186068, 37.98694551651552, 998.8023921819779, 897.2053974383253, 243.60228897425617, 991.4953322615271, 999.1423563503323, 165.342558860757, 999.772447225389, 932.9265463225146, 441.0777757597072, 996.4033729588767, 998.1387074396893, 898.2172008540856, 993.5904036757546, 35.609712789968384, 906.3291540843978, 904.609929088594, 935.9863091527095, 37.86119809070203, 897.8433828674238, 898.3915763861625, 130.03408559641565, 321.4420870440279, 164.07837544571285, 944.1944612921588, 994.4507013043584, 903.219906928653, 222.6086059011354, 997.3523190059989, 991.8884487859011, 161.77821361907755, 131.83811541323007, 1000.0405964360077, 124.64581986316195, 970.255556681675, 937.3372691338884, 1000.6755318046756, 122.95619293234782, 329.95040926650904, 989.8546600627036, 994.1746040074736, 999.5655009175044, 228.95198520206446, 250.3128421515709, 902.7521514615773, 992.0162297442243, 284.0552901925725, 350.5319523245496, 159.1390938033437, 18.65856901705668, 902.535130086349, 945.8639251238754, 905.8896208013119, 220.12012143174283, 324.37140326623586, 900.4293068092094, 361.37296341244837, 894.5940093108276, 447.1508326884303, 950.8131099258482, 32.94847328275512, 899.2986056571073, 900.2694482047752, 308.9296113576046, 898.6264129355733, 318.79089515286034, 112.56243987247929, 21.926872622298863, 907.8751538417886, 991.9411712221058, 993.5158911546179, 391.58967538418517, 16.085806687416035, 903.8990891791398, 994.6364030554506, 169.56507321557743, 175.5072132020251, 997.5994382637459, 27.10780827334514, 26.267024585113912, 637.089753568563, 36.039154339354724]}}}