{"walker_attention_no_encoding_sigma_03_seed_0": {"results": {"test_sigma_between_0_05": [50.096947687554064, 147.75410760442938, 864.0913995404078, 780.840791750576, -29.4854556171477, 26.2668434907661, -208.64129534413163, 840.8919229745638, -56.53821227097896, -20.75869918586629, 762.9988378769226, 353.07995430458203, 285.2102902660621, 879.8329998872381, 127.04389418275849, 207.5796268198616, 243.77853492555602, 149.55051736780933, 134.23818866352593, -48.058951728697274, 18.853488604691247, -74.30784365642161, -162.77007000168516, 471.9433483472563, 749.0634776022748, 7.9235747334352915, 346.21895785842923, 19.715651328863096, 77.21885021601109, 89.0807257590023, 775.2758192205406, 41.72934056441432, 119.7269614919634, 50.53729582994809, 7.241269637439023, 25.902340266932367, 893.4924733207292, 797.9332601219137, -93.24228870943448, -16.13282275859235, 744.1340031705926, 112.3369961329158, -52.94602778568018, 238.36102574307054, -181.26821093137187, 1.9990664850240023, -10.20927402856967, -67.95792182309421, 880.3015894092654, 631.2244478023023, 95.04216139944076, 872.0623002538714, 140.83185587373072, 772.4782415919917, 440.2180517340598, -10.09614298818592, -6.7841364973842975, 54.25859673881949, 59.421983995440904, 24.592904720141526, 38.6850804869615, 412.06007014989603, 591.651518280976, 285.0415804265643, -23.344070284054663, 87.82130942093927, 408.7696429631006, -14.169999019260667, 115.85092701824392, -8.025575198626848, -43.68138917087103, 400.2438418712605, 7.714178024556505, 132.84554483254703, 702.7956108419914, -44.79221372187196, 889.8647984253996, 20.011031815121154, 783.8264604919066, 865.1994013660458, 52.34410946305333, 91.56250173596888, 249.1499372293767, 88.93078228882406, 113.84571119255841, 102.99216274964274, 110.86840335353934, 882.0389815553781, 57.520458554970986, 39.8213590813591, 158.99635970139005, 77.10400243900116, 150.51940357830128, 120.091927339781, -4.840035705855081, 45.26966518271475, 103.84915449454134, 738.5704911238117, 865.9227718079201, 82.45965498979314], "test_sigma_between_0_03": [882.5907109446731, 876.2639730976804, 678.6584879110641, 149.97225566974086, 215.95047913608343, 983.5107001625222, 795.9584738945797, 994.7380794938779, 890.0925241562798, 723.0958054735705, 157.8837613205613, 885.3734593724255, 913.2261624319426, 349.7962045757678, -146.09923822637282, 993.5876921448934, 798.2977272035384, 242.09972267674647, 274.3333763450969, 888.3637386450878, 277.42426496167275, 725.6249199981686, 800.7617320427717, 299.2553005624405, 180.875925638272, 780.5931155934506, 852.6683649204218, 814.3509531729807, 439.5479388434563, 313.6260522651805, 18.21615875441492, 818.4619772154143, 861.3837730924978, 942.6658217998706, -74.5696570878204, 725.1931001852419, 843.7291841618263, 858.6963055849097, 451.84124161849655, 188.28471264904488, 866.5736774478501, 821.3631978657047, 535.830891927925, 45.74173366229125, 514.0164094992616, 781.7857513156658, 798.421449876809, 224.10325293991056, 150.96462769140942, 61.7630823562819, 883.6453079543573, 314.8789462581325, 597.1658009270153, 688.8879182898593, 788.1624266851114, 47.1926665758256, 119.0861770712572, 839.8702622436722, -44.681990357292705, 35.30357244674681, 722.0131629578909, 788.6919867628648, 887.7783583973525, 673.8440682860152, 948.4051284235893, 520.5763422374695, 796.4974636832239, 878.9150685918659, 736.1573846059503, 787.8639510048082, 664.2887235215917, 889.208548745659, 649.0536195121454, 842.176221145354, 891.0120015531681, 223.6601081931837, 136.17286676507922, 689.6106798062117, 554.5974753044479, 157.06962052046174, 857.7001304608488, 729.8709675475495, 516.0783585876993, 913.224477296376, 322.31796648360194, 536.8391437532872, 198.66007601136815, 759.9662995482418, 34.4395485294691, 882.8035839771525, 881.5561241935949, 843.4657849673242, 142.00457322716852, 248.71960092304144, 719.771532210845, 539.3629911486339, 34.911362570125355, 799.1186542772995, 238.32244396550948, 896.6463635626615], "test_sigma_between_0_07": [967.9291747022994, -84.010660161393, 686.3181760131338, 352.2728835361086, 73.10049153018603, 870.5615021892933, 946.6159554118262, 40.62612674793322, 293.831600609933, -35.07855643826061, 44.24699780024125, -67.10484045202519, 274.95523065016545, -217.4237824258687, 51.18577212077993, -9.574890712648195, 6.767244206716055, 817.9314941261487, 148.16691621714543, 86.89131227984267, 11.767627311577174, 478.88530054377054, 609.2156209510223, 162.77184737719236, -229.31846462383032, 33.42265765905378, 10.037710703792545, 862.4083313130485, 102.60995563242966, 45.129204094657176, -19.793801672070572, 43.499311432884085, -26.928722338101668, 135.23753996386358, 998.0053395972915, -36.427542984094735, 729.3954199008291, 123.22792912008241, 61.16557372976851, 522.8899692424561, 42.24317182102258, 45.721564043023164, 274.6001169001828, 86.27481555397651, -33.86986025229587, 25.91369949856222, -8.532347162806065, 870.1980789436745, 80.22400861865039, -167.65599881426203, 180.603479142221, 171.73491688237203, -81.86921276080461, 42.38899075201383, 59.05197383382143, 208.17083322247154, 418.38941911153717, -14.277999915311964, -23.116990888845383, 299.18392831480867, -22.578317447282366, -76.1870448349788, -58.67445205369888, 68.45722913430363, 50.73055020310823, 679.616840078241, 887.719849675534, 30.783717506266118, 18.478332935379633, 50.76877606917207, 182.6532584519005, 137.2349531391322, 160.56861576292997, 35.88053515399429, 88.88408371074955, 17.950074617294167, 85.44933522653777, 82.73438712667674, 121.70412090243283, -40.840647134436566, 98.86644368647931, 62.88629595591631, 90.8468392611516, 14.371674512154001, -35.204273535323175, 118.53820579350506, 33.446566230156975, 177.79182853874943, 69.03539413640618, 118.80872556377356, 866.1557374687766, 70.19461310410553, 76.19303067093223, -54.600675807769456, 137.5830341350805, -44.731216766360895, -59.38363541570094, 57.45800825669358, 46.77797781906721, 5.2852860789988405], "test_sigma_between_0_01": [821.7978728485746, 639.2212476245239, 853.5962843764444, 517.8010380750131, 841.8119841529463, 724.0854727036965, 726.1181180408871, 145.6325113800898, 812.8095141977379, 906.4573480633385, 435.41719230690586, 855.9670832297095, 855.6088053156805, 851.2839625979102, 890.5085870672647, 838.6938823300361, 843.4096684687457, 664.2144618623341, 770.8055765990192, 845.6976108028555, 891.192857926453, 909.7694078596486, 739.725884850299, 778.091377747508, 456.34223175664687, 785.6734636805079, 674.8847872932729, 648.4713433818542, 885.5325964217038, 879.0446931896703, 806.2903331035869, 889.5788678123045, 886.1534316132166, 654.0789762978138, 887.6815942278428, 839.9906325176845, 554.4434419600391, 871.327485882249, 888.0739715572417, 754.9257307110607, 771.3821779748404, 547.8780224528655, 814.5288342622405, 812.911433179959, 734.5762272827591, 885.6133328621489, 307.65375226506495, 889.1114490103716, 873.9063658524915, 886.7750830794171, 712.6370440711137, 885.8964451042525, 619.8919778017508, 702.4840289681094, 886.3028970074001, 542.4388489592964, 861.4623779311236, 518.4070515198237, 745.5518076405242, 887.2002853536869, 199.09720945123416, 810.6080789225912, 886.1014695057299, 451.39759168368914, 618.6850267792222, 709.2205448474265, 927.2994132456635, 885.7289704051893, 865.7757349516709, 791.5675849503114, 691.9501179073587, 831.35256832954, 884.9287766945571, 887.3699397016215, 789.2983309183913, 570.4609650959093, 852.9829180651666, 885.7605336309086, 884.4850226198964, 891.8352252804981, 797.9488655667196, 711.5531411818279, 832.9916764122951, 762.003668762327, 790.6013444542275, 888.9797951376612, 595.3632336667841, 890.2111753451537, 637.9771434019924, 793.6865985693311, 862.6218924813576, 825.7503592755448, 827.569021173649, 330.5803588970917, 836.0464175279571, 384.10970326521056, 697.9224815219366, 806.6856030194114, 886.1944545443532, 878.2526196434806]}}}